[  0%] Built target ruy_profiler_instrumentation
[  0%] Built target flatbuffers-flatc
[  0%] Built target ruy_wait
[  0%] Built target eight_bit_int_gemm
[  0%] Built target ruy_system_aligned_alloc
[  0%] Built target flatbuffers
[  2%] Built target cpuinfo
[  2%] Building CXX object _deps/re2-build/CMakeFiles/re2.dir/re2/bitstate.cc.o
[  2%] Built target ruy_denormal
[  2%] Built target ruy_have_built_path_for_avx2_fma
[  2%] Built target ruy_have_built_path_for_avx512
[  2%] Built target ruy_apply_multiplier
[  2%] Built target ruy_have_built_path_for_avx
[  5%] Building CXX object _deps/re2-build/CMakeFiles/re2.dir/re2/compile.cc.o
[  5%] Building C object pthreadpool/CMakeFiles/pthreadpool.dir/src/portable-api.c.o
[  5%] Building C object _deps/xnnpack-build/CMakeFiles/xnnpack-sanitizers.dir/src/sanitizers.c.o
[  7%] Built target absl_log_severity
[  7%] Building C object _deps/xnnpack-build/CMakeFiles/xnnpack-fingerprint-id.dir/src/operators/fingerprint_id.c.o
[  7%] Built target absl_strerror
[  7%] Built target absl_spinlock_wait
[  7%] Building CXX object _deps/re2-build/CMakeFiles/re2.dir/re2/dfa.cc.o
[  7%] Built target xnnpack-sanitizers
[  7%] Built target absl_utf8_for_code_point
[ 10%] Built target absl_time_zone
[ 10%] Built target absl_exponential_biased
[ 10%] Built target absl_civil_time
[ 10%] Built target absl_leak_check
[ 10%] Building CXX object _deps/re2-build/CMakeFiles/re2.dir/re2/filtered_re2.cc.o
[ 10%] Built target absl_flags_commandlineflag_internal
[ 10%] Built target farmhash
[ 10%] Building CXX object _deps/re2-build/CMakeFiles/re2.dir/re2/mimics_pcre.cc.o
[ 10%] Built target fft2d_fftsg
[ 10%] Built target xnnpack-fingerprint-id
[ 10%] Built target absl_log_internal_nullguard
[ 10%] Built target mutable_schema_file
[ 10%] Building C object pthreadpool/CMakeFiles/pthreadpool.dir/src/memory.c.o
[ 10%] Building CXX object _deps/googletest-build/googletest/CMakeFiles/gtest.dir/src/gtest-all.cc.o
[ 10%] Building CXX object _deps/google_benchmark-build/src/CMakeFiles/benchmark.dir/benchmark.cc.o
[ 10%] Building CXX object _deps/re2-build/CMakeFiles/re2.dir/re2/nfa.cc.o
[ 10%] Building CXX object _deps/re2-build/CMakeFiles/re2.dir/re2/onepass.cc.o
[ 10%] Building CXX object _deps/re2-build/CMakeFiles/re2.dir/re2/parse.cc.o
[ 10%] Building CXX object _deps/re2-build/CMakeFiles/re2.dir/re2/perl_groups.cc.o
[ 10%] Building CXX object _deps/re2-build/CMakeFiles/re2.dir/re2/prefilter.cc.o
[ 10%] Building CXX object _deps/re2-build/CMakeFiles/re2.dir/re2/prefilter_tree.cc.o
[ 10%] Building C object pthreadpool/CMakeFiles/pthreadpool.dir/src/pthreads.c.o
[ 10%] Linking C static library libpthreadpool.a
[ 10%] Built target pthreadpool
[ 10%] Generating tensorflow/lite/delegates/xnnpack/weight_cache_schema_generated.h
[ 10%] Built target xnnpack_weight_cache_schema_cc_fbs
[ 10%] Built target ruy_cpuinfo
[ 10%] Built target ruy_prepacked_cache
[ 10%] Built target ruy_allocator
[ 10%] Built target ruy_block_map
[ 10%] Built target ruy_blocking_counter
[ 10%] Building C object _deps/xnnpack-build/CMakeFiles/xnnpack-datatype.dir/src/datatype.c.o
[ 10%] Building CXX object _deps/re2-build/CMakeFiles/re2.dir/re2/prog.cc.o
[ 10%] Built target xnnpack-datatype
[ 10%] Building C object _deps/xnnpack-build/CMakeFiles/xnnpack-logging.dir/src/enums/allocation-type.c.o
[ 10%] Building C object _deps/xnnpack-build/CMakeFiles/xnnpack-logging.dir/src/enums/datatype-strings.c.o
[ 10%] Building C object _deps/xnnpack-build/CMakeFiles/xnnpack-logging.dir/src/enums/microkernel-type.c.o
[ 10%] Building C object _deps/xnnpack-build/CMakeFiles/xnnpack-logging.dir/src/enums/node-type.c.o
[ 10%] Building C object _deps/xnnpack-build/CMakeFiles/xnnpack-logging.dir/src/enums/operator-type.c.o
[ 10%] Building CXX object _deps/re2-build/CMakeFiles/re2.dir/re2/re2.cc.o
[ 10%] Building C object _deps/xnnpack-build/CMakeFiles/xnnpack-logging.dir/src/log.c.o
[ 10%] Built target xnnpack-logging
[ 10%] Building C object _deps/xnnpack-build/CMakeFiles/xnnpack-indirection.dir/src/indirection.c.o
[ 10%] Building CXX object _deps/re2-build/CMakeFiles/re2.dir/re2/regexp.cc.o
[ 10%] Built target xnnpack-indirection
[ 10%] Building C object _deps/xnnpack-build/CMakeFiles/xnnpack-normalization.dir/src/normalization.c.o
[ 10%] Building CXX object _deps/re2-build/CMakeFiles/re2.dir/re2/set.cc.o
[ 10%] Built target xnnpack-normalization
[ 10%] Building CXX object _deps/xnnpack-build/CMakeFiles/xnnpack-pack-lh.dir/src/pack-lh.cc.o
[ 10%] Built target xnnpack-pack-lh
[ 10%] Building CXX object _deps/xnnpack-build/CMakeFiles/xnnpack-packing.dir/src/reference/packing.cc.o
[ 10%] Building CXX object _deps/re2-build/CMakeFiles/re2.dir/re2/simplify.cc.o
[ 10%] Building CXX object _deps/re2-build/CMakeFiles/re2.dir/re2/stringpiece.cc.o
[ 10%] Building CXX object _deps/re2-build/CMakeFiles/re2.dir/re2/tostring.cc.o
[ 10%] Building CXX object _deps/re2-build/CMakeFiles/re2.dir/re2/unicode_casefold.cc.o
[ 10%] Building CXX object _deps/re2-build/CMakeFiles/re2.dir/re2/unicode_groups.cc.o
[ 10%] Building CXX object _deps/google_benchmark-build/src/CMakeFiles/benchmark.dir/benchmark_api_internal.cc.o
[ 10%] Building C object _deps/xnnpack-build/CMakeFiles/xnnpack-allocator.dir/src/allocator.c.o
[ 10%] Built target xnnpack-allocator
[ 10%] Building CXX object _deps/re2-build/CMakeFiles/re2.dir/util/rune.cc.o
[ 10%] Building CXX object _deps/re2-build/CMakeFiles/re2.dir/util/strutil.cc.o
[ 10%] Building CXX object _deps/google_benchmark-build/src/CMakeFiles/benchmark.dir/benchmark_name.cc.o
[ 10%] Building CXX object _deps/google_benchmark-build/src/CMakeFiles/benchmark.dir/benchmark_register.cc.o
[ 10%] Building CXX object _deps/google_benchmark-build/src/CMakeFiles/benchmark.dir/benchmark_runner.cc.o
[ 10%] Building CXX object _deps/google_benchmark-build/src/CMakeFiles/benchmark.dir/check.cc.o
[ 10%] Building CXX object _deps/google_benchmark-build/src/CMakeFiles/benchmark.dir/colorprint.cc.o
[ 10%] Building CXX object _deps/google_benchmark-build/src/CMakeFiles/benchmark.dir/commandlineflags.cc.o
[ 10%] Linking CXX static library libre2.a
[ 10%] Built target re2
[ 10%] Building C object _deps/xnnpack-build/CMakeFiles/xnnpack-memory.dir/src/memory.c.o
[ 10%] Built target xnnpack-memory
[ 10%] Building C object _deps/xnnpack-build/CMakeFiles/xnnpack-mutex.dir/src/mutex.c.o
[ 10%] Built target xnnpack-mutex
[ 10%] Building CXX object _deps/google_benchmark-build/src/CMakeFiles/benchmark.dir/complexity.cc.o
[ 10%] Building CXX object _deps/google_benchmark-build/src/CMakeFiles/benchmark.dir/console_reporter.cc.o
[ 10%] Built target xnnpack-packing
[ 10%] Building C object _deps/xnnpack-build/CMakeFiles/xnnpack-operator-utils.dir/src/operator-utils.c.o
[ 10%] Built target xnnpack-operator-utils
[ 10%] Building CXX object _deps/google_benchmark-build/src/CMakeFiles/benchmark.dir/counter.cc.o
[ 10%] Building CXX object _deps/google_benchmark-build/src/CMakeFiles/benchmark.dir/csv_reporter.cc.o
[ 10%] Building CXX object _deps/google_benchmark-build/src/CMakeFiles/benchmark.dir/json_reporter.cc.o
[ 10%] Building C object _deps/xnnpack-build/CMakeFiles/xnnpack-operator-run.dir/src/operator-run.c.o
[ 10%] Building C object _deps/xnnpack-build/CMakeFiles/xnnpack-microkernels-prod.dir/src/bf16-f32-vcvt/gen/bf16-f32-vcvt-scalar-u2.c.o
[ 10%] Building C object _deps/xnnpack-build/CMakeFiles/xnnpack-microparams-init.dir/src/microparams-init.c.o
[ 10%] Building C object _deps/xnnpack-build/CMakeFiles/xnnpack-microkernels-prod.dir/src/bf16-rminmax/gen/bf16-rmax-scalar-u2-acc2.c.o
[ 10%] Building C object _deps/xnnpack-build/CMakeFiles/xnnpack-microkernels-prod.dir/src/bf16-rminmax/gen/bf16-rmin-scalar-u2-acc2.c.o
[ 10%] Building C object _deps/xnnpack-build/CMakeFiles/xnnpack-microkernels-prod.dir/src/bf16-rminmax/gen/bf16-rminmax-scalar-u2-acc2.c.o
[ 10%] Built target xnnpack-operator-run
[ 10%] Building C object _deps/xnnpack-build/CMakeFiles/xnnpack-microkernels-prod.dir/src/f16-f32-vcvt/gen/f16-f32-vcvt-scalar-u4.c.o
[ 12%] Building C object _deps/xnnpack-build/CMakeFiles/xnnpack-microkernels-prod.dir/src/f16-qs8-vcvt/gen/f16-qs8-vcvt-scalar-imagic-u4.c.o
[ 12%] Built target xnnpack-microparams-init
[ 12%] Building C object _deps/xnnpack-build/CMakeFiles/xnnpack-microkernels-prod.dir/src/f16-qu8-vcvt/gen/f16-qu8-vcvt-scalar-imagic-u4.c.o
[ 12%] Building C object _deps/xnnpack-build/CMakeFiles/xnnpack-cache.dir/src/cache.c.o
[ 12%] Building C object _deps/xnnpack-build/CMakeFiles/xnnpack-microkernels-prod.dir/src/f16-rdminmax/gen/f16-rdmax-2p2x-scalar-u2.c.o
[ 12%] Building C object _deps/xnnpack-build/CMakeFiles/xnnpack-microkernels-prod.dir/src/f16-rdminmax/gen/f16-rdmin-2p2x-scalar-u2.c.o
[ 12%] Building C object _deps/xnnpack-build/CMakeFiles/xnnpack-operator-delete.dir/src/operator-delete.c.o
[ 12%] Built target xnnpack-cache
[ 12%] Built target absl_raw_logging_internal
[ 12%] Built target fft2d_fftsg2d
[ 12%] Built target ruy_tune
[ 12%] Built target xnnpack-operator-delete
[ 12%] Building C object _deps/xnnpack-build/CMakeFiles/xnnpack-microkernels-prod.dir/src/f16-rminmax/gen/f16-rmax-scalar-u2-acc2.c.o
[ 12%] Built target ruy_thread_pool
[ 12%] Built target ruy_kernel_arm
[ 12%] Building C object _deps/xnnpack-build/CMakeFiles/xnnpack-microkernels-prod.dir/src/f16-rminmax/gen/f16-rmin-scalar-u2-acc2.c.o
[ 15%] Built target ruy_pack_arm
[ 15%] Built target ruy_kernel_avx512
[ 15%] Built target ruy_pack_avx512
[ 15%] Building C object _deps/xnnpack-build/CMakeFiles/xnnpack-microkernels-prod.dir/src/f16-rminmax/gen/f16-rminmax-scalar-u2-acc2.c.o
[ 15%] Built target ruy_kernel_avx2_fma
[ 15%] Building C object _deps/xnnpack-build/CMakeFiles/xnnpack-microkernels-prod.dir/src/f16-vapproxgelu/gen/f16-vapproxgelu-scalar-rational-6-4-div.c.o
[ 15%] Built target ruy_pack_avx2_fma
[ 15%] Built target ruy_kernel_avx
[ 15%] Built target ruy_pack_avx
[ 15%] Building C object _deps/xnnpack-build/CMakeFiles/xnnpack-microkernels-prod.dir/src/f16-vcos/gen/f16-vcos-scalar-rational-3-2-div.c.o
[ 15%] Built target ruy_ctx
[ 15%] Building CXX object _deps/xnnpack-build/CMakeFiles/xnnpack-reference-ukernels.dir/src/reference/unary-elementwise.cc.o
[ 15%] Building CXX object _deps/google_benchmark-build/src/CMakeFiles/benchmark.dir/perf_counters.cc.o
[ 15%] Building CXX object _deps/google_benchmark-build/src/CMakeFiles/benchmark.dir/reporter.cc.o
[ 15%] Building CXX object _deps/google_benchmark-build/src/CMakeFiles/benchmark.dir/sleep.cc.o
[ 15%] Building CXX object _deps/xnnpack-build/CMakeFiles/xnnpack-reference-ukernels.dir/src/reference/binary-elementwise.cc.o
[ 15%] Building CXX object _deps/google_benchmark-build/src/CMakeFiles/benchmark.dir/statistics.cc.o
[ 15%] Building CXX object _deps/google_benchmark-build/src/CMakeFiles/benchmark.dir/string_util.cc.o
[ 15%] Building C object _deps/xnnpack-build/CMakeFiles/xnnpack-microkernels-prod.dir/src/f16-vexp/gen/f16-vexp-scalar-poly-3.c.o
[ 15%] Linking CXX static library ../../../lib/libgtest.a
[ 15%] Built target gtest
[ 15%] Building C object _deps/xnnpack-build/CMakeFiles/xnnpack-hardware-config.dir/src/configs/hardware-config.c.o
[ 15%] Building C object _deps/xnnpack-build/CMakeFiles/xnnpack-microkernels-prod.dir/src/f16-vgelu/gen/f16-vgelu-scalar-rational-6-4-div.c.o
[ 15%] Built target xnnpack-hardware-config
[ 15%] Building CXX object _deps/google_benchmark-build/src/CMakeFiles/benchmark.dir/sysinfo.cc.o
[ 15%] Building CXX object _deps/google_benchmark-build/src/CMakeFiles/benchmark.dir/timers.cc.o
[ 15%] Building C object _deps/xnnpack-build/CMakeFiles/xnnpack-fingerprint-cache.dir/src/operators/fingerprint_cache.c.o
[ 15%] Building C object _deps/xnnpack-build/CMakeFiles/xnnpack-microkernels-prod.dir/src/f16-vsin/gen/f16-vsin-scalar-rational-3-2-div.c.o
[ 15%] Built target xnnpack-fingerprint-cache
[ 15%] Built target absl_base
[ 15%] Built target absl_throw_delegate
[ 15%] Built target absl_tracing_internal
[ 15%] Building C object _deps/xnnpack-build/CMakeFiles/xnnpack-microkernels-prod.dir/src/f32-argmaxpool/f32-argmaxpool-9p8x-rvv-u1v.c.o
[ 15%] Built target absl_strings_internal
[ 15%] Built target absl_city
[ 15%] Built target absl_int128
[ 15%] Built target absl_debugging_internal
[ 17%] Built target absl_decode_rust_punycode
[ 17%] Built target absl_crc_cpu_detect
[ 17%] Built target absl_cordz_functions
[ 17%] Built target absl_log_internal_conditions
[ 17%] Building CXX object _deps/googletest-build/googlemock/CMakeFiles/gmock.dir/src/gmock-all.cc.o
[ 20%] Built target ruy_context
[ 20%] Building C object _deps/xnnpack-build/CMakeFiles/xnnpack-microkernels-prod.dir/src/f32-argmaxpool/f32-argmaxpool-9p8x-scalar-c1.c.o
[ 20%] Built target ruy_trmul
[ 20%] Building C object _deps/xnnpack-build/CMakeFiles/xnnpack-microkernels-prod.dir/src/f32-avgpool/gen/f32-avgpool-9p-minmax-scalar-u1.c.o
[ 20%] Building C object _deps/xnnpack-build/CMakeFiles/xnnpack-microkernels-prod.dir/src/f32-bf16-vcvt/gen/f32-bf16-vcvt-scalar-u2.c.o
[ 20%] Building C object _deps/xnnpack-build/CMakeFiles/xnnpack-microkernels-prod.dir/src/f32-conv-hwc2chw/f32-conv-hwc2chw-3x3s2p1c3x2v-rvv-2x2.c.o
[ 20%] Building C object _deps/xnnpack-build/CMakeFiles/xnnpack-microkernels-prod.dir/src/f32-conv-hwc2chw/f32-conv-hwc2chw-3x3s2p1c3x4-scalar-1x1.c.o
[ 20%] Built target xnnpack-reference-ukernels
[ 20%] Built target ruy_prepare_packed_matrices
[ 20%] Building C object _deps/xnnpack-build/CMakeFiles/xnnpack-microkernel-utils.dir/src/microkernel-utils.c.o
[ 20%] Built target absl_malloc_internal
[ 20%] Built target absl_strings
[ 20%] Building C object _deps/xnnpack-build/CMakeFiles/xnnpack-microkernels-prod.dir/src/f32-dwconv/gen/f32-dwconv-25p1c-minmax-scalar-acc2.c.o
[ 20%] Built target absl_demangle_rust
[ 20%] Built target xnnpack-microkernel-utils
[ 20%] Built target absl_graphcycles_internal
[ 20%] Built target absl_time
[ 20%] Built target absl_crc_internal
[ 20%] Building C object _deps/xnnpack-build/CMakeFiles/xnnpack-microkernels-prod.dir/src/f32-dwconv/gen/f32-dwconv-25p1c-scalar-acc2.c.o
[ 23%] Built target absl_str_format_internal
[ 23%] Built target absl_flags_commandlineflag
[ 23%] Built target absl_log_internal_globals
[ 23%] Building C object _deps/xnnpack-build/CMakeFiles/xnnpack-microkernels-prod.dir/src/f32-dwconv/gen/f32-dwconv-25p2c-minmax-scalar-acc2.c.o
[ 23%] Built target absl_log_internal_proto
[ 23%] Built target absl_log_internal_fnmatch
[ 25%] Built target absl_log_entry
[ 25%] Built target absl_log_internal_structured_proto
[ 25%] Building C object _deps/xnnpack-build/CMakeFiles/xnnpack-microkernels-prod.dir/src/f32-dwconv/gen/f32-dwconv-25p2c-scalar-acc2.c.o
[ 25%] Built target ruy_context_get_ctx
[ 25%] Built target ruy_frontend
[ 25%] Building C object _deps/xnnpack-build/CMakeFiles/xnnpack-operators.dir/src/operator-delete.c.o
[ 25%] Building C object _deps/xnnpack-build/CMakeFiles/xnnpack-operators.dir/src/operators/argmax-pooling-nhwc.c.o
[ 25%] Building C object _deps/xnnpack-build/CMakeFiles/xnnpack-microkernels-prod.dir/src/f32-dwconv/gen/f32-dwconv-25p8vc-minmax-rvv.c.o
[ 25%] Building C object _deps/xnnpack-build/CMakeFiles/xnnpack-microkernels-prod.dir/src/f32-dwconv/gen/f32-dwconv-25p8vc-rvv.c.o
[ 25%] Building C object _deps/xnnpack-build/CMakeFiles/xnnpack-microkernels-prod.dir/src/f32-dwconv/gen/f32-dwconv-3p1c-minmax-scalar-acc2.c.o
[ 25%] Building C object _deps/xnnpack-build/CMakeFiles/xnnpack-operators.dir/src/operators/average-pooling-nhwc.c.o
[ 25%] Building C object _deps/xnnpack-build/CMakeFiles/xnnpack-microkernels-prod.dir/src/f32-dwconv/gen/f32-dwconv-3p1c-scalar-acc2.c.o
[ 25%] Building C object _deps/xnnpack-build/CMakeFiles/xnnpack-microkernels-prod.dir/src/f32-dwconv/gen/f32-dwconv-3p8vc-minmax-rvv.c.o
[ 28%] Building C object _deps/xnnpack-build/CMakeFiles/xnnpack-microkernels-prod.dir/src/f32-dwconv/gen/f32-dwconv-3p8vc-rvv.c.o
[ 28%] Building C object _deps/xnnpack-build/CMakeFiles/xnnpack-operators.dir/src/operators/batch-matrix-multiply-nc.c.o
[ 28%] Building C object _deps/xnnpack-build/CMakeFiles/xnnpack-microkernels-prod.dir/src/f32-dwconv/gen/f32-dwconv-4p1c-minmax-scalar-acc2.c.o
[ 28%] Building C object _deps/xnnpack-build/CMakeFiles/xnnpack-microkernels-prod.dir/src/f32-dwconv/gen/f32-dwconv-4p1c-scalar-acc2.c.o
[ 28%] Building C object _deps/xnnpack-build/CMakeFiles/xnnpack-microkernels-prod.dir/src/f32-dwconv/gen/f32-dwconv-4p8vc-minmax-rvv.c.o
[ 28%] Building C object _deps/xnnpack-build/CMakeFiles/xnnpack-microkernels-prod.dir/src/f32-dwconv/gen/f32-dwconv-4p8vc-rvv.c.o
[ 28%] Building C object _deps/xnnpack-build/CMakeFiles/xnnpack-microkernels-prod.dir/src/f32-dwconv/gen/f32-dwconv-9p1c-minmax-scalar-acc2.c.o
[ 28%] Linking CXX static library libbenchmark.a
[ 28%] Building C object _deps/xnnpack-build/CMakeFiles/xnnpack-microkernels-prod.dir/src/f32-dwconv/gen/f32-dwconv-9p1c-scalar-acc2.c.o
[ 28%] Built target benchmark
[ 28%] Building C object _deps/xnnpack-build/CMakeFiles/xnnpack-operators.dir/src/operators/binary-elementwise-nd.c.o
[ 28%] Built target absl_hash
[ 28%] Building C object _deps/xnnpack-build/CMakeFiles/xnnpack-operators.dir/src/operators/constant-pad-nd.c.o
[ 28%] Building C object _deps/xnnpack-build/CMakeFiles/xnnpack-microkernels-prod.dir/src/f32-dwconv/gen/f32-dwconv-9p8vc-minmax-rvv.c.o
[ 28%] Building C object _deps/xnnpack-build/CMakeFiles/xnnpack-operators.dir/src/operators/convolution-nchw.c.o
[ 28%] Building C object _deps/xnnpack-build/CMakeFiles/xnnpack-operators.dir/src/operators/convolution-nhwc.c.o
[ 28%] Built target absl_demangle_internal
[ 30%] Building C object _deps/xnnpack-build/CMakeFiles/xnnpack-operators.dir/src/operators/deconvolution-nhwc.c.o
[ 30%] Building C object _deps/xnnpack-build/CMakeFiles/xnnpack-microkernels-prod.dir/src/f32-dwconv/gen/f32-dwconv-9p8vc-rvv.c.o
[ 30%] Building C object _deps/xnnpack-build/CMakeFiles/xnnpack-microkernels-prod.dir/src/f32-dwconv2d-chw/gen/f32-dwconv2d-chw-3x3p1-minmax-rvv-7x1v.c.o
[ 30%] Building C object _deps/xnnpack-build/CMakeFiles/xnnpack-microkernels-prod.dir/src/f32-dwconv2d-chw/gen/f32-dwconv2d-chw-3x3p1-minmax-scalar-2x1-acc2.c.o
[ 30%] Building C object _deps/xnnpack-build/CMakeFiles/xnnpack-microkernels-prod.dir/src/f32-dwconv2d-chw/gen/f32-dwconv2d-chw-3x3p1-minmax-scalar-4x1.c.o
[ 30%] Built target absl_kernel_timeout_internal
[ 30%] Building C object _deps/xnnpack-build/CMakeFiles/xnnpack-microkernels-prod.dir/src/f32-dwconv2d-chw/gen/f32-dwconv2d-chw-3x3s2p1-minmax-rvv-2x2v.c.o
[ 30%] Building C object _deps/xnnpack-build/CMakeFiles/xnnpack-microkernels-prod.dir/src/f32-dwconv2d-chw/gen/f32-dwconv2d-chw-3x3s2p1-minmax-scalar-1x1-acc2.c.o
[ 30%] Building C object _deps/xnnpack-build/CMakeFiles/xnnpack-operators.dir/src/operators/dynamic-fully-connected-nc.c.o
[ 30%] Building C object _deps/xnnpack-build/CMakeFiles/xnnpack-operators.dir/src/operators/fully-connected-nc.c.o
[ 30%] Building C object _deps/xnnpack-build/CMakeFiles/xnnpack-operators.dir/src/operators/max-pooling-nhwc.c.o
[ 30%] Building C object _deps/xnnpack-build/CMakeFiles/xnnpack-operators.dir/src/operators/pack-lh.c.o
[ 30%] Building C object _deps/xnnpack-build/CMakeFiles/xnnpack-operators.dir/src/operators/reduce-nd.c.o
[ 30%] Building C object _deps/xnnpack-build/CMakeFiles/xnnpack-operators.dir/src/operators/resize-bilinear-nchw.c.o
[ 30%] Built target absl_crc32c
[ 30%] Building C object _deps/xnnpack-build/CMakeFiles/xnnpack-microkernels-prod.dir/src/f32-dwconv2d-chw/gen/f32-dwconv2d-chw-3x3s2p1-minmax-scalar-2x1-acc2.c.o
[ 30%] Built target absl_flags_marshalling
[ 33%] Built target absl_flags_private_handle_accessor
[ 33%] Built target absl_log_internal_format
[ 33%] Building C object _deps/xnnpack-build/CMakeFiles/xnnpack-operators.dir/src/operators/resize-bilinear-nhwc.c.o
[ 33%] Built target absl_log_sink
[ 33%] Building C object _deps/xnnpack-build/CMakeFiles/xnnpack-microkernels-prod.dir/src/f32-dwconv2d-chw/gen/f32-dwconv2d-chw-5x5p2-minmax-scalar-1x1-acc5.c.o
[ 33%] Building CXX object CMakeFiles/xnnpack-delegate.dir/delegates/xnnpack/file_util.cc.o
[ 33%] Building CXX object CMakeFiles/xnnpack-delegate.dir/delegates/xnnpack/mmap_handle.cc.o
[ 33%] Building CXX object CMakeFiles/xnnpack-delegate.dir/delegates/xnnpack/quantization_util.cc.o
[ 33%] Building C object _deps/xnnpack-build/CMakeFiles/xnnpack-operators.dir/src/operators/rope-nthc.c.o
[ 33%] Building C object _deps/xnnpack-build/CMakeFiles/xnnpack-microkernels-prod.dir/src/f32-dwconv2d-chw/gen/f32-dwconv2d-chw-5x5p2-minmax-scalar-2x1-acc2.c.o
[ 33%] Building C object _deps/xnnpack-build/CMakeFiles/xnnpack-operators.dir/src/operators/slice-nd.c.o
[ 33%] Building CXX object CMakeFiles/xnnpack-delegate.dir/delegates/xnnpack/weight_cache.cc.o
[ 33%] Building C object _deps/xnnpack-build/CMakeFiles/xnnpack-operators.dir/src/operators/softmax-nc.c.o
[ 33%] Building C object _deps/xnnpack-build/CMakeFiles/xnnpack-microkernels-prod.dir/src/f32-dwconv2d-chw/gen/f32-dwconv2d-chw-5x5s2p2-minmax-scalar-1x1-acc5.c.o
[ 33%] Building C object _deps/xnnpack-build/CMakeFiles/xnnpack-operators.dir/src/operators/transpose-nd.c.o
[ 33%] Building C object _deps/xnnpack-build/CMakeFiles/xnnpack-operators.dir/src/operators/unary-elementwise-nc.c.o
[ 33%] Building C object _deps/xnnpack-build/CMakeFiles/xnnpack-microkernels-prod.dir/src/f32-dwconv2d-chw/gen/f32-dwconv2d-chw-5x5s2p2-minmax-scalar-2x1-acc2.c.o
[ 33%] Building C object _deps/xnnpack-build/CMakeFiles/xnnpack-microkernels-prod.dir/src/f32-f16-vcvt/gen/f32-f16-vcvt-scalar-fabsf-u2.c.o
[ 33%] Building C object _deps/xnnpack-build/CMakeFiles/xnnpack-microkernels-prod.dir/src/f32-gemm/gen/f32-gemm-1x4-minmax-scalar.c.o
[ 33%] Building CXX object CMakeFiles/xnnpack-delegate.dir/delegates/xnnpack/windows_util.cc.o
[ 33%] Building C object _deps/xnnpack-build/CMakeFiles/xnnpack-operators.dir/src/operators/unpooling-nhwc.c.o
[ 33%] Building CXX object CMakeFiles/xnnpack-delegate.dir/delegates/xnnpack/xnnpack_delegate.cc.o
[ 33%] Built target xnnpack-operators
[ 33%] Built target absl_borrowed_fixup_buffer
[ 33%] Building C object _deps/xnnpack-build/CMakeFiles/xnnpack-microkernels-prod.dir/src/f32-gemm/gen/f32-gemm-1x4-scalar.c.o
[ 35%] Built target absl_symbolize
[ 35%] Built target absl_crc_cord_state
[ 35%] Building C object _deps/xnnpack-build/CMakeFiles/xnnpack-fingerprint-check.dir/src/xnnpack/fingerprint_check.c.o
[ 35%] Building C object _deps/xnnpack-build/CMakeFiles/xnnpack-subgraph.dir/src/memory-planner.c.o
[ 35%] Built target absl_stacktrace
[ 38%] Built target absl_cord_internal
[ 38%] Building C object _deps/xnnpack-build/CMakeFiles/xnnpack-microkernels-prod.dir/src/f32-gemm/gen/f32-gemm-1x4v-minmax-rvv.c.o
[ 38%] Built target xnnpack-fingerprint-check
[ 38%] Built target absl_examine_stack
[ 38%] Building C object _deps/xnnpack-build/CMakeFiles/xnnpack-microkernels-prod.dir/src/f32-gemm/gen/f32-gemm-4x2-minmax-scalar.c.o
[ 38%] Built target absl_synchronization
[ 38%] Building C object _deps/xnnpack-build/CMakeFiles/xnnpack-subgraph.dir/src/runtime.c.o
[ 38%] Building C object _deps/xnnpack-build/CMakeFiles/xnnpack-subgraph.dir/src/subgraph.c.o
[ 38%] Building C object _deps/xnnpack-build/CMakeFiles/xnnpack-microkernels-prod.dir/src/f32-gemm/gen/f32-gemm-4x2-scalar.c.o
[ 38%] Building C object _deps/xnnpack-build/CMakeFiles/xnnpack-microkernels-prod.dir/src/f32-gemm/gen/f32-gemm-4x4-minmax-scalar.c.o
[ 38%] Building C object _deps/xnnpack-build/CMakeFiles/xnnpack-microkernels-prod.dir/src/f32-gemm/gen/f32-gemm-4x4-scalar.c.o
[ 38%] Building C object _deps/xnnpack-build/CMakeFiles/xnnpack-subgraph.dir/src/subgraph/argmax-pooling-2d.c.o
[ 41%] Building C object _deps/xnnpack-build/CMakeFiles/xnnpack-microkernels-prod.dir/src/f32-gemm/gen/f32-gemm-7x4v-minmax-rvv.c.o
[ 41%] Building C object _deps/xnnpack-build/CMakeFiles/xnnpack-subgraph.dir/src/subgraph/average-pooling-2d.c.o
[ 41%] Building C object _deps/xnnpack-build/CMakeFiles/xnnpack-microkernels-prod.dir/src/f32-ibilinear-chw/gen/f32-ibilinear-chw-scalar-p4.c.o
[ 41%] Building C object _deps/xnnpack-build/CMakeFiles/xnnpack-microkernels-prod.dir/src/f32-ibilinear/gen/f32-ibilinear-scalar-u2.c.o
[ 41%] Building C object _deps/xnnpack-build/CMakeFiles/xnnpack-subgraph.dir/src/subgraph/batch-matrix-multiply.c.o
[ 41%] Building C object _deps/xnnpack-build/CMakeFiles/xnnpack-microkernels-prod.dir/src/f32-igemm/gen/f32-igemm-1x4-minmax-scalar.c.o
[ 41%] Building C object _deps/xnnpack-build/CMakeFiles/xnnpack-microkernels-prod.dir/src/f32-igemm/gen/f32-igemm-1x4-scalar.c.o
[ 41%] Building C object _deps/xnnpack-build/CMakeFiles/xnnpack-subgraph.dir/src/subgraph/binary.c.o
[ 41%] Building C object _deps/xnnpack-build/CMakeFiles/xnnpack-microkernels-prod.dir/src/f32-igemm/gen/f32-igemm-1x4v-minmax-rvv.c.o
[ 41%] Building C object _deps/xnnpack-build/CMakeFiles/xnnpack-subgraph.dir/src/subgraph/concatenate.c.o
[ 43%] Building C object _deps/xnnpack-build/CMakeFiles/xnnpack-subgraph.dir/src/subgraph/convolution-2d.c.o
[ 43%] Building C object _deps/xnnpack-build/CMakeFiles/xnnpack-subgraph.dir/src/subgraph/copy.c.o
[ 43%] Building C object _deps/xnnpack-build/CMakeFiles/xnnpack-subgraph.dir/src/subgraph/deconvolution-2d.c.o
[ 43%] Building C object _deps/xnnpack-build/CMakeFiles/xnnpack-subgraph.dir/src/subgraph/deprecated.c.o
[ 43%] Building C object _deps/xnnpack-build/CMakeFiles/xnnpack-microkernels-prod.dir/src/f32-igemm/gen/f32-igemm-4x2-minmax-scalar.c.o
[ 43%] Building C object _deps/xnnpack-build/CMakeFiles/xnnpack-microkernels-prod.dir/src/f32-igemm/gen/f32-igemm-4x2-scalar.c.o
[ 43%] Building C object _deps/xnnpack-build/CMakeFiles/xnnpack-subgraph.dir/src/subgraph/depth-to-space-2d.c.o
[ 43%] Building C object _deps/xnnpack-build/CMakeFiles/xnnpack-microkernels-prod.dir/src/f32-igemm/gen/f32-igemm-4x4-minmax-scalar.c.o
[ 43%] Building C object _deps/xnnpack-build/CMakeFiles/xnnpack-microkernels-prod.dir/src/f32-igemm/gen/f32-igemm-4x4-scalar.c.o
[ 43%] Built target absl_hashtablez_sampler
[ 43%] Building C object _deps/xnnpack-build/CMakeFiles/xnnpack-subgraph.dir/src/subgraph/depthwise-convolution-2d.c.o
[ 43%] Building C object _deps/xnnpack-build/CMakeFiles/xnnpack-microkernels-prod.dir/src/f32-igemm/gen/f32-igemm-7x4v-minmax-rvv.c.o
[ 43%] Building C object _deps/xnnpack-build/CMakeFiles/xnnpack-microkernels-prod.dir/src/f32-maxpool/gen/f32-maxpool-9p-minmax-rvv-u2v.c.o
[ 43%] Building C object _deps/xnnpack-build/CMakeFiles/xnnpack-microkernels-prod.dir/src/f32-maxpool/gen/f32-maxpool-9p-minmax-scalar-u1.c.o
[ 43%] Linking CXX static library ../../../lib/libgmock.a
[ 43%] Built target gmock
[ 43%] Building C object _deps/xnnpack-build/CMakeFiles/xnnpack-subgraph.dir/src/subgraph/even-split.c.o
[ 43%] Built target absl_cordz_handle
[ 43%] Built target absl_flags_program_name
[ 43%] Built target absl_vlog_config_internal
[ 43%] Building C object _deps/xnnpack-build/CMakeFiles/xnnpack-subgraph.dir/src/subgraph/fully-connected-sparse.c.o
[ 43%] Building C object _deps/xnnpack-build/CMakeFiles/xnnpack-microkernels-prod.dir/src/f32-qc4w-gemm/gen/f32-qc4w-gemm-1x4-minmax-scalar.c.o
[ 43%] Building C object _deps/xnnpack-build/CMakeFiles/xnnpack-subgraph.dir/src/subgraph/fully-connected.c.o
[ 43%] Building C object _deps/xnnpack-build/CMakeFiles/xnnpack-subgraph.dir/src/subgraph/max-pooling-2d.c.o
[ 43%] Building C object _deps/xnnpack-build/CMakeFiles/xnnpack-microkernels-prod.dir/src/f32-qc4w-gemm/gen/f32-qc4w-gemm-4x4-minmax-scalar.c.o
[ 43%] Building C object _deps/xnnpack-build/CMakeFiles/xnnpack-microkernels-prod.dir/src/f32-qc8w-gemm/gen/f32-qc8w-gemm-1x4-minmax-scalar.c.o
[ 43%] Building C object _deps/xnnpack-build/CMakeFiles/xnnpack-microkernels-prod.dir/src/f32-qc8w-gemm/gen/f32-qc8w-gemm-4x4-minmax-scalar.c.o
[ 43%] Building C object _deps/xnnpack-build/CMakeFiles/xnnpack-microkernels-prod.dir/src/f32-qs8-vcvt/gen/f32-qs8-vcvt-rvv-u2v.c.o
[ 43%] Building C object _deps/xnnpack-build/CMakeFiles/xnnpack-microkernels-prod.dir/src/f32-qs8-vcvt/gen/f32-qs8-vcvt-scalar-imagic-u4.c.o
[ 43%] Building C object _deps/xnnpack-build/CMakeFiles/xnnpack-microkernels-prod.dir/src/f32-qs8-vcvt/gen/f32-qs8-vcvt-scalar-lrintf-u4.c.o
[ 43%] Building C object _deps/xnnpack-build/CMakeFiles/xnnpack-microkernels-prod.dir/src/f32-qu8-vcvt/gen/f32-qu8-vcvt-rvv-u2v.c.o
[ 43%] Building C object _deps/xnnpack-build/CMakeFiles/xnnpack-microkernels-prod.dir/src/f32-qu8-vcvt/gen/f32-qu8-vcvt-scalar-imagic-u4.c.o
[ 43%] Building C object _deps/xnnpack-build/CMakeFiles/xnnpack-microkernels-prod.dir/src/f32-qu8-vcvt/gen/f32-qu8-vcvt-scalar-lrintf-u4.c.o
[ 43%] Building C object _deps/xnnpack-build/CMakeFiles/xnnpack-subgraph.dir/src/subgraph/pack-lh.c.o
[ 43%] Building C object _deps/xnnpack-build/CMakeFiles/xnnpack-subgraph.dir/src/subgraph/reshape-helpers.c.o
[ 43%] Building C object _deps/xnnpack-build/CMakeFiles/xnnpack-microkernels-prod.dir/src/f32-raddstoreexpminusmax/gen/f32-raddstoreexpminusmax-rvv-rr2-p6-u4v.c.o
[ 43%] Building C object _deps/xnnpack-build/CMakeFiles/xnnpack-subgraph.dir/src/subgraph/rope.c.o
[ 43%] Building C object _deps/xnnpack-build/CMakeFiles/xnnpack-subgraph.dir/src/subgraph/softmax.c.o
[ 43%] Building C object _deps/xnnpack-build/CMakeFiles/xnnpack-subgraph.dir/src/subgraph/space-to-depth-2d.c.o
[ 43%] Building C object _deps/xnnpack-build/CMakeFiles/xnnpack-microkernels-prod.dir/src/f32-raddstoreexpminusmax/gen/f32-raddstoreexpminusmax-scalar-rr2-p5-u4-acc2.c.o
[ 43%] Building C object _deps/xnnpack-build/CMakeFiles/xnnpack-subgraph.dir/src/subgraph/static-constant-pad.c.o
[ 43%] Building C object _deps/xnnpack-build/CMakeFiles/xnnpack-subgraph.dir/src/subgraph/static-reduce.c.o
[ 43%] Building C object _deps/xnnpack-build/CMakeFiles/xnnpack-subgraph.dir/src/subgraph/static-resize-bilinear-2d.c.o
[ 43%] Building C object _deps/xnnpack-build/CMakeFiles/xnnpack-microkernels-prod.dir/src/f32-rdminmax/gen/f32-rdmax-2p2x-rvv-u8v.c.o
[ 43%] Building C object _deps/xnnpack-build/CMakeFiles/xnnpack-subgraph.dir/src/subgraph/static-slice.c.o
[ 43%] Building C object _deps/xnnpack-build/CMakeFiles/xnnpack-subgraph.dir/src/subgraph/static-transpose.c.o
[ 43%] Building C object _deps/xnnpack-build/CMakeFiles/xnnpack-microkernels-prod.dir/src/f32-rdminmax/gen/f32-rdmax-2p2x-scalar-u2.c.o
[ 43%] Building C object _deps/xnnpack-build/CMakeFiles/xnnpack-subgraph.dir/src/subgraph/subgraph-utils.c.o
[ 43%] Building C object _deps/xnnpack-build/CMakeFiles/xnnpack-subgraph.dir/src/subgraph/unpooling-2d.c.o
[ 43%] Building C object _deps/xnnpack-build/CMakeFiles/xnnpack-subgraph.dir/src/subgraph/unary.c.o
[ 43%] Built target absl_cordz_info
[ 43%] Built target absl_flags_config
[ 43%] Building C object _deps/xnnpack-build/CMakeFiles/xnnpack-subgraph.dir/src/subgraph/validation.c.o
[ 43%] Built target absl_log_globals
[ 43%] Built target absl_cord
[ 43%] Built target absl_flags_internal
[ 43%] Building C object _deps/xnnpack-build/CMakeFiles/xnnpack-subgraph.dir/src/tensor.c.o
[ 46%] Building C object _deps/xnnpack-build/CMakeFiles/xnnpack-microkernels-prod.dir/src/f32-rdminmax/gen/f32-rdmin-2p2x-rvv-u8v.c.o
[ 46%] Built target absl_status
[ 46%] Built target absl_log_internal_log_sink_set
[ 46%] Built target absl_raw_hash_set
[ 46%] Building C object _deps/xnnpack-build/CMakeFiles/xnnpack-microkernels-prod.dir/src/f32-rdminmax/gen/f32-rdmin-2p2x-scalar-u2.c.o
[ 46%] Built target absl_log_internal_message
[ 46%] Building C object _deps/xnnpack-build/CMakeFiles/xnnpack-microkernels-prod.dir/src/f32-rdsum/gen/f32-rdsum-7p7x-minmax-rvv-u4v.c.o
[ 46%] Built target absl_flags_reflection
[ 46%] Building C object _deps/xnnpack-build/CMakeFiles/xnnpack-microkernels-prod.dir/src/f32-rdsum/gen/f32-rdsum-7p7x-minmax-scalar.c.o
[ 46%] Building C object _deps/xnnpack-build/CMakeFiles/xnnpack-microkernels-prod.dir/src/f32-rdsum2/gen/f32-rdsum2-7p7x-minmax-rvv-u4v.c.o
[ 46%] Building C object _deps/xnnpack-build/CMakeFiles/xnnpack-microkernels-prod.dir/src/f32-rdsum2/gen/f32-rdsum2-7p7x-minmax-scalar.c.o
[ 46%] Built target xnnpack-subgraph
[ 46%] Building C object _deps/xnnpack-build/CMakeFiles/xnnpack-microkernels-prod.dir/src/f32-rminmax/gen/f32-rmax-rvv-u8v.c.o
[ 46%] Building C object _deps/xnnpack-build/CMakeFiles/xnnpack-microkernels-prod.dir/src/f32-rminmax/gen/f32-rmax-scalar-u4-acc4.c.o
[ 46%] Building C object _deps/xnnpack-build/CMakeFiles/xnnpack-microkernels-prod.dir/src/f32-rminmax/gen/f32-rmin-rvv-u8v.c.o
[ 46%] Building C object _deps/xnnpack-build/CMakeFiles/xnnpack-microkernels-prod.dir/src/f32-rminmax/gen/f32-rmin-scalar-u4-acc4.c.o
[ 46%] Building C object _deps/xnnpack-build/CMakeFiles/xnnpack-microkernels-prod.dir/src/f32-rminmax/gen/f32-rminmax-rvv-u8v.c.o
[ 46%] Building C object _deps/xnnpack-build/CMakeFiles/xnnpack-microkernels-prod.dir/src/f32-rminmax/gen/f32-rminmax-scalar-u4-acc4.c.o
[ 46%] Building C object _deps/xnnpack-build/CMakeFiles/xnnpack-microkernels-prod.dir/src/f32-rsum/gen/f32-rsum-rvv-u4v.c.o
[ 46%] Building C object _deps/xnnpack-build/CMakeFiles/xnnpack-microkernels-prod.dir/src/f32-rsum/gen/f32-rsum-scalar-u4-acc4.c.o
[ 46%] Building C object _deps/xnnpack-build/CMakeFiles/xnnpack-microkernels-prod.dir/src/f32-rsum2/gen/f32-rsum2-rvv-u4v.c.o
[ 46%] Building C object _deps/xnnpack-build/CMakeFiles/xnnpack-microkernels-prod.dir/src/f32-rsum2/gen/f32-rsum2-scalar-u1.c.o
[ 46%] Building C object _deps/xnnpack-build/CMakeFiles/xnnpack-microkernels-prod.dir/src/f32-spmm/gen/f32-spmm-4vx4-minmax-rvv.c.o
[ 46%] Building C object _deps/xnnpack-build/CMakeFiles/xnnpack-microkernels-prod.dir/src/f32-spmm/gen/f32-spmm-8vx1-minmax-rvv.c.o
[ 46%] Building C object _deps/xnnpack-build/CMakeFiles/xnnpack-microkernels-prod.dir/src/f32-spmm/gen/f32-spmm-8vx2-minmax-rvv.c.o
[ 46%] Building C object _deps/xnnpack-build/CMakeFiles/xnnpack-microkernels-prod.dir/src/f32-spmm/gen/f32-spmm-8x1-minmax-scalar.c.o
[ 46%] Building C object _deps/xnnpack-build/CMakeFiles/xnnpack-microkernels-prod.dir/src/f32-spmm/gen/f32-spmm-8x2-minmax-scalar.c.o
[ 46%] Building C object _deps/xnnpack-build/CMakeFiles/xnnpack-microkernels-prod.dir/src/f32-spmm/gen/f32-spmm-8x4-minmax-scalar.c.o
[ 46%] Building C object _deps/xnnpack-build/CMakeFiles/xnnpack-microkernels-prod.dir/src/f32-vapproxgelu/gen/f32-vapproxgelu-scalar-rational-12-10-div.c.o
[ 46%] Building C object _deps/xnnpack-build/CMakeFiles/xnnpack-microkernels-prod.dir/src/f32-vbinary/gen/f32-vadd-rvv-u8v.c.o
[ 46%] Building C object _deps/xnnpack-build/CMakeFiles/xnnpack-microkernels-prod.dir/src/f32-vbinary/gen/f32-vadd-scalar-u8.c.o
[ 46%] Building C object _deps/xnnpack-build/CMakeFiles/xnnpack-microkernels-prod.dir/src/f32-vbinary/gen/f32-vaddc-rvv-u8v.c.o
[ 46%] Building C object _deps/xnnpack-build/CMakeFiles/xnnpack-microkernels-prod.dir/src/f32-vbinary/gen/f32-vaddc-scalar-u8.c.o
[ 48%] Building C object _deps/xnnpack-build/CMakeFiles/xnnpack-microkernels-prod.dir/src/f32-vbinary/gen/f32-vdiv-rvv-u8v.c.o
[ 48%] Building C object _deps/xnnpack-build/CMakeFiles/xnnpack-microkernels-prod.dir/src/f32-vbinary/gen/f32-vdiv-scalar-u2.c.o
[ 48%] Building C object _deps/xnnpack-build/CMakeFiles/xnnpack-microkernels-prod.dir/src/f32-vbinary/gen/f32-vdivc-rvv-u8v.c.o
[ 48%] Building C object _deps/xnnpack-build/CMakeFiles/xnnpack-microkernels-prod.dir/src/f32-vbinary/gen/f32-vdivc-scalar-u2.c.o
[ 48%] Building C object _deps/xnnpack-build/CMakeFiles/xnnpack-microkernels-prod.dir/src/f32-vbinary/gen/f32-vmax-rvv-u8v.c.o
[ 48%] Building C object _deps/xnnpack-build/CMakeFiles/xnnpack-microkernels-prod.dir/src/f32-vbinary/gen/f32-vmax-scalar-u8.c.o
[ 48%] Building C object _deps/xnnpack-build/CMakeFiles/xnnpack-microkernels-prod.dir/src/f32-vbinary/gen/f32-vmaxc-rvv-u8v.c.o
[ 48%] Building C object _deps/xnnpack-build/CMakeFiles/xnnpack-microkernels-prod.dir/src/f32-vbinary/gen/f32-vmaxc-scalar-u8.c.o
[ 48%] Building C object _deps/xnnpack-build/CMakeFiles/xnnpack-microkernels-prod.dir/src/f32-vbinary/gen/f32-vmin-rvv-u8v.c.o
[ 48%] Building C object _deps/xnnpack-build/CMakeFiles/xnnpack-microkernels-prod.dir/src/f32-vbinary/gen/f32-vmin-scalar-u8.c.o
[ 48%] Building C object _deps/xnnpack-build/CMakeFiles/xnnpack-microkernels-prod.dir/src/f32-vbinary/gen/f32-vminc-rvv-u8v.c.o
[ 48%] Building C object _deps/xnnpack-build/CMakeFiles/xnnpack-microkernels-prod.dir/src/f32-vbinary/gen/f32-vminc-scalar-u8.c.o
[ 48%] Building C object _deps/xnnpack-build/CMakeFiles/xnnpack-microkernels-prod.dir/src/f32-vbinary/gen/f32-vmul-rvv-u8v.c.o
[ 48%] Building C object _deps/xnnpack-build/CMakeFiles/xnnpack-microkernels-prod.dir/src/f32-vbinary/gen/f32-vmul-scalar-u8.c.o
[ 48%] Building C object _deps/xnnpack-build/CMakeFiles/xnnpack-microkernels-prod.dir/src/f32-vbinary/gen/f32-vmulc-rvv-u8v.c.o
[ 48%] Building C object _deps/xnnpack-build/CMakeFiles/xnnpack-microkernels-prod.dir/src/f32-vbinary/gen/f32-vmulc-scalar-u8.c.o
[ 48%] Building C object _deps/xnnpack-build/CMakeFiles/xnnpack-microkernels-prod.dir/src/f32-vbinary/gen/f32-vprelu-rvv-u8v.c.o
[ 48%] Building C object _deps/xnnpack-build/CMakeFiles/xnnpack-microkernels-prod.dir/src/f32-vbinary/gen/f32-vprelu-scalar-u8.c.o
[ 48%] Building C object _deps/xnnpack-build/CMakeFiles/xnnpack-microkernels-prod.dir/src/f32-vbinary/gen/f32-vpreluc-rvv-u8v.c.o
In file included from /work/s2602/build-pr2-gcc-14/eigen/Eigen/Core:314,
                 from /work/s2602/src/rvspoc-S2602-litert-pr2/tflite/../tflite/kernels/internal/optimized/optimized_ops.h:45,
                 from /work/s2602/src/rvspoc-S2602-litert-pr2/tflite/delegates/xnnpack/quantization_util.cc:23:
/work/s2602/build-pr2-gcc-14/eigen/Eigen/src/Core/functors/UnaryFunctors.h: In instantiation of ‘Eigen::internal::scalar_unary_pow_op<Scalar, ExponentScalar, false, false, false, false>::scalar_unary_pow_op(const ExponentScalar&) [with Scalar = float; ExponentScalar = double]’:
/work/s2602/build-pr2-gcc-14/eigen/Eigen/src/Core/../plugins/ArrayCwiseUnaryOps.inc:543:66:   required from ‘Eigen::ArrayBase<Derived>::UnaryPowReturnType<ScalarExponent> Eigen::ArrayBase<Derived>::pow(const ScalarExponent&) const [with ScalarExponent = double; Derived = Eigen::ArrayWrapper<Eigen::Map<Eigen::Matrix<float, -1, -1>, 0, Eigen::Stride<0, 0> > >; UnaryPowReturnType<ScalarExponent> = Eigen::CwiseUnaryOp<Eigen::internal::scalar_unary_pow_op<float, double, false, false, false, false>, const Eigen::ArrayWrapper<Eigen::Map<Eigen::Matrix<float, -1, -1>, 0, Eigen::Stride<0, 0> > > >]’
  543 |   return UnaryPowReturnType<ScalarExponent>(derived(), internal::scalar_unary_pow_op<Scalar, ScalarExponent>(exponent));
      |                                                                  ^~~~~~~~~~~~~~~~~~~~~~~~~~~~~~~~~~~~~~~~~~~~~~~~~~~~~
/work/s2602/src/rvspoc-S2602-litert-pr2/tflite/../tflite/kernels/internal/optimized/optimized_ops.h:3661:62:   required from here
 3661 |     data_out.array() = data_in.array() * data_out.array().pow(-op_params.beta);
      |                                          ~~~~~~~~~~~~~~~~~~~~^~~~~~~~~~~~~~~~~
/work/s2602/build-pr2-gcc-14/eigen/Eigen/src/Core/functors/UnaryFunctors.h:1354:27: warning: ‘std::enable_if_t<(! IsExactlyRepresentable), void> Eigen::internal::scalar_unary_pow_op<Scalar, ExponentScalar, false, false, false, false>::check_is_representable() const [with bool IsExactlyRepresentable = false; Scalar = float; ExponentScalar = double; std::enable_if_t<(! IsExactlyRepresentable), void> = void]’ is deprecated [-Wdeprecated-declarations]
 1354 |     check_is_representable();
      |     ~~~~~~~~~~~~~~~~~~~~~~^~
/work/s2602/build-pr2-gcc-14/eigen/Eigen/src/Core/functors/UnaryFunctors.h:1350:68: note: declared here
 1350 |   EIGEN_DEPRECATED std::enable_if_t<!IsExactlyRepresentable, void> check_is_representable() const {}
      |                                                                    ^~~~~~~~~~~~~~~~~~~~~~
[ 48%] Building C object _deps/xnnpack-build/CMakeFiles/xnnpack-microkernels-prod.dir/src/f32-vbinary/gen/f32-vpreluc-scalar-u8.c.o
[ 48%] Building C object _deps/xnnpack-build/CMakeFiles/xnnpack-microkernels-prod.dir/src/f32-vbinary/gen/f32-vrdivc-rvv-u8v.c.o
[ 48%] Building C object _deps/xnnpack-build/CMakeFiles/xnnpack-microkernels-prod.dir/src/f32-vbinary/gen/f32-vrdivc-scalar-u2.c.o
[ 48%] Building C object _deps/xnnpack-build/CMakeFiles/xnnpack-microkernels-prod.dir/src/f32-vbinary/gen/f32-vrpreluc-rvv-u8v.c.o
[ 48%] Building C object _deps/xnnpack-build/CMakeFiles/xnnpack-microkernels-prod.dir/src/f32-vbinary/gen/f32-vrpreluc-scalar-u8.c.o
[ 48%] Building C object _deps/xnnpack-build/CMakeFiles/xnnpack-microkernels-prod.dir/src/f32-vbinary/gen/f32-vrsubc-rvv-u8v.c.o
[ 48%] Building C object _deps/xnnpack-build/CMakeFiles/xnnpack-microkernels-prod.dir/src/f32-vbinary/gen/f32-vrsubc-scalar-u8.c.o
[ 48%] Building C object _deps/xnnpack-build/CMakeFiles/xnnpack-microkernels-prod.dir/src/f32-vbinary/gen/f32-vsqrdiff-rvv-u8v.c.o
[ 48%] Building C object _deps/xnnpack-build/CMakeFiles/xnnpack-microkernels-prod.dir/src/f32-vbinary/gen/f32-vsqrdiffc-rvv-u8v.c.o
[ 51%] Building C object _deps/xnnpack-build/CMakeFiles/xnnpack-microkernels-prod.dir/src/f32-vbinary/gen/f32-vsqrdiff-scalar-u8.c.o
[ 51%] Building C object _deps/xnnpack-build/CMakeFiles/xnnpack-microkernels-prod.dir/src/f32-vbinary/gen/f32-vsqrdiffc-scalar-u8.c.o
[ 51%] Building C object _deps/xnnpack-build/CMakeFiles/xnnpack-microkernels-prod.dir/src/f32-vbinary/gen/f32-vsub-scalar-u8.c.o
[ 51%] Building C object _deps/xnnpack-build/CMakeFiles/xnnpack-microkernels-prod.dir/src/f32-vbinary/gen/f32-vsub-rvv-u8v.c.o
[ 51%] Building C object _deps/xnnpack-build/CMakeFiles/xnnpack-microkernels-prod.dir/src/f32-vbinary/gen/f32-vsubc-rvv-u8v.c.o
[ 51%] Building C object _deps/xnnpack-build/CMakeFiles/xnnpack-microkernels-prod.dir/src/f32-vbinary/gen/f32-vsubc-scalar-u8.c.o
[ 51%] Building C object _deps/xnnpack-build/CMakeFiles/xnnpack-microkernels-prod.dir/src/f32-vclamp/gen/f32-vclamp-rvv-u8v.c.o
[ 51%] Building C object _deps/xnnpack-build/CMakeFiles/xnnpack-microkernels-prod.dir/src/f32-vclamp/gen/f32-vclamp-scalar.c.o
[ 51%] Building C object _deps/xnnpack-build/CMakeFiles/xnnpack-microkernels-prod.dir/src/f32-vcmul/gen/f32-vcmul-rvv-u2v.c.o
[ 51%] Building C object _deps/xnnpack-build/CMakeFiles/xnnpack-microkernels-prod.dir/src/f32-vcmul/gen/f32-vcmul-scalar-u4.c.o
[ 51%] Building C object _deps/xnnpack-build/CMakeFiles/xnnpack-microkernels-prod.dir/src/f32-vcopysign/gen/f32-vcopysign-rvv-u8v.c.o
[ 51%] Building C object _deps/xnnpack-build/CMakeFiles/xnnpack-microkernels-prod.dir/src/f32-vcopysign/gen/f32-vcopysign-scalar.c.o
[ 51%] Building C object _deps/xnnpack-build/CMakeFiles/xnnpack-microkernels-prod.dir/src/f32-vcopysign/gen/f32-vcopysignc-rvv-u8v.c.o
[ 51%] Building C object _deps/xnnpack-build/CMakeFiles/xnnpack-microkernels-prod.dir/src/f32-vcopysign/gen/f32-vcopysignc-scalar.c.o
[ 51%] Building C object _deps/xnnpack-build/CMakeFiles/xnnpack-microkernels-prod.dir/src/f32-vcopysign/gen/f32-vrcopysignc-rvv-u8v.c.o
[ 51%] Building C object _deps/xnnpack-build/CMakeFiles/xnnpack-microkernels-prod.dir/src/f32-vcopysign/gen/f32-vrcopysignc-scalar.c.o
[ 51%] Building C object _deps/xnnpack-build/CMakeFiles/xnnpack-microkernels-prod.dir/src/f32-vcos/gen/f32-vcos-scalar-rational-5-4-div.c.o
[ 51%] Building C object _deps/xnnpack-build/CMakeFiles/xnnpack-microkernels-prod.dir/src/f32-velu/gen/f32-velu-scalar-rr2-lut16-p3-u4.c.o
[ 51%] Building C object _deps/xnnpack-build/CMakeFiles/xnnpack-microkernels-prod.dir/src/f32-vexp/gen/f32-vexp-scalar-rational-3-2-div.c.o
[ 51%] Building C object _deps/xnnpack-build/CMakeFiles/xnnpack-microkernels-prod.dir/src/f32-vgelu/gen/f32-vgelu-scalar-rational-12-10-div.c.o
[ 51%] Building C object _deps/xnnpack-build/CMakeFiles/xnnpack-microkernels-prod.dir/src/f32-vhswish/gen/f32-vhswish-rvv-u4v.c.o
[ 51%] Building C object _deps/xnnpack-build/CMakeFiles/xnnpack-microkernels-prod.dir/src/f32-vhswish/gen/f32-vhswish-scalar.c.o
[ 51%] Building C object _deps/xnnpack-build/CMakeFiles/xnnpack-microkernels-prod.dir/src/f32-vlog/gen/f32-vlog-scalar-rational-3-3-div.c.o
[ 51%] Building C object _deps/xnnpack-build/CMakeFiles/xnnpack-microkernels-prod.dir/src/f32-vlrelu/gen/f32-vlrelu-rvv-u4v.c.o
[ 51%] Building C object _deps/xnnpack-build/CMakeFiles/xnnpack-microkernels-prod.dir/src/f32-vlrelu/gen/f32-vlrelu-scalar-u4.c.o
[ 51%] Building C object _deps/xnnpack-build/CMakeFiles/xnnpack-microkernels-prod.dir/src/f32-vmulcaddc/gen/f32-vmulcaddc-c1-minmax-scalar-2x.c.o
[ 53%] Building C object _deps/xnnpack-build/CMakeFiles/xnnpack-microkernels-prod.dir/src/f32-vmulcaddc/gen/f32-vmulcaddc-c4v-minmax-rvv-2x.c.o
[ 53%] Building C object _deps/xnnpack-build/CMakeFiles/xnnpack-microkernels-prod.dir/src/f32-vrnd/gen/f32-vrndd-rvv-u4v.c.o
[ 53%] Building C object _deps/xnnpack-build/CMakeFiles/xnnpack-microkernels-prod.dir/src/f32-vrnd/gen/f32-vrndd-scalar-libm-u1.c.o
[ 53%] Building C object _deps/xnnpack-build/CMakeFiles/xnnpack-microkernels-prod.dir/src/f32-vrnd/gen/f32-vrndne-rvv-u4v.c.o
[ 53%] Building C object _deps/xnnpack-build/CMakeFiles/xnnpack-microkernels-prod.dir/src/f32-vrnd/gen/f32-vrndne-scalar-libm-u1.c.o
[ 53%] Building C object _deps/xnnpack-build/CMakeFiles/xnnpack-microkernels-prod.dir/src/f32-vrnd/gen/f32-vrndu-rvv-u4v.c.o
[ 53%] Building C object _deps/xnnpack-build/CMakeFiles/xnnpack-microkernels-prod.dir/src/f32-vrnd/gen/f32-vrndu-scalar-libm-u1.c.o
[ 53%] Building C object _deps/xnnpack-build/CMakeFiles/xnnpack-microkernels-prod.dir/src/f32-vrnd/gen/f32-vrndz-rvv-u4v.c.o
[ 53%] Building C object _deps/xnnpack-build/CMakeFiles/xnnpack-microkernels-prod.dir/src/f32-vrnd/gen/f32-vrndz-scalar-libm-u1.c.o
[ 53%] Building C object _deps/xnnpack-build/CMakeFiles/xnnpack-microkernels-prod.dir/src/f32-vrsqrt/gen/f32-vrsqrt-rvv-rsqrt-u4v.c.o
[ 53%] Building C object _deps/xnnpack-build/CMakeFiles/xnnpack-microkernels-prod.dir/src/f32-vrsqrt/gen/f32-vrsqrt-scalar-rsqrt-u1.c.o
[ 53%] Building C object _deps/xnnpack-build/CMakeFiles/xnnpack-microkernels-prod.dir/src/f32-vrsqrt/gen/f32-vrsqrt-scalar-sqrt.c.o
[ 53%] Building C object _deps/xnnpack-build/CMakeFiles/xnnpack-microkernels-prod.dir/src/f32-vsigmoid/gen/f32-vsigmoid-scalar-rr2-lut64-p2-div-u2.c.o
[ 53%] Building C object _deps/xnnpack-build/CMakeFiles/xnnpack-microkernels-prod.dir/src/f32-vsin/gen/f32-vsin-scalar-rational-5-4-div.c.o
[ 53%] Building C object _deps/xnnpack-build/CMakeFiles/xnnpack-microkernels-prod.dir/src/f32-vsqrt/gen/f32-vsqrt-rvv-sqrt-u8v.c.o
[ 53%] Building C object _deps/xnnpack-build/CMakeFiles/xnnpack-microkernels-prod.dir/src/f32-vsqrt/gen/f32-vsqrt-scalar-sqrt.c.o
[ 53%] Building C object _deps/xnnpack-build/CMakeFiles/xnnpack-microkernels-prod.dir/src/f32-vtanh/gen/f32-vtanh-scalar-rational-9-8-div.c.o
[ 53%] Building C object _deps/xnnpack-build/CMakeFiles/xnnpack-microkernels-prod.dir/src/f32-vunary/gen/f32-vabs-rvv-u8v.c.o
[ 53%] Building C object _deps/xnnpack-build/CMakeFiles/xnnpack-microkernels-prod.dir/src/f32-vunary/gen/f32-vabs-scalar.c.o
[ 53%] Building C object _deps/xnnpack-build/CMakeFiles/xnnpack-microkernels-prod.dir/src/f32-vunary/gen/f32-vneg-rvv-u8v.c.o
[ 53%] Building C object _deps/xnnpack-build/CMakeFiles/xnnpack-microkernels-prod.dir/src/f32-vunary/gen/f32-vneg-scalar.c.o
[ 53%] Building C object _deps/xnnpack-build/CMakeFiles/xnnpack-microkernels-prod.dir/src/f32-vunary/gen/f32-vsqr-rvv-u8v.c.o
[ 53%] Building C object _deps/xnnpack-build/CMakeFiles/xnnpack-microkernels-prod.dir/src/f32-vunary/gen/f32-vsqr-scalar.c.o
[ 53%] Building C object _deps/xnnpack-build/CMakeFiles/xnnpack-microkernels-prod.dir/src/qd8-f16-qc2w-gemm/gen/qd8-f16-qc2w-gemm-1x2-minmax-scalar.c.o
[ 53%] Building C object _deps/xnnpack-build/CMakeFiles/xnnpack-microkernels-prod.dir/src/qd8-f32-qb4w-gemm/gen/qd8-f32-qb4w-gemm-1x4-minmax-scalar.c.o
[ 53%] Building C object _deps/xnnpack-build/CMakeFiles/xnnpack-microkernels-prod.dir/src/qd8-f32-qb4w-gemm/gen/qd8-f32-qb4w-gemm-4x4-minmax-scalar.c.o
[ 53%] Building C object _deps/xnnpack-build/CMakeFiles/xnnpack-microkernels-prod.dir/src/qd8-f32-qc2w-gemm/gen/qd8-f32-qc2w-gemm-1x2-minmax-scalar.c.o
[ 53%] Building C object _deps/xnnpack-build/CMakeFiles/xnnpack-microkernels-prod.dir/src/qd8-f32-qc4w-gemm/gen/qd8-f32-qc4w-gemm-1x4-minmax-scalar.c.o
[ 56%] Building C object _deps/xnnpack-build/CMakeFiles/xnnpack-microkernels-prod.dir/src/qd8-f32-qc4w-gemm/gen/qd8-f32-qc4w-gemm-1x4v-minmax-rvv.c.o
[ 56%] Building C object _deps/xnnpack-build/CMakeFiles/xnnpack-microkernels-prod.dir/src/qd8-f32-qc4w-gemm/gen/qd8-f32-qc4w-gemm-4x4-minmax-scalar.c.o
[ 56%] Building C object _deps/xnnpack-build/CMakeFiles/xnnpack-microkernels-prod.dir/src/qd8-f32-qc4w-gemm/gen/qd8-f32-qc4w-gemm-4x4v-minmax-rvv.c.o
[ 56%] Building C object _deps/xnnpack-build/CMakeFiles/xnnpack-microkernels-prod.dir/src/qd8-f32-qc8w-gemm/gen/qd8-f32-qc8w-gemm-1x2-minmax-scalar.c.o
[ 56%] Building C object _deps/xnnpack-build/CMakeFiles/xnnpack-microkernels-prod.dir/src/qd8-f32-qc8w-gemm/gen/qd8-f32-qc8w-gemm-1x4-minmax-scalar.c.o
[ 56%] Building C object _deps/xnnpack-build/CMakeFiles/xnnpack-microkernels-prod.dir/src/qd8-f32-qc8w-gemm/gen/qd8-f32-qc8w-gemm-1x4v-minmax-rvv.c.o
[ 56%] Building C object _deps/xnnpack-build/CMakeFiles/xnnpack-microkernels-prod.dir/src/qd8-f32-qc8w-gemm/gen/qd8-f32-qc8w-gemm-4x4-minmax-scalar.c.o
[ 56%] Building C object _deps/xnnpack-build/CMakeFiles/xnnpack-microkernels-prod.dir/src/qd8-f32-qc8w-gemm/gen/qd8-f32-qc8w-gemm-4x4v-minmax-rvv.c.o
[ 56%] Building C object _deps/xnnpack-build/CMakeFiles/xnnpack-microkernels-prod.dir/src/qd8-f32-qc8w-igemm/gen/qd8-f32-qc8w-igemm-1x2-minmax-scalar.c.o
[ 56%] Building C object _deps/xnnpack-build/CMakeFiles/xnnpack-microkernels-prod.dir/src/qd8-f32-qc8w-igemm/gen/qd8-f32-qc8w-igemm-1x4-minmax-scalar.c.o
[ 56%] Building C object _deps/xnnpack-build/CMakeFiles/xnnpack-microkernels-prod.dir/src/qd8-f32-qc8w-igemm/gen/qd8-f32-qc8w-igemm-1x4v-minmax-rvv.c.o
[ 56%] Building C object _deps/xnnpack-build/CMakeFiles/xnnpack-microkernels-prod.dir/src/qd8-f32-qc8w-igemm/gen/qd8-f32-qc8w-igemm-4x4-minmax-scalar.c.o
[ 56%] Building C object _deps/xnnpack-build/CMakeFiles/xnnpack-microkernels-prod.dir/src/qd8-f32-qc8w-igemm/gen/qd8-f32-qc8w-igemm-4x4v-minmax-rvv.c.o
[ 56%] Building C object _deps/xnnpack-build/CMakeFiles/xnnpack-microkernels-prod.dir/src/qs8-dwconv/gen/qs8-dwconv-25p1c-minmax-fp32-scalar-fmagic.c.o
[ 56%] Building C object _deps/xnnpack-build/CMakeFiles/xnnpack-microkernels-prod.dir/src/qs8-dwconv/gen/qs8-dwconv-25p2c-minmax-fp32-scalar-lrintf.c.o
[ 56%] Building C object _deps/xnnpack-build/CMakeFiles/xnnpack-microkernels-prod.dir/src/qs8-dwconv/gen/qs8-dwconv-25p8vc-minmax-fp32-rvv.c.o
[ 56%] Building C object _deps/xnnpack-build/CMakeFiles/xnnpack-microkernels-prod.dir/src/qs8-dwconv/gen/qs8-dwconv-9p1c-minmax-fp32-scalar-fmagic.c.o
[ 56%] Building C object _deps/xnnpack-build/CMakeFiles/xnnpack-microkernels-prod.dir/src/qs8-dwconv/gen/qs8-dwconv-9p2c-minmax-fp32-scalar-lrintf.c.o
[ 56%] Building C object _deps/xnnpack-build/CMakeFiles/xnnpack-microkernels-prod.dir/src/qs8-dwconv/gen/qs8-dwconv-9p8vc-minmax-fp32-rvv.c.o
[ 56%] Building C object _deps/xnnpack-build/CMakeFiles/xnnpack-microkernels-prod.dir/src/qs8-f32-vcvt/gen/qs8-f32-vcvt-rvv-u2v.c.o
[ 56%] Building C object _deps/xnnpack-build/CMakeFiles/xnnpack-microkernels-prod.dir/src/qs8-f32-vcvt/gen/qs8-f32-vcvt-scalar-u4.c.o
[ 56%] Building C object _deps/xnnpack-build/CMakeFiles/xnnpack-microkernels-prod.dir/src/qs8-packw/gen/qs8-packw-x16c8-gemm-goi-scalar.c.o
[ 56%] Building C object _deps/xnnpack-build/CMakeFiles/xnnpack-microkernels-prod.dir/src/qs8-packw/gen/qs8-packw-x4c8-gemm-gio-scalar.c.o
[ 56%] Building C object _deps/xnnpack-build/CMakeFiles/xnnpack-microkernels-prod.dir/src/qs8-packw/gen/qs8-packw-x4c8-gemm-goi-scalar.c.o
[ 56%] Building C object _deps/xnnpack-build/CMakeFiles/xnnpack-microkernels-prod.dir/src/qs8-packw/gen/qs8-packw-x8c8-gemm-gio-scalar.c.o
[ 56%] Building C object _deps/xnnpack-build/CMakeFiles/xnnpack-microkernels-prod.dir/src/qs8-qc2w-gemm/gen/qs8-qc2w-gemm-1x2-minmax-fp32-scalar-fmagic.c.o
[ 56%] Building C object _deps/xnnpack-build/CMakeFiles/xnnpack-microkernels-prod.dir/src/qs8-qc2w-gemm/gen/qs8-qc2w-gemm-1x4-minmax-fp32-scalar-fmagic.c.o
[ 58%] Building C object _deps/xnnpack-build/CMakeFiles/xnnpack-microkernels-prod.dir/src/qs8-qc2w-gemm/gen/qs8-qc2w-gemm-3x4-minmax-fp32-scalar-fmagic.c.o
[ 58%] Building C object _deps/xnnpack-build/CMakeFiles/xnnpack-microkernels-prod.dir/src/qs8-qc2w-gemm/gen/qs8-qc2w-gemm-4x4-minmax-fp32-scalar-fmagic.c.o
[ 58%] Building C object _deps/xnnpack-build/CMakeFiles/xnnpack-microkernels-prod.dir/src/qs8-qc4w-gemm/gen/qs8-qc4w-gemm-1x4-minmax-fp32-scalar-fmagic.c.o
[ 58%] Building C object _deps/xnnpack-build/CMakeFiles/xnnpack-microkernels-prod.dir/src/qs8-qc4w-gemm/gen/qs8-qc4w-gemm-3x4-minmax-fp32-scalar-fmagic.c.o
[ 58%] Building C object _deps/xnnpack-build/CMakeFiles/xnnpack-microkernels-prod.dir/src/qs8-qc8w-dwconv/gen/qs8-qc8w-dwconv-25p1c-minmax-fp32-scalar-fmagic.c.o
[ 58%] Building C object _deps/xnnpack-build/CMakeFiles/xnnpack-microkernels-prod.dir/src/qs8-qc8w-dwconv/gen/qs8-qc8w-dwconv-25p2c-minmax-fp32-scalar-lrintf.c.o
[ 58%] Building C object _deps/xnnpack-build/CMakeFiles/xnnpack-microkernels-prod.dir/src/qs8-qc8w-dwconv/gen/qs8-qc8w-dwconv-25p8vc-minmax-fp32-rvv.c.o
[ 58%] Building C object _deps/xnnpack-build/CMakeFiles/xnnpack-microkernels-prod.dir/src/qs8-qc8w-dwconv/gen/qs8-qc8w-dwconv-3p1c-minmax-fp32-scalar-fmagic.c.o
[ 58%] Building C object _deps/xnnpack-build/CMakeFiles/xnnpack-microkernels-prod.dir/src/qs8-qc8w-dwconv/gen/qs8-qc8w-dwconv-3p2c-minmax-fp32-scalar-lrintf.c.o
[ 58%] Building C object _deps/xnnpack-build/CMakeFiles/xnnpack-microkernels-prod.dir/src/qs8-qc8w-dwconv/gen/qs8-qc8w-dwconv-3p8vc-minmax-fp32-rvv.c.o
[ 58%] Building C object _deps/xnnpack-build/CMakeFiles/xnnpack-microkernels-prod.dir/src/qs8-qc8w-dwconv/gen/qs8-qc8w-dwconv-9p1c-minmax-fp32-scalar-fmagic.c.o
[ 58%] Building C object _deps/xnnpack-build/CMakeFiles/xnnpack-microkernels-prod.dir/src/qs8-qc8w-dwconv/gen/qs8-qc8w-dwconv-9p2c-minmax-fp32-scalar-lrintf.c.o
[ 58%] Building C object _deps/xnnpack-build/CMakeFiles/xnnpack-microkernels-prod.dir/src/qs8-qc8w-dwconv/gen/qs8-qc8w-dwconv-9p8vc-minmax-fp32-rvv.c.o
[ 58%] Building C object _deps/xnnpack-build/CMakeFiles/xnnpack-microkernels-prod.dir/src/qs8-qc8w-gemm/gen/qs8-qc8w-gemm-1x1v-minmax-fp32-rvv.c.o
[ 58%] Building C object _deps/xnnpack-build/CMakeFiles/xnnpack-microkernels-prod.dir/src/qs8-qc8w-gemm/gen/qs8-qc8w-gemm-1x4-minmax-fp32-scalar-lrintf.c.o
[ 58%] Building C object _deps/xnnpack-build/CMakeFiles/xnnpack-microkernels-prod.dir/src/qs8-qc8w-gemm/gen/qs8-qc8w-gemm-3x4-minmax-fp32-scalar-lrintf.c.o
[ 58%] Building C object _deps/xnnpack-build/CMakeFiles/xnnpack-microkernels-prod.dir/src/qs8-qc8w-gemm/gen/qs8-qc8w-gemm-4x1v-minmax-fp32-rvv.c.o
[ 58%] Building C object _deps/xnnpack-build/CMakeFiles/xnnpack-microkernels-prod.dir/src/qs8-qc8w-igemm/gen/qs8-qc8w-igemm-1x1v-minmax-fp32-rvv.c.o
[ 58%] Building C object _deps/xnnpack-build/CMakeFiles/xnnpack-microkernels-prod.dir/src/qs8-qc8w-igemm/gen/qs8-qc8w-igemm-1x4-minmax-fp32-scalar-lrintf.c.o
[ 58%] Building C object _deps/xnnpack-build/CMakeFiles/xnnpack-microkernels-prod.dir/src/qs8-qc8w-igemm/gen/qs8-qc8w-igemm-3x4-minmax-fp32-scalar-lrintf.c.o
[ 58%] Building C object _deps/xnnpack-build/CMakeFiles/xnnpack-microkernels-prod.dir/src/qs8-qc8w-igemm/gen/qs8-qc8w-igemm-4x1v-minmax-fp32-rvv.c.o
[ 58%] Building C object _deps/xnnpack-build/CMakeFiles/xnnpack-microkernels-prod.dir/src/qs8-qu8-packw/gen/qs8-qu8-packw-x16c8-gemm-goi-scalar.c.o
[ 58%] Building C object _deps/xnnpack-build/CMakeFiles/xnnpack-microkernels-prod.dir/src/qs8-rdsum/gen/qs8-rdsum-7p7x-rvv-u2v.c.o
[ 58%] Building C object _deps/xnnpack-build/CMakeFiles/xnnpack-microkernels-prod.dir/src/qs8-rdsum/gen/qs8-rdsum-minmax-fp32-scalar-u1-acc1.c.o
[ 58%] Building C object _deps/xnnpack-build/CMakeFiles/xnnpack-microkernels-prod.dir/src/qs8-rsum/gen/qs8-rsum-rvv-u2v.c.o
[ 58%] Building C object _deps/xnnpack-build/CMakeFiles/xnnpack-microkernels-prod.dir/src/qs8-rsum/gen/qs8-rsum-scalar-u4.c.o
[ 58%] Building C object _deps/xnnpack-build/CMakeFiles/xnnpack-microkernels-prod.dir/src/qs8-vadd/gen/qs8-vadd-minmax-rvv-u2v.c.o
[ 61%] Building C object _deps/xnnpack-build/CMakeFiles/xnnpack-microkernels-prod.dir/src/qs8-vadd/gen/qs8-vadd-minmax-scalar-u1.c.o
[ 61%] Building C object _deps/xnnpack-build/CMakeFiles/xnnpack-microkernels-prod.dir/src/qs8-vadd/gen/qs8-vadd-minmax-scalar-u4.c.o
[ 61%] Building C object _deps/xnnpack-build/CMakeFiles/xnnpack-microkernels-prod.dir/src/qs8-vaddc/gen/qs8-vaddc-minmax-rvv-u2v.c.o
[ 61%] Building C object _deps/xnnpack-build/CMakeFiles/xnnpack-microkernels-prod.dir/src/qs8-vaddc/gen/qs8-vaddc-minmax-scalar-u1.c.o
[ 61%] Building C object _deps/xnnpack-build/CMakeFiles/xnnpack-microkernels-prod.dir/src/qs8-vaddc/gen/qs8-vaddc-minmax-scalar-u4.c.o
[ 61%] Building C object _deps/xnnpack-build/CMakeFiles/xnnpack-microkernels-prod.dir/src/qs8-vcvt/gen/qs8-vcvt-rvv-u4v.c.o
[ 61%] Building C object _deps/xnnpack-build/CMakeFiles/xnnpack-microkernels-prod.dir/src/qs8-vcvt/gen/qs8-vcvt-scalar-u4.c.o
[ 61%] Building C object _deps/xnnpack-build/CMakeFiles/xnnpack-microkernels-prod.dir/src/qs8-vlrelu/gen/qs8-vlrelu-rvv-u2v.c.o
[ 61%] Building C object _deps/xnnpack-build/CMakeFiles/xnnpack-microkernels-prod.dir/src/qs8-vlrelu/gen/qs8-vlrelu-scalar-andxor-u4.c.o
[ 61%] Building C object _deps/xnnpack-build/CMakeFiles/xnnpack-microkernels-prod.dir/src/qs8-vmul/gen/qs8-vmul-minmax-f32-rvv-u2v.c.o
[ 61%] Building C object _deps/xnnpack-build/CMakeFiles/xnnpack-microkernels-prod.dir/src/qs8-vmul/gen/qs8-vmul-minmax-fp32-scalar-u4.c.o
[ 61%] Building C object _deps/xnnpack-build/CMakeFiles/xnnpack-microkernels-prod.dir/src/qs8-vmulc/gen/qs8-vmulc-minmax-f32-rvv-u2v.c.o
[ 61%] Building C object _deps/xnnpack-build/CMakeFiles/xnnpack-microkernels-prod.dir/src/qs8-vmulc/gen/qs8-vmulc-minmax-fp32-scalar-u4.c.o
[ 61%] Building C object _deps/xnnpack-build/CMakeFiles/xnnpack-microkernels-prod.dir/src/qs8-vprelu/gen/qs8-vprelu-scalar-u8.c.o
[ 61%] Building C object _deps/xnnpack-build/CMakeFiles/xnnpack-microkernels-prod.dir/src/qs8-vpreluc/gen/qs8-vpreluc-scalar-u8.c.o
[ 61%] Building C object _deps/xnnpack-build/CMakeFiles/xnnpack-microkernels-prod.dir/src/qs8-vrpreluc/gen/qs8-vrpreluc-scalar-u8.c.o
[ 61%] Building C object _deps/xnnpack-build/CMakeFiles/xnnpack-microkernels-prod.dir/src/qu8-dwconv/gen/qu8-dwconv-25p1c-minmax-fp32-scalar-fmagic.c.o
[ 61%] Building C object _deps/xnnpack-build/CMakeFiles/xnnpack-microkernels-prod.dir/src/qu8-dwconv/gen/qu8-dwconv-25p2c-minmax-fp32-scalar-lrintf.c.o
[ 61%] Building C object _deps/xnnpack-build/CMakeFiles/xnnpack-microkernels-prod.dir/src/qu8-dwconv/gen/qu8-dwconv-25p8vc-minmax-fp32-rvv.c.o
[ 61%] Building C object _deps/xnnpack-build/CMakeFiles/xnnpack-microkernels-prod.dir/src/qu8-dwconv/gen/qu8-dwconv-9p1c-minmax-fp32-scalar-fmagic.c.o
[ 61%] Building C object _deps/xnnpack-build/CMakeFiles/xnnpack-microkernels-prod.dir/src/qu8-dwconv/gen/qu8-dwconv-9p2c-minmax-fp32-scalar-lrintf.c.o
[ 61%] Building C object _deps/xnnpack-build/CMakeFiles/xnnpack-microkernels-prod.dir/src/qu8-dwconv/gen/qu8-dwconv-9p8vc-minmax-fp32-rvv.c.o
[ 61%] Building C object _deps/xnnpack-build/CMakeFiles/xnnpack-microkernels-prod.dir/src/qu8-f32-vcvt/gen/qu8-f32-vcvt-rvv-u2v.c.o
[ 61%] Building C object _deps/xnnpack-build/CMakeFiles/xnnpack-microkernels-prod.dir/src/qu8-f32-vcvt/gen/qu8-f32-vcvt-scalar-u4.c.o
[ 61%] Building C object _deps/xnnpack-build/CMakeFiles/xnnpack-microkernels-prod.dir/src/qu8-gemm/gen/qu8-gemm-1x1v-minmax-fp32-rvv.c.o
[ 61%] Building C object _deps/xnnpack-build/CMakeFiles/xnnpack-microkernels-prod.dir/src/qu8-gemm/gen/qu8-gemm-1x4-minmax-fp32-scalar-lrintf.c.o
[ 61%] Building C object _deps/xnnpack-build/CMakeFiles/xnnpack-microkernels-prod.dir/src/qu8-gemm/gen/qu8-gemm-3x4-minmax-fp32-scalar-lrintf.c.o
[ 64%] Building C object _deps/xnnpack-build/CMakeFiles/xnnpack-microkernels-prod.dir/src/qu8-gemm/gen/qu8-gemm-4x1v-minmax-fp32-rvv.c.o
[ 64%] Building C object _deps/xnnpack-build/CMakeFiles/xnnpack-microkernels-prod.dir/src/qu8-igemm/gen/qu8-igemm-1x1v-minmax-fp32-rvv.c.o
[ 64%] Building C object _deps/xnnpack-build/CMakeFiles/xnnpack-microkernels-prod.dir/src/qu8-igemm/gen/qu8-igemm-1x4-minmax-fp32-scalar-lrintf.c.o
[ 64%] Building C object _deps/xnnpack-build/CMakeFiles/xnnpack-microkernels-prod.dir/src/qu8-igemm/gen/qu8-igemm-3x4-minmax-fp32-scalar-lrintf.c.o
[ 64%] Building C object _deps/xnnpack-build/CMakeFiles/xnnpack-microkernels-prod.dir/src/qu8-igemm/gen/qu8-igemm-4x1v-minmax-fp32-rvv.c.o
[ 64%] Building C object _deps/xnnpack-build/CMakeFiles/xnnpack-microkernels-prod.dir/src/qu8-rdsum/gen/qu8-rdsum-7p7x-rvv-u2v.c.o
[ 64%] Building C object _deps/xnnpack-build/CMakeFiles/xnnpack-microkernels-prod.dir/src/qu8-rdsum/gen/qu8-rdsum-scalar.c.o
[ 64%] Building C object _deps/xnnpack-build/CMakeFiles/xnnpack-microkernels-prod.dir/src/qu8-rsum/gen/qu8-rsum-rvv-u2v.c.o
[ 64%] Building C object _deps/xnnpack-build/CMakeFiles/xnnpack-microkernels-prod.dir/src/qu8-rsum/gen/qu8-rsum-scalar-u4.c.o
[ 64%] Building C object _deps/xnnpack-build/CMakeFiles/xnnpack-microkernels-prod.dir/src/qu8-vadd/gen/qu8-vadd-minmax-rvv-u2v.c.o
[ 64%] Building C object _deps/xnnpack-build/CMakeFiles/xnnpack-microkernels-prod.dir/src/qu8-vadd/gen/qu8-vadd-minmax-scalar-u1.c.o
[ 64%] Building C object _deps/xnnpack-build/CMakeFiles/xnnpack-microkernels-prod.dir/src/qu8-vadd/gen/qu8-vadd-minmax-scalar-u4.c.o
[ 64%] Building C object _deps/xnnpack-build/CMakeFiles/xnnpack-microkernels-prod.dir/src/qu8-vaddc/gen/qu8-vaddc-minmax-rvv-u2v.c.o
[ 64%] Building C object _deps/xnnpack-build/CMakeFiles/xnnpack-microkernels-prod.dir/src/qu8-vaddc/gen/qu8-vaddc-minmax-scalar-u1.c.o
[ 64%] Building C object _deps/xnnpack-build/CMakeFiles/xnnpack-microkernels-prod.dir/src/qu8-vaddc/gen/qu8-vaddc-minmax-scalar-u4.c.o
[ 64%] Building C object _deps/xnnpack-build/CMakeFiles/xnnpack-microkernels-prod.dir/src/qu8-vcvt/gen/qu8-vcvt-rvv-u4v.c.o
[ 64%] Building C object _deps/xnnpack-build/CMakeFiles/xnnpack-microkernels-prod.dir/src/qu8-vcvt/gen/qu8-vcvt-scalar-u4.c.o
[ 64%] Building C object _deps/xnnpack-build/CMakeFiles/xnnpack-microkernels-prod.dir/src/qu8-vlrelu/gen/qu8-vlrelu-rvv-u2v.c.o
[ 64%] Building C object _deps/xnnpack-build/CMakeFiles/xnnpack-microkernels-prod.dir/src/qu8-vlrelu/gen/qu8-vlrelu-scalar-andxor-u4.c.o
[ 64%] Building C object _deps/xnnpack-build/CMakeFiles/xnnpack-microkernels-prod.dir/src/qu8-vmul/gen/qu8-vmul-minmax-f32-rvv-u2v.c.o
[ 64%] Building C object _deps/xnnpack-build/CMakeFiles/xnnpack-microkernels-prod.dir/src/qu8-vmul/gen/qu8-vmul-minmax-fp32-scalar-u4.c.o
[ 64%] Building C object _deps/xnnpack-build/CMakeFiles/xnnpack-microkernels-prod.dir/src/qu8-vmulc/gen/qu8-vmulc-minmax-f32-rvv-u2v.c.o
[ 64%] Building C object _deps/xnnpack-build/CMakeFiles/xnnpack-microkernels-prod.dir/src/qu8-vmulc/gen/qu8-vmulc-minmax-fp32-scalar-u4.c.o
[ 64%] Building C object _deps/xnnpack-build/CMakeFiles/xnnpack-microkernels-prod.dir/src/qu8-vprelu/gen/qu8-vprelu-scalar-u8.c.o
[ 64%] Building C object _deps/xnnpack-build/CMakeFiles/xnnpack-microkernels-prod.dir/src/qu8-vpreluc/gen/qu8-vpreluc-scalar-u8.c.o
[ 64%] Building C object _deps/xnnpack-build/CMakeFiles/xnnpack-microkernels-prod.dir/src/qu8-vrpreluc/gen/qu8-vrpreluc-scalar-u8.c.o
[ 64%] Building C object _deps/xnnpack-build/CMakeFiles/xnnpack-microkernels-prod.dir/src/s8-ibilinear/gen/s8-ibilinear-scalar-u1.c.o
[ 66%] Building C object _deps/xnnpack-build/CMakeFiles/xnnpack-microkernels-prod.dir/src/s8-maxpool/gen/s8-maxpool-9p-minmax-scalar-u1.c.o
[ 66%] Building C object _deps/xnnpack-build/CMakeFiles/xnnpack-microkernels-prod.dir/src/s8-rdminmax/gen/s8-rdmax-2p2x-rvv-u8v.c.o
[ 66%] Building C object _deps/xnnpack-build/CMakeFiles/xnnpack-microkernels-prod.dir/src/s8-rdminmax/gen/s8-rdmax-2p2x-scalar-u2.c.o
[ 66%] Building C object _deps/xnnpack-build/CMakeFiles/xnnpack-microkernels-prod.dir/src/s8-rdminmax/gen/s8-rdmin-2p2x-rvv-u8v.c.o
[ 66%] Building C object _deps/xnnpack-build/CMakeFiles/xnnpack-microkernels-prod.dir/src/s8-rdminmax/gen/s8-rdmin-2p2x-scalar-u2.c.o
[ 66%] Building C object _deps/xnnpack-build/CMakeFiles/xnnpack-microkernels-prod.dir/src/s8-rminmax/gen/s8-rmax-rvv-u8v.c.o
[ 66%] Building C object _deps/xnnpack-build/CMakeFiles/xnnpack-microkernels-prod.dir/src/s8-rminmax/gen/s8-rmax-scalar-u2-acc2.c.o
[ 66%] Building C object _deps/xnnpack-build/CMakeFiles/xnnpack-microkernels-prod.dir/src/s8-rminmax/gen/s8-rmin-rvv-u8v.c.o
[ 66%] Building C object _deps/xnnpack-build/CMakeFiles/xnnpack-microkernels-prod.dir/src/s8-rminmax/gen/s8-rmin-scalar-u2-acc2.c.o
[ 66%] Building C object _deps/xnnpack-build/CMakeFiles/xnnpack-microkernels-prod.dir/src/s8-rminmax/gen/s8-rminmax-rvv-u8v.c.o
[ 66%] Building C object _deps/xnnpack-build/CMakeFiles/xnnpack-microkernels-prod.dir/src/s8-rminmax/gen/s8-rminmax-scalar-u2-acc2.c.o
[ 66%] Building C object _deps/xnnpack-build/CMakeFiles/xnnpack-microkernels-prod.dir/src/s8-vclamp/gen/s8-vclamp-rvv-u4v.c.o
[ 66%] Building C object _deps/xnnpack-build/CMakeFiles/xnnpack-microkernels-prod.dir/src/s8-vclamp/s8-vclamp-scalar-u4.c.o
[ 66%] Building C object _deps/xnnpack-build/CMakeFiles/xnnpack-microkernels-prod.dir/src/u8-ibilinear/gen/u8-ibilinear-scalar-u1.c.o
[ 66%] Building C object _deps/xnnpack-build/CMakeFiles/xnnpack-microkernels-prod.dir/src/u8-lut32norm/u8-lut32norm-scalar.c.o
[ 66%] Building C object _deps/xnnpack-build/CMakeFiles/xnnpack-microkernels-prod.dir/src/u8-maxpool/gen/u8-maxpool-9p-minmax-scalar-u1.c.o
[ 66%] Building C object _deps/xnnpack-build/CMakeFiles/xnnpack-microkernels-prod.dir/src/u8-rdminmax/gen/u8-rdmax-2p2x-rvv-u8v.c.o
[ 66%] Building C object _deps/xnnpack-build/CMakeFiles/xnnpack-microkernels-prod.dir/src/u8-rdminmax/gen/u8-rdmax-2p2x-scalar-u2.c.o
[ 66%] Building C object _deps/xnnpack-build/CMakeFiles/xnnpack-microkernels-prod.dir/src/u8-rdminmax/gen/u8-rdmin-2p2x-rvv-u8v.c.o
[ 66%] Building C object _deps/xnnpack-build/CMakeFiles/xnnpack-microkernels-prod.dir/src/u8-rdminmax/gen/u8-rdmin-2p2x-scalar-u2.c.o
[ 66%] Building C object _deps/xnnpack-build/CMakeFiles/xnnpack-microkernels-prod.dir/src/u8-rminmax/gen/u8-rmax-rvv-u8v.c.o
[ 66%] Building C object _deps/xnnpack-build/CMakeFiles/xnnpack-microkernels-prod.dir/src/u8-rminmax/gen/u8-rmax-scalar-u2-acc2.c.o
[ 66%] Building C object _deps/xnnpack-build/CMakeFiles/xnnpack-microkernels-prod.dir/src/u8-rminmax/gen/u8-rmin-rvv-u8v.c.o
[ 66%] Building C object _deps/xnnpack-build/CMakeFiles/xnnpack-microkernels-prod.dir/src/u8-rminmax/gen/u8-rmin-scalar-u2-acc2.c.o
[ 66%] Building C object _deps/xnnpack-build/CMakeFiles/xnnpack-microkernels-prod.dir/src/u8-rminmax/gen/u8-rminmax-rvv-u8v.c.o
[ 66%] Building C object _deps/xnnpack-build/CMakeFiles/xnnpack-microkernels-prod.dir/src/u8-rminmax/gen/u8-rminmax-scalar-u2-acc2.c.o
[ 66%] Building C object _deps/xnnpack-build/CMakeFiles/xnnpack-microkernels-prod.dir/src/u8-vclamp/gen/u8-vclamp-rvv-u4v.c.o
[ 69%] Building C object _deps/xnnpack-build/CMakeFiles/xnnpack-microkernels-prod.dir/src/u8-vclamp/u8-vclamp-scalar-u4.c.o
[ 69%] Building C object _deps/xnnpack-build/CMakeFiles/xnnpack-microkernels-prod.dir/src/x16-transposec/gen/x16-transposec-2x4-scalar-int.c.o
[ 69%] Building C object _deps/xnnpack-build/CMakeFiles/xnnpack-microkernels-prod.dir/src/x16-x32-packw/gen/x16-x32-packw-x32c2-gemm-gio-scalar.c.o
[ 69%] Building C object _deps/xnnpack-build/CMakeFiles/xnnpack-microkernels-prod.dir/src/x16-x32-packw/gen/x16-x32-packw-x32c2-gemm-goi-scalar.c.o
[ 69%] Building C object _deps/xnnpack-build/CMakeFiles/xnnpack-microkernels-prod.dir/src/x24-transposec/gen/x24-transposec-1x2-scalar.c.o
[ 69%] Building C object _deps/xnnpack-build/CMakeFiles/xnnpack-microkernels-prod.dir/src/x32-packw/gen/x32-packw-x2-gemm-gio-scalar.c.o
[ 69%] Building C object _deps/xnnpack-build/CMakeFiles/xnnpack-microkernels-prod.dir/src/x32-packw/gen/x32-packw-x2-gemm-goi-scalar-float-u4.c.o
[ 69%] Building C object _deps/xnnpack-build/CMakeFiles/xnnpack-microkernels-prod.dir/src/x32-packw/gen/x32-packw-x32-gemm-goi-scalar-int-u2.c.o
[ 69%] Building C object _deps/xnnpack-build/CMakeFiles/xnnpack-microkernels-prod.dir/src/x32-packw/gen/x32-packw-x4-gemm-gio-scalar.c.o
[ 69%] Building C object _deps/xnnpack-build/CMakeFiles/xnnpack-microkernels-prod.dir/src/x32-packw/gen/x32-packw-x4-gemm-goi-scalar-float-u4.c.o
[ 69%] Building C object _deps/xnnpack-build/CMakeFiles/xnnpack-microkernels-prod.dir/src/x32-packw/gen/x32-packw-x4v-gemm-goi-rvv-u8.c.o
[ 69%] Building C object _deps/xnnpack-build/CMakeFiles/xnnpack-microkernels-prod.dir/src/x32-transposec/gen/x32-transposec-16x8-rvv.c.o
[ 69%] Building C object _deps/xnnpack-build/CMakeFiles/xnnpack-microkernels-prod.dir/src/x32-packw/gen/x32-packw-x64-gemm-goi-scalar-int-u2.c.o
[ 69%] Building C object _deps/xnnpack-build/CMakeFiles/xnnpack-microkernels-prod.dir/src/x32-transposec/gen/x32-transposec-2x4-scalar-int.c.o
[ 69%] Building C object _deps/xnnpack-build/CMakeFiles/xnnpack-microkernels-prod.dir/src/x32-transposec/gen/x32-transposec-32x8-rvv.c.o
[ 69%] Building C object _deps/xnnpack-build/CMakeFiles/xnnpack-microkernels-prod.dir/src/x32-transposec/gen/x32-transposec-4x4-rvv.c.o
[ 69%] Building C object _deps/xnnpack-build/CMakeFiles/xnnpack-microkernels-prod.dir/src/x32-transposec/gen/x32-transposec-8x8-rvv.c.o
[ 69%] Building C object _deps/xnnpack-build/CMakeFiles/xnnpack-microkernels-prod.dir/src/x32-unpool/x32-unpool-scalar.c.o
[ 69%] Building C object _deps/xnnpack-build/CMakeFiles/xnnpack-microkernels-prod.dir/src/x64-transposec/gen/x64-transposec-4x2-scalar-int.c.o
[ 69%] Building C object _deps/xnnpack-build/CMakeFiles/xnnpack-microkernels-prod.dir/src/x8-lut/gen/x8-lut-scalar-u4.c.o
[ 69%] Building C object _deps/xnnpack-build/CMakeFiles/xnnpack-microkernels-prod.dir/src/x8-packq/x8-packq-scalar-f32qp8-u1.c.o
[ 69%] Building C object _deps/xnnpack-build/CMakeFiles/xnnpack-microkernels-prod.dir/src/x8-packw/gen/x8-packw-x16-gemm-goi-scalar-u2.c.o
[ 69%] Building C object _deps/xnnpack-build/CMakeFiles/xnnpack-microkernels-prod.dir/src/x8-packw/gen/x8-packw-x32-gemm-goi-scalar-u2.c.o
[ 69%] Building C object _deps/xnnpack-build/CMakeFiles/xnnpack-microkernels-prod.dir/src/x8-packw/gen/x8-packw-x4-gemm-goi-scalar-u2.c.o
[ 69%] Building C object _deps/xnnpack-build/CMakeFiles/xnnpack-microkernels-prod.dir/src/x8-packw/gen/x8-packw-x8-gemm-goi-scalar-u2.c.o
[ 69%] Building C object _deps/xnnpack-build/CMakeFiles/xnnpack-microkernels-prod.dir/src/x8-transposec/gen/x8-transposec-2x4-scalar-int.c.o
[ 69%] Building C object _deps/xnnpack-build/CMakeFiles/xnnpack-microkernels-prod.dir/src/xx-copy/xx-copy-scalar-memcpy.c.o
[ 71%] Building C object _deps/xnnpack-build/CMakeFiles/xnnpack-microkernels-prod.dir/src/xx-fill/xx-fill-scalar-u16.c.o
[ 71%] Building C object _deps/xnnpack-build/CMakeFiles/xnnpack-microkernels-prod.dir/src/xx-pad/xx-pad-p4-scalar-u16.c.o
[ 71%] Building C object _deps/xnnpack-build/CMakeFiles/xnnpack-microkernels-prod.dir/src/xx-transposev/xx-transposev-1x1-scalar-memcpy.c.o
[ 71%] Building C object _deps/xnnpack-build/CMakeFiles/xnnpack-microkernels-prod.dir/src/tables/exp2-k-over-64.c.o
[ 71%] Building C object _deps/xnnpack-build/CMakeFiles/xnnpack-microkernels-prod.dir/src/tables/exp2-k-over-2048.c.o
[ 71%] Building C object _deps/xnnpack-build/CMakeFiles/xnnpack-microkernels-prod.dir/src/tables/exp2minus-k-over-4.c.o
[ 71%] Building C object _deps/xnnpack-build/CMakeFiles/xnnpack-microkernels-prod.dir/src/tables/exp2minus-k-over-8.c.o
[ 71%] Building C object _deps/xnnpack-build/CMakeFiles/xnnpack-microkernels-prod.dir/src/tables/exp2minus-k-over-16.c.o
[ 71%] Building C object _deps/xnnpack-build/CMakeFiles/xnnpack-microkernels-prod.dir/src/tables/exp2minus-k-over-32.c.o
[ 71%] Building C object _deps/xnnpack-build/CMakeFiles/xnnpack-microkernels-prod.dir/src/tables/exp2minus-k-over-64.c.o
[ 71%] Building C object _deps/xnnpack-build/CMakeFiles/xnnpack-microkernels-prod.dir/src/tables/exp2minus-k-over-2048.c.o
[ 71%] Building C object _deps/xnnpack-build/CMakeFiles/xnnpack-microkernels-prod.dir/src/tables/vlog.c.o
[ 71%] Linking CXX static library libxnnpack-delegate.a
[ 71%] Built target xnnpack-delegate
[ 71%] Linking C static library libxnnpack-microkernels-prod.a
[ 71%] Built target xnnpack-microkernels-prod
[ 71%] Generating build_identifier.c
[ 71%] Building C object _deps/xnnpack-build/CMakeFiles/XNNPACK.dir/src/configs/argmaxpool-config.c.o
[ 71%] Building C object _deps/xnnpack-build/CMakeFiles/XNNPACK.dir/src/configs/avgpool-config.c.o
[ 71%] Building C object _deps/xnnpack-build/CMakeFiles/XNNPACK.dir/src/configs/conv-hwc2chw-config.c.o
[ 71%] Building C object _deps/xnnpack-build/CMakeFiles/XNNPACK.dir/src/configs/dwconv-config.c.o
[ 71%] Building C object _deps/xnnpack-build/CMakeFiles/XNNPACK.dir/src/configs/binary-elementwise-config.c.o
[ 71%] Building C object _deps/xnnpack-build/CMakeFiles/XNNPACK.dir/src/configs/gemm-config.c.o
[ 71%] Building C object _deps/xnnpack-build/CMakeFiles/XNNPACK.dir/src/configs/cmul-config.c.o
[ 71%] Building C object _deps/xnnpack-build/CMakeFiles/XNNPACK.dir/src/configs/dwconv2d-chw-config.c.o
[ 71%] Building C object _deps/xnnpack-build/CMakeFiles/XNNPACK.dir/src/configs/ibilinear-chw-config.c.o
[ 71%] Building C object _deps/xnnpack-build/CMakeFiles/XNNPACK.dir/src/configs/ibilinear-config.c.o
[ 71%] Building C object _deps/xnnpack-build/CMakeFiles/XNNPACK.dir/src/configs/lut32norm-config.c.o
[ 71%] Building C object _deps/xnnpack-build/CMakeFiles/XNNPACK.dir/src/configs/maxpool-config.c.o
[ 71%] Building C object _deps/xnnpack-build/CMakeFiles/XNNPACK.dir/src/configs/pack-lh-config.c.o
[ 71%] Building C object _deps/xnnpack-build/CMakeFiles/XNNPACK.dir/src/configs/raddstoreexpminusmax-config.c.o
[ 71%] Building C object _deps/xnnpack-build/CMakeFiles/XNNPACK.dir/src/configs/reduce-config.c.o
[ 71%] Building C object _deps/xnnpack-build/CMakeFiles/XNNPACK.dir/src/configs/spmm-config.c.o
[ 71%] Building C object _deps/xnnpack-build/CMakeFiles/XNNPACK.dir/src/configs/transpose-config.c.o
[ 71%] Building C object _deps/xnnpack-build/CMakeFiles/XNNPACK.dir/src/configs/unary-elementwise-config.c.o
[ 71%] Building C object _deps/xnnpack-build/CMakeFiles/XNNPACK.dir/src/configs/unpool-config.c.o
[ 71%] Building C object _deps/xnnpack-build/CMakeFiles/XNNPACK.dir/src/configs/vmulcaddc-config.c.o
[ 71%] Building C object _deps/xnnpack-build/CMakeFiles/XNNPACK.dir/src/configs/xx-fill-config.c.o
[ 71%] Building C object _deps/xnnpack-build/CMakeFiles/XNNPACK.dir/src/configs/xx-pad-config.c.o
[ 71%] Building C object _deps/xnnpack-build/CMakeFiles/XNNPACK.dir/src/configs/x8-lut-config.c.o
[ 71%] Building C object _deps/xnnpack-build/CMakeFiles/XNNPACK.dir/src/init.c.o
[ 71%] Building C object _deps/xnnpack-build/CMakeFiles/XNNPACK.dir/build_identifier.c.o
[ 71%] Building C object _deps/xnnpack-build/CMakeFiles/XNNPACK.dir/src/params.c.o
[ 74%] Linking CXX static library libXNNPACK.a
[ 74%] Built target XNNPACK
[ 74%] Building CXX object CMakeFiles/tensorflow-lite.dir/core/acceleration/configuration/stable_delegate_registry.cc.o
[ 74%] Building CXX object CMakeFiles/tensorflow-lite.dir/core/api/flatbuffer_conversions.cc.o
[ 74%] Building CXX object CMakeFiles/tensorflow-lite.dir/core/api/op_resolver.cc.o
[ 74%] Building CXX object CMakeFiles/tensorflow-lite.dir/core/async/c/async_signature_runner.cc.o
[ 74%] Building CXX object CMakeFiles/tensorflow-lite.dir/core/acceleration/configuration/delegate_registry.cc.o
[ 74%] Building CXX object CMakeFiles/tensorflow-lite.dir/core/acceleration/configuration/nnapi_plugin.cc.o
[ 74%] Building CXX object CMakeFiles/tensorflow-lite.dir/core/api/tensor_utils.cc.o
[ 74%] Building CXX object CMakeFiles/tensorflow-lite.dir/core/async/c/async_kernel.cc.o
[ 74%] Building CXX object CMakeFiles/tensorflow-lite.dir/core/async/c/task.cc.o
[ 74%] Building CXX object CMakeFiles/tensorflow-lite.dir/core/async/interop/c/attribute_map.cc.o
[ 74%] Building CXX object CMakeFiles/tensorflow-lite.dir/core/async/interop/c/constants.cc.o
[ 74%] Building CXX object CMakeFiles/tensorflow-lite.dir/core/async/interop/c/types.cc.o
[ 74%] Building CXX object CMakeFiles/tensorflow-lite.dir/core/async/interop/attribute_map_internal.cc.o
[ 74%] Building CXX object CMakeFiles/tensorflow-lite.dir/core/async/interop/reconcile_fns.cc.o
[ 74%] Building CXX object CMakeFiles/tensorflow-lite.dir/core/async/interop/variant.cc.o
[ 74%] Building CXX object CMakeFiles/tensorflow-lite.dir/core/async/async_signature_runner.cc.o
/work/s2602/src/rvspoc-S2602-litert-pr2/tflite/core/async/interop/variant.cc: In member function ‘bool tflite::interop::Variant::operator==(const tflite::interop::Variant&) const’:
/work/s2602/src/rvspoc-S2602-litert-pr2/tflite/core/async/interop/variant.cc:42:1: warning: control reaches end of non-void function [-Wreturn-type]
   42 | }
      | ^
[ 74%] Building CXX object CMakeFiles/tensorflow-lite.dir/core/async/async_subgraph.cc.o
In file included from /work/s2602/src/rvspoc-S2602-litert-pr2/tflite/core/acceleration/configuration/nnapi_plugin.cc:18:
/work/s2602/src/rvspoc-S2602-litert-pr2/tflite/../tflite/core/acceleration/configuration/nnapi_plugin.h: In constructor ‘tflite::delegates::NnapiPlugin::NnapiPlugin(const tflite::TFLiteSettings&)’:
/work/s2602/src/rvspoc-S2602-litert-pr2/tflite/../tflite/core/acceleration/configuration/nnapi_plugin.h:76:51: warning: ‘SizeT flatbuffers::Vector<T, SizeT>::Length() const [with T = char; SizeT = unsigned int]’ is deprecated: use size() instead [-Wdeprecated-declarations]
   76 |         nnapi_settings->accelerator_name()->Length() != 0) {
      |         ~~~~~~~~~~~~~~~~~~~~~~~~~~~~~~~~~~~~~~~~~~^~
In file included from /work/s2602/build-pr2-gcc-14/flatbuffers/include/flatbuffers/array.h:25,
                 from /work/s2602/build-pr2-gcc-14/flatbuffers/include/flatbuffers/flatbuffers.h:24,
                 from /work/s2602/src/rvspoc-S2602-litert-pr2/tflite/../tflite/acceleration/configuration/configuration_generated.h:21,
                 from /work/s2602/src/rvspoc-S2602-litert-pr2/tflite/../tflite/core/acceleration/configuration/nnapi_plugin.h:33:
/work/s2602/build-pr2-gcc-14/flatbuffers/include/flatbuffers/vector.h:186:9: note: declared here
  186 |   SizeT Length() const { return size(); }
      |         ^~~~~~
/work/s2602/src/rvspoc-S2602-litert-pr2/tflite/../tflite/core/acceleration/configuration/nnapi_plugin.h: In member function ‘void tflite::delegates::NnapiPlugin::SetCompilationCacheDir(const tflite::TFLiteSettings&)’:
/work/s2602/src/rvspoc-S2602-litert-pr2/tflite/../tflite/core/acceleration/configuration/nnapi_plugin.h:105:76: warning: ‘SizeT flatbuffers::Vector<T, SizeT>::Length() const [with T = char; SizeT = unsigned int]’ is deprecated: use size() instead [-Wdeprecated-declarations]
  105 |         tflite_settings.compilation_caching_settings()->cache_dir()->Length() !=
      |         ~~~~~~~~~~~~~~~~~~~~~~~~~~~~~~~~~~~~~~~~~~~~~~~~~~~~~~~~~~~~~~~~~~~^~
/work/s2602/build-pr2-gcc-14/flatbuffers/include/flatbuffers/vector.h:186:9: note: declared here
  186 |   SizeT Length() const { return size(); }
      |         ^~~~~~
/work/s2602/src/rvspoc-S2602-litert-pr2/tflite/../tflite/core/acceleration/configuration/nnapi_plugin.h:112:75: warning: ‘SizeT flatbuffers::Vector<T, SizeT>::Length() const [with T = char; SizeT = unsigned int]’ is deprecated: use size() instead [-Wdeprecated-declarations]
  112 |                tflite_settings.nnapi_settings()->cache_directory()->Length() !=
      |                ~~~~~~~~~~~~~~~~~~~~~~~~~~~~~~~~~~~~~~~~~~~~~~~~~~~~~~~~~~~^~
/work/s2602/build-pr2-gcc-14/flatbuffers/include/flatbuffers/vector.h:186:9: note: declared here
  186 |   SizeT Length() const { return size(); }
      |         ^~~~~~
/work/s2602/src/rvspoc-S2602-litert-pr2/tflite/../tflite/core/acceleration/configuration/nnapi_plugin.h: In member function ‘void tflite::delegates::NnapiPlugin::SetModelToken(const tflite::TFLiteSettings&)’:
/work/s2602/src/rvspoc-S2602-litert-pr2/tflite/../tflite/core/acceleration/configuration/nnapi_plugin.h:124:25: warning: ‘SizeT flatbuffers::Vector<T, SizeT>::Length() const [with T = char; SizeT = unsigned int]’ is deprecated: use size() instead [-Wdeprecated-declarations]
  122 |         tflite_settings.compilation_caching_settings()
      |         ~~~~~~~~~~~~~~~~~~~~~~~~~~~~~~~~~~~~~~~~~~~~~~
  123 |                 ->model_token()
      |                 ~~~~~~~~~~~~~~~
  124 |                 ->Length() != 0) {
      |                 ~~~~~~~~^~
/work/s2602/build-pr2-gcc-14/flatbuffers/include/flatbuffers/vector.h:186:9: note: declared here
  186 |   SizeT Length() const { return size(); }
      |         ^~~~~~
/work/s2602/src/rvspoc-S2602-litert-pr2/tflite/../tflite/core/acceleration/configuration/nnapi_plugin.h:129:71: warning: ‘SizeT flatbuffers::Vector<T, SizeT>::Length() const [with T = char; SizeT = unsigned int]’ is deprecated: use size() instead [-Wdeprecated-declarations]
  129 |                tflite_settings.nnapi_settings()->model_token()->Length() != 0) {
      |                ~~~~~~~~~~~~~~~~~~~~~~~~~~~~~~~~~~~~~~~~~~~~~~~~~~~~~~~^~
/work/s2602/build-pr2-gcc-14/flatbuffers/include/flatbuffers/vector.h:186:9: note: declared here
  186 |   SizeT Length() const { return size(); }
      |         ^~~~~~
[ 74%] Building CXX object CMakeFiles/tensorflow-lite.dir/core/async/task_internal.cc.o
[ 74%] Building CXX object CMakeFiles/tensorflow-lite.dir/core/c/c_api.cc.o
[ 74%] Building CXX object CMakeFiles/tensorflow-lite.dir/core/c/c_api_experimental.cc.o
[ 76%] Building CXX object CMakeFiles/tensorflow-lite.dir/core/c/c_api_opaque.cc.o
[ 76%] Building CXX object CMakeFiles/tensorflow-lite.dir/core/c/common.cc.o
[ 76%] Building CXX object CMakeFiles/tensorflow-lite.dir/core/c/operator.cc.o
[ 76%] Building CXX object CMakeFiles/tensorflow-lite.dir/core/kernels/register.cc.o
[ 76%] Building CXX object CMakeFiles/tensorflow-lite.dir/core/create_op_resolver_with_builtin_ops.cc.o
[ 76%] Building CXX object CMakeFiles/tensorflow-lite.dir/core/interpreter.cc.o
[ 76%] Building CXX object CMakeFiles/tensorflow-lite.dir/core/interpreter_builder.cc.o
[ 76%] Building CXX object CMakeFiles/tensorflow-lite.dir/core/interpreter_experimental.cc.o
[ 76%] Building CXX object CMakeFiles/tensorflow-lite.dir/core/model_building.cc.o
[ 76%] Building CXX object CMakeFiles/tensorflow-lite.dir/core/signature_runner.cc.o
[ 76%] Building CXX object CMakeFiles/tensorflow-lite.dir/core/subgraph.cc.o
[ 76%] Building CXX object CMakeFiles/tensorflow-lite.dir/core/tools/verifier.cc.o
[ 76%] Building CXX object CMakeFiles/tensorflow-lite.dir/core/tools/verifier_internal.cc.o
[ 76%] Building CXX object CMakeFiles/tensorflow-lite.dir/c/c_api_for_testing.cc.o
[ 76%] Building CXX object CMakeFiles/tensorflow-lite.dir/c/c_api_opaque_internal.cc.o
[ 76%] Building CXX object CMakeFiles/tensorflow-lite.dir/c/common_internal.cc.o
[ 76%] Building CXX object CMakeFiles/tensorflow-lite.dir/delegates/external/external_delegate.cc.o
[ 76%] Building CXX object CMakeFiles/tensorflow-lite.dir/delegates/nnapi/nnapi_delegate_disabled.cc.o
[ 76%] Building CXX object CMakeFiles/tensorflow-lite.dir/delegates/interpreter_utils.cc.o
[ 76%] Building CXX object CMakeFiles/tensorflow-lite.dir/delegates/serialization.cc.o
[ 76%] Building CXX object CMakeFiles/tensorflow-lite.dir/delegates/telemetry.cc.o
[ 76%] Building CXX object CMakeFiles/tensorflow-lite.dir/delegates/utils.cc.o
[ 76%] Building CXX object CMakeFiles/tensorflow-lite.dir/experimental/resource/cache_buffer.cc.o
[ 76%] Building CXX object CMakeFiles/tensorflow-lite.dir/experimental/resource/initialization_status.cc.o
[ 76%] Building CXX object CMakeFiles/tensorflow-lite.dir/experimental/resource/resource_variable.cc.o
[ 76%] Building CXX object CMakeFiles/tensorflow-lite.dir/experimental/resource/static_hashtable.cc.o
[ 76%] Building CXX object CMakeFiles/tensorflow-lite.dir/kernels/internal/optimized/4bit/fully_connected_reference.cc.o
[ 79%] Building CXX object CMakeFiles/tensorflow-lite.dir/kernels/internal/optimized/cpu_check.cc.o
[ 79%] Building CXX object CMakeFiles/tensorflow-lite.dir/kernels/internal/optimized/neon_tensor_utils.cc.o
[ 79%] Building CXX object CMakeFiles/tensorflow-lite.dir/kernels/internal/optimized/rvv_tensor_utils.cc.o
[ 79%] Building CXX object CMakeFiles/tensorflow-lite.dir/kernels/internal/optimized/sse_tensor_utils.cc.o
[ 79%] Building CXX object CMakeFiles/tensorflow-lite.dir/kernels/internal/reference/comparisons.cc.o
[ 79%] Building CXX object CMakeFiles/tensorflow-lite.dir/kernels/internal/reference/portable_tensor_utils.cc.o
[ 79%] Building CXX object CMakeFiles/tensorflow-lite.dir/kernels/internal/common.cc.o
[ 79%] Building CXX object CMakeFiles/tensorflow-lite.dir/kernels/internal/kernel_utils.cc.o
[ 79%] Building CXX object CMakeFiles/tensorflow-lite.dir/kernels/internal/mfcc.cc.o
[ 79%] Building CXX object CMakeFiles/tensorflow-lite.dir/kernels/internal/mfcc_dct.cc.o
[ 79%] Building CXX object CMakeFiles/tensorflow-lite.dir/kernels/internal/mfcc_mel_filterbank.cc.o
[ 79%] Building CXX object CMakeFiles/tensorflow-lite.dir/kernels/internal/opaque_tensor_ctypes.cc.o
[ 79%] Building CXX object CMakeFiles/tensorflow-lite.dir/kernels/internal/portable_tensor_utils.cc.o
[ 79%] Building CXX object CMakeFiles/tensorflow-lite.dir/kernels/internal/quantization_util.cc.o
[ 79%] Building CXX object CMakeFiles/tensorflow-lite.dir/kernels/internal/runtime_shape.cc.o
[ 79%] Building CXX object CMakeFiles/tensorflow-lite.dir/kernels/internal/spectrogram.cc.o
[ 79%] Building CXX object CMakeFiles/tensorflow-lite.dir/kernels/internal/tensor_ctypes.cc.o
[ 79%] Building CXX object CMakeFiles/tensorflow-lite.dir/kernels/internal/tensor_utils.cc.o
[ 79%] Building CXX object CMakeFiles/tensorflow-lite.dir/kernels/internal/transpose_utils.cc.o
[ 79%] Building CXX object CMakeFiles/tensorflow-lite.dir/kernels/activations.cc.o
[ 79%] Building CXX object CMakeFiles/tensorflow-lite.dir/kernels/add.cc.o
[ 79%] Building CXX object CMakeFiles/tensorflow-lite.dir/kernels/add_n.cc.o
[ 79%] Building CXX object CMakeFiles/tensorflow-lite.dir/kernels/arg_min_max.cc.o
[ 79%] Building CXX object CMakeFiles/tensorflow-lite.dir/kernels/assign_variable.cc.o
[ 79%] Building CXX object CMakeFiles/tensorflow-lite.dir/kernels/atan2.cc.o
[ 79%] Building CXX object CMakeFiles/tensorflow-lite.dir/kernels/atan2_custom.cc.o
[ 79%] Building CXX object CMakeFiles/tensorflow-lite.dir/kernels/audio_spectrogram.cc.o
[ 82%] Building CXX object CMakeFiles/tensorflow-lite.dir/kernels/basic_rnn.cc.o
[ 82%] Building CXX object CMakeFiles/tensorflow-lite.dir/kernels/batch_matmul.cc.o
[ 82%] Building CXX object CMakeFiles/tensorflow-lite.dir/kernels/batch_to_space_nd.cc.o
In file included from /work/s2602/build-pr2-gcc-14/eigen/Eigen/Core:314,
                 from /work/s2602/src/rvspoc-S2602-litert-pr2/tflite/../tflite/kernels/internal/optimized/optimized_ops.h:45,
                 from /work/s2602/src/rvspoc-S2602-litert-pr2/tflite/../tflite/kernels/internal/optimized/integer_ops/add.h:28,
                 from /work/s2602/src/rvspoc-S2602-litert-pr2/tflite/kernels/add.cc:15:
/work/s2602/build-pr2-gcc-14/eigen/Eigen/src/Core/functors/UnaryFunctors.h: In instantiation of ‘Eigen::internal::scalar_unary_pow_op<Scalar, ExponentScalar, false, false, false, false>::scalar_unary_pow_op(const ExponentScalar&) [with Scalar = float; ExponentScalar = double]’:
/work/s2602/build-pr2-gcc-14/eigen/Eigen/src/Core/../plugins/ArrayCwiseUnaryOps.inc:543:66:   required from ‘Eigen::ArrayBase<Derived>::UnaryPowReturnType<ScalarExponent> Eigen::ArrayBase<Derived>::pow(const ScalarExponent&) const [with ScalarExponent = double; Derived = Eigen::ArrayWrapper<Eigen::Map<Eigen::Matrix<float, -1, -1>, 0, Eigen::Stride<0, 0> > >; UnaryPowReturnType<ScalarExponent> = Eigen::CwiseUnaryOp<Eigen::internal::scalar_unary_pow_op<float, double, false, false, false, false>, const Eigen::ArrayWrapper<Eigen::Map<Eigen::Matrix<float, -1, -1>, 0, Eigen::Stride<0, 0> > > >]’
  543 |   return UnaryPowReturnType<ScalarExponent>(derived(), internal::scalar_unary_pow_op<Scalar, ScalarExponent>(exponent));
      |                                                                  ^~~~~~~~~~~~~~~~~~~~~~~~~~~~~~~~~~~~~~~~~~~~~~~~~~~~~
/work/s2602/src/rvspoc-S2602-litert-pr2/tflite/../tflite/kernels/internal/optimized/optimized_ops.h:3661:62:   required from here
 3661 |     data_out.array() = data_in.array() * data_out.array().pow(-op_params.beta);
      |                                          ~~~~~~~~~~~~~~~~~~~~^~~~~~~~~~~~~~~~~
/work/s2602/build-pr2-gcc-14/eigen/Eigen/src/Core/functors/UnaryFunctors.h:1354:27: warning: ‘std::enable_if_t<(! IsExactlyRepresentable), void> Eigen::internal::scalar_unary_pow_op<Scalar, ExponentScalar, false, false, false, false>::check_is_representable() const [with bool IsExactlyRepresentable = false; Scalar = float; ExponentScalar = double; std::enable_if_t<(! IsExactlyRepresentable), void> = void]’ is deprecated [-Wdeprecated-declarations]
 1354 |     check_is_representable();
      |     ~~~~~~~~~~~~~~~~~~~~~~^~
/work/s2602/build-pr2-gcc-14/eigen/Eigen/src/Core/functors/UnaryFunctors.h:1350:68: note: declared here
 1350 |   EIGEN_DEPRECATED std::enable_if_t<!IsExactlyRepresentable, void> check_is_representable() const {}
      |                                                                    ^~~~~~~~~~~~~~~~~~~~~~
In file included from /work/s2602/build-pr2-gcc-14/eigen/Eigen/Core:314,
                 from /work/s2602/src/rvspoc-S2602-litert-pr2/tflite/../tflite/kernels/internal/optimized/optimized_ops.h:45,
                 from /work/s2602/src/rvspoc-S2602-litert-pr2/tflite/../tflite/kernels/internal/optimized/integer_ops/lut.h:24,
                 from /work/s2602/src/rvspoc-S2602-litert-pr2/tflite/kernels/activations.cc:30:
/work/s2602/build-pr2-gcc-14/eigen/Eigen/src/Core/functors/UnaryFunctors.h: In instantiation of ‘Eigen::internal::scalar_unary_pow_op<Scalar, ExponentScalar, false, false, false, false>::scalar_unary_pow_op(const ExponentScalar&) [with Scalar = float; ExponentScalar = double]’:
/work/s2602/build-pr2-gcc-14/eigen/Eigen/src/Core/../plugins/ArrayCwiseUnaryOps.inc:543:66:   required from ‘Eigen::ArrayBase<Derived>::UnaryPowReturnType<ScalarExponent> Eigen::ArrayBase<Derived>::pow(const ScalarExponent&) const [with ScalarExponent = double; Derived = Eigen::ArrayWrapper<Eigen::Map<Eigen::Matrix<float, -1, -1>, 0, Eigen::Stride<0, 0> > >; UnaryPowReturnType<ScalarExponent> = Eigen::CwiseUnaryOp<Eigen::internal::scalar_unary_pow_op<float, double, false, false, false, false>, const Eigen::ArrayWrapper<Eigen::Map<Eigen::Matrix<float, -1, -1>, 0, Eigen::Stride<0, 0> > > >]’
  543 |   return UnaryPowReturnType<ScalarExponent>(derived(), internal::scalar_unary_pow_op<Scalar, ScalarExponent>(exponent));
      |                                                                  ^~~~~~~~~~~~~~~~~~~~~~~~~~~~~~~~~~~~~~~~~~~~~~~~~~~~~
/work/s2602/src/rvspoc-S2602-litert-pr2/tflite/../tflite/kernels/internal/optimized/optimized_ops.h:3661:62:   required from here
 3661 |     data_out.array() = data_in.array() * data_out.array().pow(-op_params.beta);
      |                                          ~~~~~~~~~~~~~~~~~~~~^~~~~~~~~~~~~~~~~
/work/s2602/build-pr2-gcc-14/eigen/Eigen/src/Core/functors/UnaryFunctors.h:1354:27: warning: ‘std::enable_if_t<(! IsExactlyRepresentable), void> Eigen::internal::scalar_unary_pow_op<Scalar, ExponentScalar, false, false, false, false>::check_is_representable() const [with bool IsExactlyRepresentable = false; Scalar = float; ExponentScalar = double; std::enable_if_t<(! IsExactlyRepresentable), void> = void]’ is deprecated [-Wdeprecated-declarations]
 1354 |     check_is_representable();
      |     ~~~~~~~~~~~~~~~~~~~~~~^~
/work/s2602/build-pr2-gcc-14/eigen/Eigen/src/Core/functors/UnaryFunctors.h:1350:68: note: declared here
 1350 |   EIGEN_DEPRECATED std::enable_if_t<!IsExactlyRepresentable, void> check_is_representable() const {}
      |                                                                    ^~~~~~~~~~~~~~~~~~~~~~
[ 82%] Building CXX object CMakeFiles/tensorflow-lite.dir/kernels/bidirectional_sequence_lstm.cc.o
In file included from /work/s2602/build-pr2-gcc-14/eigen/Eigen/Core:314,
                 from /work/s2602/src/rvspoc-S2602-litert-pr2/tflite/../tflite/kernels/internal/optimized/optimized_ops.h:45,
                 from /work/s2602/src/rvspoc-S2602-litert-pr2/tflite/kernels/add_n.cc:21:
/work/s2602/build-pr2-gcc-14/eigen/Eigen/src/Core/functors/UnaryFunctors.h: In instantiation of ‘Eigen::internal::scalar_unary_pow_op<Scalar, ExponentScalar, false, false, false, false>::scalar_unary_pow_op(const ExponentScalar&) [with Scalar = float; ExponentScalar = double]’:
/work/s2602/build-pr2-gcc-14/eigen/Eigen/src/Core/../plugins/ArrayCwiseUnaryOps.inc:543:66:   required from ‘Eigen::ArrayBase<Derived>::UnaryPowReturnType<ScalarExponent> Eigen::ArrayBase<Derived>::pow(const ScalarExponent&) const [with ScalarExponent = double; Derived = Eigen::ArrayWrapper<Eigen::Map<Eigen::Matrix<float, -1, -1>, 0, Eigen::Stride<0, 0> > >; UnaryPowReturnType<ScalarExponent> = Eigen::CwiseUnaryOp<Eigen::internal::scalar_unary_pow_op<float, double, false, false, false, false>, const Eigen::ArrayWrapper<Eigen::Map<Eigen::Matrix<float, -1, -1>, 0, Eigen::Stride<0, 0> > > >]’
  543 |   return UnaryPowReturnType<ScalarExponent>(derived(), internal::scalar_unary_pow_op<Scalar, ScalarExponent>(exponent));
      |                                                                  ^~~~~~~~~~~~~~~~~~~~~~~~~~~~~~~~~~~~~~~~~~~~~~~~~~~~~
/work/s2602/src/rvspoc-S2602-litert-pr2/tflite/../tflite/kernels/internal/optimized/optimized_ops.h:3661:62:   required from here
 3661 |     data_out.array() = data_in.array() * data_out.array().pow(-op_params.beta);
      |                                          ~~~~~~~~~~~~~~~~~~~~^~~~~~~~~~~~~~~~~
/work/s2602/build-pr2-gcc-14/eigen/Eigen/src/Core/functors/UnaryFunctors.h:1354:27: warning: ‘std::enable_if_t<(! IsExactlyRepresentable), void> Eigen::internal::scalar_unary_pow_op<Scalar, ExponentScalar, false, false, false, false>::check_is_representable() const [with bool IsExactlyRepresentable = false; Scalar = float; ExponentScalar = double; std::enable_if_t<(! IsExactlyRepresentable), void> = void]’ is deprecated [-Wdeprecated-declarations]
 1354 |     check_is_representable();
      |     ~~~~~~~~~~~~~~~~~~~~~~^~
/work/s2602/build-pr2-gcc-14/eigen/Eigen/src/Core/functors/UnaryFunctors.h:1350:68: note: declared here
 1350 |   EIGEN_DEPRECATED std::enable_if_t<!IsExactlyRepresentable, void> check_is_representable() const {}
      |                                                                    ^~~~~~~~~~~~~~~~~~~~~~
In file included from /work/s2602/build-pr2-gcc-14/eigen/Eigen/Core:314,
                 from /work/s2602/src/rvspoc-S2602-litert-pr2/tflite/../tflite/kernels/internal/optimized/optimized_ops.h:45,
                 from /work/s2602/src/rvspoc-S2602-litert-pr2/tflite/kernels/arg_min_max.cc:24:
/work/s2602/build-pr2-gcc-14/eigen/Eigen/src/Core/functors/UnaryFunctors.h: In instantiation of ‘Eigen::internal::scalar_unary_pow_op<Scalar, ExponentScalar, false, false, false, false>::scalar_unary_pow_op(const ExponentScalar&) [with Scalar = float; ExponentScalar = double]’:
/work/s2602/build-pr2-gcc-14/eigen/Eigen/src/Core/../plugins/ArrayCwiseUnaryOps.inc:543:66:   required from ‘Eigen::ArrayBase<Derived>::UnaryPowReturnType<ScalarExponent> Eigen::ArrayBase<Derived>::pow(const ScalarExponent&) const [with ScalarExponent = double; Derived = Eigen::ArrayWrapper<Eigen::Map<Eigen::Matrix<float, -1, -1>, 0, Eigen::Stride<0, 0> > >; UnaryPowReturnType<ScalarExponent> = Eigen::CwiseUnaryOp<Eigen::internal::scalar_unary_pow_op<float, double, false, false, false, false>, const Eigen::ArrayWrapper<Eigen::Map<Eigen::Matrix<float, -1, -1>, 0, Eigen::Stride<0, 0> > > >]’
  543 |   return UnaryPowReturnType<ScalarExponent>(derived(), internal::scalar_unary_pow_op<Scalar, ScalarExponent>(exponent));
      |                                                                  ^~~~~~~~~~~~~~~~~~~~~~~~~~~~~~~~~~~~~~~~~~~~~~~~~~~~~
/work/s2602/src/rvspoc-S2602-litert-pr2/tflite/../tflite/kernels/internal/optimized/optimized_ops.h:3661:62:   required from here
 3661 |     data_out.array() = data_in.array() * data_out.array().pow(-op_params.beta);
      |                                          ~~~~~~~~~~~~~~~~~~~~^~~~~~~~~~~~~~~~~
/work/s2602/build-pr2-gcc-14/eigen/Eigen/src/Core/functors/UnaryFunctors.h:1354:27: warning: ‘std::enable_if_t<(! IsExactlyRepresentable), void> Eigen::internal::scalar_unary_pow_op<Scalar, ExponentScalar, false, false, false, false>::check_is_representable() const [with bool IsExactlyRepresentable = false; Scalar = float; ExponentScalar = double; std::enable_if_t<(! IsExactlyRepresentable), void> = void]’ is deprecated [-Wdeprecated-declarations]
 1354 |     check_is_representable();
      |     ~~~~~~~~~~~~~~~~~~~~~~^~
/work/s2602/build-pr2-gcc-14/eigen/Eigen/src/Core/functors/UnaryFunctors.h:1350:68: note: declared here
 1350 |   EIGEN_DEPRECATED std::enable_if_t<!IsExactlyRepresentable, void> check_is_representable() const {}
      |                                                                    ^~~~~~~~~~~~~~~~~~~~~~
In file included from /work/s2602/build-pr2-gcc-14/eigen/Eigen/Core:314,
                 from /work/s2602/src/rvspoc-S2602-litert-pr2/tflite/../tflite/kernels/internal/optimized/optimized_ops.h:45,
                 from /work/s2602/src/rvspoc-S2602-litert-pr2/tflite/kernels/audio_spectrogram.cc:24:
/work/s2602/build-pr2-gcc-14/eigen/Eigen/src/Core/functors/UnaryFunctors.h: In instantiation of ‘Eigen::internal::scalar_unary_pow_op<Scalar, ExponentScalar, false, false, false, false>::scalar_unary_pow_op(const ExponentScalar&) [with Scalar = float; ExponentScalar = double]’:
/work/s2602/build-pr2-gcc-14/eigen/Eigen/src/Core/../plugins/ArrayCwiseUnaryOps.inc:543:66:   required from ‘Eigen::ArrayBase<Derived>::UnaryPowReturnType<ScalarExponent> Eigen::ArrayBase<Derived>::pow(const ScalarExponent&) const [with ScalarExponent = double; Derived = Eigen::ArrayWrapper<Eigen::Map<Eigen::Matrix<float, -1, -1>, 0, Eigen::Stride<0, 0> > >; UnaryPowReturnType<ScalarExponent> = Eigen::CwiseUnaryOp<Eigen::internal::scalar_unary_pow_op<float, double, false, false, false, false>, const Eigen::ArrayWrapper<Eigen::Map<Eigen::Matrix<float, -1, -1>, 0, Eigen::Stride<0, 0> > > >]’
  543 |   return UnaryPowReturnType<ScalarExponent>(derived(), internal::scalar_unary_pow_op<Scalar, ScalarExponent>(exponent));
      |                                                                  ^~~~~~~~~~~~~~~~~~~~~~~~~~~~~~~~~~~~~~~~~~~~~~~~~~~~~
/work/s2602/src/rvspoc-S2602-litert-pr2/tflite/../tflite/kernels/internal/optimized/optimized_ops.h:3661:62:   required from here
 3661 |     data_out.array() = data_in.array() * data_out.array().pow(-op_params.beta);
      |                                          ~~~~~~~~~~~~~~~~~~~~^~~~~~~~~~~~~~~~~
/work/s2602/build-pr2-gcc-14/eigen/Eigen/src/Core/functors/UnaryFunctors.h:1354:27: warning: ‘std::enable_if_t<(! IsExactlyRepresentable), void> Eigen::internal::scalar_unary_pow_op<Scalar, ExponentScalar, false, false, false, false>::check_is_representable() const [with bool IsExactlyRepresentable = false; Scalar = float; ExponentScalar = double; std::enable_if_t<(! IsExactlyRepresentable), void> = void]’ is deprecated [-Wdeprecated-declarations]
 1354 |     check_is_representable();
      |     ~~~~~~~~~~~~~~~~~~~~~~^~
/work/s2602/build-pr2-gcc-14/eigen/Eigen/src/Core/functors/UnaryFunctors.h:1350:68: note: declared here
 1350 |   EIGEN_DEPRECATED std::enable_if_t<!IsExactlyRepresentable, void> check_is_representable() const {}
      |                                                                    ^~~~~~~~~~~~~~~~~~~~~~
[ 82%] Building CXX object CMakeFiles/tensorflow-lite.dir/kernels/bidirectional_sequence_rnn.cc.o
In file included from /work/s2602/build-pr2-gcc-14/eigen/Eigen/Core:314,
                 from /work/s2602/src/rvspoc-S2602-litert-pr2/tflite/../tflite/kernels/internal/optimized/optimized_ops.h:45,
                 from /work/s2602/src/rvspoc-S2602-litert-pr2/tflite/kernels/batch_matmul.cc:29:
/work/s2602/build-pr2-gcc-14/eigen/Eigen/src/Core/functors/UnaryFunctors.h: In instantiation of ‘Eigen::internal::scalar_unary_pow_op<Scalar, ExponentScalar, false, false, false, false>::scalar_unary_pow_op(const ExponentScalar&) [with Scalar = float; ExponentScalar = double]’:
/work/s2602/build-pr2-gcc-14/eigen/Eigen/src/Core/../plugins/ArrayCwiseUnaryOps.inc:543:66:   required from ‘Eigen::ArrayBase<Derived>::UnaryPowReturnType<ScalarExponent> Eigen::ArrayBase<Derived>::pow(const ScalarExponent&) const [with ScalarExponent = double; Derived = Eigen::ArrayWrapper<Eigen::Map<Eigen::Matrix<float, -1, -1>, 0, Eigen::Stride<0, 0> > >; UnaryPowReturnType<ScalarExponent> = Eigen::CwiseUnaryOp<Eigen::internal::scalar_unary_pow_op<float, double, false, false, false, false>, const Eigen::ArrayWrapper<Eigen::Map<Eigen::Matrix<float, -1, -1>, 0, Eigen::Stride<0, 0> > > >]’
  543 |   return UnaryPowReturnType<ScalarExponent>(derived(), internal::scalar_unary_pow_op<Scalar, ScalarExponent>(exponent));
      |                                                                  ^~~~~~~~~~~~~~~~~~~~~~~~~~~~~~~~~~~~~~~~~~~~~~~~~~~~~
/work/s2602/src/rvspoc-S2602-litert-pr2/tflite/../tflite/kernels/internal/optimized/optimized_ops.h:3661:62:   required from here
 3661 |     data_out.array() = data_in.array() * data_out.array().pow(-op_params.beta);
      |                                          ~~~~~~~~~~~~~~~~~~~~^~~~~~~~~~~~~~~~~
/work/s2602/build-pr2-gcc-14/eigen/Eigen/src/Core/functors/UnaryFunctors.h:1354:27: warning: ‘std::enable_if_t<(! IsExactlyRepresentable), void> Eigen::internal::scalar_unary_pow_op<Scalar, ExponentScalar, false, false, false, false>::check_is_representable() const [with bool IsExactlyRepresentable = false; Scalar = float; ExponentScalar = double; std::enable_if_t<(! IsExactlyRepresentable), void> = void]’ is deprecated [-Wdeprecated-declarations]
 1354 |     check_is_representable();
      |     ~~~~~~~~~~~~~~~~~~~~~~^~
/work/s2602/build-pr2-gcc-14/eigen/Eigen/src/Core/functors/UnaryFunctors.h:1350:68: note: declared here
 1350 |   EIGEN_DEPRECATED std::enable_if_t<!IsExactlyRepresentable, void> check_is_representable() const {}
      |                                                                    ^~~~~~~~~~~~~~~~~~~~~~
[ 82%] Building CXX object CMakeFiles/tensorflow-lite.dir/kernels/bitcast.cc.o
[ 82%] Building CXX object CMakeFiles/tensorflow-lite.dir/kernels/bitwise_xor.cc.o
[ 82%] Building CXX object CMakeFiles/tensorflow-lite.dir/kernels/broadcast_args.cc.o
In file included from /work/s2602/build-pr2-gcc-14/eigen/Eigen/Core:314,
                 from /work/s2602/src/rvspoc-S2602-litert-pr2/tflite/../tflite/kernels/internal/optimized/optimized_ops.h:45,
                 from /work/s2602/src/rvspoc-S2602-litert-pr2/tflite/kernels/batch_to_space_nd.cc:19:
/work/s2602/build-pr2-gcc-14/eigen/Eigen/src/Core/functors/UnaryFunctors.h: In instantiation of ‘Eigen::internal::scalar_unary_pow_op<Scalar, ExponentScalar, false, false, false, false>::scalar_unary_pow_op(const ExponentScalar&) [with Scalar = float; ExponentScalar = double]’:
/work/s2602/build-pr2-gcc-14/eigen/Eigen/src/Core/../plugins/ArrayCwiseUnaryOps.inc:543:66:   required from ‘Eigen::ArrayBase<Derived>::UnaryPowReturnType<ScalarExponent> Eigen::ArrayBase<Derived>::pow(const ScalarExponent&) const [with ScalarExponent = double; Derived = Eigen::ArrayWrapper<Eigen::Map<Eigen::Matrix<float, -1, -1>, 0, Eigen::Stride<0, 0> > >; UnaryPowReturnType<ScalarExponent> = Eigen::CwiseUnaryOp<Eigen::internal::scalar_unary_pow_op<float, double, false, false, false, false>, const Eigen::ArrayWrapper<Eigen::Map<Eigen::Matrix<float, -1, -1>, 0, Eigen::Stride<0, 0> > > >]’
  543 |   return UnaryPowReturnType<ScalarExponent>(derived(), internal::scalar_unary_pow_op<Scalar, ScalarExponent>(exponent));
      |                                                                  ^~~~~~~~~~~~~~~~~~~~~~~~~~~~~~~~~~~~~~~~~~~~~~~~~~~~~
/work/s2602/src/rvspoc-S2602-litert-pr2/tflite/../tflite/kernels/internal/optimized/optimized_ops.h:3661:62:   required from here
 3661 |     data_out.array() = data_in.array() * data_out.array().pow(-op_params.beta);
      |                                          ~~~~~~~~~~~~~~~~~~~~^~~~~~~~~~~~~~~~~
/work/s2602/build-pr2-gcc-14/eigen/Eigen/src/Core/functors/UnaryFunctors.h:1354:27: warning: ‘std::enable_if_t<(! IsExactlyRepresentable), void> Eigen::internal::scalar_unary_pow_op<Scalar, ExponentScalar, false, false, false, false>::check_is_representable() const [with bool IsExactlyRepresentable = false; Scalar = float; ExponentScalar = double; std::enable_if_t<(! IsExactlyRepresentable), void> = void]’ is deprecated [-Wdeprecated-declarations]
 1354 |     check_is_representable();
      |     ~~~~~~~~~~~~~~~~~~~~~~^~
/work/s2602/build-pr2-gcc-14/eigen/Eigen/src/Core/functors/UnaryFunctors.h:1350:68: note: declared here
 1350 |   EIGEN_DEPRECATED std::enable_if_t<!IsExactlyRepresentable, void> check_is_representable() const {}
      |                                                                    ^~~~~~~~~~~~~~~~~~~~~~
[ 82%] Building CXX object CMakeFiles/tensorflow-lite.dir/kernels/broadcast_to.cc.o
[ 82%] Building CXX object CMakeFiles/tensorflow-lite.dir/kernels/bucketize.cc.o
[ 82%] Building CXX object CMakeFiles/tensorflow-lite.dir/kernels/call_once.cc.o
[ 82%] Building CXX object CMakeFiles/tensorflow-lite.dir/kernels/cast.cc.o
[ 82%] Building CXX object CMakeFiles/tensorflow-lite.dir/kernels/ceil.cc.o
[ 82%] Building CXX object CMakeFiles/tensorflow-lite.dir/kernels/comparisons.cc.o
[ 82%] Building CXX object CMakeFiles/tensorflow-lite.dir/kernels/complex_support.cc.o
[ 82%] Building CXX object CMakeFiles/tensorflow-lite.dir/kernels/concatenation.cc.o
[ 82%] Building CXX object CMakeFiles/tensorflow-lite.dir/kernels/control_flow_common.cc.o
[ 82%] Building CXX object CMakeFiles/tensorflow-lite.dir/kernels/conv.cc.o
[ 82%] Building CXX object CMakeFiles/tensorflow-lite.dir/kernels/conv3d.cc.o
[ 82%] Building CXX object CMakeFiles/tensorflow-lite.dir/kernels/conv3d_transpose.cc.o
[ 82%] Building CXX object CMakeFiles/tensorflow-lite.dir/kernels/cpu_backend_context.cc.o
In file included from /work/s2602/build-pr2-gcc-14/eigen/Eigen/Core:314,
                 from /work/s2602/src/rvspoc-S2602-litert-pr2/tflite/../tflite/kernels/internal/optimized/optimized_ops.h:45,
                 from /work/s2602/src/rvspoc-S2602-litert-pr2/tflite/kernels/ceil.cc:17:
/work/s2602/build-pr2-gcc-14/eigen/Eigen/src/Core/functors/UnaryFunctors.h: In instantiation of ‘Eigen::internal::scalar_unary_pow_op<Scalar, ExponentScalar, false, false, false, false>::scalar_unary_pow_op(const ExponentScalar&) [with Scalar = float; ExponentScalar = double]’:
/work/s2602/build-pr2-gcc-14/eigen/Eigen/src/Core/../plugins/ArrayCwiseUnaryOps.inc:543:66:   required from ‘Eigen::ArrayBase<Derived>::UnaryPowReturnType<ScalarExponent> Eigen::ArrayBase<Derived>::pow(const ScalarExponent&) const [with ScalarExponent = double; Derived = Eigen::ArrayWrapper<Eigen::Map<Eigen::Matrix<float, -1, -1>, 0, Eigen::Stride<0, 0> > >; UnaryPowReturnType<ScalarExponent> = Eigen::CwiseUnaryOp<Eigen::internal::scalar_unary_pow_op<float, double, false, false, false, false>, const Eigen::ArrayWrapper<Eigen::Map<Eigen::Matrix<float, -1, -1>, 0, Eigen::Stride<0, 0> > > >]’
  543 |   return UnaryPowReturnType<ScalarExponent>(derived(), internal::scalar_unary_pow_op<Scalar, ScalarExponent>(exponent));
      |                                                                  ^~~~~~~~~~~~~~~~~~~~~~~~~~~~~~~~~~~~~~~~~~~~~~~~~~~~~
/work/s2602/src/rvspoc-S2602-litert-pr2/tflite/../tflite/kernels/internal/optimized/optimized_ops.h:3661:62:   required from here
 3661 |     data_out.array() = data_in.array() * data_out.array().pow(-op_params.beta);
      |                                          ~~~~~~~~~~~~~~~~~~~~^~~~~~~~~~~~~~~~~
/work/s2602/build-pr2-gcc-14/eigen/Eigen/src/Core/functors/UnaryFunctors.h:1354:27: warning: ‘std::enable_if_t<(! IsExactlyRepresentable), void> Eigen::internal::scalar_unary_pow_op<Scalar, ExponentScalar, false, false, false, false>::check_is_representable() const [with bool IsExactlyRepresentable = false; Scalar = float; ExponentScalar = double; std::enable_if_t<(! IsExactlyRepresentable), void> = void]’ is deprecated [-Wdeprecated-declarations]
 1354 |     check_is_representable();
      |     ~~~~~~~~~~~~~~~~~~~~~~^~
/work/s2602/build-pr2-gcc-14/eigen/Eigen/src/Core/functors/UnaryFunctors.h:1350:68: note: declared here
 1350 |   EIGEN_DEPRECATED std::enable_if_t<!IsExactlyRepresentable, void> check_is_representable() const {}
      |                                                                    ^~~~~~~~~~~~~~~~~~~~~~
In file included from /work/s2602/build-pr2-gcc-14/eigen/unsupported/Eigen/CXX11/../../../Eigen/Core:25,
                 from /work/s2602/build-pr2-gcc-14/eigen/unsupported/Eigen/CXX11/Tensor:14,
                 from /work/s2602/src/rvspoc-S2602-litert-pr2/tflite/../tflite/kernels/internal/optimized/eigen_spatial_convolutions.h:42,
                 from /work/s2602/src/rvspoc-S2602-litert-pr2/tflite/../tflite/kernels/internal/optimized/multithreaded_conv.h:32,
                 from /work/s2602/src/rvspoc-S2602-litert-pr2/tflite/kernels/conv.cc:39:
/work/s2602/build-pr2-gcc-14/eigen/unsupported/Eigen/CXX11/../../../Eigen/src/Core/util/ConfigureVectorization.h:60:73: warning: use of ‘std::hardware_destructive_interference_size’ [-Winterference-size]
   60 | #define EIGEN_ALIGN_TO_AVOID_FALSE_SHARING EIGEN_ALIGN_TO_BOUNDARY(std::hardware_destructive_interference_size)
      |                                                                         ^~~~~~~~~~~~~~~~~~~~~~~~~~~~~~~~~~~~~~
/work/s2602/build-pr2-gcc-14/eigen/unsupported/Eigen/CXX11/../../../Eigen/src/Core/util/ConfigureVectorization.h:49:44: note: in definition of macro ‘EIGEN_ALIGN_TO_BOUNDARY’
   49 | #define EIGEN_ALIGN_TO_BOUNDARY(n) alignas(n)
      |                                            ^
/work/s2602/build-pr2-gcc-14/eigen/unsupported/Eigen/CXX11/../../../Eigen/src/ThreadPool/EventCount.h:193:5: note: in expansion of macro ‘EIGEN_ALIGN_TO_AVOID_FALSE_SHARING’
  193 |     EIGEN_ALIGN_TO_AVOID_FALSE_SHARING std::atomic<uint64_t> next{kStackMask};
      |     ^~~~~~~~~~~~~~~~~~~~~~~~~~~~~~~~~~
/work/s2602/build-pr2-gcc-14/eigen/unsupported/Eigen/CXX11/../../../Eigen/src/Core/util/ConfigureVectorization.h:60:73: note: its value can vary between compiler versions or with different ‘-mtune’ or ‘-mcpu’ flags
   60 | #define EIGEN_ALIGN_TO_AVOID_FALSE_SHARING EIGEN_ALIGN_TO_BOUNDARY(std::hardware_destructive_interference_size)
      |                                                                         ^~~~~~~~~~~~~~~~~~~~~~~~~~~~~~~~~~~~~~
/work/s2602/build-pr2-gcc-14/eigen/unsupported/Eigen/CXX11/../../../Eigen/src/Core/util/ConfigureVectorization.h:49:44: note: in definition of macro ‘EIGEN_ALIGN_TO_BOUNDARY’
   49 | #define EIGEN_ALIGN_TO_BOUNDARY(n) alignas(n)
      |                                            ^
/work/s2602/build-pr2-gcc-14/eigen/unsupported/Eigen/CXX11/../../../Eigen/src/ThreadPool/EventCount.h:193:5: note: in expansion of macro ‘EIGEN_ALIGN_TO_AVOID_FALSE_SHARING’
  193 |     EIGEN_ALIGN_TO_AVOID_FALSE_SHARING std::atomic<uint64_t> next{kStackMask};
      |     ^~~~~~~~~~~~~~~~~~~~~~~~~~~~~~~~~~
/work/s2602/build-pr2-gcc-14/eigen/unsupported/Eigen/CXX11/../../../Eigen/src/Core/util/ConfigureVectorization.h:60:73: note: if this use is part of a public ABI, change it to instead use a constant variable you define
   60 | #define EIGEN_ALIGN_TO_AVOID_FALSE_SHARING EIGEN_ALIGN_TO_BOUNDARY(std::hardware_destructive_interference_size)
      |                                                                         ^~~~~~~~~~~~~~~~~~~~~~~~~~~~~~~~~~~~~~
/work/s2602/build-pr2-gcc-14/eigen/unsupported/Eigen/CXX11/../../../Eigen/src/Core/util/ConfigureVectorization.h:49:44: note: in definition of macro ‘EIGEN_ALIGN_TO_BOUNDARY’
   49 | #define EIGEN_ALIGN_TO_BOUNDARY(n) alignas(n)
      |                                            ^
/work/s2602/build-pr2-gcc-14/eigen/unsupported/Eigen/CXX11/../../../Eigen/src/ThreadPool/EventCount.h:193:5: note: in expansion of macro ‘EIGEN_ALIGN_TO_AVOID_FALSE_SHARING’
  193 |     EIGEN_ALIGN_TO_AVOID_FALSE_SHARING std::atomic<uint64_t> next{kStackMask};
      |     ^~~~~~~~~~~~~~~~~~~~~~~~~~~~~~~~~~
/work/s2602/build-pr2-gcc-14/eigen/unsupported/Eigen/CXX11/../../../Eigen/src/Core/util/ConfigureVectorization.h:60:73: note: the default value for the current CPU tuning is 0 bytes
   60 | #define EIGEN_ALIGN_TO_AVOID_FALSE_SHARING EIGEN_ALIGN_TO_BOUNDARY(std::hardware_destructive_interference_size)
      |                                                                         ^~~~~~~~~~~~~~~~~~~~~~~~~~~~~~~~~~~~~~
/work/s2602/build-pr2-gcc-14/eigen/unsupported/Eigen/CXX11/../../../Eigen/src/Core/util/ConfigureVectorization.h:49:44: note: in definition of macro ‘EIGEN_ALIGN_TO_BOUNDARY’
   49 | #define EIGEN_ALIGN_TO_BOUNDARY(n) alignas(n)
      |                                            ^
/work/s2602/build-pr2-gcc-14/eigen/unsupported/Eigen/CXX11/../../../Eigen/src/ThreadPool/EventCount.h:193:5: note: in expansion of macro ‘EIGEN_ALIGN_TO_AVOID_FALSE_SHARING’
  193 |     EIGEN_ALIGN_TO_AVOID_FALSE_SHARING std::atomic<uint64_t> next{kStackMask};
      |     ^~~~~~~~~~~~~~~~~~~~~~~~~~~~~~~~~~
/work/s2602/build-pr2-gcc-14/eigen/unsupported/Eigen/CXX11/../../../Eigen/src/Core/util/ConfigureVectorization.h:60:73: note: you can stabilize this value with ‘--param hardware_destructive_interference_size=0’, or disable this warning with ‘-Wno-interference-size’
   60 | #define EIGEN_ALIGN_TO_AVOID_FALSE_SHARING EIGEN_ALIGN_TO_BOUNDARY(std::hardware_destructive_interference_size)
      |                                                                         ^~~~~~~~~~~~~~~~~~~~~~~~~~~~~~~~~~~~~~
/work/s2602/build-pr2-gcc-14/eigen/unsupported/Eigen/CXX11/../../../Eigen/src/Core/util/ConfigureVectorization.h:49:44: note: in definition of macro ‘EIGEN_ALIGN_TO_BOUNDARY’
   49 | #define EIGEN_ALIGN_TO_BOUNDARY(n) alignas(n)
      |                                            ^
/work/s2602/build-pr2-gcc-14/eigen/unsupported/Eigen/CXX11/../../../Eigen/src/ThreadPool/EventCount.h:193:5: note: in expansion of macro ‘EIGEN_ALIGN_TO_AVOID_FALSE_SHARING’
  193 |     EIGEN_ALIGN_TO_AVOID_FALSE_SHARING std::atomic<uint64_t> next{kStackMask};
      |     ^~~~~~~~~~~~~~~~~~~~~~~~~~~~~~~~~~
/work/s2602/build-pr2-gcc-14/eigen/unsupported/Eigen/CXX11/../../../Eigen/src/Core/util/ConfigureVectorization.h:60:73: warning: use of ‘std::hardware_destructive_interference_size’ [-Winterference-size]
   60 | #define EIGEN_ALIGN_TO_AVOID_FALSE_SHARING EIGEN_ALIGN_TO_BOUNDARY(std::hardware_destructive_interference_size)
      |                                                                         ^~~~~~~~~~~~~~~~~~~~~~~~~~~~~~~~~~~~~~
/work/s2602/build-pr2-gcc-14/eigen/unsupported/Eigen/CXX11/../../../Eigen/src/Core/util/ConfigureVectorization.h:49:44: note: in definition of macro ‘EIGEN_ALIGN_TO_BOUNDARY’
   49 | #define EIGEN_ALIGN_TO_BOUNDARY(n) alignas(n)
      |                                            ^
/work/s2602/build-pr2-gcc-14/eigen/unsupported/Eigen/CXX11/../../../Eigen/src/ThreadPool/RunQueue.h:176:3: note: in expansion of macro ‘EIGEN_ALIGN_TO_AVOID_FALSE_SHARING’
  176 |   EIGEN_ALIGN_TO_AVOID_FALSE_SHARING std::atomic<unsigned> front_;
      |   ^~~~~~~~~~~~~~~~~~~~~~~~~~~~~~~~~~
/work/s2602/build-pr2-gcc-14/eigen/unsupported/Eigen/CXX11/../../../Eigen/src/Core/util/ConfigureVectorization.h:60:73: warning: use of ‘std::hardware_destructive_interference_size’ [-Winterference-size]
   60 | #define EIGEN_ALIGN_TO_AVOID_FALSE_SHARING EIGEN_ALIGN_TO_BOUNDARY(std::hardware_destructive_interference_size)
      |                                                                         ^~~~~~~~~~~~~~~~~~~~~~~~~~~~~~~~~~~~~~
/work/s2602/build-pr2-gcc-14/eigen/unsupported/Eigen/CXX11/../../../Eigen/src/Core/util/ConfigureVectorization.h:49:44: note: in definition of macro ‘EIGEN_ALIGN_TO_BOUNDARY’
   49 | #define EIGEN_ALIGN_TO_BOUNDARY(n) alignas(n)
      |                                            ^
/work/s2602/build-pr2-gcc-14/eigen/unsupported/Eigen/CXX11/../../../Eigen/src/ThreadPool/RunQueue.h:177:3: note: in expansion of macro ‘EIGEN_ALIGN_TO_AVOID_FALSE_SHARING’
  177 |   EIGEN_ALIGN_TO_AVOID_FALSE_SHARING std::atomic<unsigned> back_;
      |   ^~~~~~~~~~~~~~~~~~~~~~~~~~~~~~~~~~
/work/s2602/build-pr2-gcc-14/eigen/unsupported/Eigen/CXX11/../../../Eigen/src/Core/util/ConfigureVectorization.h:60:73: warning: use of ‘std::hardware_destructive_interference_size’ [-Winterference-size]
   60 | #define EIGEN_ALIGN_TO_AVOID_FALSE_SHARING EIGEN_ALIGN_TO_BOUNDARY(std::hardware_destructive_interference_size)
      |                                                                         ^~~~~~~~~~~~~~~~~~~~~~~~~~~~~~~~~~~~~~
/work/s2602/build-pr2-gcc-14/eigen/unsupported/Eigen/CXX11/../../../Eigen/src/Core/util/ConfigureVectorization.h:49:44: note: in definition of macro ‘EIGEN_ALIGN_TO_BOUNDARY’
   49 | #define EIGEN_ALIGN_TO_BOUNDARY(n) alignas(n)
      |                                            ^
/work/s2602/build-pr2-gcc-14/eigen/unsupported/Eigen/CXX11/../../../Eigen/src/ThreadPool/RunQueue.h:180:3: note: in expansion of macro ‘EIGEN_ALIGN_TO_AVOID_FALSE_SHARING’
  180 |   EIGEN_ALIGN_TO_AVOID_FALSE_SHARING Elem array_[kSize];
      |   ^~~~~~~~~~~~~~~~~~~~~~~~~~~~~~~~~~
[ 82%] Building CXX object CMakeFiles/tensorflow-lite.dir/kernels/cpu_backend_gemm_eigen.cc.o
[ 82%] Building CXX object CMakeFiles/tensorflow-lite.dir/kernels/cumsum.cc.o
[ 82%] Building CXX object CMakeFiles/tensorflow-lite.dir/kernels/densify.cc.o
[ 82%] Building CXX object CMakeFiles/tensorflow-lite.dir/kernels/deprecated_backends.cc.o
[ 82%] Building CXX object CMakeFiles/tensorflow-lite.dir/kernels/depth_to_space.cc.o
In file included from /work/s2602/build-pr2-gcc-14/eigen/Eigen/Core:314,
                 from /work/s2602/src/rvspoc-S2602-litert-pr2/tflite/kernels/concatenation.cc:23:
/work/s2602/build-pr2-gcc-14/eigen/Eigen/src/Core/functors/UnaryFunctors.h: In instantiation of ‘Eigen::internal::scalar_unary_pow_op<Scalar, ExponentScalar, false, false, false, false>::scalar_unary_pow_op(const ExponentScalar&) [with Scalar = float; ExponentScalar = double]’:
/work/s2602/build-pr2-gcc-14/eigen/Eigen/src/Core/../plugins/ArrayCwiseUnaryOps.inc:543:66:   required from ‘Eigen::ArrayBase<Derived>::UnaryPowReturnType<ScalarExponent> Eigen::ArrayBase<Derived>::pow(const ScalarExponent&) const [with ScalarExponent = double; Derived = Eigen::ArrayWrapper<Eigen::Map<Eigen::Matrix<float, -1, -1>, 0, Eigen::Stride<0, 0> > >; UnaryPowReturnType<ScalarExponent> = Eigen::CwiseUnaryOp<Eigen::internal::scalar_unary_pow_op<float, double, false, false, false, false>, const Eigen::ArrayWrapper<Eigen::Map<Eigen::Matrix<float, -1, -1>, 0, Eigen::Stride<0, 0> > > >]’
  543 |   return UnaryPowReturnType<ScalarExponent>(derived(), internal::scalar_unary_pow_op<Scalar, ScalarExponent>(exponent));
      |                                                                  ^~~~~~~~~~~~~~~~~~~~~~~~~~~~~~~~~~~~~~~~~~~~~~~~~~~~~
/work/s2602/src/rvspoc-S2602-litert-pr2/tflite/../tflite/kernels/internal/optimized/optimized_ops.h:3661:62:   required from here
 3661 |     data_out.array() = data_in.array() * data_out.array().pow(-op_params.beta);
      |                                          ~~~~~~~~~~~~~~~~~~~~^~~~~~~~~~~~~~~~~
/work/s2602/build-pr2-gcc-14/eigen/Eigen/src/Core/functors/UnaryFunctors.h:1354:27: warning: ‘std::enable_if_t<(! IsExactlyRepresentable), void> Eigen::internal::scalar_unary_pow_op<Scalar, ExponentScalar, false, false, false, false>::check_is_representable() const [with bool IsExactlyRepresentable = false; Scalar = float; ExponentScalar = double; std::enable_if_t<(! IsExactlyRepresentable), void> = void]’ is deprecated [-Wdeprecated-declarations]
 1354 |     check_is_representable();
      |     ~~~~~~~~~~~~~~~~~~~~~~^~
/work/s2602/build-pr2-gcc-14/eigen/Eigen/src/Core/functors/UnaryFunctors.h:1350:68: note: declared here
 1350 |   EIGEN_DEPRECATED std::enable_if_t<!IsExactlyRepresentable, void> check_is_representable() const {}
      |                                                                    ^~~~~~~~~~~~~~~~~~~~~~
[ 82%] Building CXX object CMakeFiles/tensorflow-lite.dir/kernels/depthwise_conv.cc.o
In file included from /work/s2602/build-pr2-gcc-14/eigen/Eigen/Core:314,
                 from /work/s2602/src/rvspoc-S2602-litert-pr2/tflite/../tflite/kernels/internal/optimized/optimized_ops.h:45,
                 from /work/s2602/src/rvspoc-S2602-litert-pr2/tflite/kernels/conv3d_transpose.cc:23:
/work/s2602/build-pr2-gcc-14/eigen/Eigen/src/Core/functors/UnaryFunctors.h: In instantiation of ‘Eigen::internal::scalar_unary_pow_op<Scalar, ExponentScalar, false, false, false, false>::scalar_unary_pow_op(const ExponentScalar&) [with Scalar = float; ExponentScalar = double]’:
/work/s2602/build-pr2-gcc-14/eigen/Eigen/src/Core/../plugins/ArrayCwiseUnaryOps.inc:543:66:   required from ‘Eigen::ArrayBase<Derived>::UnaryPowReturnType<ScalarExponent> Eigen::ArrayBase<Derived>::pow(const ScalarExponent&) const [with ScalarExponent = double; Derived = Eigen::ArrayWrapper<Eigen::Map<Eigen::Matrix<float, -1, -1>, 0, Eigen::Stride<0, 0> > >; UnaryPowReturnType<ScalarExponent> = Eigen::CwiseUnaryOp<Eigen::internal::scalar_unary_pow_op<float, double, false, false, false, false>, const Eigen::ArrayWrapper<Eigen::Map<Eigen::Matrix<float, -1, -1>, 0, Eigen::Stride<0, 0> > > >]’
  543 |   return UnaryPowReturnType<ScalarExponent>(derived(), internal::scalar_unary_pow_op<Scalar, ScalarExponent>(exponent));
      |                                                                  ^~~~~~~~~~~~~~~~~~~~~~~~~~~~~~~~~~~~~~~~~~~~~~~~~~~~~
/work/s2602/src/rvspoc-S2602-litert-pr2/tflite/../tflite/kernels/internal/optimized/optimized_ops.h:3661:62:   required from here
 3661 |     data_out.array() = data_in.array() * data_out.array().pow(-op_params.beta);
      |                                          ~~~~~~~~~~~~~~~~~~~~^~~~~~~~~~~~~~~~~
/work/s2602/build-pr2-gcc-14/eigen/Eigen/src/Core/functors/UnaryFunctors.h:1354:27: warning: ‘std::enable_if_t<(! IsExactlyRepresentable), void> Eigen::internal::scalar_unary_pow_op<Scalar, ExponentScalar, false, false, false, false>::check_is_representable() const [with bool IsExactlyRepresentable = false; Scalar = float; ExponentScalar = double; std::enable_if_t<(! IsExactlyRepresentable), void> = void]’ is deprecated [-Wdeprecated-declarations]
 1354 |     check_is_representable();
      |     ~~~~~~~~~~~~~~~~~~~~~~^~
/work/s2602/build-pr2-gcc-14/eigen/Eigen/src/Core/functors/UnaryFunctors.h:1350:68: note: declared here
 1350 |   EIGEN_DEPRECATED std::enable_if_t<!IsExactlyRepresentable, void> check_is_representable() const {}
      |                                                                    ^~~~~~~~~~~~~~~~~~~~~~
In file included from /work/s2602/build-pr2-gcc-14/eigen/Eigen/Core:314,
                 from /work/s2602/src/rvspoc-S2602-litert-pr2/tflite/../tflite/kernels/internal/optimized/optimized_ops.h:45,
                 from /work/s2602/src/rvspoc-S2602-litert-pr2/tflite/kernels/conv3d.cc:25:
/work/s2602/build-pr2-gcc-14/eigen/Eigen/src/Core/functors/UnaryFunctors.h: In instantiation of ‘Eigen::internal::scalar_unary_pow_op<Scalar, ExponentScalar, false, false, false, false>::scalar_unary_pow_op(const ExponentScalar&) [with Scalar = float; ExponentScalar = double]’:
/work/s2602/build-pr2-gcc-14/eigen/Eigen/src/Core/../plugins/ArrayCwiseUnaryOps.inc:543:66:   required from ‘Eigen::ArrayBase<Derived>::UnaryPowReturnType<ScalarExponent> Eigen::ArrayBase<Derived>::pow(const ScalarExponent&) const [with ScalarExponent = double; Derived = Eigen::ArrayWrapper<Eigen::Map<Eigen::Matrix<float, -1, -1>, 0, Eigen::Stride<0, 0> > >; UnaryPowReturnType<ScalarExponent> = Eigen::CwiseUnaryOp<Eigen::internal::scalar_unary_pow_op<float, double, false, false, false, false>, const Eigen::ArrayWrapper<Eigen::Map<Eigen::Matrix<float, -1, -1>, 0, Eigen::Stride<0, 0> > > >]’
  543 |   return UnaryPowReturnType<ScalarExponent>(derived(), internal::scalar_unary_pow_op<Scalar, ScalarExponent>(exponent));
      |                                                                  ^~~~~~~~~~~~~~~~~~~~~~~~~~~~~~~~~~~~~~~~~~~~~~~~~~~~~
/work/s2602/src/rvspoc-S2602-litert-pr2/tflite/../tflite/kernels/internal/optimized/optimized_ops.h:3661:62:   required from here
 3661 |     data_out.array() = data_in.array() * data_out.array().pow(-op_params.beta);
      |                                          ~~~~~~~~~~~~~~~~~~~~^~~~~~~~~~~~~~~~~
/work/s2602/build-pr2-gcc-14/eigen/Eigen/src/Core/functors/UnaryFunctors.h:1354:27: warning: ‘std::enable_if_t<(! IsExactlyRepresentable), void> Eigen::internal::scalar_unary_pow_op<Scalar, ExponentScalar, false, false, false, false>::check_is_representable() const [with bool IsExactlyRepresentable = false; Scalar = float; ExponentScalar = double; std::enable_if_t<(! IsExactlyRepresentable), void> = void]’ is deprecated [-Wdeprecated-declarations]
 1354 |     check_is_representable();
      |     ~~~~~~~~~~~~~~~~~~~~~~^~
/work/s2602/build-pr2-gcc-14/eigen/Eigen/src/Core/functors/UnaryFunctors.h:1350:68: note: declared here
 1350 |   EIGEN_DEPRECATED std::enable_if_t<!IsExactlyRepresentable, void> check_is_representable() const {}
      |                                                                    ^~~~~~~~~~~~~~~~~~~~~~
In file included from /work/s2602/build-pr2-gcc-14/eigen/unsupported/Eigen/CXX11/../../../Eigen/Core:314:
/work/s2602/build-pr2-gcc-14/eigen/unsupported/Eigen/CXX11/../../../Eigen/src/Core/functors/UnaryFunctors.h: In instantiation of ‘EigenForTFLite::internal::scalar_unary_pow_op<Scalar, ExponentScalar, false, false, false, false>::scalar_unary_pow_op(const ExponentScalar&) [with Scalar = float; ExponentScalar = double]’:
/work/s2602/build-pr2-gcc-14/eigen/unsupported/Eigen/CXX11/../../../Eigen/src/Core/../plugins/ArrayCwiseUnaryOps.inc:543:66:   required from ‘EigenForTFLite::ArrayBase<Derived>::UnaryPowReturnType<ScalarExponent> EigenForTFLite::ArrayBase<Derived>::pow(const ScalarExponent&) const [with ScalarExponent = double; Derived = EigenForTFLite::ArrayWrapper<EigenForTFLite::Map<EigenForTFLite::Matrix<float, -1, -1>, 0, EigenForTFLite::Stride<0, 0> > >; UnaryPowReturnType<ScalarExponent> = EigenForTFLite::CwiseUnaryOp<EigenForTFLite::internal::scalar_unary_pow_op<float, double, false, false, false, false>, const EigenForTFLite::ArrayWrapper<EigenForTFLite::Map<EigenForTFLite::Matrix<float, -1, -1>, 0, EigenForTFLite::Stride<0, 0> > > >]’
  543 |   return UnaryPowReturnType<ScalarExponent>(derived(), internal::scalar_unary_pow_op<Scalar, ScalarExponent>(exponent));
      |                                                                  ^~~~~~~~~~~~~~~~~~~~~~~~~~~~~~~~~~~~~~~~~~~~~~~~~~~~~
/work/s2602/src/rvspoc-S2602-litert-pr2/tflite/../tflite/kernels/internal/optimized/optimized_ops.h:3661:62:   required from here
 3661 |     data_out.array() = data_in.array() * data_out.array().pow(-op_params.beta);
      |                                          ~~~~~~~~~~~~~~~~~~~~^~~~~~~~~~~~~~~~~
/work/s2602/build-pr2-gcc-14/eigen/unsupported/Eigen/CXX11/../../../Eigen/src/Core/functors/UnaryFunctors.h:1354:27: warning: ‘std::enable_if_t<(! IsExactlyRepresentable), void> EigenForTFLite::internal::scalar_unary_pow_op<Scalar, ExponentScalar, false, false, false, false>::check_is_representable() const [with bool IsExactlyRepresentable = false; Scalar = float; ExponentScalar = double; std::enable_if_t<(! IsExactlyRepresentable), void> = void]’ is deprecated [-Wdeprecated-declarations]
 1354 |     check_is_representable();
      |     ~~~~~~~~~~~~~~~~~~~~~~^~
/work/s2602/build-pr2-gcc-14/eigen/unsupported/Eigen/CXX11/../../../Eigen/src/Core/functors/UnaryFunctors.h:1350:68: note: declared here
 1350 |   EIGEN_DEPRECATED std::enable_if_t<!IsExactlyRepresentable, void> check_is_representable() const {}
      |                                                                    ^~~~~~~~~~~~~~~~~~~~~~
In file included from /work/s2602/src/rvspoc-S2602-litert-pr2/tflite/../tflite/kernels/internal/optimized/eigen_spatial_convolutions.h:43:
/work/s2602/tf-shared/third_party/xla/xla/tsl/framework/convolution/eigen_spatial_convolutions-inl.h: In instantiation of ‘std::conditional_t<((bool)(EigenForTFLite::internal::traits<T>::Layout == EigenForTFLite::ColMajor)), EigenForTFLite::TensorReshapingOp<const EigenForTFLite::DSizes<typename EigenForTFLite::internal::traits<T>::Index, EigenForTFLite::internal::traits<T>::NumDimensions>, const EigenForTFLite::TensorContractionOp<const std::array<EigenForTFLite::IndexPair<typename EigenForTFLite::internal::traits<T>::Index>, 1>, const EigenForTFLite::TensorReshapingOp<const EigenForTFLite::DSizes<typename EigenForTFLite::internal::traits<T>::Index, 2>, const Kernel>, const EigenForTFLite::TensorReshapingOp<const EigenForTFLite::DSizes<typename EigenForTFLite::internal::traits<T>::Index, 2>, const EigenForTFLite::TensorImagePatchOp<-1, -1, const Derived> >, const OutputKernel> >, EigenForTFLite::TensorReshapingOp<const EigenForTFLite::DSizes<typename EigenForTFLite::internal::traits<T>::Index, EigenForTFLite::internal::traits<T>::NumDimensions>, const EigenForTFLite::TensorContractionOp<const std::array<EigenForTFLite::IndexPair<typename EigenForTFLite::internal::traits<T>::Index>, 1>, const EigenForTFLite::TensorReshapingOp<const EigenForTFLite::DSizes<typename EigenForTFLite::internal::traits<T>::Index, 2>, const EigenForTFLite::TensorImagePatchOp<-1, -1, const Derived> >, const EigenForTFLite::TensorReshapingOp<const EigenForTFLite::DSizes<typename EigenForTFLite::internal::traits<T>::Index, 2>, const Kernel>, const OutputKernel> > > EigenForTFLite::SpatialConvolution(const Input&, const Kernel&, Index, Index, PaddingType, Index, Index, const OutputKernel&, Index, Index, Index, Index) [with Input = TensorMap<const Tensor<float, 4, 1, long int>, 16>; Kernel = TensorMap<const Tensor<float, 4, 1, long int>, 16>; OutputKernel = const NoOpOutputKernel; std::conditional_t<((bool)(internal::traits<T>::Layout == EigenForTFLite::ColMajor)), TensorReshapingOp<const DSizes<typename internal::traits<T>::Index, internal::traits<T>::NumDimensions>, const TensorContractionOp<const std::array<IndexPair<typename internal::traits<T>::Index>, 1>, const TensorReshapingOp<const DSizes<typename internal::traits<T>::Index, 2>, const Kernel>, const TensorReshapingOp<const DSizes<typename internal::traits<T>::Index, 2>, const TensorImagePatchOp<-1, -1, const Derived> >, const OutputKernel> >, TensorReshapingOp<const DSizes<typename internal::traits<T>::Index, internal::traits<T>::NumDimensions>, const TensorContractionOp<const std::array<IndexPair<typename internal::traits<T>::Index>, 1>, const TensorReshapingOp<const DSizes<typename internal::traits<T>::Index, 2>, const TensorImagePatchOp<-1, -1, const Derived> >, const TensorReshapingOp<const DSizes<typename internal::traits<T>::Index, 2>, const Kernel>, const OutputKernel> > > = TensorReshapingOp<const DSizes<long int, 4>, const TensorContractionOp<const std::array<IndexPair<long int>, 1>, const TensorReshapingOp<const DSizes<long int, 2>, const TensorImagePatchOp<-1, -1, const TensorMap<const Tensor<float, 4, 1, long int>, 16> > >, const TensorReshapingOp<const DSizes<long int, 2>, const TensorMap<const Tensor<float, 4, 1, long int>, 16> >, const NoOpOutputKernel> >; typename internal::traits<T>::Index = long int; typename internal::traits<T>::Index = long int; Index = long int]’:
/work/s2602/src/rvspoc-S2602-litert-pr2/tflite/../tflite/kernels/internal/optimized/multithreaded_conv.h:130:36:   required from ‘void tflite::multithreaded_ops::EigenTensorConvFunctor<T>::operator()(const EigenForTFLite::ThreadPoolDevice&, const T*, int, int, int, int, const T*, int, int, int, int, int, int, int, tflite::PaddingType, T*, int, int) [with T = float]’
  130 |           Eigen::SpatialConvolution(input, filter, stride_cols, stride_rows,
/work/s2602/src/rvspoc-S2602-litert-pr2/tflite/../tflite/kernels/internal/optimized/multithreaded_conv.h:171:15:   required from here
  171 |   conv_functor(device, input_data, batches, input_height, input_width,
      |   ~~~~~~~~~~~~^~~~~~~~~~~~~~~~~~~~~~~~~~~~~~~~~~~~~~~~~~~~~~~~~~~~~~~~
  172 |                input_depth, filter_data, filter_height, filter_width,
      |                ~~~~~~~~~~~~~~~~~~~~~~~~~~~~~~~~~~~~~~~~~~~~~~~~~~~~~~
  173 |                output_depth, stride_height, stride_width, pad_height, pad_width,
      |                ~~~~~~~~~~~~~~~~~~~~~~~~~~~~~~~~~~~~~~~~~~~~~~~~~~~~~~~~~~~~~~~~~
  174 |                padding, output_data, output_height, output_width);
      |                ~~~~~~~~~~~~~~~~~~~~~~~~~~~~~~~~~~~~~~~~~~~~~~~~~~
/work/s2602/tf-shared/third_party/xla/xla/tsl/framework/convolution/eigen_spatial_convolutions-inl.h:1655:25: warning: ‘constexpr T EigenForTFLite::divup(T, T) [with T = long int]’ is deprecated [-Wdeprecated-declarations]
 1655 |       out_height = divup(InputRowsEff - kernelRowsEff + 1, row_stride);
      |                    ~~~~~^~~~~~~~~~~~~~~~~~~~~~~~~~~~~~~~~~~~~~~~~~~~~~
In file included from /work/s2602/build-pr2-gcc-14/eigen/unsupported/Eigen/CXX11/Tensor:63:
/work/s2602/build-pr2-gcc-14/eigen/unsupported/Eigen/CXX11/src/Tensor/TensorMeta.h:41:68: note: declared here
   41 | EIGEN_DEPRECATED EIGEN_DEVICE_FUNC EIGEN_ALWAYS_INLINE constexpr T divup(const T x, const T y) {
      |                                                                    ^~~~~
/work/s2602/tf-shared/third_party/xla/xla/tsl/framework/convolution/eigen_spatial_convolutions-inl.h:1656:24: warning: ‘constexpr T EigenForTFLite::divup(T, T) [with T = long int]’ is deprecated [-Wdeprecated-declarations]
 1656 |       out_width = divup(InputColsEff - kernelColsEff + 1, col_stride);
      |                   ~~~~~^~~~~~~~~~~~~~~~~~~~~~~~~~~~~~~~~~~~~~~~~~~~~~
/work/s2602/build-pr2-gcc-14/eigen/unsupported/Eigen/CXX11/src/Tensor/TensorMeta.h:41:68: note: declared here
   41 | EIGEN_DEPRECATED EIGEN_DEVICE_FUNC EIGEN_ALWAYS_INLINE constexpr T divup(const T x, const T y) {
      |                                                                    ^~~~~
/work/s2602/tf-shared/third_party/xla/xla/tsl/framework/convolution/eigen_spatial_convolutions-inl.h:1661:25: warning: ‘constexpr T EigenForTFLite::divup(T, T) [with T = long int]’ is deprecated [-Wdeprecated-declarations]
 1661 |       out_height = divup(InputRows, row_stride);
      |                    ~~~~~^~~~~~~~~~~~~~~~~~~~~~~
/work/s2602/build-pr2-gcc-14/eigen/unsupported/Eigen/CXX11/src/Tensor/TensorMeta.h:41:68: note: declared here
   41 | EIGEN_DEPRECATED EIGEN_DEVICE_FUNC EIGEN_ALWAYS_INLINE constexpr T divup(const T x, const T y) {
      |                                                                    ^~~~~
/work/s2602/tf-shared/third_party/xla/xla/tsl/framework/convolution/eigen_spatial_convolutions-inl.h:1662:24: warning: ‘constexpr T EigenForTFLite::divup(T, T) [with T = long int]’ is deprecated [-Wdeprecated-declarations]
 1662 |       out_width = divup(InputCols, col_stride);
      |                   ~~~~~^~~~~~~~~~~~~~~~~~~~~~~
/work/s2602/build-pr2-gcc-14/eigen/unsupported/Eigen/CXX11/src/Tensor/TensorMeta.h:41:68: note: declared here
   41 | EIGEN_DEPRECATED EIGEN_DEVICE_FUNC EIGEN_ALWAYS_INLINE constexpr T divup(const T x, const T y) {
      |                                                                    ^~~~~
[ 84%] Building CXX object CMakeFiles/tensorflow-lite.dir/kernels/dequantize.cc.o
/work/s2602/src/rvspoc-S2602-litert-pr2/tflite/kernels/conv3d.cc: In function ‘TfLiteStatus tflite::ops::builtin::conv3d::EvalFloat(KernelType, TfLiteContext*, TfLiteNode*, TfLiteConv3DParams*, OpData*, const TfLiteTensor*, const TfLiteTensor*, const TfLiteTensor*, TfLiteTensor*, TfLiteTensor*)’:
/work/s2602/src/rvspoc-S2602-litert-pr2/tflite/kernels/conv3d.cc:245:1: warning: control reaches end of non-void function [-Wreturn-type]
  245 | }
      | ^
In file included from /work/s2602/build-pr2-gcc-14/eigen/Eigen/Core:314,
                 from /work/s2602/src/rvspoc-S2602-litert-pr2/tflite/../tflite/kernels/internal/optimized/optimized_ops.h:45,
                 from /work/s2602/src/rvspoc-S2602-litert-pr2/tflite/kernels/cumsum.cc:18:
/work/s2602/build-pr2-gcc-14/eigen/Eigen/src/Core/functors/UnaryFunctors.h: In instantiation of ‘Eigen::internal::scalar_unary_pow_op<Scalar, ExponentScalar, false, false, false, false>::scalar_unary_pow_op(const ExponentScalar&) [with Scalar = float; ExponentScalar = double]’:
/work/s2602/build-pr2-gcc-14/eigen/Eigen/src/Core/../plugins/ArrayCwiseUnaryOps.inc:543:66:   required from ‘Eigen::ArrayBase<Derived>::UnaryPowReturnType<ScalarExponent> Eigen::ArrayBase<Derived>::pow(const ScalarExponent&) const [with ScalarExponent = double; Derived = Eigen::ArrayWrapper<Eigen::Map<Eigen::Matrix<float, -1, -1>, 0, Eigen::Stride<0, 0> > >; UnaryPowReturnType<ScalarExponent> = Eigen::CwiseUnaryOp<Eigen::internal::scalar_unary_pow_op<float, double, false, false, false, false>, const Eigen::ArrayWrapper<Eigen::Map<Eigen::Matrix<float, -1, -1>, 0, Eigen::Stride<0, 0> > > >]’
  543 |   return UnaryPowReturnType<ScalarExponent>(derived(), internal::scalar_unary_pow_op<Scalar, ScalarExponent>(exponent));
      |                                                                  ^~~~~~~~~~~~~~~~~~~~~~~~~~~~~~~~~~~~~~~~~~~~~~~~~~~~~
/work/s2602/src/rvspoc-S2602-litert-pr2/tflite/../tflite/kernels/internal/optimized/optimized_ops.h:3661:62:   required from here
 3661 |     data_out.array() = data_in.array() * data_out.array().pow(-op_params.beta);
      |                                          ~~~~~~~~~~~~~~~~~~~~^~~~~~~~~~~~~~~~~
/work/s2602/build-pr2-gcc-14/eigen/Eigen/src/Core/functors/UnaryFunctors.h:1354:27: warning: ‘std::enable_if_t<(! IsExactlyRepresentable), void> Eigen::internal::scalar_unary_pow_op<Scalar, ExponentScalar, false, false, false, false>::check_is_representable() const [with bool IsExactlyRepresentable = false; Scalar = float; ExponentScalar = double; std::enable_if_t<(! IsExactlyRepresentable), void> = void]’ is deprecated [-Wdeprecated-declarations]
 1354 |     check_is_representable();
      |     ~~~~~~~~~~~~~~~~~~~~~~^~
/work/s2602/build-pr2-gcc-14/eigen/Eigen/src/Core/functors/UnaryFunctors.h:1350:68: note: declared here
 1350 |   EIGEN_DEPRECATED std::enable_if_t<!IsExactlyRepresentable, void> check_is_representable() const {}
      |                                                                    ^~~~~~~~~~~~~~~~~~~~~~
[ 84%] Building CXX object CMakeFiles/tensorflow-lite.dir/kernels/detection_postprocess.cc.o
[ 84%] Building CXX object CMakeFiles/tensorflow-lite.dir/kernels/dilate.cc.o
In file included from /work/s2602/build-pr2-gcc-14/eigen/Eigen/Core:314,
                 from /work/s2602/src/rvspoc-S2602-litert-pr2/tflite/../tflite/kernels/internal/optimized/optimized_ops.h:45,
                 from /work/s2602/src/rvspoc-S2602-litert-pr2/tflite/kernels/depth_to_space.cc:19:
/work/s2602/build-pr2-gcc-14/eigen/Eigen/src/Core/functors/UnaryFunctors.h: In instantiation of ‘Eigen::internal::scalar_unary_pow_op<Scalar, ExponentScalar, false, false, false, false>::scalar_unary_pow_op(const ExponentScalar&) [with Scalar = float; ExponentScalar = double]’:
/work/s2602/build-pr2-gcc-14/eigen/Eigen/src/Core/../plugins/ArrayCwiseUnaryOps.inc:543:66:   required from ‘Eigen::ArrayBase<Derived>::UnaryPowReturnType<ScalarExponent> Eigen::ArrayBase<Derived>::pow(const ScalarExponent&) const [with ScalarExponent = double; Derived = Eigen::ArrayWrapper<Eigen::Map<Eigen::Matrix<float, -1, -1>, 0, Eigen::Stride<0, 0> > >; UnaryPowReturnType<ScalarExponent> = Eigen::CwiseUnaryOp<Eigen::internal::scalar_unary_pow_op<float, double, false, false, false, false>, const Eigen::ArrayWrapper<Eigen::Map<Eigen::Matrix<float, -1, -1>, 0, Eigen::Stride<0, 0> > > >]’
  543 |   return UnaryPowReturnType<ScalarExponent>(derived(), internal::scalar_unary_pow_op<Scalar, ScalarExponent>(exponent));
      |                                                                  ^~~~~~~~~~~~~~~~~~~~~~~~~~~~~~~~~~~~~~~~~~~~~~~~~~~~~
/work/s2602/src/rvspoc-S2602-litert-pr2/tflite/../tflite/kernels/internal/optimized/optimized_ops.h:3661:62:   required from here
 3661 |     data_out.array() = data_in.array() * data_out.array().pow(-op_params.beta);
      |                                          ~~~~~~~~~~~~~~~~~~~~^~~~~~~~~~~~~~~~~
/work/s2602/build-pr2-gcc-14/eigen/Eigen/src/Core/functors/UnaryFunctors.h:1354:27: warning: ‘std::enable_if_t<(! IsExactlyRepresentable), void> Eigen::internal::scalar_unary_pow_op<Scalar, ExponentScalar, false, false, false, false>::check_is_representable() const [with bool IsExactlyRepresentable = false; Scalar = float; ExponentScalar = double; std::enable_if_t<(! IsExactlyRepresentable), void> = void]’ is deprecated [-Wdeprecated-declarations]
 1354 |     check_is_representable();
      |     ~~~~~~~~~~~~~~~~~~~~~~^~
/work/s2602/build-pr2-gcc-14/eigen/Eigen/src/Core/functors/UnaryFunctors.h:1350:68: note: declared here
 1350 |   EIGEN_DEPRECATED std::enable_if_t<!IsExactlyRepresentable, void> check_is_representable() const {}
      |                                                                    ^~~~~~~~~~~~~~~~~~~~~~
[ 84%] Building CXX object CMakeFiles/tensorflow-lite.dir/kernels/div.cc.o
In file included from /work/s2602/build-pr2-gcc-14/eigen/Eigen/Core:314,
                 from /work/s2602/src/rvspoc-S2602-litert-pr2/tflite/../tflite/kernels/internal/optimized/optimized_ops.h:45,
                 from /work/s2602/src/rvspoc-S2602-litert-pr2/tflite/../tflite/kernels/internal/optimized/integer_ops/depthwise_conv.h:32,
                 from /work/s2602/src/rvspoc-S2602-litert-pr2/tflite/kernels/depthwise_conv.cc:16:
/work/s2602/build-pr2-gcc-14/eigen/Eigen/src/Core/functors/UnaryFunctors.h: In instantiation of ‘Eigen::internal::scalar_unary_pow_op<Scalar, ExponentScalar, false, false, false, false>::scalar_unary_pow_op(const ExponentScalar&) [with Scalar = float; ExponentScalar = double]’:
/work/s2602/build-pr2-gcc-14/eigen/Eigen/src/Core/../plugins/ArrayCwiseUnaryOps.inc:543:66:   required from ‘Eigen::ArrayBase<Derived>::UnaryPowReturnType<ScalarExponent> Eigen::ArrayBase<Derived>::pow(const ScalarExponent&) const [with ScalarExponent = double; Derived = Eigen::ArrayWrapper<Eigen::Map<Eigen::Matrix<float, -1, -1>, 0, Eigen::Stride<0, 0> > >; UnaryPowReturnType<ScalarExponent> = Eigen::CwiseUnaryOp<Eigen::internal::scalar_unary_pow_op<float, double, false, false, false, false>, const Eigen::ArrayWrapper<Eigen::Map<Eigen::Matrix<float, -1, -1>, 0, Eigen::Stride<0, 0> > > >]’
  543 |   return UnaryPowReturnType<ScalarExponent>(derived(), internal::scalar_unary_pow_op<Scalar, ScalarExponent>(exponent));
      |                                                                  ^~~~~~~~~~~~~~~~~~~~~~~~~~~~~~~~~~~~~~~~~~~~~~~~~~~~~
/work/s2602/src/rvspoc-S2602-litert-pr2/tflite/../tflite/kernels/internal/optimized/optimized_ops.h:3661:62:   required from here
 3661 |     data_out.array() = data_in.array() * data_out.array().pow(-op_params.beta);
      |                                          ~~~~~~~~~~~~~~~~~~~~^~~~~~~~~~~~~~~~~
/work/s2602/build-pr2-gcc-14/eigen/Eigen/src/Core/functors/UnaryFunctors.h:1354:27: warning: ‘std::enable_if_t<(! IsExactlyRepresentable), void> Eigen::internal::scalar_unary_pow_op<Scalar, ExponentScalar, false, false, false, false>::check_is_representable() const [with bool IsExactlyRepresentable = false; Scalar = float; ExponentScalar = double; std::enable_if_t<(! IsExactlyRepresentable), void> = void]’ is deprecated [-Wdeprecated-declarations]
 1354 |     check_is_representable();
      |     ~~~~~~~~~~~~~~~~~~~~~~^~
/work/s2602/build-pr2-gcc-14/eigen/Eigen/src/Core/functors/UnaryFunctors.h:1350:68: note: declared here
 1350 |   EIGEN_DEPRECATED std::enable_if_t<!IsExactlyRepresentable, void> check_is_representable() const {}
      |                                                                    ^~~~~~~~~~~~~~~~~~~~~~
[ 84%] Building CXX object CMakeFiles/tensorflow-lite.dir/kernels/dynamic_update_slice.cc.o
[ 84%] Building CXX object CMakeFiles/tensorflow-lite.dir/kernels/eigen_support.cc.o
[ 84%] Building CXX object CMakeFiles/tensorflow-lite.dir/kernels/elementwise.cc.o
In file included from /work/s2602/build-pr2-gcc-14/eigen/Eigen/Core:314,
                 from /work/s2602/src/rvspoc-S2602-litert-pr2/tflite/../tflite/kernels/dequantize.h:22,
                 from /work/s2602/src/rvspoc-S2602-litert-pr2/tflite/kernels/dequantize.cc:15:
/work/s2602/build-pr2-gcc-14/eigen/Eigen/src/Core/functors/UnaryFunctors.h: In instantiation of ‘Eigen::internal::scalar_unary_pow_op<Scalar, ExponentScalar, false, false, false, false>::scalar_unary_pow_op(const ExponentScalar&) [with Scalar = float; ExponentScalar = double]’:
/work/s2602/build-pr2-gcc-14/eigen/Eigen/src/Core/../plugins/ArrayCwiseUnaryOps.inc:543:66:   required from ‘Eigen::ArrayBase<Derived>::UnaryPowReturnType<ScalarExponent> Eigen::ArrayBase<Derived>::pow(const ScalarExponent&) const [with ScalarExponent = double; Derived = Eigen::ArrayWrapper<Eigen::Map<Eigen::Matrix<float, -1, -1>, 0, Eigen::Stride<0, 0> > >; UnaryPowReturnType<ScalarExponent> = Eigen::CwiseUnaryOp<Eigen::internal::scalar_unary_pow_op<float, double, false, false, false, false>, const Eigen::ArrayWrapper<Eigen::Map<Eigen::Matrix<float, -1, -1>, 0, Eigen::Stride<0, 0> > > >]’
  543 |   return UnaryPowReturnType<ScalarExponent>(derived(), internal::scalar_unary_pow_op<Scalar, ScalarExponent>(exponent));
      |                                                                  ^~~~~~~~~~~~~~~~~~~~~~~~~~~~~~~~~~~~~~~~~~~~~~~~~~~~~
/work/s2602/src/rvspoc-S2602-litert-pr2/tflite/../tflite/kernels/internal/optimized/optimized_ops.h:3661:62:   required from here
 3661 |     data_out.array() = data_in.array() * data_out.array().pow(-op_params.beta);
      |                                          ~~~~~~~~~~~~~~~~~~~~^~~~~~~~~~~~~~~~~
/work/s2602/build-pr2-gcc-14/eigen/Eigen/src/Core/functors/UnaryFunctors.h:1354:27: warning: ‘std::enable_if_t<(! IsExactlyRepresentable), void> Eigen::internal::scalar_unary_pow_op<Scalar, ExponentScalar, false, false, false, false>::check_is_representable() const [with bool IsExactlyRepresentable = false; Scalar = float; ExponentScalar = double; std::enable_if_t<(! IsExactlyRepresentable), void> = void]’ is deprecated [-Wdeprecated-declarations]
 1354 |     check_is_representable();
      |     ~~~~~~~~~~~~~~~~~~~~~~^~
/work/s2602/build-pr2-gcc-14/eigen/Eigen/src/Core/functors/UnaryFunctors.h:1350:68: note: declared here
 1350 |   EIGEN_DEPRECATED std::enable_if_t<!IsExactlyRepresentable, void> check_is_representable() const {}
      |                                                                    ^~~~~~~~~~~~~~~~~~~~~~
In file included from /work/s2602/build-pr2-gcc-14/eigen/Eigen/Core:314,
                 from /work/s2602/src/rvspoc-S2602-litert-pr2/tflite/../tflite/kernels/internal/optimized/optimized_ops.h:45,
                 from /work/s2602/src/rvspoc-S2602-litert-pr2/tflite/kernels/detection_postprocess.cc:27:
/work/s2602/build-pr2-gcc-14/eigen/Eigen/src/Core/functors/UnaryFunctors.h: In instantiation of ‘Eigen::internal::scalar_unary_pow_op<Scalar, ExponentScalar, false, false, false, false>::scalar_unary_pow_op(const ExponentScalar&) [with Scalar = float; ExponentScalar = double]’:
/work/s2602/build-pr2-gcc-14/eigen/Eigen/src/Core/../plugins/ArrayCwiseUnaryOps.inc:543:66:   required from ‘Eigen::ArrayBase<Derived>::UnaryPowReturnType<ScalarExponent> Eigen::ArrayBase<Derived>::pow(const ScalarExponent&) const [with ScalarExponent = double; Derived = Eigen::ArrayWrapper<Eigen::Map<Eigen::Matrix<float, -1, -1>, 0, Eigen::Stride<0, 0> > >; UnaryPowReturnType<ScalarExponent> = Eigen::CwiseUnaryOp<Eigen::internal::scalar_unary_pow_op<float, double, false, false, false, false>, const Eigen::ArrayWrapper<Eigen::Map<Eigen::Matrix<float, -1, -1>, 0, Eigen::Stride<0, 0> > > >]’
  543 |   return UnaryPowReturnType<ScalarExponent>(derived(), internal::scalar_unary_pow_op<Scalar, ScalarExponent>(exponent));
      |                                                                  ^~~~~~~~~~~~~~~~~~~~~~~~~~~~~~~~~~~~~~~~~~~~~~~~~~~~~
/work/s2602/src/rvspoc-S2602-litert-pr2/tflite/../tflite/kernels/internal/optimized/optimized_ops.h:3661:62:   required from here
 3661 |     data_out.array() = data_in.array() * data_out.array().pow(-op_params.beta);
      |                                          ~~~~~~~~~~~~~~~~~~~~^~~~~~~~~~~~~~~~~
/work/s2602/build-pr2-gcc-14/eigen/Eigen/src/Core/functors/UnaryFunctors.h:1354:27: warning: ‘std::enable_if_t<(! IsExactlyRepresentable), void> Eigen::internal::scalar_unary_pow_op<Scalar, ExponentScalar, false, false, false, false>::check_is_representable() const [with bool IsExactlyRepresentable = false; Scalar = float; ExponentScalar = double; std::enable_if_t<(! IsExactlyRepresentable), void> = void]’ is deprecated [-Wdeprecated-declarations]
 1354 |     check_is_representable();
      |     ~~~~~~~~~~~~~~~~~~~~~~^~
/work/s2602/build-pr2-gcc-14/eigen/Eigen/src/Core/functors/UnaryFunctors.h:1350:68: note: declared here
 1350 |   EIGEN_DEPRECATED std::enable_if_t<!IsExactlyRepresentable, void> check_is_representable() const {}
      |                                                                    ^~~~~~~~~~~~~~~~~~~~~~
In file included from /work/s2602/build-pr2-gcc-14/eigen/unsupported/Eigen/CXX11/../../../Eigen/Core:25,
                 from /work/s2602/build-pr2-gcc-14/eigen/unsupported/Eigen/CXX11/Tensor:14,
                 from /work/s2602/src/rvspoc-S2602-litert-pr2/tflite/../tflite/kernels/internal/optimized/eigen_spatial_convolutions.h:42,
                 from /work/s2602/src/rvspoc-S2602-litert-pr2/tflite/kernels/eigen_support.cc:22:
/work/s2602/build-pr2-gcc-14/eigen/unsupported/Eigen/CXX11/../../../Eigen/src/Core/util/ConfigureVectorization.h:60:73: warning: use of ‘std::hardware_destructive_interference_size’ [-Winterference-size]
   60 | #define EIGEN_ALIGN_TO_AVOID_FALSE_SHARING EIGEN_ALIGN_TO_BOUNDARY(std::hardware_destructive_interference_size)
      |                                                                         ^~~~~~~~~~~~~~~~~~~~~~~~~~~~~~~~~~~~~~
/work/s2602/build-pr2-gcc-14/eigen/unsupported/Eigen/CXX11/../../../Eigen/src/Core/util/ConfigureVectorization.h:49:44: note: in definition of macro ‘EIGEN_ALIGN_TO_BOUNDARY’
   49 | #define EIGEN_ALIGN_TO_BOUNDARY(n) alignas(n)
      |                                            ^
/work/s2602/build-pr2-gcc-14/eigen/unsupported/Eigen/CXX11/../../../Eigen/src/ThreadPool/EventCount.h:193:5: note: in expansion of macro ‘EIGEN_ALIGN_TO_AVOID_FALSE_SHARING’
  193 |     EIGEN_ALIGN_TO_AVOID_FALSE_SHARING std::atomic<uint64_t> next{kStackMask};
      |     ^~~~~~~~~~~~~~~~~~~~~~~~~~~~~~~~~~
/work/s2602/build-pr2-gcc-14/eigen/unsupported/Eigen/CXX11/../../../Eigen/src/Core/util/ConfigureVectorization.h:60:73: note: its value can vary between compiler versions or with different ‘-mtune’ or ‘-mcpu’ flags
   60 | #define EIGEN_ALIGN_TO_AVOID_FALSE_SHARING EIGEN_ALIGN_TO_BOUNDARY(std::hardware_destructive_interference_size)
      |                                                                         ^~~~~~~~~~~~~~~~~~~~~~~~~~~~~~~~~~~~~~
/work/s2602/build-pr2-gcc-14/eigen/unsupported/Eigen/CXX11/../../../Eigen/src/Core/util/ConfigureVectorization.h:49:44: note: in definition of macro ‘EIGEN_ALIGN_TO_BOUNDARY’
   49 | #define EIGEN_ALIGN_TO_BOUNDARY(n) alignas(n)
      |                                            ^
/work/s2602/build-pr2-gcc-14/eigen/unsupported/Eigen/CXX11/../../../Eigen/src/ThreadPool/EventCount.h:193:5: note: in expansion of macro ‘EIGEN_ALIGN_TO_AVOID_FALSE_SHARING’
  193 |     EIGEN_ALIGN_TO_AVOID_FALSE_SHARING std::atomic<uint64_t> next{kStackMask};
      |     ^~~~~~~~~~~~~~~~~~~~~~~~~~~~~~~~~~
/work/s2602/build-pr2-gcc-14/eigen/unsupported/Eigen/CXX11/../../../Eigen/src/Core/util/ConfigureVectorization.h:60:73: note: if this use is part of a public ABI, change it to instead use a constant variable you define
   60 | #define EIGEN_ALIGN_TO_AVOID_FALSE_SHARING EIGEN_ALIGN_TO_BOUNDARY(std::hardware_destructive_interference_size)
      |                                                                         ^~~~~~~~~~~~~~~~~~~~~~~~~~~~~~~~~~~~~~
/work/s2602/build-pr2-gcc-14/eigen/unsupported/Eigen/CXX11/../../../Eigen/src/Core/util/ConfigureVectorization.h:49:44: note: in definition of macro ‘EIGEN_ALIGN_TO_BOUNDARY’
   49 | #define EIGEN_ALIGN_TO_BOUNDARY(n) alignas(n)
      |                                            ^
/work/s2602/build-pr2-gcc-14/eigen/unsupported/Eigen/CXX11/../../../Eigen/src/ThreadPool/EventCount.h:193:5: note: in expansion of macro ‘EIGEN_ALIGN_TO_AVOID_FALSE_SHARING’
  193 |     EIGEN_ALIGN_TO_AVOID_FALSE_SHARING std::atomic<uint64_t> next{kStackMask};
      |     ^~~~~~~~~~~~~~~~~~~~~~~~~~~~~~~~~~
/work/s2602/build-pr2-gcc-14/eigen/unsupported/Eigen/CXX11/../../../Eigen/src/Core/util/ConfigureVectorization.h:60:73: note: the default value for the current CPU tuning is 0 bytes
   60 | #define EIGEN_ALIGN_TO_AVOID_FALSE_SHARING EIGEN_ALIGN_TO_BOUNDARY(std::hardware_destructive_interference_size)
      |                                                                         ^~~~~~~~~~~~~~~~~~~~~~~~~~~~~~~~~~~~~~
/work/s2602/build-pr2-gcc-14/eigen/unsupported/Eigen/CXX11/../../../Eigen/src/Core/util/ConfigureVectorization.h:49:44: note: in definition of macro ‘EIGEN_ALIGN_TO_BOUNDARY’
   49 | #define EIGEN_ALIGN_TO_BOUNDARY(n) alignas(n)
      |                                            ^
/work/s2602/build-pr2-gcc-14/eigen/unsupported/Eigen/CXX11/../../../Eigen/src/ThreadPool/EventCount.h:193:5: note: in expansion of macro ‘EIGEN_ALIGN_TO_AVOID_FALSE_SHARING’
  193 |     EIGEN_ALIGN_TO_AVOID_FALSE_SHARING std::atomic<uint64_t> next{kStackMask};
      |     ^~~~~~~~~~~~~~~~~~~~~~~~~~~~~~~~~~
/work/s2602/build-pr2-gcc-14/eigen/unsupported/Eigen/CXX11/../../../Eigen/src/Core/util/ConfigureVectorization.h:60:73: note: you can stabilize this value with ‘--param hardware_destructive_interference_size=0’, or disable this warning with ‘-Wno-interference-size’
   60 | #define EIGEN_ALIGN_TO_AVOID_FALSE_SHARING EIGEN_ALIGN_TO_BOUNDARY(std::hardware_destructive_interference_size)
      |                                                                         ^~~~~~~~~~~~~~~~~~~~~~~~~~~~~~~~~~~~~~
/work/s2602/build-pr2-gcc-14/eigen/unsupported/Eigen/CXX11/../../../Eigen/src/Core/util/ConfigureVectorization.h:49:44: note: in definition of macro ‘EIGEN_ALIGN_TO_BOUNDARY’
   49 | #define EIGEN_ALIGN_TO_BOUNDARY(n) alignas(n)
      |                                            ^
/work/s2602/build-pr2-gcc-14/eigen/unsupported/Eigen/CXX11/../../../Eigen/src/ThreadPool/EventCount.h:193:5: note: in expansion of macro ‘EIGEN_ALIGN_TO_AVOID_FALSE_SHARING’
  193 |     EIGEN_ALIGN_TO_AVOID_FALSE_SHARING std::atomic<uint64_t> next{kStackMask};
      |     ^~~~~~~~~~~~~~~~~~~~~~~~~~~~~~~~~~
/work/s2602/build-pr2-gcc-14/eigen/unsupported/Eigen/CXX11/../../../Eigen/src/Core/util/ConfigureVectorization.h:60:73: warning: use of ‘std::hardware_destructive_interference_size’ [-Winterference-size]
   60 | #define EIGEN_ALIGN_TO_AVOID_FALSE_SHARING EIGEN_ALIGN_TO_BOUNDARY(std::hardware_destructive_interference_size)
      |                                                                         ^~~~~~~~~~~~~~~~~~~~~~~~~~~~~~~~~~~~~~
/work/s2602/build-pr2-gcc-14/eigen/unsupported/Eigen/CXX11/../../../Eigen/src/Core/util/ConfigureVectorization.h:49:44: note: in definition of macro ‘EIGEN_ALIGN_TO_BOUNDARY’
   49 | #define EIGEN_ALIGN_TO_BOUNDARY(n) alignas(n)
      |                                            ^
/work/s2602/build-pr2-gcc-14/eigen/unsupported/Eigen/CXX11/../../../Eigen/src/ThreadPool/RunQueue.h:176:3: note: in expansion of macro ‘EIGEN_ALIGN_TO_AVOID_FALSE_SHARING’
  176 |   EIGEN_ALIGN_TO_AVOID_FALSE_SHARING std::atomic<unsigned> front_;
      |   ^~~~~~~~~~~~~~~~~~~~~~~~~~~~~~~~~~
/work/s2602/build-pr2-gcc-14/eigen/unsupported/Eigen/CXX11/../../../Eigen/src/Core/util/ConfigureVectorization.h:60:73: warning: use of ‘std::hardware_destructive_interference_size’ [-Winterference-size]
   60 | #define EIGEN_ALIGN_TO_AVOID_FALSE_SHARING EIGEN_ALIGN_TO_BOUNDARY(std::hardware_destructive_interference_size)
      |                                                                         ^~~~~~~~~~~~~~~~~~~~~~~~~~~~~~~~~~~~~~
/work/s2602/build-pr2-gcc-14/eigen/unsupported/Eigen/CXX11/../../../Eigen/src/Core/util/ConfigureVectorization.h:49:44: note: in definition of macro ‘EIGEN_ALIGN_TO_BOUNDARY’
   49 | #define EIGEN_ALIGN_TO_BOUNDARY(n) alignas(n)
      |                                            ^
/work/s2602/build-pr2-gcc-14/eigen/unsupported/Eigen/CXX11/../../../Eigen/src/ThreadPool/RunQueue.h:177:3: note: in expansion of macro ‘EIGEN_ALIGN_TO_AVOID_FALSE_SHARING’
  177 |   EIGEN_ALIGN_TO_AVOID_FALSE_SHARING std::atomic<unsigned> back_;
      |   ^~~~~~~~~~~~~~~~~~~~~~~~~~~~~~~~~~
/work/s2602/build-pr2-gcc-14/eigen/unsupported/Eigen/CXX11/../../../Eigen/src/Core/util/ConfigureVectorization.h:60:73: warning: use of ‘std::hardware_destructive_interference_size’ [-Winterference-size]
   60 | #define EIGEN_ALIGN_TO_AVOID_FALSE_SHARING EIGEN_ALIGN_TO_BOUNDARY(std::hardware_destructive_interference_size)
      |                                                                         ^~~~~~~~~~~~~~~~~~~~~~~~~~~~~~~~~~~~~~
/work/s2602/build-pr2-gcc-14/eigen/unsupported/Eigen/CXX11/../../../Eigen/src/Core/util/ConfigureVectorization.h:49:44: note: in definition of macro ‘EIGEN_ALIGN_TO_BOUNDARY’
   49 | #define EIGEN_ALIGN_TO_BOUNDARY(n) alignas(n)
      |                                            ^
/work/s2602/build-pr2-gcc-14/eigen/unsupported/Eigen/CXX11/../../../Eigen/src/ThreadPool/RunQueue.h:180:3: note: in expansion of macro ‘EIGEN_ALIGN_TO_AVOID_FALSE_SHARING’
  180 |   EIGEN_ALIGN_TO_AVOID_FALSE_SHARING Elem array_[kSize];
      |   ^~~~~~~~~~~~~~~~~~~~~~~~~~~~~~~~~~
[ 84%] Building CXX object CMakeFiles/tensorflow-lite.dir/kernels/embedding_lookup.cc.o
[ 84%] Building CXX object CMakeFiles/tensorflow-lite.dir/kernels/embedding_lookup_sparse.cc.o
In file included from /work/s2602/build-pr2-gcc-14/eigen/Eigen/Core:314,
                 from /work/s2602/src/rvspoc-S2602-litert-pr2/tflite/kernels/dynamic_update_slice.cc:23:
/work/s2602/build-pr2-gcc-14/eigen/Eigen/src/Core/functors/UnaryFunctors.h: In instantiation of ‘Eigen::internal::scalar_unary_pow_op<Scalar, ExponentScalar, false, false, false, false>::scalar_unary_pow_op(const ExponentScalar&) [with Scalar = float; ExponentScalar = double]’:
/work/s2602/build-pr2-gcc-14/eigen/Eigen/src/Core/../plugins/ArrayCwiseUnaryOps.inc:543:66:   required from ‘Eigen::ArrayBase<Derived>::UnaryPowReturnType<ScalarExponent> Eigen::ArrayBase<Derived>::pow(const ScalarExponent&) const [with ScalarExponent = double; Derived = Eigen::ArrayWrapper<Eigen::Map<Eigen::Matrix<float, -1, -1>, 0, Eigen::Stride<0, 0> > >; UnaryPowReturnType<ScalarExponent> = Eigen::CwiseUnaryOp<Eigen::internal::scalar_unary_pow_op<float, double, false, false, false, false>, const Eigen::ArrayWrapper<Eigen::Map<Eigen::Matrix<float, -1, -1>, 0, Eigen::Stride<0, 0> > > >]’
  543 |   return UnaryPowReturnType<ScalarExponent>(derived(), internal::scalar_unary_pow_op<Scalar, ScalarExponent>(exponent));
      |                                                                  ^~~~~~~~~~~~~~~~~~~~~~~~~~~~~~~~~~~~~~~~~~~~~~~~~~~~~
/work/s2602/src/rvspoc-S2602-litert-pr2/tflite/../tflite/kernels/internal/optimized/optimized_ops.h:3661:62:   required from here
 3661 |     data_out.array() = data_in.array() * data_out.array().pow(-op_params.beta);
      |                                          ~~~~~~~~~~~~~~~~~~~~^~~~~~~~~~~~~~~~~
/work/s2602/build-pr2-gcc-14/eigen/Eigen/src/Core/functors/UnaryFunctors.h:1354:27: warning: ‘std::enable_if_t<(! IsExactlyRepresentable), void> Eigen::internal::scalar_unary_pow_op<Scalar, ExponentScalar, false, false, false, false>::check_is_representable() const [with bool IsExactlyRepresentable = false; Scalar = float; ExponentScalar = double; std::enable_if_t<(! IsExactlyRepresentable), void> = void]’ is deprecated [-Wdeprecated-declarations]
 1354 |     check_is_representable();
      |     ~~~~~~~~~~~~~~~~~~~~~~^~
/work/s2602/build-pr2-gcc-14/eigen/Eigen/src/Core/functors/UnaryFunctors.h:1350:68: note: declared here
 1350 |   EIGEN_DEPRECATED std::enable_if_t<!IsExactlyRepresentable, void> check_is_representable() const {}
      |                                                                    ^~~~~~~~~~~~~~~~~~~~~~
In file included from /work/s2602/build-pr2-gcc-14/eigen/Eigen/Core:314,
                 from /work/s2602/src/rvspoc-S2602-litert-pr2/tflite/../tflite/kernels/internal/optimized/optimized_ops.h:45,
                 from /work/s2602/src/rvspoc-S2602-litert-pr2/tflite/kernels/div.cc:25:
/work/s2602/build-pr2-gcc-14/eigen/Eigen/src/Core/functors/UnaryFunctors.h: In instantiation of ‘Eigen::internal::scalar_unary_pow_op<Scalar, ExponentScalar, false, false, false, false>::scalar_unary_pow_op(const ExponentScalar&) [with Scalar = float; ExponentScalar = double]’:
/work/s2602/build-pr2-gcc-14/eigen/Eigen/src/Core/../plugins/ArrayCwiseUnaryOps.inc:543:66:   required from ‘Eigen::ArrayBase<Derived>::UnaryPowReturnType<ScalarExponent> Eigen::ArrayBase<Derived>::pow(const ScalarExponent&) const [with ScalarExponent = double; Derived = Eigen::ArrayWrapper<Eigen::Map<Eigen::Matrix<float, -1, -1>, 0, Eigen::Stride<0, 0> > >; UnaryPowReturnType<ScalarExponent> = Eigen::CwiseUnaryOp<Eigen::internal::scalar_unary_pow_op<float, double, false, false, false, false>, const Eigen::ArrayWrapper<Eigen::Map<Eigen::Matrix<float, -1, -1>, 0, Eigen::Stride<0, 0> > > >]’
  543 |   return UnaryPowReturnType<ScalarExponent>(derived(), internal::scalar_unary_pow_op<Scalar, ScalarExponent>(exponent));
      |                                                                  ^~~~~~~~~~~~~~~~~~~~~~~~~~~~~~~~~~~~~~~~~~~~~~~~~~~~~
/work/s2602/src/rvspoc-S2602-litert-pr2/tflite/../tflite/kernels/internal/optimized/optimized_ops.h:3661:62:   required from here
 3661 |     data_out.array() = data_in.array() * data_out.array().pow(-op_params.beta);
      |                                          ~~~~~~~~~~~~~~~~~~~~^~~~~~~~~~~~~~~~~
/work/s2602/build-pr2-gcc-14/eigen/Eigen/src/Core/functors/UnaryFunctors.h:1354:27: warning: ‘std::enable_if_t<(! IsExactlyRepresentable), void> Eigen::internal::scalar_unary_pow_op<Scalar, ExponentScalar, false, false, false, false>::check_is_representable() const [with bool IsExactlyRepresentable = false; Scalar = float; ExponentScalar = double; std::enable_if_t<(! IsExactlyRepresentable), void> = void]’ is deprecated [-Wdeprecated-declarations]
 1354 |     check_is_representable();
      |     ~~~~~~~~~~~~~~~~~~~~~~^~
/work/s2602/build-pr2-gcc-14/eigen/Eigen/src/Core/functors/UnaryFunctors.h:1350:68: note: declared here
 1350 |   EIGEN_DEPRECATED std::enable_if_t<!IsExactlyRepresentable, void> check_is_representable() const {}
      |                                                                    ^~~~~~~~~~~~~~~~~~~~~~
[ 84%] Building CXX object CMakeFiles/tensorflow-lite.dir/kernels/exp.cc.o
[ 84%] Building CXX object CMakeFiles/tensorflow-lite.dir/kernels/expand_dims.cc.o
[ 84%] Building CXX object CMakeFiles/tensorflow-lite.dir/kernels/fake_quant.cc.o
[ 84%] Building CXX object CMakeFiles/tensorflow-lite.dir/kernels/fill.cc.o
[ 84%] Building CXX object CMakeFiles/tensorflow-lite.dir/kernels/floor.cc.o
[ 84%] Building CXX object CMakeFiles/tensorflow-lite.dir/kernels/floor_div.cc.o
[ 84%] Building CXX object CMakeFiles/tensorflow-lite.dir/kernels/floor_mod.cc.o
[ 84%] Building CXX object CMakeFiles/tensorflow-lite.dir/kernels/fully_connected.cc.o
[ 84%] Building CXX object CMakeFiles/tensorflow-lite.dir/kernels/gather.cc.o
[ 84%] Building CXX object CMakeFiles/tensorflow-lite.dir/kernels/gather_nd.cc.o
[ 84%] Building CXX object CMakeFiles/tensorflow-lite.dir/kernels/gru_cell.cc.o
[ 84%] Building CXX object CMakeFiles/tensorflow-lite.dir/kernels/hadamard_rotation.cc.o
[ 84%] Building CXX object CMakeFiles/tensorflow-lite.dir/kernels/hashtable.cc.o
[ 84%] Building CXX object CMakeFiles/tensorflow-lite.dir/kernels/hashtable_find.cc.o
In file included from /work/s2602/build-pr2-gcc-14/eigen/Eigen/Core:314,
                 from /work/s2602/src/rvspoc-S2602-litert-pr2/tflite/../tflite/kernels/internal/optimized/optimized_ops.h:45,
                 from /work/s2602/src/rvspoc-S2602-litert-pr2/tflite/kernels/floor.cc:19:
/work/s2602/build-pr2-gcc-14/eigen/Eigen/src/Core/functors/UnaryFunctors.h: In instantiation of ‘Eigen::internal::scalar_unary_pow_op<Scalar, ExponentScalar, false, false, false, false>::scalar_unary_pow_op(const ExponentScalar&) [with Scalar = float; ExponentScalar = double]’:
/work/s2602/build-pr2-gcc-14/eigen/Eigen/src/Core/../plugins/ArrayCwiseUnaryOps.inc:543:66:   required from ‘Eigen::ArrayBase<Derived>::UnaryPowReturnType<ScalarExponent> Eigen::ArrayBase<Derived>::pow(const ScalarExponent&) const [with ScalarExponent = double; Derived = Eigen::ArrayWrapper<Eigen::Map<Eigen::Matrix<float, -1, -1>, 0, Eigen::Stride<0, 0> > >; UnaryPowReturnType<ScalarExponent> = Eigen::CwiseUnaryOp<Eigen::internal::scalar_unary_pow_op<float, double, false, false, false, false>, const Eigen::ArrayWrapper<Eigen::Map<Eigen::Matrix<float, -1, -1>, 0, Eigen::Stride<0, 0> > > >]’
  543 |   return UnaryPowReturnType<ScalarExponent>(derived(), internal::scalar_unary_pow_op<Scalar, ScalarExponent>(exponent));
      |                                                                  ^~~~~~~~~~~~~~~~~~~~~~~~~~~~~~~~~~~~~~~~~~~~~~~~~~~~~
/work/s2602/src/rvspoc-S2602-litert-pr2/tflite/../tflite/kernels/internal/optimized/optimized_ops.h:3661:62:   required from here
 3661 |     data_out.array() = data_in.array() * data_out.array().pow(-op_params.beta);
      |                                          ~~~~~~~~~~~~~~~~~~~~^~~~~~~~~~~~~~~~~
/work/s2602/build-pr2-gcc-14/eigen/Eigen/src/Core/functors/UnaryFunctors.h:1354:27: warning: ‘std::enable_if_t<(! IsExactlyRepresentable), void> Eigen::internal::scalar_unary_pow_op<Scalar, ExponentScalar, false, false, false, false>::check_is_representable() const [with bool IsExactlyRepresentable = false; Scalar = float; ExponentScalar = double; std::enable_if_t<(! IsExactlyRepresentable), void> = void]’ is deprecated [-Wdeprecated-declarations]
 1354 |     check_is_representable();
      |     ~~~~~~~~~~~~~~~~~~~~~~^~
/work/s2602/build-pr2-gcc-14/eigen/Eigen/src/Core/functors/UnaryFunctors.h:1350:68: note: declared here
 1350 |   EIGEN_DEPRECATED std::enable_if_t<!IsExactlyRepresentable, void> check_is_representable() const {}
      |                                                                    ^~~~~~~~~~~~~~~~~~~~~~
In file included from /work/s2602/build-pr2-gcc-14/eigen/Eigen/Core:314,
                 from /work/s2602/src/rvspoc-S2602-litert-pr2/tflite/../tflite/kernels/internal/optimized/optimized_ops.h:45,
                 from /work/s2602/src/rvspoc-S2602-litert-pr2/tflite/kernels/gather.cc:19:
/work/s2602/build-pr2-gcc-14/eigen/Eigen/src/Core/functors/UnaryFunctors.h: In instantiation of ‘Eigen::internal::scalar_unary_pow_op<Scalar, ExponentScalar, false, false, false, false>::scalar_unary_pow_op(const ExponentScalar&) [with Scalar = float; ExponentScalar = double]’:
/work/s2602/build-pr2-gcc-14/eigen/Eigen/src/Core/../plugins/ArrayCwiseUnaryOps.inc:543:66:   required from ‘Eigen::ArrayBase<Derived>::UnaryPowReturnType<ScalarExponent> Eigen::ArrayBase<Derived>::pow(const ScalarExponent&) const [with ScalarExponent = double; Derived = Eigen::ArrayWrapper<Eigen::Map<Eigen::Matrix<float, -1, -1>, 0, Eigen::Stride<0, 0> > >; UnaryPowReturnType<ScalarExponent> = Eigen::CwiseUnaryOp<Eigen::internal::scalar_unary_pow_op<float, double, false, false, false, false>, const Eigen::ArrayWrapper<Eigen::Map<Eigen::Matrix<float, -1, -1>, 0, Eigen::Stride<0, 0> > > >]’
  543 |   return UnaryPowReturnType<ScalarExponent>(derived(), internal::scalar_unary_pow_op<Scalar, ScalarExponent>(exponent));
      |                                                                  ^~~~~~~~~~~~~~~~~~~~~~~~~~~~~~~~~~~~~~~~~~~~~~~~~~~~~
/work/s2602/src/rvspoc-S2602-litert-pr2/tflite/../tflite/kernels/internal/optimized/optimized_ops.h:3661:62:   required from here
 3661 |     data_out.array() = data_in.array() * data_out.array().pow(-op_params.beta);
      |                                          ~~~~~~~~~~~~~~~~~~~~^~~~~~~~~~~~~~~~~
/work/s2602/build-pr2-gcc-14/eigen/Eigen/src/Core/functors/UnaryFunctors.h:1354:27: warning: ‘std::enable_if_t<(! IsExactlyRepresentable), void> Eigen::internal::scalar_unary_pow_op<Scalar, ExponentScalar, false, false, false, false>::check_is_representable() const [with bool IsExactlyRepresentable = false; Scalar = float; ExponentScalar = double; std::enable_if_t<(! IsExactlyRepresentable), void> = void]’ is deprecated [-Wdeprecated-declarations]
 1354 |     check_is_representable();
      |     ~~~~~~~~~~~~~~~~~~~~~~^~
/work/s2602/build-pr2-gcc-14/eigen/Eigen/src/Core/functors/UnaryFunctors.h:1350:68: note: declared here
 1350 |   EIGEN_DEPRECATED std::enable_if_t<!IsExactlyRepresentable, void> check_is_representable() const {}
      |                                                                    ^~~~~~~~~~~~~~~~~~~~~~
In file included from /work/s2602/build-pr2-gcc-14/eigen/Eigen/Core:314,
                 from /work/s2602/src/rvspoc-S2602-litert-pr2/tflite/../tflite/kernels/internal/optimized/optimized_ops.h:45,
                 from /work/s2602/src/rvspoc-S2602-litert-pr2/tflite/kernels/gather_nd.cc:19:
/work/s2602/build-pr2-gcc-14/eigen/Eigen/src/Core/functors/UnaryFunctors.h: In instantiation of ‘Eigen::internal::scalar_unary_pow_op<Scalar, ExponentScalar, false, false, false, false>::scalar_unary_pow_op(const ExponentScalar&) [with Scalar = float; ExponentScalar = double]’:
/work/s2602/build-pr2-gcc-14/eigen/Eigen/src/Core/../plugins/ArrayCwiseUnaryOps.inc:543:66:   required from ‘Eigen::ArrayBase<Derived>::UnaryPowReturnType<ScalarExponent> Eigen::ArrayBase<Derived>::pow(const ScalarExponent&) const [with ScalarExponent = double; Derived = Eigen::ArrayWrapper<Eigen::Map<Eigen::Matrix<float, -1, -1>, 0, Eigen::Stride<0, 0> > >; UnaryPowReturnType<ScalarExponent> = Eigen::CwiseUnaryOp<Eigen::internal::scalar_unary_pow_op<float, double, false, false, false, false>, const Eigen::ArrayWrapper<Eigen::Map<Eigen::Matrix<float, -1, -1>, 0, Eigen::Stride<0, 0> > > >]’
  543 |   return UnaryPowReturnType<ScalarExponent>(derived(), internal::scalar_unary_pow_op<Scalar, ScalarExponent>(exponent));
      |                                                                  ^~~~~~~~~~~~~~~~~~~~~~~~~~~~~~~~~~~~~~~~~~~~~~~~~~~~~
/work/s2602/src/rvspoc-S2602-litert-pr2/tflite/../tflite/kernels/internal/optimized/optimized_ops.h:3661:62:   required from here
 3661 |     data_out.array() = data_in.array() * data_out.array().pow(-op_params.beta);
      |                                          ~~~~~~~~~~~~~~~~~~~~^~~~~~~~~~~~~~~~~
/work/s2602/build-pr2-gcc-14/eigen/Eigen/src/Core/functors/UnaryFunctors.h:1354:27: warning: ‘std::enable_if_t<(! IsExactlyRepresentable), void> Eigen::internal::scalar_unary_pow_op<Scalar, ExponentScalar, false, false, false, false>::check_is_representable() const [with bool IsExactlyRepresentable = false; Scalar = float; ExponentScalar = double; std::enable_if_t<(! IsExactlyRepresentable), void> = void]’ is deprecated [-Wdeprecated-declarations]
 1354 |     check_is_representable();
      |     ~~~~~~~~~~~~~~~~~~~~~~^~
/work/s2602/build-pr2-gcc-14/eigen/Eigen/src/Core/functors/UnaryFunctors.h:1350:68: note: declared here
 1350 |   EIGEN_DEPRECATED std::enable_if_t<!IsExactlyRepresentable, void> check_is_representable() const {}
      |                                                                    ^~~~~~~~~~~~~~~~~~~~~~
[ 84%] Building CXX object CMakeFiles/tensorflow-lite.dir/kernels/hashtable_import.cc.o
[ 84%] Building CXX object CMakeFiles/tensorflow-lite.dir/kernels/hashtable_lookup.cc.o
[ 84%] Building CXX object CMakeFiles/tensorflow-lite.dir/kernels/hashtable_size.cc.o
[ 84%] Building CXX object CMakeFiles/tensorflow-lite.dir/kernels/if.cc.o
In file included from /work/s2602/build-pr2-gcc-14/eigen/Eigen/Core:314,
                 from /work/s2602/src/rvspoc-S2602-litert-pr2/tflite/../tflite/kernels/internal/optimized/optimized_ops.h:45,
                 from /work/s2602/src/rvspoc-S2602-litert-pr2/tflite/kernels/gru_cell.cc:20:
/work/s2602/build-pr2-gcc-14/eigen/Eigen/src/Core/functors/UnaryFunctors.h: In instantiation of ‘Eigen::internal::scalar_unary_pow_op<Scalar, ExponentScalar, false, false, false, false>::scalar_unary_pow_op(const ExponentScalar&) [with Scalar = float; ExponentScalar = double]’:
/work/s2602/build-pr2-gcc-14/eigen/Eigen/src/Core/../plugins/ArrayCwiseUnaryOps.inc:543:66:   required from ‘Eigen::ArrayBase<Derived>::UnaryPowReturnType<ScalarExponent> Eigen::ArrayBase<Derived>::pow(const ScalarExponent&) const [with ScalarExponent = double; Derived = Eigen::ArrayWrapper<Eigen::Map<Eigen::Matrix<float, -1, -1>, 0, Eigen::Stride<0, 0> > >; UnaryPowReturnType<ScalarExponent> = Eigen::CwiseUnaryOp<Eigen::internal::scalar_unary_pow_op<float, double, false, false, false, false>, const Eigen::ArrayWrapper<Eigen::Map<Eigen::Matrix<float, -1, -1>, 0, Eigen::Stride<0, 0> > > >]’
  543 |   return UnaryPowReturnType<ScalarExponent>(derived(), internal::scalar_unary_pow_op<Scalar, ScalarExponent>(exponent));
      |                                                                  ^~~~~~~~~~~~~~~~~~~~~~~~~~~~~~~~~~~~~~~~~~~~~~~~~~~~~
/work/s2602/src/rvspoc-S2602-litert-pr2/tflite/../tflite/kernels/internal/optimized/optimized_ops.h:3661:62:   required from here
 3661 |     data_out.array() = data_in.array() * data_out.array().pow(-op_params.beta);
      |                                          ~~~~~~~~~~~~~~~~~~~~^~~~~~~~~~~~~~~~~
/work/s2602/build-pr2-gcc-14/eigen/Eigen/src/Core/functors/UnaryFunctors.h:1354:27: warning: ‘std::enable_if_t<(! IsExactlyRepresentable), void> Eigen::internal::scalar_unary_pow_op<Scalar, ExponentScalar, false, false, false, false>::check_is_representable() const [with bool IsExactlyRepresentable = false; Scalar = float; ExponentScalar = double; std::enable_if_t<(! IsExactlyRepresentable), void> = void]’ is deprecated [-Wdeprecated-declarations]
 1354 |     check_is_representable();
      |     ~~~~~~~~~~~~~~~~~~~~~~^~
/work/s2602/build-pr2-gcc-14/eigen/Eigen/src/Core/functors/UnaryFunctors.h:1350:68: note: declared here
 1350 |   EIGEN_DEPRECATED std::enable_if_t<!IsExactlyRepresentable, void> check_is_representable() const {}
      |                                                                    ^~~~~~~~~~~~~~~~~~~~~~
[ 87%] Building CXX object CMakeFiles/tensorflow-lite.dir/kernels/irfft2d.cc.o
[ 87%] Building CXX object CMakeFiles/tensorflow-lite.dir/kernels/kernel_util.cc.o
[ 87%] Building CXX object CMakeFiles/tensorflow-lite.dir/kernels/l2norm.cc.o
In file included from /work/s2602/build-pr2-gcc-14/eigen/Eigen/Core:314,
                 from /work/s2602/src/rvspoc-S2602-litert-pr2/tflite/../tflite/kernels/internal/optimized/optimized_ops.h:45,
                 from /work/s2602/src/rvspoc-S2602-litert-pr2/tflite/kernels/fully_connected.cc:31:
/work/s2602/build-pr2-gcc-14/eigen/Eigen/src/Core/functors/UnaryFunctors.h: In instantiation of ‘Eigen::internal::scalar_unary_pow_op<Scalar, ExponentScalar, false, false, false, false>::scalar_unary_pow_op(const ExponentScalar&) [with Scalar = float; ExponentScalar = double]’:
/work/s2602/build-pr2-gcc-14/eigen/Eigen/src/Core/../plugins/ArrayCwiseUnaryOps.inc:543:66:   required from ‘Eigen::ArrayBase<Derived>::UnaryPowReturnType<ScalarExponent> Eigen::ArrayBase<Derived>::pow(const ScalarExponent&) const [with ScalarExponent = double; Derived = Eigen::ArrayWrapper<Eigen::Map<Eigen::Matrix<float, -1, -1>, 0, Eigen::Stride<0, 0> > >; UnaryPowReturnType<ScalarExponent> = Eigen::CwiseUnaryOp<Eigen::internal::scalar_unary_pow_op<float, double, false, false, false, false>, const Eigen::ArrayWrapper<Eigen::Map<Eigen::Matrix<float, -1, -1>, 0, Eigen::Stride<0, 0> > > >]’
  543 |   return UnaryPowReturnType<ScalarExponent>(derived(), internal::scalar_unary_pow_op<Scalar, ScalarExponent>(exponent));
      |                                                                  ^~~~~~~~~~~~~~~~~~~~~~~~~~~~~~~~~~~~~~~~~~~~~~~~~~~~~
/work/s2602/src/rvspoc-S2602-litert-pr2/tflite/../tflite/kernels/internal/optimized/optimized_ops.h:3661:62:   required from here
 3661 |     data_out.array() = data_in.array() * data_out.array().pow(-op_params.beta);
      |                                          ~~~~~~~~~~~~~~~~~~~~^~~~~~~~~~~~~~~~~
/work/s2602/build-pr2-gcc-14/eigen/Eigen/src/Core/functors/UnaryFunctors.h:1354:27: warning: ‘std::enable_if_t<(! IsExactlyRepresentable), void> Eigen::internal::scalar_unary_pow_op<Scalar, ExponentScalar, false, false, false, false>::check_is_representable() const [with bool IsExactlyRepresentable = false; Scalar = float; ExponentScalar = double; std::enable_if_t<(! IsExactlyRepresentable), void> = void]’ is deprecated [-Wdeprecated-declarations]
 1354 |     check_is_representable();
      |     ~~~~~~~~~~~~~~~~~~~~~~^~
/work/s2602/build-pr2-gcc-14/eigen/Eigen/src/Core/functors/UnaryFunctors.h:1350:68: note: declared here
 1350 |   EIGEN_DEPRECATED std::enable_if_t<!IsExactlyRepresentable, void> check_is_representable() const {}
      |                                                                    ^~~~~~~~~~~~~~~~~~~~~~
[ 87%] Building CXX object CMakeFiles/tensorflow-lite.dir/kernels/local_response_norm.cc.o
[ 87%] Building CXX object CMakeFiles/tensorflow-lite.dir/kernels/logical.cc.o
[ 87%] Building CXX object CMakeFiles/tensorflow-lite.dir/kernels/lsh_projection.cc.o
[ 87%] Building CXX object CMakeFiles/tensorflow-lite.dir/kernels/lstm.cc.o
[ 87%] Building CXX object CMakeFiles/tensorflow-lite.dir/kernels/lstm_eval.cc.o
[ 87%] Building CXX object CMakeFiles/tensorflow-lite.dir/kernels/matrix_diag.cc.o
[ 87%] Building CXX object CMakeFiles/tensorflow-lite.dir/kernels/matrix_set_diag.cc.o
[ 87%] Building CXX object CMakeFiles/tensorflow-lite.dir/kernels/maximum_minimum.cc.o
In file included from /work/s2602/build-pr2-gcc-14/eigen/Eigen/Core:314,
                 from /work/s2602/src/rvspoc-S2602-litert-pr2/tflite/../tflite/kernels/internal/optimized/optimized_ops.h:45,
                 from /work/s2602/src/rvspoc-S2602-litert-pr2/tflite/kernels/local_response_norm.cc:17:
/work/s2602/build-pr2-gcc-14/eigen/Eigen/src/Core/functors/UnaryFunctors.h: In instantiation of ‘Eigen::internal::scalar_unary_pow_op<Scalar, ExponentScalar, false, false, false, false>::scalar_unary_pow_op(const ExponentScalar&) [with Scalar = float; ExponentScalar = double]’:
/work/s2602/build-pr2-gcc-14/eigen/Eigen/src/Core/../plugins/ArrayCwiseUnaryOps.inc:543:66:   required from ‘Eigen::ArrayBase<Derived>::UnaryPowReturnType<ScalarExponent> Eigen::ArrayBase<Derived>::pow(const ScalarExponent&) const [with ScalarExponent = double; Derived = Eigen::ArrayWrapper<Eigen::Map<Eigen::Matrix<float, -1, -1>, 0, Eigen::Stride<0, 0> > >; UnaryPowReturnType<ScalarExponent> = Eigen::CwiseUnaryOp<Eigen::internal::scalar_unary_pow_op<float, double, false, false, false, false>, const Eigen::ArrayWrapper<Eigen::Map<Eigen::Matrix<float, -1, -1>, 0, Eigen::Stride<0, 0> > > >]’
  543 |   return UnaryPowReturnType<ScalarExponent>(derived(), internal::scalar_unary_pow_op<Scalar, ScalarExponent>(exponent));
      |                                                                  ^~~~~~~~~~~~~~~~~~~~~~~~~~~~~~~~~~~~~~~~~~~~~~~~~~~~~
/work/s2602/src/rvspoc-S2602-litert-pr2/tflite/../tflite/kernels/internal/optimized/optimized_ops.h:3661:62:   required from here
 3661 |     data_out.array() = data_in.array() * data_out.array().pow(-op_params.beta);
      |                                          ~~~~~~~~~~~~~~~~~~~~^~~~~~~~~~~~~~~~~
/work/s2602/build-pr2-gcc-14/eigen/Eigen/src/Core/functors/UnaryFunctors.h:1354:27: warning: ‘std::enable_if_t<(! IsExactlyRepresentable), void> Eigen::internal::scalar_unary_pow_op<Scalar, ExponentScalar, false, false, false, false>::check_is_representable() const [with bool IsExactlyRepresentable = false; Scalar = float; ExponentScalar = double; std::enable_if_t<(! IsExactlyRepresentable), void> = void]’ is deprecated [-Wdeprecated-declarations]
 1354 |     check_is_representable();
      |     ~~~~~~~~~~~~~~~~~~~~~~^~
/work/s2602/build-pr2-gcc-14/eigen/Eigen/src/Core/functors/UnaryFunctors.h:1350:68: note: declared here
 1350 |   EIGEN_DEPRECATED std::enable_if_t<!IsExactlyRepresentable, void> check_is_representable() const {}
      |                                                                    ^~~~~~~~~~~~~~~~~~~~~~
In file included from /work/s2602/build-pr2-gcc-14/eigen/Eigen/Core:314,
                 from /work/s2602/src/rvspoc-S2602-litert-pr2/tflite/../tflite/kernels/internal/optimized/optimized_ops.h:45,
                 from /work/s2602/src/rvspoc-S2602-litert-pr2/tflite/kernels/l2norm.cc:18:
/work/s2602/build-pr2-gcc-14/eigen/Eigen/src/Core/functors/UnaryFunctors.h: In instantiation of ‘Eigen::internal::scalar_unary_pow_op<Scalar, ExponentScalar, false, false, false, false>::scalar_unary_pow_op(const ExponentScalar&) [with Scalar = float; ExponentScalar = double]’:
/work/s2602/build-pr2-gcc-14/eigen/Eigen/src/Core/../plugins/ArrayCwiseUnaryOps.inc:543:66:   required from ‘Eigen::ArrayBase<Derived>::UnaryPowReturnType<ScalarExponent> Eigen::ArrayBase<Derived>::pow(const ScalarExponent&) const [with ScalarExponent = double; Derived = Eigen::ArrayWrapper<Eigen::Map<Eigen::Matrix<float, -1, -1>, 0, Eigen::Stride<0, 0> > >; UnaryPowReturnType<ScalarExponent> = Eigen::CwiseUnaryOp<Eigen::internal::scalar_unary_pow_op<float, double, false, false, false, false>, const Eigen::ArrayWrapper<Eigen::Map<Eigen::Matrix<float, -1, -1>, 0, Eigen::Stride<0, 0> > > >]’
  543 |   return UnaryPowReturnType<ScalarExponent>(derived(), internal::scalar_unary_pow_op<Scalar, ScalarExponent>(exponent));
      |                                                                  ^~~~~~~~~~~~~~~~~~~~~~~~~~~~~~~~~~~~~~~~~~~~~~~~~~~~~
/work/s2602/src/rvspoc-S2602-litert-pr2/tflite/../tflite/kernels/internal/optimized/optimized_ops.h:3661:62:   required from here
 3661 |     data_out.array() = data_in.array() * data_out.array().pow(-op_params.beta);
      |                                          ~~~~~~~~~~~~~~~~~~~~^~~~~~~~~~~~~~~~~
/work/s2602/build-pr2-gcc-14/eigen/Eigen/src/Core/functors/UnaryFunctors.h:1354:27: warning: ‘std::enable_if_t<(! IsExactlyRepresentable), void> Eigen::internal::scalar_unary_pow_op<Scalar, ExponentScalar, false, false, false, false>::check_is_representable() const [with bool IsExactlyRepresentable = false; Scalar = float; ExponentScalar = double; std::enable_if_t<(! IsExactlyRepresentable), void> = void]’ is deprecated [-Wdeprecated-declarations]
 1354 |     check_is_representable();
      |     ~~~~~~~~~~~~~~~~~~~~~~^~
/work/s2602/build-pr2-gcc-14/eigen/Eigen/src/Core/functors/UnaryFunctors.h:1350:68: note: declared here
 1350 |   EIGEN_DEPRECATED std::enable_if_t<!IsExactlyRepresentable, void> check_is_representable() const {}
      |                                                                    ^~~~~~~~~~~~~~~~~~~~~~
[ 87%] Building CXX object CMakeFiles/tensorflow-lite.dir/kernels/mfcc.cc.o
[ 87%] Building CXX object CMakeFiles/tensorflow-lite.dir/kernels/mirror_pad.cc.o
In file included from /work/s2602/build-pr2-gcc-14/eigen/Eigen/Core:314,
                 from /work/s2602/src/rvspoc-S2602-litert-pr2/tflite/../tflite/kernels/internal/optimized/optimized_ops.h:45,
                 from /work/s2602/src/rvspoc-S2602-litert-pr2/tflite/kernels/matrix_diag.cc:18:
/work/s2602/build-pr2-gcc-14/eigen/Eigen/src/Core/functors/UnaryFunctors.h: In instantiation of ‘Eigen::internal::scalar_unary_pow_op<Scalar, ExponentScalar, false, false, false, false>::scalar_unary_pow_op(const ExponentScalar&) [with Scalar = float; ExponentScalar = double]’:
/work/s2602/build-pr2-gcc-14/eigen/Eigen/src/Core/../plugins/ArrayCwiseUnaryOps.inc:543:66:   required from ‘Eigen::ArrayBase<Derived>::UnaryPowReturnType<ScalarExponent> Eigen::ArrayBase<Derived>::pow(const ScalarExponent&) const [with ScalarExponent = double; Derived = Eigen::ArrayWrapper<Eigen::Map<Eigen::Matrix<float, -1, -1>, 0, Eigen::Stride<0, 0> > >; UnaryPowReturnType<ScalarExponent> = Eigen::CwiseUnaryOp<Eigen::internal::scalar_unary_pow_op<float, double, false, false, false, false>, const Eigen::ArrayWrapper<Eigen::Map<Eigen::Matrix<float, -1, -1>, 0, Eigen::Stride<0, 0> > > >]’
  543 |   return UnaryPowReturnType<ScalarExponent>(derived(), internal::scalar_unary_pow_op<Scalar, ScalarExponent>(exponent));
      |                                                                  ^~~~~~~~~~~~~~~~~~~~~~~~~~~~~~~~~~~~~~~~~~~~~~~~~~~~~
/work/s2602/src/rvspoc-S2602-litert-pr2/tflite/../tflite/kernels/internal/optimized/optimized_ops.h:3661:62:   required from here
 3661 |     data_out.array() = data_in.array() * data_out.array().pow(-op_params.beta);
      |                                          ~~~~~~~~~~~~~~~~~~~~^~~~~~~~~~~~~~~~~
/work/s2602/build-pr2-gcc-14/eigen/Eigen/src/Core/functors/UnaryFunctors.h:1354:27: warning: ‘std::enable_if_t<(! IsExactlyRepresentable), void> Eigen::internal::scalar_unary_pow_op<Scalar, ExponentScalar, false, false, false, false>::check_is_representable() const [with bool IsExactlyRepresentable = false; Scalar = float; ExponentScalar = double; std::enable_if_t<(! IsExactlyRepresentable), void> = void]’ is deprecated [-Wdeprecated-declarations]
 1354 |     check_is_representable();
      |     ~~~~~~~~~~~~~~~~~~~~~~^~
/work/s2602/build-pr2-gcc-14/eigen/Eigen/src/Core/functors/UnaryFunctors.h:1350:68: note: declared here
 1350 |   EIGEN_DEPRECATED std::enable_if_t<!IsExactlyRepresentable, void> check_is_representable() const {}
      |                                                                    ^~~~~~~~~~~~~~~~~~~~~~
In file included from /work/s2602/build-pr2-gcc-14/eigen/Eigen/Core:314,
                 from /work/s2602/src/rvspoc-S2602-litert-pr2/tflite/../tflite/kernels/internal/optimized/optimized_ops.h:45,
                 from /work/s2602/src/rvspoc-S2602-litert-pr2/tflite/kernels/lstm.cc:28:
/work/s2602/build-pr2-gcc-14/eigen/Eigen/src/Core/functors/UnaryFunctors.h: In instantiation of ‘Eigen::internal::scalar_unary_pow_op<Scalar, ExponentScalar, false, false, false, false>::scalar_unary_pow_op(const ExponentScalar&) [with Scalar = float; ExponentScalar = double]’:
/work/s2602/build-pr2-gcc-14/eigen/Eigen/src/Core/../plugins/ArrayCwiseUnaryOps.inc:543:66:   required from ‘Eigen::ArrayBase<Derived>::UnaryPowReturnType<ScalarExponent> Eigen::ArrayBase<Derived>::pow(const ScalarExponent&) const [with ScalarExponent = double; Derived = Eigen::ArrayWrapper<Eigen::Map<Eigen::Matrix<float, -1, -1>, 0, Eigen::Stride<0, 0> > >; UnaryPowReturnType<ScalarExponent> = Eigen::CwiseUnaryOp<Eigen::internal::scalar_unary_pow_op<float, double, false, false, false, false>, const Eigen::ArrayWrapper<Eigen::Map<Eigen::Matrix<float, -1, -1>, 0, Eigen::Stride<0, 0> > > >]’
  543 |   return UnaryPowReturnType<ScalarExponent>(derived(), internal::scalar_unary_pow_op<Scalar, ScalarExponent>(exponent));
      |                                                                  ^~~~~~~~~~~~~~~~~~~~~~~~~~~~~~~~~~~~~~~~~~~~~~~~~~~~~
/work/s2602/src/rvspoc-S2602-litert-pr2/tflite/../tflite/kernels/internal/optimized/optimized_ops.h:3661:62:   required from here
 3661 |     data_out.array() = data_in.array() * data_out.array().pow(-op_params.beta);
      |                                          ~~~~~~~~~~~~~~~~~~~~^~~~~~~~~~~~~~~~~
/work/s2602/build-pr2-gcc-14/eigen/Eigen/src/Core/functors/UnaryFunctors.h:1354:27: warning: ‘std::enable_if_t<(! IsExactlyRepresentable), void> Eigen::internal::scalar_unary_pow_op<Scalar, ExponentScalar, false, false, false, false>::check_is_representable() const [with bool IsExactlyRepresentable = false; Scalar = float; ExponentScalar = double; std::enable_if_t<(! IsExactlyRepresentable), void> = void]’ is deprecated [-Wdeprecated-declarations]
 1354 |     check_is_representable();
      |     ~~~~~~~~~~~~~~~~~~~~~~^~
/work/s2602/build-pr2-gcc-14/eigen/Eigen/src/Core/functors/UnaryFunctors.h:1350:68: note: declared here
 1350 |   EIGEN_DEPRECATED std::enable_if_t<!IsExactlyRepresentable, void> check_is_representable() const {}
      |                                                                    ^~~~~~~~~~~~~~~~~~~~~~
[ 87%] Building CXX object CMakeFiles/tensorflow-lite.dir/kernels/mul.cc.o
In file included from /work/s2602/build-pr2-gcc-14/eigen/Eigen/Core:314,
                 from /work/s2602/src/rvspoc-S2602-litert-pr2/tflite/../tflite/kernels/internal/optimized/optimized_ops.h:45,
                 from /work/s2602/src/rvspoc-S2602-litert-pr2/tflite/kernels/lstm_eval.cc:34:
/work/s2602/build-pr2-gcc-14/eigen/Eigen/src/Core/functors/UnaryFunctors.h: In instantiation of ‘Eigen::internal::scalar_unary_pow_op<Scalar, ExponentScalar, false, false, false, false>::scalar_unary_pow_op(const ExponentScalar&) [with Scalar = float; ExponentScalar = double]’:
/work/s2602/build-pr2-gcc-14/eigen/Eigen/src/Core/../plugins/ArrayCwiseUnaryOps.inc:543:66:   required from ‘Eigen::ArrayBase<Derived>::UnaryPowReturnType<ScalarExponent> Eigen::ArrayBase<Derived>::pow(const ScalarExponent&) const [with ScalarExponent = double; Derived = Eigen::ArrayWrapper<Eigen::Map<Eigen::Matrix<float, -1, -1>, 0, Eigen::Stride<0, 0> > >; UnaryPowReturnType<ScalarExponent> = Eigen::CwiseUnaryOp<Eigen::internal::scalar_unary_pow_op<float, double, false, false, false, false>, const Eigen::ArrayWrapper<Eigen::Map<Eigen::Matrix<float, -1, -1>, 0, Eigen::Stride<0, 0> > > >]’
  543 |   return UnaryPowReturnType<ScalarExponent>(derived(), internal::scalar_unary_pow_op<Scalar, ScalarExponent>(exponent));
      |                                                                  ^~~~~~~~~~~~~~~~~~~~~~~~~~~~~~~~~~~~~~~~~~~~~~~~~~~~~
/work/s2602/src/rvspoc-S2602-litert-pr2/tflite/../tflite/kernels/internal/optimized/optimized_ops.h:3661:62:   required from here
 3661 |     data_out.array() = data_in.array() * data_out.array().pow(-op_params.beta);
      |                                          ~~~~~~~~~~~~~~~~~~~~^~~~~~~~~~~~~~~~~
/work/s2602/build-pr2-gcc-14/eigen/Eigen/src/Core/functors/UnaryFunctors.h:1354:27: warning: ‘std::enable_if_t<(! IsExactlyRepresentable), void> Eigen::internal::scalar_unary_pow_op<Scalar, ExponentScalar, false, false, false, false>::check_is_representable() const [with bool IsExactlyRepresentable = false; Scalar = float; ExponentScalar = double; std::enable_if_t<(! IsExactlyRepresentable), void> = void]’ is deprecated [-Wdeprecated-declarations]
 1354 |     check_is_representable();
      |     ~~~~~~~~~~~~~~~~~~~~~~^~
/work/s2602/build-pr2-gcc-14/eigen/Eigen/src/Core/functors/UnaryFunctors.h:1350:68: note: declared here
 1350 |   EIGEN_DEPRECATED std::enable_if_t<!IsExactlyRepresentable, void> check_is_representable() const {}
      |                                                                    ^~~~~~~~~~~~~~~~~~~~~~
In file included from /work/s2602/build-pr2-gcc-14/eigen/Eigen/Core:314,
                 from /work/s2602/src/rvspoc-S2602-litert-pr2/tflite/../tflite/kernels/internal/optimized/optimized_ops.h:45,
                 from /work/s2602/src/rvspoc-S2602-litert-pr2/tflite/kernels/matrix_set_diag.cc:18:
/work/s2602/build-pr2-gcc-14/eigen/Eigen/src/Core/functors/UnaryFunctors.h: In instantiation of ‘Eigen::internal::scalar_unary_pow_op<Scalar, ExponentScalar, false, false, false, false>::scalar_unary_pow_op(const ExponentScalar&) [with Scalar = float; ExponentScalar = double]’:
/work/s2602/build-pr2-gcc-14/eigen/Eigen/src/Core/../plugins/ArrayCwiseUnaryOps.inc:543:66:   required from ‘Eigen::ArrayBase<Derived>::UnaryPowReturnType<ScalarExponent> Eigen::ArrayBase<Derived>::pow(const ScalarExponent&) const [with ScalarExponent = double; Derived = Eigen::ArrayWrapper<Eigen::Map<Eigen::Matrix<float, -1, -1>, 0, Eigen::Stride<0, 0> > >; UnaryPowReturnType<ScalarExponent> = Eigen::CwiseUnaryOp<Eigen::internal::scalar_unary_pow_op<float, double, false, false, false, false>, const Eigen::ArrayWrapper<Eigen::Map<Eigen::Matrix<float, -1, -1>, 0, Eigen::Stride<0, 0> > > >]’
  543 |   return UnaryPowReturnType<ScalarExponent>(derived(), internal::scalar_unary_pow_op<Scalar, ScalarExponent>(exponent));
      |                                                                  ^~~~~~~~~~~~~~~~~~~~~~~~~~~~~~~~~~~~~~~~~~~~~~~~~~~~~
/work/s2602/src/rvspoc-S2602-litert-pr2/tflite/../tflite/kernels/internal/optimized/optimized_ops.h:3661:62:   required from here
 3661 |     data_out.array() = data_in.array() * data_out.array().pow(-op_params.beta);
      |                                          ~~~~~~~~~~~~~~~~~~~~^~~~~~~~~~~~~~~~~
/work/s2602/build-pr2-gcc-14/eigen/Eigen/src/Core/functors/UnaryFunctors.h:1354:27: warning: ‘std::enable_if_t<(! IsExactlyRepresentable), void> Eigen::internal::scalar_unary_pow_op<Scalar, ExponentScalar, false, false, false, false>::check_is_representable() const [with bool IsExactlyRepresentable = false; Scalar = float; ExponentScalar = double; std::enable_if_t<(! IsExactlyRepresentable), void> = void]’ is deprecated [-Wdeprecated-declarations]
 1354 |     check_is_representable();
      |     ~~~~~~~~~~~~~~~~~~~~~~^~
/work/s2602/build-pr2-gcc-14/eigen/Eigen/src/Core/functors/UnaryFunctors.h:1350:68: note: declared here
 1350 |   EIGEN_DEPRECATED std::enable_if_t<!IsExactlyRepresentable, void> check_is_representable() const {}
      |                                                                    ^~~~~~~~~~~~~~~~~~~~~~
In file included from /work/s2602/build-pr2-gcc-14/eigen/Eigen/Core:314,
                 from /work/s2602/src/rvspoc-S2602-litert-pr2/tflite/kernels/maximum_minimum.cc:19:
/work/s2602/build-pr2-gcc-14/eigen/Eigen/src/Core/functors/UnaryFunctors.h: In instantiation of ‘Eigen::internal::scalar_unary_pow_op<Scalar, ExponentScalar, false, false, false, false>::scalar_unary_pow_op(const ExponentScalar&) [with Scalar = float; ExponentScalar = double]’:
/work/s2602/build-pr2-gcc-14/eigen/Eigen/src/Core/../plugins/ArrayCwiseUnaryOps.inc:543:66:   required from ‘Eigen::ArrayBase<Derived>::UnaryPowReturnType<ScalarExponent> Eigen::ArrayBase<Derived>::pow(const ScalarExponent&) const [with ScalarExponent = double; Derived = Eigen::ArrayWrapper<Eigen::Map<Eigen::Matrix<float, -1, -1>, 0, Eigen::Stride<0, 0> > >; UnaryPowReturnType<ScalarExponent> = Eigen::CwiseUnaryOp<Eigen::internal::scalar_unary_pow_op<float, double, false, false, false, false>, const Eigen::ArrayWrapper<Eigen::Map<Eigen::Matrix<float, -1, -1>, 0, Eigen::Stride<0, 0> > > >]’
  543 |   return UnaryPowReturnType<ScalarExponent>(derived(), internal::scalar_unary_pow_op<Scalar, ScalarExponent>(exponent));
      |                                                                  ^~~~~~~~~~~~~~~~~~~~~~~~~~~~~~~~~~~~~~~~~~~~~~~~~~~~~
/work/s2602/src/rvspoc-S2602-litert-pr2/tflite/../tflite/kernels/internal/optimized/optimized_ops.h:3661:62:   required from here
 3661 |     data_out.array() = data_in.array() * data_out.array().pow(-op_params.beta);
      |                                          ~~~~~~~~~~~~~~~~~~~~^~~~~~~~~~~~~~~~~
/work/s2602/build-pr2-gcc-14/eigen/Eigen/src/Core/functors/UnaryFunctors.h:1354:27: warning: ‘std::enable_if_t<(! IsExactlyRepresentable), void> Eigen::internal::scalar_unary_pow_op<Scalar, ExponentScalar, false, false, false, false>::check_is_representable() const [with bool IsExactlyRepresentable = false; Scalar = float; ExponentScalar = double; std::enable_if_t<(! IsExactlyRepresentable), void> = void]’ is deprecated [-Wdeprecated-declarations]
 1354 |     check_is_representable();
      |     ~~~~~~~~~~~~~~~~~~~~~~^~
/work/s2602/build-pr2-gcc-14/eigen/Eigen/src/Core/functors/UnaryFunctors.h:1350:68: note: declared here
 1350 |   EIGEN_DEPRECATED std::enable_if_t<!IsExactlyRepresentable, void> check_is_representable() const {}
      |                                                                    ^~~~~~~~~~~~~~~~~~~~~~
[ 87%] Building CXX object CMakeFiles/tensorflow-lite.dir/kernels/multinomial.cc.o
[ 87%] Building CXX object CMakeFiles/tensorflow-lite.dir/kernels/neg.cc.o
In file included from /work/s2602/build-pr2-gcc-14/eigen/Eigen/Core:314,
                 from /work/s2602/src/rvspoc-S2602-litert-pr2/tflite/../tflite/kernels/internal/optimized/optimized_ops.h:45,
                 from /work/s2602/src/rvspoc-S2602-litert-pr2/tflite/kernels/mfcc.cc:27:
/work/s2602/build-pr2-gcc-14/eigen/Eigen/src/Core/functors/UnaryFunctors.h: In instantiation of ‘Eigen::internal::scalar_unary_pow_op<Scalar, ExponentScalar, false, false, false, false>::scalar_unary_pow_op(const ExponentScalar&) [with Scalar = float; ExponentScalar = double]’:
/work/s2602/build-pr2-gcc-14/eigen/Eigen/src/Core/../plugins/ArrayCwiseUnaryOps.inc:543:66:   required from ‘Eigen::ArrayBase<Derived>::UnaryPowReturnType<ScalarExponent> Eigen::ArrayBase<Derived>::pow(const ScalarExponent&) const [with ScalarExponent = double; Derived = Eigen::ArrayWrapper<Eigen::Map<Eigen::Matrix<float, -1, -1>, 0, Eigen::Stride<0, 0> > >; UnaryPowReturnType<ScalarExponent> = Eigen::CwiseUnaryOp<Eigen::internal::scalar_unary_pow_op<float, double, false, false, false, false>, const Eigen::ArrayWrapper<Eigen::Map<Eigen::Matrix<float, -1, -1>, 0, Eigen::Stride<0, 0> > > >]’
  543 |   return UnaryPowReturnType<ScalarExponent>(derived(), internal::scalar_unary_pow_op<Scalar, ScalarExponent>(exponent));
      |                                                                  ^~~~~~~~~~~~~~~~~~~~~~~~~~~~~~~~~~~~~~~~~~~~~~~~~~~~~
/work/s2602/src/rvspoc-S2602-litert-pr2/tflite/../tflite/kernels/internal/optimized/optimized_ops.h:3661:62:   required from here
 3661 |     data_out.array() = data_in.array() * data_out.array().pow(-op_params.beta);
      |                                          ~~~~~~~~~~~~~~~~~~~~^~~~~~~~~~~~~~~~~
/work/s2602/build-pr2-gcc-14/eigen/Eigen/src/Core/functors/UnaryFunctors.h:1354:27: warning: ‘std::enable_if_t<(! IsExactlyRepresentable), void> Eigen::internal::scalar_unary_pow_op<Scalar, ExponentScalar, false, false, false, false>::check_is_representable() const [with bool IsExactlyRepresentable = false; Scalar = float; ExponentScalar = double; std::enable_if_t<(! IsExactlyRepresentable), void> = void]’ is deprecated [-Wdeprecated-declarations]
 1354 |     check_is_representable();
      |     ~~~~~~~~~~~~~~~~~~~~~~^~
/work/s2602/build-pr2-gcc-14/eigen/Eigen/src/Core/functors/UnaryFunctors.h:1350:68: note: declared here
 1350 |   EIGEN_DEPRECATED std::enable_if_t<!IsExactlyRepresentable, void> check_is_representable() const {}
      |                                                                    ^~~~~~~~~~~~~~~~~~~~~~
[ 87%] Building CXX object CMakeFiles/tensorflow-lite.dir/kernels/non_max_suppression.cc.o
[ 87%] Building CXX object CMakeFiles/tensorflow-lite.dir/kernels/numeric_verify.cc.o
[ 87%] Building CXX object CMakeFiles/tensorflow-lite.dir/kernels/one_hot.cc.o
In file included from /work/s2602/build-pr2-gcc-14/eigen/Eigen/Core:314,
                 from /work/s2602/src/rvspoc-S2602-litert-pr2/tflite/../tflite/kernels/internal/optimized/optimized_ops.h:45,
                 from /work/s2602/src/rvspoc-S2602-litert-pr2/tflite/kernels/mirror_pad.cc:28:
/work/s2602/build-pr2-gcc-14/eigen/Eigen/src/Core/functors/UnaryFunctors.h: In instantiation of ‘Eigen::internal::scalar_unary_pow_op<Scalar, ExponentScalar, false, false, false, false>::scalar_unary_pow_op(const ExponentScalar&) [with Scalar = float; ExponentScalar = double]’:
/work/s2602/build-pr2-gcc-14/eigen/Eigen/src/Core/../plugins/ArrayCwiseUnaryOps.inc:543:66:   required from ‘Eigen::ArrayBase<Derived>::UnaryPowReturnType<ScalarExponent> Eigen::ArrayBase<Derived>::pow(const ScalarExponent&) const [with ScalarExponent = double; Derived = Eigen::ArrayWrapper<Eigen::Map<Eigen::Matrix<float, -1, -1>, 0, Eigen::Stride<0, 0> > >; UnaryPowReturnType<ScalarExponent> = Eigen::CwiseUnaryOp<Eigen::internal::scalar_unary_pow_op<float, double, false, false, false, false>, const Eigen::ArrayWrapper<Eigen::Map<Eigen::Matrix<float, -1, -1>, 0, Eigen::Stride<0, 0> > > >]’
  543 |   return UnaryPowReturnType<ScalarExponent>(derived(), internal::scalar_unary_pow_op<Scalar, ScalarExponent>(exponent));
      |                                                                  ^~~~~~~~~~~~~~~~~~~~~~~~~~~~~~~~~~~~~~~~~~~~~~~~~~~~~
/work/s2602/src/rvspoc-S2602-litert-pr2/tflite/../tflite/kernels/internal/optimized/optimized_ops.h:3661:62:   required from here
 3661 |     data_out.array() = data_in.array() * data_out.array().pow(-op_params.beta);
      |                                          ~~~~~~~~~~~~~~~~~~~~^~~~~~~~~~~~~~~~~
/work/s2602/build-pr2-gcc-14/eigen/Eigen/src/Core/functors/UnaryFunctors.h:1354:27: warning: ‘std::enable_if_t<(! IsExactlyRepresentable), void> Eigen::internal::scalar_unary_pow_op<Scalar, ExponentScalar, false, false, false, false>::check_is_representable() const [with bool IsExactlyRepresentable = false; Scalar = float; ExponentScalar = double; std::enable_if_t<(! IsExactlyRepresentable), void> = void]’ is deprecated [-Wdeprecated-declarations]
 1354 |     check_is_representable();
      |     ~~~~~~~~~~~~~~~~~~~~~~^~
/work/s2602/build-pr2-gcc-14/eigen/Eigen/src/Core/functors/UnaryFunctors.h:1350:68: note: declared here
 1350 |   EIGEN_DEPRECATED std::enable_if_t<!IsExactlyRepresentable, void> check_is_representable() const {}
      |                                                                    ^~~~~~~~~~~~~~~~~~~~~~
[ 87%] Building CXX object CMakeFiles/tensorflow-lite.dir/kernels/pack.cc.o
In file included from /work/s2602/build-pr2-gcc-14/eigen/Eigen/Core:314,
                 from /work/s2602/src/rvspoc-S2602-litert-pr2/tflite/../tflite/kernels/internal/optimized/optimized_ops.h:45,
                 from /work/s2602/src/rvspoc-S2602-litert-pr2/tflite/../tflite/kernels/internal/optimized/integer_ops/mul.h:27,
                 from /work/s2602/src/rvspoc-S2602-litert-pr2/tflite/kernels/mul.cc:15:
/work/s2602/build-pr2-gcc-14/eigen/Eigen/src/Core/functors/UnaryFunctors.h: In instantiation of ‘Eigen::internal::scalar_unary_pow_op<Scalar, ExponentScalar, false, false, false, false>::scalar_unary_pow_op(const ExponentScalar&) [with Scalar = float; ExponentScalar = double]’:
/work/s2602/build-pr2-gcc-14/eigen/Eigen/src/Core/../plugins/ArrayCwiseUnaryOps.inc:543:66:   required from ‘Eigen::ArrayBase<Derived>::UnaryPowReturnType<ScalarExponent> Eigen::ArrayBase<Derived>::pow(const ScalarExponent&) const [with ScalarExponent = double; Derived = Eigen::ArrayWrapper<Eigen::Map<Eigen::Matrix<float, -1, -1>, 0, Eigen::Stride<0, 0> > >; UnaryPowReturnType<ScalarExponent> = Eigen::CwiseUnaryOp<Eigen::internal::scalar_unary_pow_op<float, double, false, false, false, false>, const Eigen::ArrayWrapper<Eigen::Map<Eigen::Matrix<float, -1, -1>, 0, Eigen::Stride<0, 0> > > >]’
  543 |   return UnaryPowReturnType<ScalarExponent>(derived(), internal::scalar_unary_pow_op<Scalar, ScalarExponent>(exponent));
      |                                                                  ^~~~~~~~~~~~~~~~~~~~~~~~~~~~~~~~~~~~~~~~~~~~~~~~~~~~~
/work/s2602/src/rvspoc-S2602-litert-pr2/tflite/../tflite/kernels/internal/optimized/optimized_ops.h:3661:62:   required from here
 3661 |     data_out.array() = data_in.array() * data_out.array().pow(-op_params.beta);
      |                                          ~~~~~~~~~~~~~~~~~~~~^~~~~~~~~~~~~~~~~
/work/s2602/build-pr2-gcc-14/eigen/Eigen/src/Core/functors/UnaryFunctors.h:1354:27: warning: ‘std::enable_if_t<(! IsExactlyRepresentable), void> Eigen::internal::scalar_unary_pow_op<Scalar, ExponentScalar, false, false, false, false>::check_is_representable() const [with bool IsExactlyRepresentable = false; Scalar = float; ExponentScalar = double; std::enable_if_t<(! IsExactlyRepresentable), void> = void]’ is deprecated [-Wdeprecated-declarations]
 1354 |     check_is_representable();
      |     ~~~~~~~~~~~~~~~~~~~~~~^~
/work/s2602/build-pr2-gcc-14/eigen/Eigen/src/Core/functors/UnaryFunctors.h:1350:68: note: declared here
 1350 |   EIGEN_DEPRECATED std::enable_if_t<!IsExactlyRepresentable, void> check_is_representable() const {}
      |                                                                    ^~~~~~~~~~~~~~~~~~~~~~
[ 87%] Building CXX object CMakeFiles/tensorflow-lite.dir/kernels/pad.cc.o
[ 87%] Building CXX object CMakeFiles/tensorflow-lite.dir/kernels/pooling.cc.o
[ 87%] Building CXX object CMakeFiles/tensorflow-lite.dir/kernels/pooling3d.cc.o
In file included from /work/s2602/build-pr2-gcc-14/eigen/Eigen/Core:314,
                 from /work/s2602/src/rvspoc-S2602-litert-pr2/tflite/../tflite/kernels/internal/optimized/optimized_ops.h:45,
                 from /work/s2602/src/rvspoc-S2602-litert-pr2/tflite/kernels/neg.cc:21:
/work/s2602/build-pr2-gcc-14/eigen/Eigen/src/Core/functors/UnaryFunctors.h: In instantiation of ‘Eigen::internal::scalar_unary_pow_op<Scalar, ExponentScalar, false, false, false, false>::scalar_unary_pow_op(const ExponentScalar&) [with Scalar = float; ExponentScalar = double]’:
/work/s2602/build-pr2-gcc-14/eigen/Eigen/src/Core/../plugins/ArrayCwiseUnaryOps.inc:543:66:   required from ‘Eigen::ArrayBase<Derived>::UnaryPowReturnType<ScalarExponent> Eigen::ArrayBase<Derived>::pow(const ScalarExponent&) const [with ScalarExponent = double; Derived = Eigen::ArrayWrapper<Eigen::Map<Eigen::Matrix<float, -1, -1>, 0, Eigen::Stride<0, 0> > >; UnaryPowReturnType<ScalarExponent> = Eigen::CwiseUnaryOp<Eigen::internal::scalar_unary_pow_op<float, double, false, false, false, false>, const Eigen::ArrayWrapper<Eigen::Map<Eigen::Matrix<float, -1, -1>, 0, Eigen::Stride<0, 0> > > >]’
  543 |   return UnaryPowReturnType<ScalarExponent>(derived(), internal::scalar_unary_pow_op<Scalar, ScalarExponent>(exponent));
      |                                                                  ^~~~~~~~~~~~~~~~~~~~~~~~~~~~~~~~~~~~~~~~~~~~~~~~~~~~~
/work/s2602/src/rvspoc-S2602-litert-pr2/tflite/../tflite/kernels/internal/optimized/optimized_ops.h:3661:62:   required from here
 3661 |     data_out.array() = data_in.array() * data_out.array().pow(-op_params.beta);
      |                                          ~~~~~~~~~~~~~~~~~~~~^~~~~~~~~~~~~~~~~
/work/s2602/build-pr2-gcc-14/eigen/Eigen/src/Core/functors/UnaryFunctors.h:1354:27: warning: ‘std::enable_if_t<(! IsExactlyRepresentable), void> Eigen::internal::scalar_unary_pow_op<Scalar, ExponentScalar, false, false, false, false>::check_is_representable() const [with bool IsExactlyRepresentable = false; Scalar = float; ExponentScalar = double; std::enable_if_t<(! IsExactlyRepresentable), void> = void]’ is deprecated [-Wdeprecated-declarations]
 1354 |     check_is_representable();
      |     ~~~~~~~~~~~~~~~~~~~~~~^~
/work/s2602/build-pr2-gcc-14/eigen/Eigen/src/Core/functors/UnaryFunctors.h:1350:68: note: declared here
 1350 |   EIGEN_DEPRECATED std::enable_if_t<!IsExactlyRepresentable, void> check_is_representable() const {}
      |                                                                    ^~~~~~~~~~~~~~~~~~~~~~
In file included from /work/s2602/build-pr2-gcc-14/eigen/Eigen/Core:314,
                 from /work/s2602/src/rvspoc-S2602-litert-pr2/tflite/../tflite/kernels/dequantize.h:22,
                 from /work/s2602/src/rvspoc-S2602-litert-pr2/tflite/kernels/numeric_verify.cc:26:
/work/s2602/build-pr2-gcc-14/eigen/Eigen/src/Core/functors/UnaryFunctors.h: In instantiation of ‘Eigen::internal::scalar_unary_pow_op<Scalar, ExponentScalar, false, false, false, false>::scalar_unary_pow_op(const ExponentScalar&) [with Scalar = float; ExponentScalar = double]’:
/work/s2602/build-pr2-gcc-14/eigen/Eigen/src/Core/../plugins/ArrayCwiseUnaryOps.inc:543:66:   required from ‘Eigen::ArrayBase<Derived>::UnaryPowReturnType<ScalarExponent> Eigen::ArrayBase<Derived>::pow(const ScalarExponent&) const [with ScalarExponent = double; Derived = Eigen::ArrayWrapper<Eigen::Map<Eigen::Matrix<float, -1, -1>, 0, Eigen::Stride<0, 0> > >; UnaryPowReturnType<ScalarExponent> = Eigen::CwiseUnaryOp<Eigen::internal::scalar_unary_pow_op<float, double, false, false, false, false>, const Eigen::ArrayWrapper<Eigen::Map<Eigen::Matrix<float, -1, -1>, 0, Eigen::Stride<0, 0> > > >]’
  543 |   return UnaryPowReturnType<ScalarExponent>(derived(), internal::scalar_unary_pow_op<Scalar, ScalarExponent>(exponent));
      |                                                                  ^~~~~~~~~~~~~~~~~~~~~~~~~~~~~~~~~~~~~~~~~~~~~~~~~~~~~
/work/s2602/src/rvspoc-S2602-litert-pr2/tflite/../tflite/kernels/internal/optimized/optimized_ops.h:3661:62:   required from here
 3661 |     data_out.array() = data_in.array() * data_out.array().pow(-op_params.beta);
      |                                          ~~~~~~~~~~~~~~~~~~~~^~~~~~~~~~~~~~~~~
/work/s2602/build-pr2-gcc-14/eigen/Eigen/src/Core/functors/UnaryFunctors.h:1354:27: warning: ‘std::enable_if_t<(! IsExactlyRepresentable), void> Eigen::internal::scalar_unary_pow_op<Scalar, ExponentScalar, false, false, false, false>::check_is_representable() const [with bool IsExactlyRepresentable = false; Scalar = float; ExponentScalar = double; std::enable_if_t<(! IsExactlyRepresentable), void> = void]’ is deprecated [-Wdeprecated-declarations]
 1354 |     check_is_representable();
      |     ~~~~~~~~~~~~~~~~~~~~~~^~
/work/s2602/build-pr2-gcc-14/eigen/Eigen/src/Core/functors/UnaryFunctors.h:1350:68: note: declared here
 1350 |   EIGEN_DEPRECATED std::enable_if_t<!IsExactlyRepresentable, void> check_is_representable() const {}
      |                                                                    ^~~~~~~~~~~~~~~~~~~~~~
[ 87%] Building CXX object CMakeFiles/tensorflow-lite.dir/kernels/pow.cc.o
[ 87%] Building CXX object CMakeFiles/tensorflow-lite.dir/kernels/quantize.cc.o
[ 87%] Building CXX object CMakeFiles/tensorflow-lite.dir/kernels/random_ops.cc.o
In file included from /work/s2602/build-pr2-gcc-14/eigen/Eigen/Core:314,
                 from /work/s2602/src/rvspoc-S2602-litert-pr2/tflite/../tflite/kernels/internal/optimized/optimized_ops.h:45,
                 from /work/s2602/src/rvspoc-S2602-litert-pr2/tflite/kernels/pad.cc:24:
/work/s2602/build-pr2-gcc-14/eigen/Eigen/src/Core/functors/UnaryFunctors.h: In instantiation of ‘Eigen::internal::scalar_unary_pow_op<Scalar, ExponentScalar, false, false, false, false>::scalar_unary_pow_op(const ExponentScalar&) [with Scalar = float; ExponentScalar = double]’:
/work/s2602/build-pr2-gcc-14/eigen/Eigen/src/Core/../plugins/ArrayCwiseUnaryOps.inc:543:66:   required from ‘Eigen::ArrayBase<Derived>::UnaryPowReturnType<ScalarExponent> Eigen::ArrayBase<Derived>::pow(const ScalarExponent&) const [with ScalarExponent = double; Derived = Eigen::ArrayWrapper<Eigen::Map<Eigen::Matrix<float, -1, -1>, 0, Eigen::Stride<0, 0> > >; UnaryPowReturnType<ScalarExponent> = Eigen::CwiseUnaryOp<Eigen::internal::scalar_unary_pow_op<float, double, false, false, false, false>, const Eigen::ArrayWrapper<Eigen::Map<Eigen::Matrix<float, -1, -1>, 0, Eigen::Stride<0, 0> > > >]’
  543 |   return UnaryPowReturnType<ScalarExponent>(derived(), internal::scalar_unary_pow_op<Scalar, ScalarExponent>(exponent));
      |                                                                  ^~~~~~~~~~~~~~~~~~~~~~~~~~~~~~~~~~~~~~~~~~~~~~~~~~~~~
/work/s2602/src/rvspoc-S2602-litert-pr2/tflite/../tflite/kernels/internal/optimized/optimized_ops.h:3661:62:   required from here
 3661 |     data_out.array() = data_in.array() * data_out.array().pow(-op_params.beta);
      |                                          ~~~~~~~~~~~~~~~~~~~~^~~~~~~~~~~~~~~~~
/work/s2602/build-pr2-gcc-14/eigen/Eigen/src/Core/functors/UnaryFunctors.h:1354:27: warning: ‘std::enable_if_t<(! IsExactlyRepresentable), void> Eigen::internal::scalar_unary_pow_op<Scalar, ExponentScalar, false, false, false, false>::check_is_representable() const [with bool IsExactlyRepresentable = false; Scalar = float; ExponentScalar = double; std::enable_if_t<(! IsExactlyRepresentable), void> = void]’ is deprecated [-Wdeprecated-declarations]
 1354 |     check_is_representable();
      |     ~~~~~~~~~~~~~~~~~~~~~~^~
/work/s2602/build-pr2-gcc-14/eigen/Eigen/src/Core/functors/UnaryFunctors.h:1350:68: note: declared here
 1350 |   EIGEN_DEPRECATED std::enable_if_t<!IsExactlyRepresentable, void> check_is_representable() const {}
      |                                                                    ^~~~~~~~~~~~~~~~~~~~~~
[ 87%] Building CXX object CMakeFiles/tensorflow-lite.dir/kernels/random_standard_normal_custom.cc.o
[ 87%] Building CXX object CMakeFiles/tensorflow-lite.dir/kernels/random_uniform_custom.cc.o
[ 89%] Building CXX object CMakeFiles/tensorflow-lite.dir/kernels/range.cc.o
[ 89%] Building CXX object CMakeFiles/tensorflow-lite.dir/kernels/rank.cc.o
In file included from /work/s2602/build-pr2-gcc-14/eigen/Eigen/Core:314,
                 from /work/s2602/src/rvspoc-S2602-litert-pr2/tflite/../tflite/kernels/internal/reference/reference_ops.h:29,
                 from /work/s2602/src/rvspoc-S2602-litert-pr2/tflite/../tflite/kernels/internal/optimized/integer_ops/pooling.h:30,
                 from /work/s2602/src/rvspoc-S2602-litert-pr2/tflite/kernels/pooling.cc:15:
/work/s2602/build-pr2-gcc-14/eigen/Eigen/src/Core/functors/UnaryFunctors.h: In instantiation of ‘Eigen::internal::scalar_unary_pow_op<Scalar, ExponentScalar, false, false, false, false>::scalar_unary_pow_op(const ExponentScalar&) [with Scalar = float; ExponentScalar = double]’:
/work/s2602/build-pr2-gcc-14/eigen/Eigen/src/Core/../plugins/ArrayCwiseUnaryOps.inc:543:66:   required from ‘Eigen::ArrayBase<Derived>::UnaryPowReturnType<ScalarExponent> Eigen::ArrayBase<Derived>::pow(const ScalarExponent&) const [with ScalarExponent = double; Derived = Eigen::ArrayWrapper<Eigen::Map<Eigen::Matrix<float, -1, -1>, 0, Eigen::Stride<0, 0> > >; UnaryPowReturnType<ScalarExponent> = Eigen::CwiseUnaryOp<Eigen::internal::scalar_unary_pow_op<float, double, false, false, false, false>, const Eigen::ArrayWrapper<Eigen::Map<Eigen::Matrix<float, -1, -1>, 0, Eigen::Stride<0, 0> > > >]’
  543 |   return UnaryPowReturnType<ScalarExponent>(derived(), internal::scalar_unary_pow_op<Scalar, ScalarExponent>(exponent));
      |                                                                  ^~~~~~~~~~~~~~~~~~~~~~~~~~~~~~~~~~~~~~~~~~~~~~~~~~~~~
/work/s2602/src/rvspoc-S2602-litert-pr2/tflite/../tflite/kernels/internal/optimized/optimized_ops.h:3661:62:   required from here
 3661 |     data_out.array() = data_in.array() * data_out.array().pow(-op_params.beta);
      |                                          ~~~~~~~~~~~~~~~~~~~~^~~~~~~~~~~~~~~~~
/work/s2602/build-pr2-gcc-14/eigen/Eigen/src/Core/functors/UnaryFunctors.h:1354:27: warning: ‘std::enable_if_t<(! IsExactlyRepresentable), void> Eigen::internal::scalar_unary_pow_op<Scalar, ExponentScalar, false, false, false, false>::check_is_representable() const [with bool IsExactlyRepresentable = false; Scalar = float; ExponentScalar = double; std::enable_if_t<(! IsExactlyRepresentable), void> = void]’ is deprecated [-Wdeprecated-declarations]
 1354 |     check_is_representable();
      |     ~~~~~~~~~~~~~~~~~~~~~~^~
/work/s2602/build-pr2-gcc-14/eigen/Eigen/src/Core/functors/UnaryFunctors.h:1350:68: note: declared here
 1350 |   EIGEN_DEPRECATED std::enable_if_t<!IsExactlyRepresentable, void> check_is_representable() const {}
      |                                                                    ^~~~~~~~~~~~~~~~~~~~~~
[ 89%] Building CXX object CMakeFiles/tensorflow-lite.dir/kernels/read_variable.cc.o
[ 89%] Building CXX object CMakeFiles/tensorflow-lite.dir/kernels/reduce.cc.o
[ 89%] Building CXX object CMakeFiles/tensorflow-lite.dir/kernels/register_ref.cc.o
[ 89%] Building CXX object CMakeFiles/tensorflow-lite.dir/kernels/reshape.cc.o
In file included from /work/s2602/build-pr2-gcc-14/eigen/Eigen/Core:314,
                 from /work/s2602/src/rvspoc-S2602-litert-pr2/tflite/../tflite/kernels/internal/optimized/optimized_ops.h:45,
                 from /work/s2602/src/rvspoc-S2602-litert-pr2/tflite/kernels/pow.cc:19:
/work/s2602/build-pr2-gcc-14/eigen/Eigen/src/Core/functors/UnaryFunctors.h: In instantiation of ‘Eigen::internal::scalar_unary_pow_op<Scalar, ExponentScalar, false, false, false, false>::scalar_unary_pow_op(const ExponentScalar&) [with Scalar = float; ExponentScalar = double]’:
/work/s2602/build-pr2-gcc-14/eigen/Eigen/src/Core/../plugins/ArrayCwiseUnaryOps.inc:543:66:   required from ‘Eigen::ArrayBase<Derived>::UnaryPowReturnType<ScalarExponent> Eigen::ArrayBase<Derived>::pow(const ScalarExponent&) const [with ScalarExponent = double; Derived = Eigen::ArrayWrapper<Eigen::Map<Eigen::Matrix<float, -1, -1>, 0, Eigen::Stride<0, 0> > >; UnaryPowReturnType<ScalarExponent> = Eigen::CwiseUnaryOp<Eigen::internal::scalar_unary_pow_op<float, double, false, false, false, false>, const Eigen::ArrayWrapper<Eigen::Map<Eigen::Matrix<float, -1, -1>, 0, Eigen::Stride<0, 0> > > >]’
  543 |   return UnaryPowReturnType<ScalarExponent>(derived(), internal::scalar_unary_pow_op<Scalar, ScalarExponent>(exponent));
      |                                                                  ^~~~~~~~~~~~~~~~~~~~~~~~~~~~~~~~~~~~~~~~~~~~~~~~~~~~~
/work/s2602/src/rvspoc-S2602-litert-pr2/tflite/../tflite/kernels/internal/optimized/optimized_ops.h:3661:62:   required from here
 3661 |     data_out.array() = data_in.array() * data_out.array().pow(-op_params.beta);
      |                                          ~~~~~~~~~~~~~~~~~~~~^~~~~~~~~~~~~~~~~
/work/s2602/build-pr2-gcc-14/eigen/Eigen/src/Core/functors/UnaryFunctors.h:1354:27: warning: ‘std::enable_if_t<(! IsExactlyRepresentable), void> Eigen::internal::scalar_unary_pow_op<Scalar, ExponentScalar, false, false, false, false>::check_is_representable() const [with bool IsExactlyRepresentable = false; Scalar = float; ExponentScalar = double; std::enable_if_t<(! IsExactlyRepresentable), void> = void]’ is deprecated [-Wdeprecated-declarations]
 1354 |     check_is_representable();
      |     ~~~~~~~~~~~~~~~~~~~~~~^~
/work/s2602/build-pr2-gcc-14/eigen/Eigen/src/Core/functors/UnaryFunctors.h:1350:68: note: declared here
 1350 |   EIGEN_DEPRECATED std::enable_if_t<!IsExactlyRepresentable, void> check_is_representable() const {}
      |                                                                    ^~~~~~~~~~~~~~~~~~~~~~
[ 89%] Building CXX object CMakeFiles/tensorflow-lite.dir/kernels/resize_bilinear.cc.o
[ 89%] Building CXX object CMakeFiles/tensorflow-lite.dir/kernels/resize_nearest_neighbor.cc.o
[ 89%] Building CXX object CMakeFiles/tensorflow-lite.dir/kernels/reverse.cc.o
In file included from /work/s2602/build-pr2-gcc-14/eigen/Eigen/Core:314,
                 from /work/s2602/src/rvspoc-S2602-litert-pr2/tflite/../tflite/kernels/internal/optimized/optimized_ops.h:45,
                 from /work/s2602/src/rvspoc-S2602-litert-pr2/tflite/kernels/quantize.cc:22:
/work/s2602/build-pr2-gcc-14/eigen/Eigen/src/Core/functors/UnaryFunctors.h: In instantiation of ‘Eigen::internal::scalar_unary_pow_op<Scalar, ExponentScalar, false, false, false, false>::scalar_unary_pow_op(const ExponentScalar&) [with Scalar = float; ExponentScalar = double]’:
/work/s2602/build-pr2-gcc-14/eigen/Eigen/src/Core/../plugins/ArrayCwiseUnaryOps.inc:543:66:   required from ‘Eigen::ArrayBase<Derived>::UnaryPowReturnType<ScalarExponent> Eigen::ArrayBase<Derived>::pow(const ScalarExponent&) const [with ScalarExponent = double; Derived = Eigen::ArrayWrapper<Eigen::Map<Eigen::Matrix<float, -1, -1>, 0, Eigen::Stride<0, 0> > >; UnaryPowReturnType<ScalarExponent> = Eigen::CwiseUnaryOp<Eigen::internal::scalar_unary_pow_op<float, double, false, false, false, false>, const Eigen::ArrayWrapper<Eigen::Map<Eigen::Matrix<float, -1, -1>, 0, Eigen::Stride<0, 0> > > >]’
  543 |   return UnaryPowReturnType<ScalarExponent>(derived(), internal::scalar_unary_pow_op<Scalar, ScalarExponent>(exponent));
      |                                                                  ^~~~~~~~~~~~~~~~~~~~~~~~~~~~~~~~~~~~~~~~~~~~~~~~~~~~~
/work/s2602/src/rvspoc-S2602-litert-pr2/tflite/../tflite/kernels/internal/optimized/optimized_ops.h:3661:62:   required from here
 3661 |     data_out.array() = data_in.array() * data_out.array().pow(-op_params.beta);
      |                                          ~~~~~~~~~~~~~~~~~~~~^~~~~~~~~~~~~~~~~
/work/s2602/build-pr2-gcc-14/eigen/Eigen/src/Core/functors/UnaryFunctors.h:1354:27: warning: ‘std::enable_if_t<(! IsExactlyRepresentable), void> Eigen::internal::scalar_unary_pow_op<Scalar, ExponentScalar, false, false, false, false>::check_is_representable() const [with bool IsExactlyRepresentable = false; Scalar = float; ExponentScalar = double; std::enable_if_t<(! IsExactlyRepresentable), void> = void]’ is deprecated [-Wdeprecated-declarations]
 1354 |     check_is_representable();
      |     ~~~~~~~~~~~~~~~~~~~~~~^~
/work/s2602/build-pr2-gcc-14/eigen/Eigen/src/Core/functors/UnaryFunctors.h:1350:68: note: declared here
 1350 |   EIGEN_DEPRECATED std::enable_if_t<!IsExactlyRepresentable, void> check_is_representable() const {}
      |                                                                    ^~~~~~~~~~~~~~~~~~~~~~
[ 89%] Building CXX object CMakeFiles/tensorflow-lite.dir/kernels/reverse_sequence.cc.o
[ 89%] Building CXX object CMakeFiles/tensorflow-lite.dir/kernels/rfft2d.cc.o
[ 89%] Building CXX object CMakeFiles/tensorflow-lite.dir/kernels/right_shift.cc.o
[ 89%] Building CXX object CMakeFiles/tensorflow-lite.dir/kernels/rng_bit_generator.cc.o
[ 89%] Building CXX object CMakeFiles/tensorflow-lite.dir/kernels/rng_util.cc.o
[ 89%] Building CXX object CMakeFiles/tensorflow-lite.dir/kernels/roll.cc.o
[ 89%] Building CXX object CMakeFiles/tensorflow-lite.dir/kernels/round.cc.o
In file included from /work/s2602/build-pr2-gcc-14/eigen/Eigen/Core:314,
                 from /work/s2602/src/rvspoc-S2602-litert-pr2/tflite/../tflite/kernels/internal/optimized/optimized_ops.h:45,
                 from /work/s2602/src/rvspoc-S2602-litert-pr2/tflite/../tflite/kernels/internal/optimized/integer_ops/mean.h:23,
                 from /work/s2602/src/rvspoc-S2602-litert-pr2/tflite/kernels/reduce.cc:28:
/work/s2602/build-pr2-gcc-14/eigen/Eigen/src/Core/functors/UnaryFunctors.h: In instantiation of ‘Eigen::internal::scalar_unary_pow_op<Scalar, ExponentScalar, false, false, false, false>::scalar_unary_pow_op(const ExponentScalar&) [with Scalar = float; ExponentScalar = double]’:
/work/s2602/build-pr2-gcc-14/eigen/Eigen/src/Core/../plugins/ArrayCwiseUnaryOps.inc:543:66:   required from ‘Eigen::ArrayBase<Derived>::UnaryPowReturnType<ScalarExponent> Eigen::ArrayBase<Derived>::pow(const ScalarExponent&) const [with ScalarExponent = double; Derived = Eigen::ArrayWrapper<Eigen::Map<Eigen::Matrix<float, -1, -1>, 0, Eigen::Stride<0, 0> > >; UnaryPowReturnType<ScalarExponent> = Eigen::CwiseUnaryOp<Eigen::internal::scalar_unary_pow_op<float, double, false, false, false, false>, const Eigen::ArrayWrapper<Eigen::Map<Eigen::Matrix<float, -1, -1>, 0, Eigen::Stride<0, 0> > > >]’
  543 |   return UnaryPowReturnType<ScalarExponent>(derived(), internal::scalar_unary_pow_op<Scalar, ScalarExponent>(exponent));
      |                                                                  ^~~~~~~~~~~~~~~~~~~~~~~~~~~~~~~~~~~~~~~~~~~~~~~~~~~~~
/work/s2602/src/rvspoc-S2602-litert-pr2/tflite/../tflite/kernels/internal/optimized/optimized_ops.h:3661:62:   required from here
 3661 |     data_out.array() = data_in.array() * data_out.array().pow(-op_params.beta);
      |                                          ~~~~~~~~~~~~~~~~~~~~^~~~~~~~~~~~~~~~~
/work/s2602/build-pr2-gcc-14/eigen/Eigen/src/Core/functors/UnaryFunctors.h:1354:27: warning: ‘std::enable_if_t<(! IsExactlyRepresentable), void> Eigen::internal::scalar_unary_pow_op<Scalar, ExponentScalar, false, false, false, false>::check_is_representable() const [with bool IsExactlyRepresentable = false; Scalar = float; ExponentScalar = double; std::enable_if_t<(! IsExactlyRepresentable), void> = void]’ is deprecated [-Wdeprecated-declarations]
 1354 |     check_is_representable();
      |     ~~~~~~~~~~~~~~~~~~~~~~^~
/work/s2602/build-pr2-gcc-14/eigen/Eigen/src/Core/functors/UnaryFunctors.h:1350:68: note: declared here
 1350 |   EIGEN_DEPRECATED std::enable_if_t<!IsExactlyRepresentable, void> check_is_representable() const {}
      |                                                                    ^~~~~~~~~~~~~~~~~~~~~~
[ 89%] Building CXX object CMakeFiles/tensorflow-lite.dir/kernels/rvv_mobilenet_bench.cc.o
[ 89%] Building CXX object CMakeFiles/tensorflow-lite.dir/kernels/scatter_nd.cc.o
In file included from /work/s2602/build-pr2-gcc-14/eigen/Eigen/Core:314,
                 from /work/s2602/src/rvspoc-S2602-litert-pr2/tflite/../tflite/kernels/internal/optimized/optimized_ops.h:45,
                 from /work/s2602/src/rvspoc-S2602-litert-pr2/tflite/kernels/resize_bilinear.cc:21:
/work/s2602/build-pr2-gcc-14/eigen/Eigen/src/Core/functors/UnaryFunctors.h: In instantiation of ‘Eigen::internal::scalar_unary_pow_op<Scalar, ExponentScalar, false, false, false, false>::scalar_unary_pow_op(const ExponentScalar&) [with Scalar = float; ExponentScalar = double]’:
/work/s2602/build-pr2-gcc-14/eigen/Eigen/src/Core/../plugins/ArrayCwiseUnaryOps.inc:543:66:   required from ‘Eigen::ArrayBase<Derived>::UnaryPowReturnType<ScalarExponent> Eigen::ArrayBase<Derived>::pow(const ScalarExponent&) const [with ScalarExponent = double; Derived = Eigen::ArrayWrapper<Eigen::Map<Eigen::Matrix<float, -1, -1>, 0, Eigen::Stride<0, 0> > >; UnaryPowReturnType<ScalarExponent> = Eigen::CwiseUnaryOp<Eigen::internal::scalar_unary_pow_op<float, double, false, false, false, false>, const Eigen::ArrayWrapper<Eigen::Map<Eigen::Matrix<float, -1, -1>, 0, Eigen::Stride<0, 0> > > >]’
  543 |   return UnaryPowReturnType<ScalarExponent>(derived(), internal::scalar_unary_pow_op<Scalar, ScalarExponent>(exponent));
      |                                                                  ^~~~~~~~~~~~~~~~~~~~~~~~~~~~~~~~~~~~~~~~~~~~~~~~~~~~~
/work/s2602/src/rvspoc-S2602-litert-pr2/tflite/../tflite/kernels/internal/optimized/optimized_ops.h:3661:62:   required from here
 3661 |     data_out.array() = data_in.array() * data_out.array().pow(-op_params.beta);
      |                                          ~~~~~~~~~~~~~~~~~~~~^~~~~~~~~~~~~~~~~
/work/s2602/build-pr2-gcc-14/eigen/Eigen/src/Core/functors/UnaryFunctors.h:1354:27: warning: ‘std::enable_if_t<(! IsExactlyRepresentable), void> Eigen::internal::scalar_unary_pow_op<Scalar, ExponentScalar, false, false, false, false>::check_is_representable() const [with bool IsExactlyRepresentable = false; Scalar = float; ExponentScalar = double; std::enable_if_t<(! IsExactlyRepresentable), void> = void]’ is deprecated [-Wdeprecated-declarations]
 1354 |     check_is_representable();
      |     ~~~~~~~~~~~~~~~~~~~~~~^~
/work/s2602/build-pr2-gcc-14/eigen/Eigen/src/Core/functors/UnaryFunctors.h:1350:68: note: declared here
 1350 |   EIGEN_DEPRECATED std::enable_if_t<!IsExactlyRepresentable, void> check_is_representable() const {}
      |                                                                    ^~~~~~~~~~~~~~~~~~~~~~
[ 89%] Building CXX object CMakeFiles/tensorflow-lite.dir/kernels/segment_sum.cc.o
In file included from /work/s2602/build-pr2-gcc-14/eigen/Eigen/Core:314,
                 from /work/s2602/src/rvspoc-S2602-litert-pr2/tflite/../tflite/kernels/internal/optimized/optimized_ops.h:45,
                 from /work/s2602/src/rvspoc-S2602-litert-pr2/tflite/kernels/resize_nearest_neighbor.cc:23:
/work/s2602/build-pr2-gcc-14/eigen/Eigen/src/Core/functors/UnaryFunctors.h: In instantiation of ‘Eigen::internal::scalar_unary_pow_op<Scalar, ExponentScalar, false, false, false, false>::scalar_unary_pow_op(const ExponentScalar&) [with Scalar = float; ExponentScalar = double]’:
/work/s2602/build-pr2-gcc-14/eigen/Eigen/src/Core/../plugins/ArrayCwiseUnaryOps.inc:543:66:   required from ‘Eigen::ArrayBase<Derived>::UnaryPowReturnType<ScalarExponent> Eigen::ArrayBase<Derived>::pow(const ScalarExponent&) const [with ScalarExponent = double; Derived = Eigen::ArrayWrapper<Eigen::Map<Eigen::Matrix<float, -1, -1>, 0, Eigen::Stride<0, 0> > >; UnaryPowReturnType<ScalarExponent> = Eigen::CwiseUnaryOp<Eigen::internal::scalar_unary_pow_op<float, double, false, false, false, false>, const Eigen::ArrayWrapper<Eigen::Map<Eigen::Matrix<float, -1, -1>, 0, Eigen::Stride<0, 0> > > >]’
  543 |   return UnaryPowReturnType<ScalarExponent>(derived(), internal::scalar_unary_pow_op<Scalar, ScalarExponent>(exponent));
      |                                                                  ^~~~~~~~~~~~~~~~~~~~~~~~~~~~~~~~~~~~~~~~~~~~~~~~~~~~~
/work/s2602/src/rvspoc-S2602-litert-pr2/tflite/../tflite/kernels/internal/optimized/optimized_ops.h:3661:62:   required from here
 3661 |     data_out.array() = data_in.array() * data_out.array().pow(-op_params.beta);
      |                                          ~~~~~~~~~~~~~~~~~~~~^~~~~~~~~~~~~~~~~
/work/s2602/build-pr2-gcc-14/eigen/Eigen/src/Core/functors/UnaryFunctors.h:1354:27: warning: ‘std::enable_if_t<(! IsExactlyRepresentable), void> Eigen::internal::scalar_unary_pow_op<Scalar, ExponentScalar, false, false, false, false>::check_is_representable() const [with bool IsExactlyRepresentable = false; Scalar = float; ExponentScalar = double; std::enable_if_t<(! IsExactlyRepresentable), void> = void]’ is deprecated [-Wdeprecated-declarations]
 1354 |     check_is_representable();
      |     ~~~~~~~~~~~~~~~~~~~~~~^~
/work/s2602/build-pr2-gcc-14/eigen/Eigen/src/Core/functors/UnaryFunctors.h:1350:68: note: declared here
 1350 |   EIGEN_DEPRECATED std::enable_if_t<!IsExactlyRepresentable, void> check_is_representable() const {}
      |                                                                    ^~~~~~~~~~~~~~~~~~~~~~
[ 89%] Building CXX object CMakeFiles/tensorflow-lite.dir/kernels/select.cc.o
[ 89%] Building CXX object CMakeFiles/tensorflow-lite.dir/kernels/shape.cc.o
[ 89%] Building CXX object CMakeFiles/tensorflow-lite.dir/kernels/sign.cc.o
[ 89%] Building CXX object CMakeFiles/tensorflow-lite.dir/kernels/sign_custom.cc.o
[ 89%] Building CXX object CMakeFiles/tensorflow-lite.dir/kernels/skip_gram.cc.o
[ 89%] Building CXX object CMakeFiles/tensorflow-lite.dir/kernels/slice.cc.o
[ 89%] Building CXX object CMakeFiles/tensorflow-lite.dir/kernels/space_to_batch_nd.cc.o
[ 89%] Building CXX object CMakeFiles/tensorflow-lite.dir/kernels/space_to_depth.cc.o
[ 92%] Building CXX object CMakeFiles/tensorflow-lite.dir/kernels/sparse_to_dense.cc.o
In file included from /work/s2602/build-pr2-gcc-14/eigen/Eigen/Core:314,
                 from /work/s2602/src/rvspoc-S2602-litert-pr2/tflite/kernels/round.cc:18:
/work/s2602/build-pr2-gcc-14/eigen/Eigen/src/Core/functors/UnaryFunctors.h: In instantiation of ‘Eigen::internal::scalar_unary_pow_op<Scalar, ExponentScalar, false, false, false, false>::scalar_unary_pow_op(const ExponentScalar&) [with Scalar = float; ExponentScalar = double]’:
/work/s2602/build-pr2-gcc-14/eigen/Eigen/src/Core/../plugins/ArrayCwiseUnaryOps.inc:543:66:   required from ‘Eigen::ArrayBase<Derived>::UnaryPowReturnType<ScalarExponent> Eigen::ArrayBase<Derived>::pow(const ScalarExponent&) const [with ScalarExponent = double; Derived = Eigen::ArrayWrapper<Eigen::Map<Eigen::Matrix<float, -1, -1>, 0, Eigen::Stride<0, 0> > >; UnaryPowReturnType<ScalarExponent> = Eigen::CwiseUnaryOp<Eigen::internal::scalar_unary_pow_op<float, double, false, false, false, false>, const Eigen::ArrayWrapper<Eigen::Map<Eigen::Matrix<float, -1, -1>, 0, Eigen::Stride<0, 0> > > >]’
  543 |   return UnaryPowReturnType<ScalarExponent>(derived(), internal::scalar_unary_pow_op<Scalar, ScalarExponent>(exponent));
      |                                                                  ^~~~~~~~~~~~~~~~~~~~~~~~~~~~~~~~~~~~~~~~~~~~~~~~~~~~~
/work/s2602/src/rvspoc-S2602-litert-pr2/tflite/../tflite/kernels/internal/optimized/optimized_ops.h:3661:62:   required from here
 3661 |     data_out.array() = data_in.array() * data_out.array().pow(-op_params.beta);
      |                                          ~~~~~~~~~~~~~~~~~~~~^~~~~~~~~~~~~~~~~
/work/s2602/build-pr2-gcc-14/eigen/Eigen/src/Core/functors/UnaryFunctors.h:1354:27: warning: ‘std::enable_if_t<(! IsExactlyRepresentable), void> Eigen::internal::scalar_unary_pow_op<Scalar, ExponentScalar, false, false, false, false>::check_is_representable() const [with bool IsExactlyRepresentable = false; Scalar = float; ExponentScalar = double; std::enable_if_t<(! IsExactlyRepresentable), void> = void]’ is deprecated [-Wdeprecated-declarations]
 1354 |     check_is_representable();
      |     ~~~~~~~~~~~~~~~~~~~~~~^~
/work/s2602/build-pr2-gcc-14/eigen/Eigen/src/Core/functors/UnaryFunctors.h:1350:68: note: declared here
 1350 |   EIGEN_DEPRECATED std::enable_if_t<!IsExactlyRepresentable, void> check_is_representable() const {}
      |                                                                    ^~~~~~~~~~~~~~~~~~~~~~
In file included from /work/s2602/build-pr2-gcc-14/eigen/Eigen/Core:314,
                 from /work/s2602/src/rvspoc-S2602-litert-pr2/tflite/../tflite/kernels/internal/optimized/optimized_ops.h:45,
                 from /work/s2602/src/rvspoc-S2602-litert-pr2/tflite/kernels/scatter_nd.cc:19:
/work/s2602/build-pr2-gcc-14/eigen/Eigen/src/Core/functors/UnaryFunctors.h: In instantiation of ‘Eigen::internal::scalar_unary_pow_op<Scalar, ExponentScalar, false, false, false, false>::scalar_unary_pow_op(const ExponentScalar&) [with Scalar = float; ExponentScalar = double]’:
/work/s2602/build-pr2-gcc-14/eigen/Eigen/src/Core/../plugins/ArrayCwiseUnaryOps.inc:543:66:   required from ‘Eigen::ArrayBase<Derived>::UnaryPowReturnType<ScalarExponent> Eigen::ArrayBase<Derived>::pow(const ScalarExponent&) const [with ScalarExponent = double; Derived = Eigen::ArrayWrapper<Eigen::Map<Eigen::Matrix<float, -1, -1>, 0, Eigen::Stride<0, 0> > >; UnaryPowReturnType<ScalarExponent> = Eigen::CwiseUnaryOp<Eigen::internal::scalar_unary_pow_op<float, double, false, false, false, false>, const Eigen::ArrayWrapper<Eigen::Map<Eigen::Matrix<float, -1, -1>, 0, Eigen::Stride<0, 0> > > >]’
  543 |   return UnaryPowReturnType<ScalarExponent>(derived(), internal::scalar_unary_pow_op<Scalar, ScalarExponent>(exponent));
      |                                                                  ^~~~~~~~~~~~~~~~~~~~~~~~~~~~~~~~~~~~~~~~~~~~~~~~~~~~~
/work/s2602/src/rvspoc-S2602-litert-pr2/tflite/../tflite/kernels/internal/optimized/optimized_ops.h:3661:62:   required from here
 3661 |     data_out.array() = data_in.array() * data_out.array().pow(-op_params.beta);
      |                                          ~~~~~~~~~~~~~~~~~~~~^~~~~~~~~~~~~~~~~
/work/s2602/build-pr2-gcc-14/eigen/Eigen/src/Core/functors/UnaryFunctors.h:1354:27: warning: ‘std::enable_if_t<(! IsExactlyRepresentable), void> Eigen::internal::scalar_unary_pow_op<Scalar, ExponentScalar, false, false, false, false>::check_is_representable() const [with bool IsExactlyRepresentable = false; Scalar = float; ExponentScalar = double; std::enable_if_t<(! IsExactlyRepresentable), void> = void]’ is deprecated [-Wdeprecated-declarations]
 1354 |     check_is_representable();
      |     ~~~~~~~~~~~~~~~~~~~~~~^~
/work/s2602/build-pr2-gcc-14/eigen/Eigen/src/Core/functors/UnaryFunctors.h:1350:68: note: declared here
 1350 |   EIGEN_DEPRECATED std::enable_if_t<!IsExactlyRepresentable, void> check_is_representable() const {}
      |                                                                    ^~~~~~~~~~~~~~~~~~~~~~
[ 92%] Building CXX object CMakeFiles/tensorflow-lite.dir/kernels/split.cc.o
[ 92%] Building CXX object CMakeFiles/tensorflow-lite.dir/kernels/split_v.cc.o
[ 92%] Building CXX object CMakeFiles/tensorflow-lite.dir/kernels/squared_difference.cc.o
[ 92%] Building CXX object CMakeFiles/tensorflow-lite.dir/kernels/squeeze.cc.o
In file included from /work/s2602/build-pr2-gcc-14/eigen/Eigen/Core:314,
                 from /work/s2602/src/rvspoc-S2602-litert-pr2/tflite/kernels/slice.cc:24:
/work/s2602/build-pr2-gcc-14/eigen/Eigen/src/Core/functors/UnaryFunctors.h: In instantiation of ‘Eigen::internal::scalar_unary_pow_op<Scalar, ExponentScalar, false, false, false, false>::scalar_unary_pow_op(const ExponentScalar&) [with Scalar = float; ExponentScalar = double]’:
/work/s2602/build-pr2-gcc-14/eigen/Eigen/src/Core/../plugins/ArrayCwiseUnaryOps.inc:543:66:   required from ‘Eigen::ArrayBase<Derived>::UnaryPowReturnType<ScalarExponent> Eigen::ArrayBase<Derived>::pow(const ScalarExponent&) const [with ScalarExponent = double; Derived = Eigen::ArrayWrapper<Eigen::Map<Eigen::Matrix<float, -1, -1>, 0, Eigen::Stride<0, 0> > >; UnaryPowReturnType<ScalarExponent> = Eigen::CwiseUnaryOp<Eigen::internal::scalar_unary_pow_op<float, double, false, false, false, false>, const Eigen::ArrayWrapper<Eigen::Map<Eigen::Matrix<float, -1, -1>, 0, Eigen::Stride<0, 0> > > >]’
  543 |   return UnaryPowReturnType<ScalarExponent>(derived(), internal::scalar_unary_pow_op<Scalar, ScalarExponent>(exponent));
      |                                                                  ^~~~~~~~~~~~~~~~~~~~~~~~~~~~~~~~~~~~~~~~~~~~~~~~~~~~~
/work/s2602/src/rvspoc-S2602-litert-pr2/tflite/../tflite/kernels/internal/optimized/optimized_ops.h:3661:62:   required from here
 3661 |     data_out.array() = data_in.array() * data_out.array().pow(-op_params.beta);
      |                                          ~~~~~~~~~~~~~~~~~~~~^~~~~~~~~~~~~~~~~
/work/s2602/build-pr2-gcc-14/eigen/Eigen/src/Core/functors/UnaryFunctors.h:1354:27: warning: ‘std::enable_if_t<(! IsExactlyRepresentable), void> Eigen::internal::scalar_unary_pow_op<Scalar, ExponentScalar, false, false, false, false>::check_is_representable() const [with bool IsExactlyRepresentable = false; Scalar = float; ExponentScalar = double; std::enable_if_t<(! IsExactlyRepresentable), void> = void]’ is deprecated [-Wdeprecated-declarations]
 1354 |     check_is_representable();
      |     ~~~~~~~~~~~~~~~~~~~~~~^~
/work/s2602/build-pr2-gcc-14/eigen/Eigen/src/Core/functors/UnaryFunctors.h:1350:68: note: declared here
 1350 |   EIGEN_DEPRECATED std::enable_if_t<!IsExactlyRepresentable, void> check_is_representable() const {}
      |                                                                    ^~~~~~~~~~~~~~~~~~~~~~
In file included from /work/s2602/build-pr2-gcc-14/eigen/Eigen/Core:314,
                 from /work/s2602/src/rvspoc-S2602-litert-pr2/tflite/../tflite/kernels/internal/optimized/optimized_ops.h:45,
                 from /work/s2602/src/rvspoc-S2602-litert-pr2/tflite/kernels/space_to_depth.cc:19:
/work/s2602/build-pr2-gcc-14/eigen/Eigen/src/Core/functors/UnaryFunctors.h: In instantiation of ‘Eigen::internal::scalar_unary_pow_op<Scalar, ExponentScalar, false, false, false, false>::scalar_unary_pow_op(const ExponentScalar&) [with Scalar = float; ExponentScalar = double]’:
/work/s2602/build-pr2-gcc-14/eigen/Eigen/src/Core/../plugins/ArrayCwiseUnaryOps.inc:543:66:   required from ‘Eigen::ArrayBase<Derived>::UnaryPowReturnType<ScalarExponent> Eigen::ArrayBase<Derived>::pow(const ScalarExponent&) const [with ScalarExponent = double; Derived = Eigen::ArrayWrapper<Eigen::Map<Eigen::Matrix<float, -1, -1>, 0, Eigen::Stride<0, 0> > >; UnaryPowReturnType<ScalarExponent> = Eigen::CwiseUnaryOp<Eigen::internal::scalar_unary_pow_op<float, double, false, false, false, false>, const Eigen::ArrayWrapper<Eigen::Map<Eigen::Matrix<float, -1, -1>, 0, Eigen::Stride<0, 0> > > >]’
  543 |   return UnaryPowReturnType<ScalarExponent>(derived(), internal::scalar_unary_pow_op<Scalar, ScalarExponent>(exponent));
      |                                                                  ^~~~~~~~~~~~~~~~~~~~~~~~~~~~~~~~~~~~~~~~~~~~~~~~~~~~~
/work/s2602/src/rvspoc-S2602-litert-pr2/tflite/../tflite/kernels/internal/optimized/optimized_ops.h:3661:62:   required from here
 3661 |     data_out.array() = data_in.array() * data_out.array().pow(-op_params.beta);
      |                                          ~~~~~~~~~~~~~~~~~~~~^~~~~~~~~~~~~~~~~
/work/s2602/build-pr2-gcc-14/eigen/Eigen/src/Core/functors/UnaryFunctors.h:1354:27: warning: ‘std::enable_if_t<(! IsExactlyRepresentable), void> Eigen::internal::scalar_unary_pow_op<Scalar, ExponentScalar, false, false, false, false>::check_is_representable() const [with bool IsExactlyRepresentable = false; Scalar = float; ExponentScalar = double; std::enable_if_t<(! IsExactlyRepresentable), void> = void]’ is deprecated [-Wdeprecated-declarations]
 1354 |     check_is_representable();
      |     ~~~~~~~~~~~~~~~~~~~~~~^~
/work/s2602/build-pr2-gcc-14/eigen/Eigen/src/Core/functors/UnaryFunctors.h:1350:68: note: declared here
 1350 |   EIGEN_DEPRECATED std::enable_if_t<!IsExactlyRepresentable, void> check_is_representable() const {}
      |                                                                    ^~~~~~~~~~~~~~~~~~~~~~
[ 92%] Building CXX object CMakeFiles/tensorflow-lite.dir/kernels/stablehlo_add.cc.o
In file included from /work/s2602/build-pr2-gcc-14/eigen/Eigen/Core:314,
                 from /work/s2602/src/rvspoc-S2602-litert-pr2/tflite/../tflite/kernels/internal/optimized/optimized_ops.h:45,
                 from /work/s2602/src/rvspoc-S2602-litert-pr2/tflite/kernels/space_to_batch_nd.cc:19:
/work/s2602/build-pr2-gcc-14/eigen/Eigen/src/Core/functors/UnaryFunctors.h: In instantiation of ‘Eigen::internal::scalar_unary_pow_op<Scalar, ExponentScalar, false, false, false, false>::scalar_unary_pow_op(const ExponentScalar&) [with Scalar = float; ExponentScalar = double]’:
/work/s2602/build-pr2-gcc-14/eigen/Eigen/src/Core/../plugins/ArrayCwiseUnaryOps.inc:543:66:   required from ‘Eigen::ArrayBase<Derived>::UnaryPowReturnType<ScalarExponent> Eigen::ArrayBase<Derived>::pow(const ScalarExponent&) const [with ScalarExponent = double; Derived = Eigen::ArrayWrapper<Eigen::Map<Eigen::Matrix<float, -1, -1>, 0, Eigen::Stride<0, 0> > >; UnaryPowReturnType<ScalarExponent> = Eigen::CwiseUnaryOp<Eigen::internal::scalar_unary_pow_op<float, double, false, false, false, false>, const Eigen::ArrayWrapper<Eigen::Map<Eigen::Matrix<float, -1, -1>, 0, Eigen::Stride<0, 0> > > >]’
  543 |   return UnaryPowReturnType<ScalarExponent>(derived(), internal::scalar_unary_pow_op<Scalar, ScalarExponent>(exponent));
      |                                                                  ^~~~~~~~~~~~~~~~~~~~~~~~~~~~~~~~~~~~~~~~~~~~~~~~~~~~~
/work/s2602/src/rvspoc-S2602-litert-pr2/tflite/../tflite/kernels/internal/optimized/optimized_ops.h:3661:62:   required from here
 3661 |     data_out.array() = data_in.array() * data_out.array().pow(-op_params.beta);
      |                                          ~~~~~~~~~~~~~~~~~~~~^~~~~~~~~~~~~~~~~
/work/s2602/build-pr2-gcc-14/eigen/Eigen/src/Core/functors/UnaryFunctors.h:1354:27: warning: ‘std::enable_if_t<(! IsExactlyRepresentable), void> Eigen::internal::scalar_unary_pow_op<Scalar, ExponentScalar, false, false, false, false>::check_is_representable() const [with bool IsExactlyRepresentable = false; Scalar = float; ExponentScalar = double; std::enable_if_t<(! IsExactlyRepresentable), void> = void]’ is deprecated [-Wdeprecated-declarations]
 1354 |     check_is_representable();
      |     ~~~~~~~~~~~~~~~~~~~~~~^~
/work/s2602/build-pr2-gcc-14/eigen/Eigen/src/Core/functors/UnaryFunctors.h:1350:68: note: declared here
 1350 |   EIGEN_DEPRECATED std::enable_if_t<!IsExactlyRepresentable, void> check_is_representable() const {}
      |                                                                    ^~~~~~~~~~~~~~~~~~~~~~
[ 92%] Building CXX object CMakeFiles/tensorflow-lite.dir/kernels/stablehlo_and.cc.o
[ 92%] Building CXX object CMakeFiles/tensorflow-lite.dir/kernels/stablehlo_case.cc.o
[ 92%] Building CXX object CMakeFiles/tensorflow-lite.dir/kernels/stablehlo_composite.cc.o
[ 92%] Building CXX object CMakeFiles/tensorflow-lite.dir/kernels/stablehlo_elementwise.cc.o
In file included from /work/s2602/build-pr2-gcc-14/eigen/Eigen/Core:314,
                 from /work/s2602/src/rvspoc-S2602-litert-pr2/tflite/../tflite/kernels/internal/optimized/optimized_ops.h:45,
                 from /work/s2602/src/rvspoc-S2602-litert-pr2/tflite/kernels/split.cc:19:
/work/s2602/build-pr2-gcc-14/eigen/Eigen/src/Core/functors/UnaryFunctors.h: In instantiation of ‘Eigen::internal::scalar_unary_pow_op<Scalar, ExponentScalar, false, false, false, false>::scalar_unary_pow_op(const ExponentScalar&) [with Scalar = float; ExponentScalar = double]’:
/work/s2602/build-pr2-gcc-14/eigen/Eigen/src/Core/../plugins/ArrayCwiseUnaryOps.inc:543:66:   required from ‘Eigen::ArrayBase<Derived>::UnaryPowReturnType<ScalarExponent> Eigen::ArrayBase<Derived>::pow(const ScalarExponent&) const [with ScalarExponent = double; Derived = Eigen::ArrayWrapper<Eigen::Map<Eigen::Matrix<float, -1, -1>, 0, Eigen::Stride<0, 0> > >; UnaryPowReturnType<ScalarExponent> = Eigen::CwiseUnaryOp<Eigen::internal::scalar_unary_pow_op<float, double, false, false, false, false>, const Eigen::ArrayWrapper<Eigen::Map<Eigen::Matrix<float, -1, -1>, 0, Eigen::Stride<0, 0> > > >]’
  543 |   return UnaryPowReturnType<ScalarExponent>(derived(), internal::scalar_unary_pow_op<Scalar, ScalarExponent>(exponent));
      |                                                                  ^~~~~~~~~~~~~~~~~~~~~~~~~~~~~~~~~~~~~~~~~~~~~~~~~~~~~
/work/s2602/src/rvspoc-S2602-litert-pr2/tflite/../tflite/kernels/internal/optimized/optimized_ops.h:3661:62:   required from here
 3661 |     data_out.array() = data_in.array() * data_out.array().pow(-op_params.beta);
      |                                          ~~~~~~~~~~~~~~~~~~~~^~~~~~~~~~~~~~~~~
/work/s2602/build-pr2-gcc-14/eigen/Eigen/src/Core/functors/UnaryFunctors.h:1354:27: warning: ‘std::enable_if_t<(! IsExactlyRepresentable), void> Eigen::internal::scalar_unary_pow_op<Scalar, ExponentScalar, false, false, false, false>::check_is_representable() const [with bool IsExactlyRepresentable = false; Scalar = float; ExponentScalar = double; std::enable_if_t<(! IsExactlyRepresentable), void> = void]’ is deprecated [-Wdeprecated-declarations]
 1354 |     check_is_representable();
      |     ~~~~~~~~~~~~~~~~~~~~~~^~
/work/s2602/build-pr2-gcc-14/eigen/Eigen/src/Core/functors/UnaryFunctors.h:1350:68: note: declared here
 1350 |   EIGEN_DEPRECATED std::enable_if_t<!IsExactlyRepresentable, void> check_is_representable() const {}
      |                                                                    ^~~~~~~~~~~~~~~~~~~~~~
[ 92%] Building CXX object CMakeFiles/tensorflow-lite.dir/kernels/stablehlo_gather.cc.o
In file included from /work/s2602/build-pr2-gcc-14/eigen/Eigen/Core:314,
                 from /work/s2602/src/rvspoc-S2602-litert-pr2/tflite/../tflite/kernels/internal/optimized/optimized_ops.h:45,
                 from /work/s2602/src/rvspoc-S2602-litert-pr2/tflite/kernels/squared_difference.cc:22:
/work/s2602/build-pr2-gcc-14/eigen/Eigen/src/Core/functors/UnaryFunctors.h: In instantiation of ‘Eigen::internal::scalar_unary_pow_op<Scalar, ExponentScalar, false, false, false, false>::scalar_unary_pow_op(const ExponentScalar&) [with Scalar = float; ExponentScalar = double]’:
/work/s2602/build-pr2-gcc-14/eigen/Eigen/src/Core/../plugins/ArrayCwiseUnaryOps.inc:543:66:   required from ‘Eigen::ArrayBase<Derived>::UnaryPowReturnType<ScalarExponent> Eigen::ArrayBase<Derived>::pow(const ScalarExponent&) const [with ScalarExponent = double; Derived = Eigen::ArrayWrapper<Eigen::Map<Eigen::Matrix<float, -1, -1>, 0, Eigen::Stride<0, 0> > >; UnaryPowReturnType<ScalarExponent> = Eigen::CwiseUnaryOp<Eigen::internal::scalar_unary_pow_op<float, double, false, false, false, false>, const Eigen::ArrayWrapper<Eigen::Map<Eigen::Matrix<float, -1, -1>, 0, Eigen::Stride<0, 0> > > >]’
  543 |   return UnaryPowReturnType<ScalarExponent>(derived(), internal::scalar_unary_pow_op<Scalar, ScalarExponent>(exponent));
      |                                                                  ^~~~~~~~~~~~~~~~~~~~~~~~~~~~~~~~~~~~~~~~~~~~~~~~~~~~~
/work/s2602/src/rvspoc-S2602-litert-pr2/tflite/../tflite/kernels/internal/optimized/optimized_ops.h:3661:62:   required from here
 3661 |     data_out.array() = data_in.array() * data_out.array().pow(-op_params.beta);
      |                                          ~~~~~~~~~~~~~~~~~~~~^~~~~~~~~~~~~~~~~
/work/s2602/build-pr2-gcc-14/eigen/Eigen/src/Core/functors/UnaryFunctors.h:1354:27: warning: ‘std::enable_if_t<(! IsExactlyRepresentable), void> Eigen::internal::scalar_unary_pow_op<Scalar, ExponentScalar, false, false, false, false>::check_is_representable() const [with bool IsExactlyRepresentable = false; Scalar = float; ExponentScalar = double; std::enable_if_t<(! IsExactlyRepresentable), void> = void]’ is deprecated [-Wdeprecated-declarations]
 1354 |     check_is_representable();
      |     ~~~~~~~~~~~~~~~~~~~~~~^~
/work/s2602/build-pr2-gcc-14/eigen/Eigen/src/Core/functors/UnaryFunctors.h:1350:68: note: declared here
 1350 |   EIGEN_DEPRECATED std::enable_if_t<!IsExactlyRepresentable, void> check_is_representable() const {}
      |                                                                    ^~~~~~~~~~~~~~~~~~~~~~
[ 92%] Building CXX object CMakeFiles/tensorflow-lite.dir/kernels/stablehlo_min_max.cc.o
In file included from /work/s2602/build-pr2-gcc-14/eigen/Eigen/Core:314,
                 from /work/s2602/src/rvspoc-S2602-litert-pr2/tflite/../tflite/kernels/internal/optimized/optimized_ops.h:45,
                 from /work/s2602/src/rvspoc-S2602-litert-pr2/tflite/kernels/split_v.cc:21:
/work/s2602/build-pr2-gcc-14/eigen/Eigen/src/Core/functors/UnaryFunctors.h: In instantiation of ‘Eigen::internal::scalar_unary_pow_op<Scalar, ExponentScalar, false, false, false, false>::scalar_unary_pow_op(const ExponentScalar&) [with Scalar = float; ExponentScalar = double]’:
/work/s2602/build-pr2-gcc-14/eigen/Eigen/src/Core/../plugins/ArrayCwiseUnaryOps.inc:543:66:   required from ‘Eigen::ArrayBase<Derived>::UnaryPowReturnType<ScalarExponent> Eigen::ArrayBase<Derived>::pow(const ScalarExponent&) const [with ScalarExponent = double; Derived = Eigen::ArrayWrapper<Eigen::Map<Eigen::Matrix<float, -1, -1>, 0, Eigen::Stride<0, 0> > >; UnaryPowReturnType<ScalarExponent> = Eigen::CwiseUnaryOp<Eigen::internal::scalar_unary_pow_op<float, double, false, false, false, false>, const Eigen::ArrayWrapper<Eigen::Map<Eigen::Matrix<float, -1, -1>, 0, Eigen::Stride<0, 0> > > >]’
  543 |   return UnaryPowReturnType<ScalarExponent>(derived(), internal::scalar_unary_pow_op<Scalar, ScalarExponent>(exponent));
      |                                                                  ^~~~~~~~~~~~~~~~~~~~~~~~~~~~~~~~~~~~~~~~~~~~~~~~~~~~~
/work/s2602/src/rvspoc-S2602-litert-pr2/tflite/../tflite/kernels/internal/optimized/optimized_ops.h:3661:62:   required from here
 3661 |     data_out.array() = data_in.array() * data_out.array().pow(-op_params.beta);
      |                                          ~~~~~~~~~~~~~~~~~~~~^~~~~~~~~~~~~~~~~
/work/s2602/build-pr2-gcc-14/eigen/Eigen/src/Core/functors/UnaryFunctors.h:1354:27: warning: ‘std::enable_if_t<(! IsExactlyRepresentable), void> Eigen::internal::scalar_unary_pow_op<Scalar, ExponentScalar, false, false, false, false>::check_is_representable() const [with bool IsExactlyRepresentable = false; Scalar = float; ExponentScalar = double; std::enable_if_t<(! IsExactlyRepresentable), void> = void]’ is deprecated [-Wdeprecated-declarations]
 1354 |     check_is_representable();
      |     ~~~~~~~~~~~~~~~~~~~~~~^~
/work/s2602/build-pr2-gcc-14/eigen/Eigen/src/Core/functors/UnaryFunctors.h:1350:68: note: declared here
 1350 |   EIGEN_DEPRECATED std::enable_if_t<!IsExactlyRepresentable, void> check_is_representable() const {}
      |                                                                    ^~~~~~~~~~~~~~~~~~~~~~
[ 92%] Building CXX object CMakeFiles/tensorflow-lite.dir/kernels/stablehlo_multiply.cc.o
[ 92%] Building CXX object CMakeFiles/tensorflow-lite.dir/kernels/stablehlo_pad.cc.o
[ 92%] Building CXX object CMakeFiles/tensorflow-lite.dir/kernels/stablehlo_reduce_window.cc.o
[ 92%] Building CXX object CMakeFiles/tensorflow-lite.dir/kernels/stablehlo_scatter.cc.o
[ 92%] Building CXX object CMakeFiles/tensorflow-lite.dir/kernels/stablehlo_shift_left.cc.o
[ 92%] Building CXX object CMakeFiles/tensorflow-lite.dir/kernels/strided_slice.cc.o
[ 92%] Building CXX object CMakeFiles/tensorflow-lite.dir/kernels/sub.cc.o
[ 92%] Building CXX object CMakeFiles/tensorflow-lite.dir/kernels/svdf.cc.o
[ 92%] Building CXX object CMakeFiles/tensorflow-lite.dir/kernels/table.cc.o
[ 92%] Building CXX object CMakeFiles/tensorflow-lite.dir/kernels/tensor_slice_util.cc.o
[ 92%] Building CXX object CMakeFiles/tensorflow-lite.dir/kernels/tile.cc.o
[ 92%] Building CXX object CMakeFiles/tensorflow-lite.dir/kernels/topk_v2.cc.o
[ 92%] Building CXX object CMakeFiles/tensorflow-lite.dir/kernels/transpose.cc.o
[ 92%] Building CXX object CMakeFiles/tensorflow-lite.dir/kernels/transpose_conv.cc.o
[ 92%] Building CXX object CMakeFiles/tensorflow-lite.dir/kernels/unidirectional_sequence_gru.cc.o
[ 94%] Building CXX object CMakeFiles/tensorflow-lite.dir/kernels/unidirectional_sequence_lstm.cc.o
[ 94%] Building CXX object CMakeFiles/tensorflow-lite.dir/kernels/unidirectional_sequence_rnn.cc.o
In file included from /work/s2602/build-pr2-gcc-14/eigen/Eigen/Core:314,
                 from /work/s2602/src/rvspoc-S2602-litert-pr2/tflite/../tflite/kernels/internal/optimized/optimized_ops.h:45,
                 from /work/s2602/src/rvspoc-S2602-litert-pr2/tflite/kernels/sub.cc:29:
/work/s2602/build-pr2-gcc-14/eigen/Eigen/src/Core/functors/UnaryFunctors.h: In instantiation of ‘Eigen::internal::scalar_unary_pow_op<Scalar, ExponentScalar, false, false, false, false>::scalar_unary_pow_op(const ExponentScalar&) [with Scalar = float; ExponentScalar = double]’:
/work/s2602/build-pr2-gcc-14/eigen/Eigen/src/Core/../plugins/ArrayCwiseUnaryOps.inc:543:66:   required from ‘Eigen::ArrayBase<Derived>::UnaryPowReturnType<ScalarExponent> Eigen::ArrayBase<Derived>::pow(const ScalarExponent&) const [with ScalarExponent = double; Derived = Eigen::ArrayWrapper<Eigen::Map<Eigen::Matrix<float, -1, -1>, 0, Eigen::Stride<0, 0> > >; UnaryPowReturnType<ScalarExponent> = Eigen::CwiseUnaryOp<Eigen::internal::scalar_unary_pow_op<float, double, false, false, false, false>, const Eigen::ArrayWrapper<Eigen::Map<Eigen::Matrix<float, -1, -1>, 0, Eigen::Stride<0, 0> > > >]’
  543 |   return UnaryPowReturnType<ScalarExponent>(derived(), internal::scalar_unary_pow_op<Scalar, ScalarExponent>(exponent));
      |                                                                  ^~~~~~~~~~~~~~~~~~~~~~~~~~~~~~~~~~~~~~~~~~~~~~~~~~~~~
/work/s2602/src/rvspoc-S2602-litert-pr2/tflite/../tflite/kernels/internal/optimized/optimized_ops.h:3661:62:   required from here
 3661 |     data_out.array() = data_in.array() * data_out.array().pow(-op_params.beta);
      |                                          ~~~~~~~~~~~~~~~~~~~~^~~~~~~~~~~~~~~~~
/work/s2602/build-pr2-gcc-14/eigen/Eigen/src/Core/functors/UnaryFunctors.h:1354:27: warning: ‘std::enable_if_t<(! IsExactlyRepresentable), void> Eigen::internal::scalar_unary_pow_op<Scalar, ExponentScalar, false, false, false, false>::check_is_representable() const [with bool IsExactlyRepresentable = false; Scalar = float; ExponentScalar = double; std::enable_if_t<(! IsExactlyRepresentable), void> = void]’ is deprecated [-Wdeprecated-declarations]
 1354 |     check_is_representable();
      |     ~~~~~~~~~~~~~~~~~~~~~~^~
/work/s2602/build-pr2-gcc-14/eigen/Eigen/src/Core/functors/UnaryFunctors.h:1350:68: note: declared here
 1350 |   EIGEN_DEPRECATED std::enable_if_t<!IsExactlyRepresentable, void> check_is_representable() const {}
      |                                                                    ^~~~~~~~~~~~~~~~~~~~~~
[ 94%] Building CXX object CMakeFiles/tensorflow-lite.dir/kernels/unique.cc.o
[ 94%] Building CXX object CMakeFiles/tensorflow-lite.dir/kernels/unpack.cc.o
[ 94%] Building CXX object CMakeFiles/tensorflow-lite.dir/kernels/unsorted_segment.cc.o
[ 94%] Building CXX object CMakeFiles/tensorflow-lite.dir/kernels/var_handle.cc.o
[ 94%] Building CXX object CMakeFiles/tensorflow-lite.dir/kernels/where.cc.o
In file included from /work/s2602/build-pr2-gcc-14/eigen/Eigen/Core:314,
                 from /work/s2602/src/rvspoc-S2602-litert-pr2/tflite/../tflite/kernels/internal/optimized/optimized_ops.h:45,
                 from /work/s2602/src/rvspoc-S2602-litert-pr2/tflite/../tflite/kernels/internal/optimized/integer_ops/transpose_conv.h:20,
                 from /work/s2602/src/rvspoc-S2602-litert-pr2/tflite/kernels/transpose_conv.cc:26:
/work/s2602/build-pr2-gcc-14/eigen/Eigen/src/Core/functors/UnaryFunctors.h: In instantiation of ‘Eigen::internal::scalar_unary_pow_op<Scalar, ExponentScalar, false, false, false, false>::scalar_unary_pow_op(const ExponentScalar&) [with Scalar = float; ExponentScalar = double]’:
/work/s2602/build-pr2-gcc-14/eigen/Eigen/src/Core/../plugins/ArrayCwiseUnaryOps.inc:543:66:   required from ‘Eigen::ArrayBase<Derived>::UnaryPowReturnType<ScalarExponent> Eigen::ArrayBase<Derived>::pow(const ScalarExponent&) const [with ScalarExponent = double; Derived = Eigen::ArrayWrapper<Eigen::Map<Eigen::Matrix<float, -1, -1>, 0, Eigen::Stride<0, 0> > >; UnaryPowReturnType<ScalarExponent> = Eigen::CwiseUnaryOp<Eigen::internal::scalar_unary_pow_op<float, double, false, false, false, false>, const Eigen::ArrayWrapper<Eigen::Map<Eigen::Matrix<float, -1, -1>, 0, Eigen::Stride<0, 0> > > >]’
  543 |   return UnaryPowReturnType<ScalarExponent>(derived(), internal::scalar_unary_pow_op<Scalar, ScalarExponent>(exponent));
      |                                                                  ^~~~~~~~~~~~~~~~~~~~~~~~~~~~~~~~~~~~~~~~~~~~~~~~~~~~~
/work/s2602/src/rvspoc-S2602-litert-pr2/tflite/../tflite/kernels/internal/optimized/optimized_ops.h:3661:62:   required from here
 3661 |     data_out.array() = data_in.array() * data_out.array().pow(-op_params.beta);
      |                                          ~~~~~~~~~~~~~~~~~~~~^~~~~~~~~~~~~~~~~
/work/s2602/build-pr2-gcc-14/eigen/Eigen/src/Core/functors/UnaryFunctors.h:1354:27: warning: ‘std::enable_if_t<(! IsExactlyRepresentable), void> Eigen::internal::scalar_unary_pow_op<Scalar, ExponentScalar, false, false, false, false>::check_is_representable() const [with bool IsExactlyRepresentable = false; Scalar = float; ExponentScalar = double; std::enable_if_t<(! IsExactlyRepresentable), void> = void]’ is deprecated [-Wdeprecated-declarations]
 1354 |     check_is_representable();
      |     ~~~~~~~~~~~~~~~~~~~~~~^~
/work/s2602/build-pr2-gcc-14/eigen/Eigen/src/Core/functors/UnaryFunctors.h:1350:68: note: declared here
 1350 |   EIGEN_DEPRECATED std::enable_if_t<!IsExactlyRepresentable, void> check_is_representable() const {}
      |                                                                    ^~~~~~~~~~~~~~~~~~~~~~
[ 94%] Building CXX object CMakeFiles/tensorflow-lite.dir/kernels/while.cc.o
[ 94%] Building CXX object CMakeFiles/tensorflow-lite.dir/kernels/zeros_like.cc.o
[ 94%] Building CXX object CMakeFiles/tensorflow-lite.dir/nnapi/nnapi_implementation_disabled.cc.o
[ 94%] Building CXX object CMakeFiles/tensorflow-lite.dir/profiling/platform_profiler.cc.o
[ 94%] Building CXX object CMakeFiles/tensorflow-lite.dir/profiling/root_profiler.cc.o
[ 94%] Building CXX object CMakeFiles/tensorflow-lite.dir/profiling/telemetry/profiler.cc.o
[ 94%] Building CXX object CMakeFiles/tensorflow-lite.dir/profiling/telemetry/telemetry.cc.o
[ 94%] Building CXX object CMakeFiles/tensorflow-lite.dir/profiling/telemetry/c/telemetry_setting_internal.cc.o
[ 94%] Building CXX object CMakeFiles/tensorflow-lite.dir/kernels/internal/utils/sparsity_format_converter.cc.o
[ 94%] Building CXX object CMakeFiles/tensorflow-lite.dir/arena_planner.cc.o
[ 94%] Building CXX object CMakeFiles/tensorflow-lite.dir/array.cc.o
[ 94%] Building CXX object CMakeFiles/tensorflow-lite.dir/external_cpu_backend_context.cc.o
[ 94%] Building CXX object CMakeFiles/tensorflow-lite.dir/graph_info.cc.o
[ 94%] Building CXX object CMakeFiles/tensorflow-lite.dir/logger.cc.o
[ 94%] Building CXX object CMakeFiles/tensorflow-lite.dir/minimal_logging.cc.o
[ 94%] Building CXX object CMakeFiles/tensorflow-lite.dir/mutable_op_resolver.cc.o
[ 94%] Building CXX object CMakeFiles/tensorflow-lite.dir/mutable_op_resolver_utils.cc.o
[ 94%] Building CXX object CMakeFiles/tensorflow-lite.dir/optional_debug_tools.cc.o
[ 94%] Building CXX object CMakeFiles/tensorflow-lite.dir/simple_memory_arena.cc.o
[ 94%] Building CXX object CMakeFiles/tensorflow-lite.dir/simple_memory_arena_debug_dump.cc.o
[ 97%] Building CXX object CMakeFiles/tensorflow-lite.dir/simple_planner.cc.o
[ 97%] Building CXX object CMakeFiles/tensorflow-lite.dir/stderr_reporter.cc.o
[ 97%] Building CXX object CMakeFiles/tensorflow-lite.dir/string_util.cc.o
[ 97%] Building CXX object CMakeFiles/tensorflow-lite.dir/tensorflow_profiler_logger_shim.cc.o
[ 97%] Building CXX object CMakeFiles/tensorflow-lite.dir/tflite_with_xnnpack_optional.cc.o
[ 97%] Building CXX object CMakeFiles/tensorflow-lite.dir/util.cc.o
[ 97%] Building CXX object CMakeFiles/tensorflow-lite.dir/minimal_logging_default.cc.o
[ 97%] Building CXX object CMakeFiles/tensorflow-lite.dir/work/s2602/tf-shared/tensorflow/compiler/mlir/lite/allocation.cc.o
[ 97%] Building CXX object CMakeFiles/tensorflow-lite.dir/work/s2602/tf-shared/tensorflow/compiler/mlir/lite/core/api/error_reporter.cc.o
[ 97%] Building CXX object CMakeFiles/tensorflow-lite.dir/work/s2602/tf-shared/tensorflow/compiler/mlir/lite/core/api/flatbuffer_conversions.cc.o
[ 97%] Building CXX object CMakeFiles/tensorflow-lite.dir/work/s2602/tf-shared/tensorflow/compiler/mlir/lite/core/model_builder_base.cc.o
[ 97%] Building CXX object CMakeFiles/tensorflow-lite.dir/work/s2602/tf-shared/tensorflow/compiler/mlir/lite/experimental/remat/metadata_util.cc.o
/work/s2602/tf-shared/tensorflow/compiler/mlir/lite/allocation.cc: In constructor ‘tflite::FileCopyAllocation::FileCopyAllocation(const char*, tflite::ErrorReporter*)’:
/work/s2602/tf-shared/tensorflow/compiler/mlir/lite/allocation.cc:37:42: warning: ignoring attributes on template argument ‘int (*)(FILE*)’ [-Wignored-attributes]
   37 |   std::unique_ptr<FILE, decltype(&fclose)> file(fopen(filename, "rb"), fclose);
      |                                          ^
[ 97%] Building CXX object CMakeFiles/tensorflow-lite.dir/work/s2602/tf-shared/tensorflow/compiler/mlir/lite/mmap_allocation.cc.o
[ 97%] Building CXX object CMakeFiles/tensorflow-lite.dir/work/s2602/tf-shared/tensorflow/compiler/mlir/lite/schema/schema_utils.cc.o
[ 97%] Building CXX object CMakeFiles/tensorflow-lite.dir/work/s2602/tf-shared/tensorflow/compiler/mlir/lite/utils/string_utils.cc.o
[ 97%] Linking CXX static library libtensorflow-lite.a
[ 97%] Built target tensorflow-lite
[ 97%] Building CXX object kernels/CMakeFiles/tensorflow-lite-test-base.dir/__/profiling/memory_info.cc.o
[ 97%] Building CXX object kernels/CMakeFiles/tensorflow-lite-test-base.dir/__/tools/command_line_flags.cc.o
[ 97%] Building CXX object kernels/CMakeFiles/tensorflow-lite-test-base.dir/__/delegates/nnapi/acceleration_test_list.cc.o
[ 97%] Building CXX object kernels/CMakeFiles/tensorflow-lite-test-base.dir/__/tools/delegates/delegate_provider.cc.o
[ 97%] Building CXX object kernels/CMakeFiles/tensorflow-lite-test-base.dir/__/delegates/nnapi/acceleration_test_util.cc.o
[ 97%] Building CXX object kernels/CMakeFiles/tensorflow-lite-test-base.dir/work/s2602/src/rvspoc-S2602-litert-pr2/compiler/mlir/lite/schema/schema_conversion_utils.cc.o
[ 97%] Building CXX object kernels/CMakeFiles/tensorflow-lite-test-base.dir/__/tools/evaluation/utils.cc.o
[ 97%] Building CXX object kernels/CMakeFiles/tensorflow-lite-test-base.dir/__/nnapi/sl/SupportLibrary.cc.o
[ 97%] Building CXX object kernels/CMakeFiles/tensorflow-lite-test-base.dir/__/tools/delegates/default_execution_provider.cc.o
[ 97%] Building CXX object kernels/CMakeFiles/tensorflow-lite-test-base.dir/__/tools/delegates/gpu_delegate_provider.cc.o
[ 97%] Building CXX object kernels/CMakeFiles/tensorflow-lite-test-base.dir/__/tools/delegates/nnapi_delegate_provider.cc.o
[100%] Building CXX object kernels/CMakeFiles/tensorflow-lite-test-base.dir/__/tools/delegates/xnnpack_delegate_provider.cc.o
[100%] Building CXX object kernels/CMakeFiles/tensorflow-lite-test-base.dir/__/tools/delegates/external_delegate_provider.cc.o
[100%] Building CXX object kernels/CMakeFiles/tensorflow-lite-test-base.dir/__/tools/optimize/model_utils.cc.o
[100%] Building CXX object kernels/CMakeFiles/tensorflow-lite-test-base.dir/work/s2602/tf-shared/tensorflow/compiler/mlir/lite/tools/optimize/operator_property.cc.o
[100%] Building CXX object kernels/CMakeFiles/tensorflow-lite-test-base.dir/work/s2602/tf-shared/tensorflow/compiler/mlir/tools/optimize/quantization_utils.cc.o
[100%] Building CXX object kernels/CMakeFiles/tensorflow-lite-test-base.dir/work/s2602/tf-shared/tensorflow/compiler/mlir/lite/kernels/internal/runtime_shape.cc.o
In file included from /work/s2602/tf-shared/tensorflow/compiler/mlir/tools/optimize/quantization_utils.cc:27:
/work/s2602/tf-shared/tensorflow/core/framework/tensor_shape.h:22:10: fatal error: tensorflow/core/framework/types.pb.h: No such file or directory
   22 | #include "tensorflow/core/framework/types.pb.h"
      |          ^~~~~~~~~~~~~~~~~~~~~~~~~~~~~~~~~~~~~~
compilation terminated.
gmake[3]: *** [kernels/CMakeFiles/tensorflow-lite-test-base.dir/build.make:289: kernels/CMakeFiles/tensorflow-lite-test-base.dir/work/s2602/tf-shared/tensorflow/compiler/mlir/tools/optimize/quantization_utils.cc.o] Error 1
gmake[3]: *** Waiting for unfinished jobs....
gmake[2]: *** [CMakeFiles/Makefile2:11132: kernels/CMakeFiles/tensorflow-lite-test-base.dir/all] Error 2
gmake[1]: *** [CMakeFiles/Makefile2:12450: kernels/CMakeFiles/internal-depthwiseconv_quantized_test.dir/rule] Error 2
gmake: *** [Makefile:2870: internal-depthwiseconv_quantized_test] Error 2
