[  0%] Building CXX object _deps/ruy-build/ruy/profiler/CMakeFiles/ruy_profiler_instrumentation.dir/instrumentation.cc.o
[  0%] Building CXX object _deps/abseil-cpp-build/absl/base/CMakeFiles/absl_spinlock_wait.dir/internal/spinlock_wait.cc.o
[  0%] Building CXX object _deps/abseil-cpp-build/absl/base/CMakeFiles/absl_strerror.dir/internal/strerror.cc.o
[  0%] Building CXX object _deps/abseil-cpp-build/absl/profiling/CMakeFiles/absl_exponential_biased.dir/internal/exponential_biased.cc.o
[  0%] Building CXX object _deps/abseil-cpp-build/absl/time/CMakeFiles/absl_civil_time.dir/internal/cctz/src/civil_time_detail.cc.o
[  0%] Building CXX object _deps/abseil-cpp-build/absl/base/CMakeFiles/absl_log_severity.dir/log_severity.cc.o
[  0%] Building CXX object _deps/abseil-cpp-build/absl/debugging/CMakeFiles/absl_utf8_for_code_point.dir/internal/utf8_for_code_point.cc.o
[  0%] Building CXX object _deps/abseil-cpp-build/absl/time/CMakeFiles/absl_time_zone.dir/internal/cctz/src/time_zone_fixed.cc.o
[  0%] Linking CXX static library libruy_profiler_instrumentation.a
[  0%] Built target ruy_profiler_instrumentation
[  0%] Linking CXX static library libabsl_utf8_for_code_point.a
[  0%] Building CXX object _deps/abseil-cpp-build/absl/debugging/CMakeFiles/absl_leak_check.dir/leak_check.cc.o
[  0%] Built target absl_utf8_for_code_point
[  0%] Building CXX object _deps/abseil-cpp-build/absl/time/CMakeFiles/absl_time_zone.dir/internal/cctz/src/time_zone_format.cc.o
[  0%] Linking CXX static library libabsl_leak_check.a
[  0%] Built target absl_leak_check
[  0%] Building CXX object _deps/abseil-cpp-build/absl/flags/CMakeFiles/absl_flags_commandlineflag_internal.dir/internal/commandlineflag.cc.o
[  0%] Linking CXX static library libabsl_spinlock_wait.a
[  0%] Linking CXX static library libabsl_flags_commandlineflag_internal.a
[  0%] Built target absl_spinlock_wait
[  1%] Building CXX object _deps/farmhash-build/CMakeFiles/farmhash.dir/__/__/farmhash/src/farmhash.cc.o
[  1%] Built target absl_flags_commandlineflag_internal
[  3%] Building C object _deps/fft2d-build/CMakeFiles/fft2d_fftsg.dir/__/__/fft2d/fftsg.c.o
[  3%] Linking CXX static library libabsl_strerror.a
[  3%] Linking CXX static library libabsl_log_severity.a
[  3%] Built target absl_strerror
[  3%] Built target absl_log_severity
[  3%] Building CXX object _deps/abseil-cpp-build/absl/time/CMakeFiles/absl_time_zone.dir/internal/cctz/src/time_zone_if.cc.o
[  3%] Linking CXX static library libabsl_exponential_biased.a
[  3%] Building CXX object _deps/flatbuffers-build/CMakeFiles/flatbuffers.dir/src/idl_parser.cpp.o
[  3%] Built target absl_exponential_biased
[  3%] Building CXX object _deps/gemmlowp-build/CMakeFiles/eight_bit_int_gemm.dir/work/s2602/build-pr2-gcc-14/gemmlowp/eight_bit_int_gemm/eight_bit_int_gemm.cc.o
[  3%] Linking CXX static library libabsl_civil_time.a
[  3%] Built target absl_civil_time
[  3%] Building C object _deps/cpuinfo-build/CMakeFiles/cpuinfo.dir/src/api.c.o
[  3%] Building C object _deps/cpuinfo-build/CMakeFiles/cpuinfo.dir/src/cache.c.o
[  3%] Building C object _deps/cpuinfo-build/CMakeFiles/cpuinfo.dir/src/init.c.o
[  3%] Building C object _deps/cpuinfo-build/CMakeFiles/cpuinfo.dir/src/log.c.o
[  5%] Building C object _deps/cpuinfo-build/CMakeFiles/cpuinfo.dir/src/riscv/uarch.c.o
[  5%] Linking CXX static library libfarmhash.a
[  5%] Building C object _deps/cpuinfo-build/CMakeFiles/cpuinfo.dir/src/riscv/linux/init.c.o
[  5%] Built target farmhash
[  5%] Building CXX object _deps/ruy-build/ruy/CMakeFiles/ruy_wait.dir/wait.cc.o
[  5%] Linking C static library libfft2d_fftsg.a
[  5%] Built target fft2d_fftsg
[  5%] Building CXX object _deps/ruy-build/ruy/CMakeFiles/ruy_system_aligned_alloc.dir/system_aligned_alloc.cc.o
[  5%] Linking CXX static library libruy_system_aligned_alloc.a
[  5%] Building C object _deps/cpuinfo-build/CMakeFiles/cpuinfo.dir/src/riscv/linux/riscv-hw.c.o
[  5%] Built target ruy_system_aligned_alloc
[  5%] Building CXX object _deps/abseil-cpp-build/absl/time/CMakeFiles/absl_time_zone.dir/internal/cctz/src/time_zone_impl.cc.o
[  5%] Building CXX object _deps/ruy-build/ruy/CMakeFiles/ruy_block_map.dir/block_map.cc.o
[  5%] Building C object _deps/cpuinfo-build/CMakeFiles/cpuinfo.dir/src/riscv/linux/riscv-isa.c.o
[  5%] Building C object _deps/cpuinfo-build/CMakeFiles/cpuinfo.dir/src/linux/smallfile.c.o
[  5%] Building C object _deps/cpuinfo-build/CMakeFiles/cpuinfo.dir/src/linux/multiline.c.o
[  5%] Linking CXX static library libruy_wait.a
[  5%] Building C object _deps/cpuinfo-build/CMakeFiles/cpuinfo.dir/src/linux/cpulist.c.o
[  5%] Built target ruy_wait
[  5%] Building CXX object _deps/ruy-build/ruy/CMakeFiles/ruy_denormal.dir/denormal.cc.o
[  5%] Linking CXX static library libruy_denormal.a
[  5%] Built target ruy_denormal
[  5%] Building C object _deps/cpuinfo-build/CMakeFiles/cpuinfo.dir/src/linux/processors.c.o
[  5%] Building CXX object _deps/ruy-build/ruy/CMakeFiles/ruy_apply_multiplier.dir/apply_multiplier.cc.o
[  5%] Linking CXX static library libruy_block_map.a
[  5%] Linking C static library libcpuinfo.a
[  5%] Built target ruy_block_map
[  5%] Building CXX object _deps/ruy-build/ruy/CMakeFiles/ruy_have_built_path_for_avx512.dir/have_built_path_for_avx512.cc.o
[  5%] Built target cpuinfo
[  5%] Linking CXX static library libruy_have_built_path_for_avx512.a
[  5%] Building CXX object _deps/ruy-build/ruy/CMakeFiles/ruy_have_built_path_for_avx2_fma.dir/have_built_path_for_avx2_fma.cc.o
[  5%] Linking CXX static library libruy_have_built_path_for_avx2_fma.a
[  5%] Built target ruy_have_built_path_for_avx512
[  5%] Building CXX object _deps/ruy-build/ruy/CMakeFiles/ruy_have_built_path_for_avx.dir/have_built_path_for_avx.cc.o
[  5%] Built target ruy_have_built_path_for_avx2_fma
[  5%] Linking CXX static library libruy_apply_multiplier.a
[  5%] Linking CXX static library libruy_have_built_path_for_avx.a
[  5%] Building CXX object _deps/abseil-cpp-build/absl/base/CMakeFiles/absl_raw_logging_internal.dir/internal/raw_logging.cc.o
[  5%] Built target ruy_apply_multiplier
[  5%] Built target ruy_have_built_path_for_avx
[  5%] Building C object _deps/fft2d-build/CMakeFiles/fft2d_fftsg2d.dir/__/__/fft2d/fftsg2d.c.o
[  5%] Building CXX object _deps/ruy-build/ruy/CMakeFiles/ruy_cpuinfo.dir/cpuinfo.cc.o
[  5%] Linking C static library libfft2d_fftsg2d.a
[  5%] Building CXX object _deps/abseil-cpp-build/absl/time/CMakeFiles/absl_time_zone.dir/internal/cctz/src/time_zone_info.cc.o
[  5%] Built target fft2d_fftsg2d
[  5%] Linking CXX static library libruy_cpuinfo.a
[  5%] Building CXX object _deps/ruy-build/ruy/CMakeFiles/ruy_prepacked_cache.dir/prepacked_cache.cc.o
[  5%] Built target ruy_cpuinfo
[  7%] Building CXX object _deps/ruy-build/ruy/CMakeFiles/ruy_allocator.dir/allocator.cc.o
[  7%] Linking CXX static library libabsl_raw_logging_internal.a
[  7%] Built target absl_raw_logging_internal
[  8%] Building CXX object _deps/flatbuffers-build/CMakeFiles/flatbuffers.dir/src/idl_gen_text.cpp.o
[  8%] Linking CXX static library libruy_allocator.a
[  8%] Linking CXX static library libruy_prepacked_cache.a
[  8%] Built target ruy_allocator
[  8%] Building CXX object _deps/ruy-build/ruy/CMakeFiles/ruy_blocking_counter.dir/blocking_counter.cc.o
[  8%] Built target ruy_prepacked_cache
[  8%] Building CXX object _deps/abseil-cpp-build/absl/base/CMakeFiles/absl_base.dir/internal/cycleclock.cc.o
[  8%] Linking CXX static library libruy_blocking_counter.a
[  8%] Built target ruy_blocking_counter
[  8%] Building CXX object _deps/abseil-cpp-build/absl/base/CMakeFiles/absl_throw_delegate.dir/internal/throw_delegate.cc.o
[ 10%] Building CXX object _deps/abseil-cpp-build/absl/debugging/CMakeFiles/absl_debugging_internal.dir/internal/address_is_readable.cc.o
[ 12%] Building CXX object _deps/abseil-cpp-build/absl/time/CMakeFiles/absl_time_zone.dir/internal/cctz/src/time_zone_libc.cc.o
[ 12%] Linking CXX static library libabsl_throw_delegate.a
[ 12%] Built target absl_throw_delegate
[ 12%] Building CXX object _deps/abseil-cpp-build/absl/strings/CMakeFiles/absl_cordz_functions.dir/internal/cordz_functions.cc.o
[ 12%] Building CXX object _deps/abseil-cpp-build/absl/debugging/CMakeFiles/absl_debugging_internal.dir/internal/elf_mem_image.cc.o
[ 12%] Building CXX object _deps/abseil-cpp-build/absl/base/CMakeFiles/absl_base.dir/internal/spinlock.cc.o
[ 12%] Building CXX object _deps/abseil-cpp-build/absl/debugging/CMakeFiles/absl_debugging_internal.dir/internal/vdso_support.cc.o
[ 14%] Linking CXX static library libabsl_cordz_functions.a
[ 14%] Built target absl_cordz_functions
[ 14%] Building CXX object _deps/ruy-build/ruy/CMakeFiles/ruy_tune.dir/tune.cc.o
[ 14%] Building CXX object _deps/abseil-cpp-build/absl/time/CMakeFiles/absl_time_zone.dir/internal/cctz/src/time_zone_lookup.cc.o
[ 14%] Building CXX object _deps/abseil-cpp-build/absl/base/CMakeFiles/absl_base.dir/internal/sysinfo.cc.o
[ 14%] Linking CXX static library libruy_tune.a
[ 14%] Built target ruy_tune
[ 14%] Building CXX object _deps/ruy-build/ruy/CMakeFiles/ruy_thread_pool.dir/thread_pool.cc.o
[ 14%] Linking CXX static library libabsl_debugging_internal.a
[ 14%] Built target absl_debugging_internal
[ 14%] Building CXX object _deps/abseil-cpp-build/absl/time/CMakeFiles/absl_time_zone.dir/internal/cctz/src/time_zone_posix.cc.o
[ 14%] Linking CXX static library libruy_thread_pool.a
[ 14%] Built target ruy_thread_pool
[ 14%] Building CXX object _deps/ruy-build/ruy/CMakeFiles/ruy_kernel_arm.dir/kernel_arm32.cc.o
[ 14%] Building CXX object _deps/abseil-cpp-build/absl/time/CMakeFiles/absl_time_zone.dir/internal/cctz/src/zone_info_source.cc.o
[ 14%] Building CXX object _deps/ruy-build/ruy/CMakeFiles/ruy_kernel_arm.dir/kernel_arm64.cc.o
[ 14%] Building CXX object _deps/flatbuffers-build/CMakeFiles/flatbuffers.dir/src/reflection.cpp.o
[ 15%] Building CXX object _deps/abseil-cpp-build/absl/base/CMakeFiles/absl_base.dir/internal/thread_identity.cc.o
[ 17%] Linking CXX static library libruy_kernel_arm.a
[ 17%] Built target ruy_kernel_arm
[ 17%] Building CXX object _deps/ruy-build/ruy/CMakeFiles/ruy_pack_arm.dir/pack_arm.cc.o
In file included from /work/s2602/build-pr2-gcc-14/ruy/ruy/pack_arm.cc:16:
/work/s2602/build-pr2-gcc-14/ruy/ruy/pack_arm.h:492:9: warning: multi-line comment [-Wcomment]
  492 | #endif  // (RUY_PLATFORM_NEON_64 || RUY_PLATFORM_NEON_32) && \
      |         ^
[ 17%] Linking CXX static library libruy_pack_arm.a
[ 17%] Building CXX object _deps/abseil-cpp-build/absl/base/CMakeFiles/absl_base.dir/internal/unscaledcycleclock.cc.o
[ 17%] Built target ruy_pack_arm
[ 17%] Building CXX object _deps/ruy-build/ruy/CMakeFiles/ruy_kernel_avx512.dir/kernel_avx512.cc.o
[ 17%] Building CXX object _deps/ruy-build/ruy/CMakeFiles/ruy_pack_avx512.dir/pack_avx512.cc.o
[ 17%] Linking CXX static library libabsl_time_zone.a
[ 17%] Built target absl_time_zone
[ 17%] Building CXX object _deps/flatbuffers-build/CMakeFiles/flatbuffers.dir/src/util.cpp.o
[ 17%] Linking CXX static library libruy_kernel_avx512.a
[ 17%] Linking CXX static library libruy_pack_avx512.a
[ 17%] Built target ruy_kernel_avx512
[ 17%] Built target ruy_pack_avx512
[ 17%] Building CXX object _deps/ruy-build/ruy/CMakeFiles/ruy_kernel_avx2_fma.dir/kernel_avx2_fma.cc.o
[ 17%] Building CXX object _deps/ruy-build/ruy/CMakeFiles/ruy_pack_avx2_fma.dir/pack_avx2_fma.cc.o
[ 17%] Linking CXX static library libabsl_base.a
[ 17%] Built target absl_base
[ 17%] Building CXX object _deps/ruy-build/ruy/CMakeFiles/ruy_kernel_avx.dir/kernel_avx.cc.o
[ 17%] Linking CXX static library libruy_kernel_avx2_fma.a
[ 17%] Linking CXX static library libruy_pack_avx2_fma.a
[ 17%] Built target ruy_kernel_avx2_fma
[ 17%] Built target ruy_pack_avx2_fma
[ 19%] Building CXX object _deps/ruy-build/ruy/CMakeFiles/ruy_pack_avx.dir/pack_avx.cc.o
[ 19%] Building CXX object _deps/ruy-build/ruy/CMakeFiles/ruy_ctx.dir/ctx.cc.o
[ 19%] Linking CXX static library libruy_kernel_avx.a
[ 19%] Built target ruy_kernel_avx
[ 19%] Building CXX object _deps/abseil-cpp-build/absl/base/CMakeFiles/absl_malloc_internal.dir/internal/low_level_alloc.cc.o
[ 19%] Linking CXX static library libruy_pack_avx.a
[ 19%] Built target ruy_pack_avx
[ 19%] Building CXX object _deps/abseil-cpp-build/absl/base/CMakeFiles/absl_tracing_internal.dir/internal/tracing.cc.o
[ 19%] Linking CXX static library libabsl_tracing_internal.a
[ 19%] Built target absl_tracing_internal
[ 19%] Building CXX object _deps/abseil-cpp-build/absl/strings/CMakeFiles/absl_strings_internal.dir/internal/ostringstream.cc.o
[ 19%] Building CXX object _deps/abseil-cpp-build/absl/debugging/CMakeFiles/absl_decode_rust_punycode.dir/internal/decode_rust_punycode.cc.o
[ 19%] Linking CXX static library libruy_ctx.a
[ 19%] Built target ruy_ctx
[ 19%] Building CXX object _deps/abseil-cpp-build/absl/numeric/CMakeFiles/absl_int128.dir/int128.cc.o
[ 19%] Building CXX object _deps/abseil-cpp-build/absl/strings/CMakeFiles/absl_strings_internal.dir/internal/utf8.cc.o
[ 19%] Building CXX object _deps/abseil-cpp-build/absl/strings/CMakeFiles/absl_strings_internal.dir/internal/escaping.cc.o
[ 19%] Linking CXX static library libabsl_malloc_internal.a
[ 19%] Built target absl_malloc_internal
[ 19%] Building CXX object _deps/abseil-cpp-build/absl/strings/CMakeFiles/absl_string_view.dir/string_view.cc.o
[ 19%] Linking CXX static library libabsl_decode_rust_punycode.a
[ 19%] Built target absl_decode_rust_punycode
[ 19%] Building CXX object _deps/abseil-cpp-build/absl/synchronization/CMakeFiles/absl_graphcycles_internal.dir/internal/graphcycles.cc.o
[ 19%] Linking CXX static library libabsl_string_view.a
[ 19%] Built target absl_string_view
[ 19%] Building CXX object _deps/abseil-cpp-build/absl/crc/CMakeFiles/absl_crc_cpu_detect.dir/internal/cpu_detect.cc.o
[ 19%] Linking CXX static library libabsl_strings_internal.a
[ 19%] Building CXX object _deps/abseil-cpp-build/absl/hash/CMakeFiles/absl_city.dir/internal/city.cc.o
[ 19%] Built target absl_strings_internal
[ 19%] Building CXX object _deps/ruy-build/ruy/CMakeFiles/ruy_context.dir/context.cc.o
[ 19%] Linking CXX static library libabsl_int128.a
[ 19%] Built target absl_int128
[ 21%] Building CXX object _deps/ruy-build/ruy/CMakeFiles/ruy_trmul.dir/trmul.cc.o
[ 21%] Linking CXX static library libruy_context.a
[ 21%] Built target ruy_context
[ 21%] Building CXX object _deps/ruy-build/ruy/CMakeFiles/ruy_prepare_packed_matrices.dir/prepare_packed_matrices.cc.o
[ 21%] Linking CXX static library libabsl_crc_cpu_detect.a
[ 21%] Built target absl_crc_cpu_detect
[ 21%] Building CXX object _deps/abseil-cpp-build/absl/debugging/CMakeFiles/absl_stacktrace.dir/stacktrace.cc.o
[ 21%] Linking CXX static library libruy_trmul.a
[ 21%] Built target ruy_trmul
[ 21%] Building CXX object _deps/abseil-cpp-build/absl/debugging/CMakeFiles/absl_demangle_rust.dir/internal/demangle_rust.cc.o
[ 21%] Linking CXX static library libabsl_graphcycles_internal.a
[ 21%] Building CXX object _deps/abseil-cpp-build/absl/strings/CMakeFiles/absl_strings.dir/ascii.cc.o
[ 21%] Built target absl_graphcycles_internal
[ 21%] Building CXX object _deps/abseil-cpp-build/absl/crc/CMakeFiles/absl_crc_internal.dir/internal/crc.cc.o
[ 22%] Linking CXX static library libruy_prepare_packed_matrices.a
[ 22%] Built target ruy_prepare_packed_matrices
[ 22%] Building CXX object _deps/abseil-cpp-build/absl/crc/CMakeFiles/absl_crc_internal.dir/internal/crc_x86_arm_combined.cc.o
[ 22%] Linking CXX static library libabsl_city.a
[ 22%] Built target absl_city
[ 24%] Building CXX object _deps/ruy-build/ruy/CMakeFiles/ruy_context_get_ctx.dir/context_get_ctx.cc.o
[ 24%] Linking CXX static library libruy_context_get_ctx.a
[ 24%] Built target ruy_context_get_ctx
[ 26%] Building CXX object _deps/abseil-cpp-build/absl/strings/CMakeFiles/absl_strings.dir/charconv.cc.o
[ 26%] Linking CXX static library libeight_bit_int_gemm.a
[ 26%] Built target eight_bit_int_gemm
[ 28%] Linking CXX static library libabsl_stacktrace.a
[ 28%] Building CXX object _deps/abseil-cpp-build/absl/strings/CMakeFiles/absl_strings.dir/escaping.cc.o
[ 29%] Linking CXX static library libabsl_demangle_rust.a
[ 29%] Built target absl_stacktrace
[ 29%] Built target absl_demangle_rust
[ 29%] Building CXX object _deps/abseil-cpp-build/absl/strings/CMakeFiles/absl_strings.dir/internal/charconv_bigint.cc.o
[ 29%] Building CXX object _deps/ruy-build/ruy/CMakeFiles/ruy_frontend.dir/frontend.cc.o
[ 29%] Building CXX object _deps/abseil-cpp-build/absl/debugging/CMakeFiles/absl_demangle_internal.dir/internal/demangle.cc.o
[ 29%] Building CXX object _deps/abseil-cpp-build/absl/strings/CMakeFiles/absl_strings.dir/internal/charconv_parse.cc.o
[ 29%] Linking CXX static library libabsl_crc_internal.a
[ 29%] Built target absl_crc_internal
[ 29%] Building CXX object _deps/abseil-cpp-build/absl/strings/CMakeFiles/absl_strings.dir/internal/damerau_levenshtein_distance.cc.o
[ 31%] Linking CXX static library libruy_frontend.a
[ 31%] Built target ruy_frontend
[ 31%] Building CXX object _deps/abseil-cpp-build/absl/strings/CMakeFiles/absl_strings.dir/internal/memutil.cc.o
[ 31%] Building CXX object _deps/abseil-cpp-build/absl/strings/CMakeFiles/absl_strings.dir/internal/stringify_sink.cc.o
[ 31%] Building CXX object _deps/abseil-cpp-build/absl/strings/CMakeFiles/absl_strings.dir/match.cc.o
[ 31%] Building CXX object _deps/abseil-cpp-build/absl/strings/CMakeFiles/absl_strings.dir/numbers.cc.o
[ 33%] Building CXX object _deps/abseil-cpp-build/absl/strings/CMakeFiles/absl_strings.dir/str_cat.cc.o
[ 33%] Building CXX object _deps/abseil-cpp-build/absl/strings/CMakeFiles/absl_strings.dir/str_replace.cc.o
[ 33%] Building CXX object _deps/abseil-cpp-build/absl/strings/CMakeFiles/absl_strings.dir/str_split.cc.o
[ 33%] Building CXX object _deps/abseil-cpp-build/absl/strings/CMakeFiles/absl_strings.dir/substitute.cc.o
[ 33%] Linking CXX static library libabsl_demangle_internal.a
[ 33%] Built target absl_demangle_internal
[ 33%] Linking CXX static library libabsl_strings.a
[ 33%] Built target absl_strings
[ 35%] Building CXX object _deps/abseil-cpp-build/absl/debugging/CMakeFiles/absl_symbolize.dir/symbolize.cc.o
[ 35%] Building CXX object _deps/abseil-cpp-build/absl/strings/CMakeFiles/absl_str_format_internal.dir/internal/str_format/arg.cc.o
[ 35%] Building CXX object _deps/abseil-cpp-build/absl/strings/CMakeFiles/absl_str_format_internal.dir/internal/str_format/extension.cc.o
[ 35%] Building CXX object _deps/abseil-cpp-build/absl/strings/CMakeFiles/absl_str_format_internal.dir/internal/str_format/bind.cc.o
[ 35%] Building CXX object _deps/abseil-cpp-build/absl/hash/CMakeFiles/absl_hash.dir/internal/hash.cc.o
[ 36%] Building CXX object _deps/abseil-cpp-build/absl/flags/CMakeFiles/absl_flags_commandlineflag.dir/commandlineflag.cc.o
[ 36%] Building CXX object _deps/abseil-cpp-build/absl/time/CMakeFiles/absl_time.dir/civil_time.cc.o
[ 38%] Building CXX object _deps/abseil-cpp-build/absl/strings/CMakeFiles/absl_str_format_internal.dir/internal/str_format/float_conversion.cc.o
[ 38%] Linking CXX static library libabsl_flags_commandlineflag.a
[ 38%] Built target absl_flags_commandlineflag
[ 38%] Building CXX object _deps/abseil-cpp-build/absl/strings/CMakeFiles/absl_str_format_internal.dir/internal/str_format/output.cc.o
[ 38%] Linking CXX static library libabsl_symbolize.a
[ 38%] Built target absl_symbolize
[ 38%] Building CXX object _deps/abseil-cpp-build/absl/strings/CMakeFiles/absl_str_format_internal.dir/internal/str_format/parser.cc.o
[ 38%] Building CXX object _deps/abseil-cpp-build/absl/flags/CMakeFiles/absl_flags_private_handle_accessor.dir/internal/private_handle_accessor.cc.o
[ 38%] Linking CXX static library libabsl_hash.a
[ 38%] Built target absl_hash
[ 38%] Building CXX object _deps/abseil-cpp-build/absl/time/CMakeFiles/absl_time.dir/clock.cc.o
[ 40%] Building CXX object _deps/abseil-cpp-build/absl/time/CMakeFiles/absl_time.dir/duration.cc.o
[ 40%] Building CXX object _deps/abseil-cpp-build/absl/time/CMakeFiles/absl_time.dir/format.cc.o
[ 40%] Building CXX object _deps/abseil-cpp-build/absl/time/CMakeFiles/absl_time.dir/time.cc.o
[ 40%] Linking CXX static library libabsl_flags_private_handle_accessor.a
[ 40%] Built target absl_flags_private_handle_accessor
[ 40%] Linking CXX static library libabsl_str_format_internal.a
[ 40%] Built target absl_str_format_internal
[ 40%] Building CXX object _deps/abseil-cpp-build/absl/flags/CMakeFiles/absl_flags_marshalling.dir/marshalling.cc.o
[ 40%] Building CXX object _deps/abseil-cpp-build/absl/crc/CMakeFiles/absl_crc32c.dir/internal/crc_memcpy_fallback.cc.o
[ 40%] Building CXX object _deps/abseil-cpp-build/absl/crc/CMakeFiles/absl_crc32c.dir/crc32c.cc.o
[ 40%] Linking CXX static library libflatbuffers.a
[ 40%] Built target flatbuffers
[ 42%] Building CXX object _deps/abseil-cpp-build/absl/crc/CMakeFiles/absl_crc32c.dir/internal/crc_memcpy_x86_arm_combined.cc.o
[ 42%] Building CXX object _deps/abseil-cpp-build/absl/crc/CMakeFiles/absl_crc32c.dir/internal/crc_non_temporal_memcpy.cc.o
[ 42%] Linking CXX static library libabsl_time.a
[ 42%] Built target absl_time
[ 42%] Building CXX object _deps/abseil-cpp-build/absl/synchronization/CMakeFiles/absl_kernel_timeout_internal.dir/internal/kernel_timeout.cc.o
[ 42%] Linking CXX static library libabsl_crc32c.a
[ 42%] Built target absl_crc32c
[ 42%] Building CXX object _deps/abseil-cpp-build/absl/crc/CMakeFiles/absl_crc_cord_state.dir/internal/crc_cord_state.cc.o
[ 43%] Linking CXX static library libabsl_flags_marshalling.a
[ 43%] Built target absl_flags_marshalling
[ 43%] Linking CXX static library libabsl_kernel_timeout_internal.a
[ 43%] Built target absl_kernel_timeout_internal
[ 43%] Building CXX object _deps/abseil-cpp-build/absl/synchronization/CMakeFiles/absl_synchronization.dir/internal/create_thread_identity.cc.o
[ 43%] Building CXX object _deps/abseil-cpp-build/absl/synchronization/CMakeFiles/absl_synchronization.dir/internal/per_thread_sem.cc.o
[ 43%] Building CXX object _deps/abseil-cpp-build/absl/synchronization/CMakeFiles/absl_synchronization.dir/internal/sem_waiter.cc.o
[ 43%] Building CXX object _deps/abseil-cpp-build/absl/synchronization/CMakeFiles/absl_synchronization.dir/barrier.cc.o
[ 43%] Building CXX object _deps/abseil-cpp-build/absl/synchronization/CMakeFiles/absl_synchronization.dir/blocking_counter.cc.o
[ 43%] Building CXX object _deps/abseil-cpp-build/absl/synchronization/CMakeFiles/absl_synchronization.dir/internal/futex_waiter.cc.o
[ 43%] Building CXX object _deps/abseil-cpp-build/absl/synchronization/CMakeFiles/absl_synchronization.dir/internal/pthread_waiter.cc.o
[ 43%] Linking CXX static library libabsl_crc_cord_state.a
[ 43%] Built target absl_crc_cord_state
[ 43%] Building CXX object _deps/abseil-cpp-build/absl/synchronization/CMakeFiles/absl_synchronization.dir/internal/stdcpp_waiter.cc.o
[ 45%] Building CXX object _deps/abseil-cpp-build/absl/synchronization/CMakeFiles/absl_synchronization.dir/internal/waiter_base.cc.o
[ 45%] Building CXX object _deps/abseil-cpp-build/absl/synchronization/CMakeFiles/absl_synchronization.dir/internal/win32_waiter.cc.o
[ 45%] Building CXX object _deps/abseil-cpp-build/absl/synchronization/CMakeFiles/absl_synchronization.dir/notification.cc.o
[ 45%] Building CXX object _deps/abseil-cpp-build/absl/synchronization/CMakeFiles/absl_synchronization.dir/mutex.cc.o
[ 45%] Building CXX object _deps/abseil-cpp-build/absl/strings/CMakeFiles/absl_cord_internal.dir/internal/cord_internal.cc.o
[ 45%] Building CXX object _deps/abseil-cpp-build/absl/strings/CMakeFiles/absl_cord_internal.dir/internal/cord_rep_btree.cc.o
[ 45%] Building CXX object _deps/abseil-cpp-build/absl/strings/CMakeFiles/absl_cord_internal.dir/internal/cord_rep_btree_navigator.cc.o
[ 45%] Building CXX object _deps/abseil-cpp-build/absl/strings/CMakeFiles/absl_cord_internal.dir/internal/cord_rep_btree_reader.cc.o
[ 45%] Building CXX object _deps/abseil-cpp-build/absl/strings/CMakeFiles/absl_cord_internal.dir/internal/cord_rep_crc.cc.o
[ 45%] Building CXX object _deps/abseil-cpp-build/absl/strings/CMakeFiles/absl_cord_internal.dir/internal/cord_rep_consume.cc.o
[ 45%] Linking CXX static library libabsl_synchronization.a
[ 45%] Built target absl_synchronization
[ 45%] Building CXX object _deps/abseil-cpp-build/absl/flags/CMakeFiles/absl_flags_program_name.dir/internal/program_name.cc.o
[ 45%] Building CXX object _deps/abseil-cpp-build/absl/strings/CMakeFiles/absl_cordz_handle.dir/internal/cordz_handle.cc.o
[ 47%] Building CXX object _deps/abseil-cpp-build/absl/container/CMakeFiles/absl_hashtablez_sampler.dir/internal/hashtablez_sampler.cc.o
[ 47%] Building CXX object _deps/abseil-cpp-build/absl/container/CMakeFiles/absl_hashtablez_sampler.dir/internal/hashtablez_sampler_force_weak_definition.cc.o
[ 47%] Linking CXX static library libabsl_cord_internal.a
[ 47%] Built target absl_cord_internal
[ 47%] Linking CXX static library libabsl_flags_program_name.a
[ 47%] Built target absl_flags_program_name
[ 47%] Building CXX object _deps/abseil-cpp-build/absl/flags/CMakeFiles/absl_flags_config.dir/usage_config.cc.o
[ 47%] Linking CXX static library libabsl_cordz_handle.a
[ 47%] Built target absl_cordz_handle
[ 47%] Linking CXX static library libabsl_hashtablez_sampler.a
[ 47%] Building CXX object _deps/abseil-cpp-build/absl/strings/CMakeFiles/absl_cordz_info.dir/internal/cordz_info.cc.o
[ 47%] Built target absl_hashtablez_sampler
[ 47%] Linking CXX static library libabsl_flags_config.a
[ 47%] Built target absl_flags_config
[ 47%] Building CXX object _deps/abseil-cpp-build/absl/flags/CMakeFiles/absl_flags_internal.dir/internal/flag.cc.o
[ 47%] Linking CXX static library libabsl_cordz_info.a
[ 47%] Built target absl_cordz_info
[ 47%] Building CXX object _deps/abseil-cpp-build/absl/strings/CMakeFiles/absl_cord.dir/cord_analysis.cc.o
[ 47%] Building CXX object _deps/abseil-cpp-build/absl/strings/CMakeFiles/absl_cord.dir/cord.cc.o
[ 47%] Linking CXX static library libabsl_flags_internal.a
[ 47%] Built target absl_flags_internal
[ 49%] Linking CXX static library libabsl_cord.a
[ 49%] Built target absl_cord
[ 50%] Building CXX object _deps/abseil-cpp-build/absl/container/CMakeFiles/absl_raw_hash_set.dir/internal/raw_hash_set.cc.o
[ 50%] Building CXX object _deps/abseil-cpp-build/absl/status/CMakeFiles/absl_status.dir/internal/status_internal.cc.o
[ 50%] Building CXX object _deps/abseil-cpp-build/absl/status/CMakeFiles/absl_status.dir/status.cc.o
[ 50%] Building CXX object _deps/abseil-cpp-build/absl/status/CMakeFiles/absl_status.dir/status_payload_printer.cc.o
[ 50%] Linking CXX static library libabsl_status.a
[ 50%] Built target absl_status
[ 50%] Linking CXX static library libabsl_raw_hash_set.a
[ 50%] Built target absl_raw_hash_set
[ 50%] Building CXX object _deps/abseil-cpp-build/absl/flags/CMakeFiles/absl_flags_reflection.dir/reflection.cc.o
[ 50%] Linking CXX static library libabsl_flags_reflection.a
[ 50%] Built target absl_flags_reflection
[ 52%] Building CXX object CMakeFiles/tensorflow-lite.dir/core/api/flatbuffer_conversions.cc.o
[ 52%] Building CXX object CMakeFiles/tensorflow-lite.dir/core/async/c/async_kernel.cc.o
[ 52%] Building CXX object CMakeFiles/tensorflow-lite.dir/core/api/tensor_utils.cc.o
[ 52%] Building CXX object CMakeFiles/tensorflow-lite.dir/core/async/c/async_signature_runner.cc.o
[ 52%] Building CXX object CMakeFiles/tensorflow-lite.dir/core/acceleration/configuration/nnapi_plugin.cc.o
[ 52%] Building CXX object CMakeFiles/tensorflow-lite.dir/core/acceleration/configuration/stable_delegate_registry.cc.o
[ 52%] Building CXX object CMakeFiles/tensorflow-lite.dir/core/acceleration/configuration/delegate_registry.cc.o
[ 52%] Building CXX object CMakeFiles/tensorflow-lite.dir/core/api/op_resolver.cc.o
[ 52%] Building CXX object CMakeFiles/tensorflow-lite.dir/core/async/c/task.cc.o
[ 52%] Building CXX object CMakeFiles/tensorflow-lite.dir/core/async/interop/c/attribute_map.cc.o
[ 52%] Building CXX object CMakeFiles/tensorflow-lite.dir/core/async/interop/c/constants.cc.o
[ 52%] Building CXX object CMakeFiles/tensorflow-lite.dir/core/async/interop/c/types.cc.o
[ 54%] Building CXX object CMakeFiles/tensorflow-lite.dir/core/async/interop/attribute_map_internal.cc.o
[ 54%] Building CXX object CMakeFiles/tensorflow-lite.dir/core/async/interop/reconcile_fns.cc.o
[ 54%] Building CXX object CMakeFiles/tensorflow-lite.dir/core/async/interop/variant.cc.o
[ 54%] Building CXX object CMakeFiles/tensorflow-lite.dir/core/async/async_signature_runner.cc.o
In file included from /work/s2602/src/rvspoc-S2602-litert-pr4/tflite/core/acceleration/configuration/nnapi_plugin.cc:18:
/work/s2602/src/rvspoc-S2602-litert-pr4/tflite/../tflite/core/acceleration/configuration/nnapi_plugin.h: In constructor ‘tflite::delegates::NnapiPlugin::NnapiPlugin(const tflite::TFLiteSettings&)’:
/work/s2602/src/rvspoc-S2602-litert-pr4/tflite/../tflite/core/acceleration/configuration/nnapi_plugin.h:76:51: warning: ‘SizeT flatbuffers::Vector<T, SizeT>::Length() const [with T = char; SizeT = unsigned int]’ is deprecated: use size() instead [-Wdeprecated-declarations]
   76 |         nnapi_settings->accelerator_name()->Length() != 0) {
      |         ~~~~~~~~~~~~~~~~~~~~~~~~~~~~~~~~~~~~~~~~~~^~
In file included from /work/s2602/build-pr2-gcc-14/flatbuffers/include/flatbuffers/array.h:25,
                 from /work/s2602/build-pr2-gcc-14/flatbuffers/include/flatbuffers/flatbuffers.h:24,
                 from /work/s2602/src/rvspoc-S2602-litert-pr4/tflite/../tflite/acceleration/configuration/configuration_generated.h:21,
                 from /work/s2602/src/rvspoc-S2602-litert-pr4/tflite/../tflite/core/acceleration/configuration/nnapi_plugin.h:33:
/work/s2602/build-pr2-gcc-14/flatbuffers/include/flatbuffers/vector.h:186:9: note: declared here
  186 |   SizeT Length() const { return size(); }
      |         ^~~~~~
/work/s2602/src/rvspoc-S2602-litert-pr4/tflite/../tflite/core/acceleration/configuration/nnapi_plugin.h: In member function ‘void tflite::delegates::NnapiPlugin::SetCompilationCacheDir(const tflite::TFLiteSettings&)’:
/work/s2602/src/rvspoc-S2602-litert-pr4/tflite/../tflite/core/acceleration/configuration/nnapi_plugin.h:105:76: warning: ‘SizeT flatbuffers::Vector<T, SizeT>::Length() const [with T = char; SizeT = unsigned int]’ is deprecated: use size() instead [-Wdeprecated-declarations]
  105 |         tflite_settings.compilation_caching_settings()->cache_dir()->Length() !=
      |         ~~~~~~~~~~~~~~~~~~~~~~~~~~~~~~~~~~~~~~~~~~~~~~~~~~~~~~~~~~~~~~~~~~~^~
/work/s2602/build-pr2-gcc-14/flatbuffers/include/flatbuffers/vector.h:186:9: note: declared here
  186 |   SizeT Length() const { return size(); }
      |         ^~~~~~
/work/s2602/src/rvspoc-S2602-litert-pr4/tflite/../tflite/core/acceleration/configuration/nnapi_plugin.h:112:75: warning: ‘SizeT flatbuffers::Vector<T, SizeT>::Length() const [with T = char; SizeT = unsigned int]’ is deprecated: use size() instead [-Wdeprecated-declarations]
  112 |                tflite_settings.nnapi_settings()->cache_directory()->Length() !=
      |                ~~~~~~~~~~~~~~~~~~~~~~~~~~~~~~~~~~~~~~~~~~~~~~~~~~~~~~~~~~~^~
/work/s2602/build-pr2-gcc-14/flatbuffers/include/flatbuffers/vector.h:186:9: note: declared here
  186 |   SizeT Length() const { return size(); }
      |         ^~~~~~
/work/s2602/src/rvspoc-S2602-litert-pr4/tflite/../tflite/core/acceleration/configuration/nnapi_plugin.h: In member function ‘void tflite::delegates::NnapiPlugin::SetModelToken(const tflite::TFLiteSettings&)’:
/work/s2602/src/rvspoc-S2602-litert-pr4/tflite/../tflite/core/acceleration/configuration/nnapi_plugin.h:124:25: warning: ‘SizeT flatbuffers::Vector<T, SizeT>::Length() const [with T = char; SizeT = unsigned int]’ is deprecated: use size() instead [-Wdeprecated-declarations]
  122 |         tflite_settings.compilation_caching_settings()
      |         ~~~~~~~~~~~~~~~~~~~~~~~~~~~~~~~~~~~~~~~~~~~~~~
  123 |                 ->model_token()
      |                 ~~~~~~~~~~~~~~~
  124 |                 ->Length() != 0) {
      |                 ~~~~~~~~^~
/work/s2602/build-pr2-gcc-14/flatbuffers/include/flatbuffers/vector.h:186:9: note: declared here
  186 |   SizeT Length() const { return size(); }
      |         ^~~~~~
/work/s2602/src/rvspoc-S2602-litert-pr4/tflite/../tflite/core/acceleration/configuration/nnapi_plugin.h:129:71: warning: ‘SizeT flatbuffers::Vector<T, SizeT>::Length() const [with T = char; SizeT = unsigned int]’ is deprecated: use size() instead [-Wdeprecated-declarations]
  129 |                tflite_settings.nnapi_settings()->model_token()->Length() != 0) {
      |                ~~~~~~~~~~~~~~~~~~~~~~~~~~~~~~~~~~~~~~~~~~~~~~~~~~~~~~~^~
/work/s2602/build-pr2-gcc-14/flatbuffers/include/flatbuffers/vector.h:186:9: note: declared here
  186 |   SizeT Length() const { return size(); }
      |         ^~~~~~
/work/s2602/src/rvspoc-S2602-litert-pr4/tflite/core/async/interop/variant.cc: In member function ‘bool tflite::interop::Variant::operator==(const tflite::interop::Variant&) const’:
/work/s2602/src/rvspoc-S2602-litert-pr4/tflite/core/async/interop/variant.cc:42:1: warning: control reaches end of non-void function [-Wreturn-type]
   42 | }
      | ^
[ 54%] Building CXX object CMakeFiles/tensorflow-lite.dir/core/async/async_subgraph.cc.o
[ 54%] Building CXX object CMakeFiles/tensorflow-lite.dir/core/async/task_internal.cc.o
[ 54%] Building CXX object CMakeFiles/tensorflow-lite.dir/core/c/c_api.cc.o
[ 54%] Building CXX object CMakeFiles/tensorflow-lite.dir/core/c/c_api_experimental.cc.o
[ 54%] Building CXX object CMakeFiles/tensorflow-lite.dir/core/c/c_api_opaque.cc.o
[ 56%] Building CXX object CMakeFiles/tensorflow-lite.dir/core/c/common.cc.o
[ 56%] Building CXX object CMakeFiles/tensorflow-lite.dir/core/c/operator.cc.o
[ 56%] Building CXX object CMakeFiles/tensorflow-lite.dir/core/kernels/register.cc.o
[ 56%] Building CXX object CMakeFiles/tensorflow-lite.dir/core/create_op_resolver_with_builtin_ops.cc.o
[ 56%] Building CXX object CMakeFiles/tensorflow-lite.dir/core/interpreter.cc.o
[ 56%] Building CXX object CMakeFiles/tensorflow-lite.dir/core/interpreter_builder.cc.o
[ 56%] Building CXX object CMakeFiles/tensorflow-lite.dir/core/interpreter_experimental.cc.o
[ 56%] Building CXX object CMakeFiles/tensorflow-lite.dir/core/model_building.cc.o
[ 56%] Building CXX object CMakeFiles/tensorflow-lite.dir/core/signature_runner.cc.o
[ 57%] Building CXX object CMakeFiles/tensorflow-lite.dir/core/subgraph.cc.o
[ 57%] Building CXX object CMakeFiles/tensorflow-lite.dir/core/tools/verifier.cc.o
[ 57%] Building CXX object CMakeFiles/tensorflow-lite.dir/core/tools/verifier_internal.cc.o
[ 57%] Building CXX object CMakeFiles/tensorflow-lite.dir/c/c_api_for_testing.cc.o
[ 57%] Building CXX object CMakeFiles/tensorflow-lite.dir/c/c_api_opaque_internal.cc.o
[ 57%] Building CXX object CMakeFiles/tensorflow-lite.dir/c/common_internal.cc.o
[ 57%] Building CXX object CMakeFiles/tensorflow-lite.dir/delegates/external/external_delegate.cc.o
[ 57%] Building CXX object CMakeFiles/tensorflow-lite.dir/delegates/nnapi/nnapi_delegate_disabled.cc.o
[ 57%] Building CXX object CMakeFiles/tensorflow-lite.dir/delegates/interpreter_utils.cc.o
[ 57%] Building CXX object CMakeFiles/tensorflow-lite.dir/delegates/serialization.cc.o
[ 59%] Building CXX object CMakeFiles/tensorflow-lite.dir/delegates/telemetry.cc.o
[ 59%] Building CXX object CMakeFiles/tensorflow-lite.dir/delegates/utils.cc.o
[ 59%] Building CXX object CMakeFiles/tensorflow-lite.dir/experimental/resource/cache_buffer.cc.o
[ 59%] Building CXX object CMakeFiles/tensorflow-lite.dir/experimental/resource/initialization_status.cc.o
[ 59%] Building CXX object CMakeFiles/tensorflow-lite.dir/experimental/resource/resource_variable.cc.o
[ 59%] Building CXX object CMakeFiles/tensorflow-lite.dir/experimental/resource/static_hashtable.cc.o
[ 59%] Building CXX object CMakeFiles/tensorflow-lite.dir/kernels/internal/optimized/4bit/fully_connected_reference.cc.o
[ 59%] Building CXX object CMakeFiles/tensorflow-lite.dir/kernels/internal/optimized/cpu_check.cc.o
[ 59%] Building CXX object CMakeFiles/tensorflow-lite.dir/kernels/internal/optimized/neon_tensor_utils.cc.o
[ 61%] Building CXX object CMakeFiles/tensorflow-lite.dir/kernels/internal/optimized/rvv_tensor_utils.cc.o
[ 61%] Building CXX object CMakeFiles/tensorflow-lite.dir/kernels/internal/optimized/sse_tensor_utils.cc.o
[ 61%] Building CXX object CMakeFiles/tensorflow-lite.dir/kernels/internal/reference/comparisons.cc.o
[ 61%] Building CXX object CMakeFiles/tensorflow-lite.dir/kernels/internal/reference/portable_tensor_utils.cc.o
[ 61%] Building CXX object CMakeFiles/tensorflow-lite.dir/kernels/internal/common.cc.o
[ 61%] Building CXX object CMakeFiles/tensorflow-lite.dir/kernels/internal/kernel_utils.cc.o
[ 61%] Building CXX object CMakeFiles/tensorflow-lite.dir/kernels/internal/mfcc.cc.o
[ 61%] Building CXX object CMakeFiles/tensorflow-lite.dir/kernels/internal/mfcc_dct.cc.o
[ 61%] Building CXX object CMakeFiles/tensorflow-lite.dir/kernels/internal/mfcc_mel_filterbank.cc.o
[ 63%] Building CXX object CMakeFiles/tensorflow-lite.dir/kernels/internal/opaque_tensor_ctypes.cc.o
[ 63%] Building CXX object CMakeFiles/tensorflow-lite.dir/kernels/internal/portable_tensor_utils.cc.o
[ 63%] Building CXX object CMakeFiles/tensorflow-lite.dir/kernels/internal/quantization_util.cc.o
[ 63%] Building CXX object CMakeFiles/tensorflow-lite.dir/kernels/internal/runtime_shape.cc.o
[ 63%] Building CXX object CMakeFiles/tensorflow-lite.dir/kernels/internal/spectrogram.cc.o
[ 63%] Building CXX object CMakeFiles/tensorflow-lite.dir/kernels/internal/tensor_ctypes.cc.o
[ 63%] Building CXX object CMakeFiles/tensorflow-lite.dir/kernels/internal/tensor_utils.cc.o
[ 63%] Building CXX object CMakeFiles/tensorflow-lite.dir/kernels/internal/transpose_utils.cc.o
[ 63%] Building CXX object CMakeFiles/tensorflow-lite.dir/kernels/activations.cc.o
[ 64%] Building CXX object CMakeFiles/tensorflow-lite.dir/kernels/add.cc.o
[ 64%] Building CXX object CMakeFiles/tensorflow-lite.dir/kernels/add_n.cc.o
[ 64%] Building CXX object CMakeFiles/tensorflow-lite.dir/kernels/arg_min_max.cc.o
[ 64%] Building CXX object CMakeFiles/tensorflow-lite.dir/kernels/assign_variable.cc.o
[ 64%] Building CXX object CMakeFiles/tensorflow-lite.dir/kernels/atan2.cc.o
[ 64%] Building CXX object CMakeFiles/tensorflow-lite.dir/kernels/atan2_custom.cc.o
[ 64%] Building CXX object CMakeFiles/tensorflow-lite.dir/kernels/audio_spectrogram.cc.o
[ 64%] Building CXX object CMakeFiles/tensorflow-lite.dir/kernels/basic_rnn.cc.o
[ 64%] Building CXX object CMakeFiles/tensorflow-lite.dir/kernels/batch_matmul.cc.o
[ 64%] Building CXX object CMakeFiles/tensorflow-lite.dir/kernels/batch_to_space_nd.cc.o
In file included from /work/s2602/build-pr2-gcc-14/eigen/Eigen/Core:314,
                 from /work/s2602/src/rvspoc-S2602-litert-pr4/tflite/../tflite/kernels/internal/optimized/optimized_ops.h:45,
                 from /work/s2602/src/rvspoc-S2602-litert-pr4/tflite/../tflite/kernels/internal/optimized/integer_ops/lut.h:24,
                 from /work/s2602/src/rvspoc-S2602-litert-pr4/tflite/kernels/activations.cc:30:
/work/s2602/build-pr2-gcc-14/eigen/Eigen/src/Core/functors/UnaryFunctors.h: In instantiation of ‘Eigen::internal::scalar_unary_pow_op<Scalar, ExponentScalar, false, false, false, false>::scalar_unary_pow_op(const ExponentScalar&) [with Scalar = float; ExponentScalar = double]’:
/work/s2602/build-pr2-gcc-14/eigen/Eigen/src/Core/../plugins/ArrayCwiseUnaryOps.inc:543:66:   required from ‘Eigen::ArrayBase<Derived>::UnaryPowReturnType<ScalarExponent> Eigen::ArrayBase<Derived>::pow(const ScalarExponent&) const [with ScalarExponent = double; Derived = Eigen::ArrayWrapper<Eigen::Map<Eigen::Matrix<float, -1, -1>, 0, Eigen::Stride<0, 0> > >; UnaryPowReturnType<ScalarExponent> = Eigen::CwiseUnaryOp<Eigen::internal::scalar_unary_pow_op<float, double, false, false, false, false>, const Eigen::ArrayWrapper<Eigen::Map<Eigen::Matrix<float, -1, -1>, 0, Eigen::Stride<0, 0> > > >]’
/work/s2602/src/rvspoc-S2602-litert-pr4/tflite/../tflite/kernels/internal/optimized/optimized_ops.h:3572:62:   required from here
/work/s2602/build-pr2-gcc-14/eigen/Eigen/src/Core/functors/UnaryFunctors.h:1354:27: warning: ‘std::enable_if_t<(! IsExactlyRepresentable), void> Eigen::internal::scalar_unary_pow_op<Scalar, ExponentScalar, false, false, false, false>::check_is_representable() const [with bool IsExactlyRepresentable = false; Scalar = float; ExponentScalar = double; std::enable_if_t<(! IsExactlyRepresentable), void> = void]’ is deprecated [-Wdeprecated-declarations]
 1354 |     check_is_representable();
      |     ~~~~~~~~~~~~~~~~~~~~~~^~
/work/s2602/build-pr2-gcc-14/eigen/Eigen/src/Core/functors/UnaryFunctors.h:1350:68: note: declared here
 1350 |   EIGEN_DEPRECATED std::enable_if_t<!IsExactlyRepresentable, void> check_is_representable() const {}
      |                                                                    ^~~~~~~~~~~~~~~~~~~~~~
[ 66%] Building CXX object CMakeFiles/tensorflow-lite.dir/kernels/bidirectional_sequence_lstm.cc.o
In file included from /work/s2602/build-pr2-gcc-14/eigen/Eigen/Core:314,
                 from /work/s2602/src/rvspoc-S2602-litert-pr4/tflite/../tflite/kernels/internal/optimized/optimized_ops.h:45,
                 from /work/s2602/src/rvspoc-S2602-litert-pr4/tflite/kernels/add_n.cc:21:
/work/s2602/build-pr2-gcc-14/eigen/Eigen/src/Core/functors/UnaryFunctors.h: In instantiation of ‘Eigen::internal::scalar_unary_pow_op<Scalar, ExponentScalar, false, false, false, false>::scalar_unary_pow_op(const ExponentScalar&) [with Scalar = float; ExponentScalar = double]’:
/work/s2602/build-pr2-gcc-14/eigen/Eigen/src/Core/../plugins/ArrayCwiseUnaryOps.inc:543:66:   required from ‘Eigen::ArrayBase<Derived>::UnaryPowReturnType<ScalarExponent> Eigen::ArrayBase<Derived>::pow(const ScalarExponent&) const [with ScalarExponent = double; Derived = Eigen::ArrayWrapper<Eigen::Map<Eigen::Matrix<float, -1, -1>, 0, Eigen::Stride<0, 0> > >; UnaryPowReturnType<ScalarExponent> = Eigen::CwiseUnaryOp<Eigen::internal::scalar_unary_pow_op<float, double, false, false, false, false>, const Eigen::ArrayWrapper<Eigen::Map<Eigen::Matrix<float, -1, -1>, 0, Eigen::Stride<0, 0> > > >]’
/work/s2602/src/rvspoc-S2602-litert-pr4/tflite/../tflite/kernels/internal/optimized/optimized_ops.h:3572:62:   required from here
/work/s2602/build-pr2-gcc-14/eigen/Eigen/src/Core/functors/UnaryFunctors.h:1354:27: warning: ‘std::enable_if_t<(! IsExactlyRepresentable), void> Eigen::internal::scalar_unary_pow_op<Scalar, ExponentScalar, false, false, false, false>::check_is_representable() const [with bool IsExactlyRepresentable = false; Scalar = float; ExponentScalar = double; std::enable_if_t<(! IsExactlyRepresentable), void> = void]’ is deprecated [-Wdeprecated-declarations]
 1354 |     check_is_representable();
      |     ~~~~~~~~~~~~~~~~~~~~~~^~
/work/s2602/build-pr2-gcc-14/eigen/Eigen/src/Core/functors/UnaryFunctors.h:1350:68: note: declared here
 1350 |   EIGEN_DEPRECATED std::enable_if_t<!IsExactlyRepresentable, void> check_is_representable() const {}
      |                                                                    ^~~~~~~~~~~~~~~~~~~~~~
In file included from /work/s2602/build-pr2-gcc-14/eigen/Eigen/Core:314,
                 from /work/s2602/src/rvspoc-S2602-litert-pr4/tflite/../tflite/kernels/internal/optimized/optimized_ops.h:45,
                 from /work/s2602/src/rvspoc-S2602-litert-pr4/tflite/kernels/arg_min_max.cc:24:
/work/s2602/build-pr2-gcc-14/eigen/Eigen/src/Core/functors/UnaryFunctors.h: In instantiation of ‘Eigen::internal::scalar_unary_pow_op<Scalar, ExponentScalar, false, false, false, false>::scalar_unary_pow_op(const ExponentScalar&) [with Scalar = float; ExponentScalar = double]’:
/work/s2602/build-pr2-gcc-14/eigen/Eigen/src/Core/../plugins/ArrayCwiseUnaryOps.inc:543:66:   required from ‘Eigen::ArrayBase<Derived>::UnaryPowReturnType<ScalarExponent> Eigen::ArrayBase<Derived>::pow(const ScalarExponent&) const [with ScalarExponent = double; Derived = Eigen::ArrayWrapper<Eigen::Map<Eigen::Matrix<float, -1, -1>, 0, Eigen::Stride<0, 0> > >; UnaryPowReturnType<ScalarExponent> = Eigen::CwiseUnaryOp<Eigen::internal::scalar_unary_pow_op<float, double, false, false, false, false>, const Eigen::ArrayWrapper<Eigen::Map<Eigen::Matrix<float, -1, -1>, 0, Eigen::Stride<0, 0> > > >]’
/work/s2602/src/rvspoc-S2602-litert-pr4/tflite/../tflite/kernels/internal/optimized/optimized_ops.h:3572:62:   required from here
/work/s2602/build-pr2-gcc-14/eigen/Eigen/src/Core/functors/UnaryFunctors.h:1354:27: warning: ‘std::enable_if_t<(! IsExactlyRepresentable), void> Eigen::internal::scalar_unary_pow_op<Scalar, ExponentScalar, false, false, false, false>::check_is_representable() const [with bool IsExactlyRepresentable = false; Scalar = float; ExponentScalar = double; std::enable_if_t<(! IsExactlyRepresentable), void> = void]’ is deprecated [-Wdeprecated-declarations]
 1354 |     check_is_representable();
      |     ~~~~~~~~~~~~~~~~~~~~~~^~
/work/s2602/build-pr2-gcc-14/eigen/Eigen/src/Core/functors/UnaryFunctors.h:1350:68: note: declared here
 1350 |   EIGEN_DEPRECATED std::enable_if_t<!IsExactlyRepresentable, void> check_is_representable() const {}
      |                                                                    ^~~~~~~~~~~~~~~~~~~~~~
In file included from /work/s2602/build-pr2-gcc-14/eigen/Eigen/Core:314,
                 from /work/s2602/src/rvspoc-S2602-litert-pr4/tflite/../tflite/kernels/internal/optimized/optimized_ops.h:45,
                 from /work/s2602/src/rvspoc-S2602-litert-pr4/tflite/../tflite/kernels/internal/optimized/integer_ops/add.h:29,
                 from /work/s2602/src/rvspoc-S2602-litert-pr4/tflite/kernels/add.cc:15:
/work/s2602/build-pr2-gcc-14/eigen/Eigen/src/Core/functors/UnaryFunctors.h: In instantiation of ‘Eigen::internal::scalar_unary_pow_op<Scalar, ExponentScalar, false, false, false, false>::scalar_unary_pow_op(const ExponentScalar&) [with Scalar = float; ExponentScalar = double]’:
/work/s2602/build-pr2-gcc-14/eigen/Eigen/src/Core/../plugins/ArrayCwiseUnaryOps.inc:543:66:   required from ‘Eigen::ArrayBase<Derived>::UnaryPowReturnType<ScalarExponent> Eigen::ArrayBase<Derived>::pow(const ScalarExponent&) const [with ScalarExponent = double; Derived = Eigen::ArrayWrapper<Eigen::Map<Eigen::Matrix<float, -1, -1>, 0, Eigen::Stride<0, 0> > >; UnaryPowReturnType<ScalarExponent> = Eigen::CwiseUnaryOp<Eigen::internal::scalar_unary_pow_op<float, double, false, false, false, false>, const Eigen::ArrayWrapper<Eigen::Map<Eigen::Matrix<float, -1, -1>, 0, Eigen::Stride<0, 0> > > >]’
/work/s2602/src/rvspoc-S2602-litert-pr4/tflite/../tflite/kernels/internal/optimized/optimized_ops.h:3572:62:   required from here
/work/s2602/build-pr2-gcc-14/eigen/Eigen/src/Core/functors/UnaryFunctors.h:1354:27: warning: ‘std::enable_if_t<(! IsExactlyRepresentable), void> Eigen::internal::scalar_unary_pow_op<Scalar, ExponentScalar, false, false, false, false>::check_is_representable() const [with bool IsExactlyRepresentable = false; Scalar = float; ExponentScalar = double; std::enable_if_t<(! IsExactlyRepresentable), void> = void]’ is deprecated [-Wdeprecated-declarations]
 1354 |     check_is_representable();
      |     ~~~~~~~~~~~~~~~~~~~~~~^~
/work/s2602/build-pr2-gcc-14/eigen/Eigen/src/Core/functors/UnaryFunctors.h:1350:68: note: declared here
 1350 |   EIGEN_DEPRECATED std::enable_if_t<!IsExactlyRepresentable, void> check_is_representable() const {}
      |                                                                    ^~~~~~~~~~~~~~~~~~~~~~
In file included from /work/s2602/build-pr2-gcc-14/eigen/Eigen/Core:314,
                 from /work/s2602/src/rvspoc-S2602-litert-pr4/tflite/../tflite/kernels/internal/optimized/optimized_ops.h:45,
                 from /work/s2602/src/rvspoc-S2602-litert-pr4/tflite/kernels/audio_spectrogram.cc:24:
/work/s2602/build-pr2-gcc-14/eigen/Eigen/src/Core/functors/UnaryFunctors.h: In instantiation of ‘Eigen::internal::scalar_unary_pow_op<Scalar, ExponentScalar, false, false, false, false>::scalar_unary_pow_op(const ExponentScalar&) [with Scalar = float; ExponentScalar = double]’:
/work/s2602/build-pr2-gcc-14/eigen/Eigen/src/Core/../plugins/ArrayCwiseUnaryOps.inc:543:66:   required from ‘Eigen::ArrayBase<Derived>::UnaryPowReturnType<ScalarExponent> Eigen::ArrayBase<Derived>::pow(const ScalarExponent&) const [with ScalarExponent = double; Derived = Eigen::ArrayWrapper<Eigen::Map<Eigen::Matrix<float, -1, -1>, 0, Eigen::Stride<0, 0> > >; UnaryPowReturnType<ScalarExponent> = Eigen::CwiseUnaryOp<Eigen::internal::scalar_unary_pow_op<float, double, false, false, false, false>, const Eigen::ArrayWrapper<Eigen::Map<Eigen::Matrix<float, -1, -1>, 0, Eigen::Stride<0, 0> > > >]’
/work/s2602/src/rvspoc-S2602-litert-pr4/tflite/../tflite/kernels/internal/optimized/optimized_ops.h:3572:62:   required from here
/work/s2602/build-pr2-gcc-14/eigen/Eigen/src/Core/functors/UnaryFunctors.h:1354:27: warning: ‘std::enable_if_t<(! IsExactlyRepresentable), void> Eigen::internal::scalar_unary_pow_op<Scalar, ExponentScalar, false, false, false, false>::check_is_representable() const [with bool IsExactlyRepresentable = false; Scalar = float; ExponentScalar = double; std::enable_if_t<(! IsExactlyRepresentable), void> = void]’ is deprecated [-Wdeprecated-declarations]
 1354 |     check_is_representable();
      |     ~~~~~~~~~~~~~~~~~~~~~~^~
/work/s2602/build-pr2-gcc-14/eigen/Eigen/src/Core/functors/UnaryFunctors.h:1350:68: note: declared here
 1350 |   EIGEN_DEPRECATED std::enable_if_t<!IsExactlyRepresentable, void> check_is_representable() const {}
      |                                                                    ^~~~~~~~~~~~~~~~~~~~~~
In file included from /work/s2602/build-pr2-gcc-14/eigen/Eigen/Core:314,
                 from /work/s2602/src/rvspoc-S2602-litert-pr4/tflite/../tflite/kernels/internal/optimized/optimized_ops.h:45,
                 from /work/s2602/src/rvspoc-S2602-litert-pr4/tflite/kernels/batch_matmul.cc:29:
/work/s2602/build-pr2-gcc-14/eigen/Eigen/src/Core/functors/UnaryFunctors.h: In instantiation of ‘Eigen::internal::scalar_unary_pow_op<Scalar, ExponentScalar, false, false, false, false>::scalar_unary_pow_op(const ExponentScalar&) [with Scalar = float; ExponentScalar = double]’:
/work/s2602/build-pr2-gcc-14/eigen/Eigen/src/Core/../plugins/ArrayCwiseUnaryOps.inc:543:66:   required from ‘Eigen::ArrayBase<Derived>::UnaryPowReturnType<ScalarExponent> Eigen::ArrayBase<Derived>::pow(const ScalarExponent&) const [with ScalarExponent = double; Derived = Eigen::ArrayWrapper<Eigen::Map<Eigen::Matrix<float, -1, -1>, 0, Eigen::Stride<0, 0> > >; UnaryPowReturnType<ScalarExponent> = Eigen::CwiseUnaryOp<Eigen::internal::scalar_unary_pow_op<float, double, false, false, false, false>, const Eigen::ArrayWrapper<Eigen::Map<Eigen::Matrix<float, -1, -1>, 0, Eigen::Stride<0, 0> > > >]’
/work/s2602/src/rvspoc-S2602-litert-pr4/tflite/../tflite/kernels/internal/optimized/optimized_ops.h:3572:62:   required from here
/work/s2602/build-pr2-gcc-14/eigen/Eigen/src/Core/functors/UnaryFunctors.h:1354:27: warning: ‘std::enable_if_t<(! IsExactlyRepresentable), void> Eigen::internal::scalar_unary_pow_op<Scalar, ExponentScalar, false, false, false, false>::check_is_representable() const [with bool IsExactlyRepresentable = false; Scalar = float; ExponentScalar = double; std::enable_if_t<(! IsExactlyRepresentable), void> = void]’ is deprecated [-Wdeprecated-declarations]
 1354 |     check_is_representable();
      |     ~~~~~~~~~~~~~~~~~~~~~~^~
/work/s2602/build-pr2-gcc-14/eigen/Eigen/src/Core/functors/UnaryFunctors.h:1350:68: note: declared here
 1350 |   EIGEN_DEPRECATED std::enable_if_t<!IsExactlyRepresentable, void> check_is_representable() const {}
      |                                                                    ^~~~~~~~~~~~~~~~~~~~~~
[ 66%] Building CXX object CMakeFiles/tensorflow-lite.dir/kernels/bidirectional_sequence_rnn.cc.o
[ 66%] Building CXX object CMakeFiles/tensorflow-lite.dir/kernels/bitcast.cc.o
[ 66%] Building CXX object CMakeFiles/tensorflow-lite.dir/kernels/bitwise_xor.cc.o
[ 66%] Building CXX object CMakeFiles/tensorflow-lite.dir/kernels/broadcast_args.cc.o
In file included from /work/s2602/build-pr2-gcc-14/eigen/Eigen/Core:314,
                 from /work/s2602/src/rvspoc-S2602-litert-pr4/tflite/../tflite/kernels/internal/optimized/optimized_ops.h:45,
                 from /work/s2602/src/rvspoc-S2602-litert-pr4/tflite/kernels/batch_to_space_nd.cc:19:
/work/s2602/build-pr2-gcc-14/eigen/Eigen/src/Core/functors/UnaryFunctors.h: In instantiation of ‘Eigen::internal::scalar_unary_pow_op<Scalar, ExponentScalar, false, false, false, false>::scalar_unary_pow_op(const ExponentScalar&) [with Scalar = float; ExponentScalar = double]’:
/work/s2602/build-pr2-gcc-14/eigen/Eigen/src/Core/../plugins/ArrayCwiseUnaryOps.inc:543:66:   required from ‘Eigen::ArrayBase<Derived>::UnaryPowReturnType<ScalarExponent> Eigen::ArrayBase<Derived>::pow(const ScalarExponent&) const [with ScalarExponent = double; Derived = Eigen::ArrayWrapper<Eigen::Map<Eigen::Matrix<float, -1, -1>, 0, Eigen::Stride<0, 0> > >; UnaryPowReturnType<ScalarExponent> = Eigen::CwiseUnaryOp<Eigen::internal::scalar_unary_pow_op<float, double, false, false, false, false>, const Eigen::ArrayWrapper<Eigen::Map<Eigen::Matrix<float, -1, -1>, 0, Eigen::Stride<0, 0> > > >]’
/work/s2602/src/rvspoc-S2602-litert-pr4/tflite/../tflite/kernels/internal/optimized/optimized_ops.h:3572:62:   required from here
/work/s2602/build-pr2-gcc-14/eigen/Eigen/src/Core/functors/UnaryFunctors.h:1354:27: warning: ‘std::enable_if_t<(! IsExactlyRepresentable), void> Eigen::internal::scalar_unary_pow_op<Scalar, ExponentScalar, false, false, false, false>::check_is_representable() const [with bool IsExactlyRepresentable = false; Scalar = float; ExponentScalar = double; std::enable_if_t<(! IsExactlyRepresentable), void> = void]’ is deprecated [-Wdeprecated-declarations]
 1354 |     check_is_representable();
      |     ~~~~~~~~~~~~~~~~~~~~~~^~
/work/s2602/build-pr2-gcc-14/eigen/Eigen/src/Core/functors/UnaryFunctors.h:1350:68: note: declared here
 1350 |   EIGEN_DEPRECATED std::enable_if_t<!IsExactlyRepresentable, void> check_is_representable() const {}
      |                                                                    ^~~~~~~~~~~~~~~~~~~~~~
[ 66%] Building CXX object CMakeFiles/tensorflow-lite.dir/kernels/broadcast_to.cc.o
[ 66%] Building CXX object CMakeFiles/tensorflow-lite.dir/kernels/bucketize.cc.o
[ 66%] Building CXX object CMakeFiles/tensorflow-lite.dir/kernels/call_once.cc.o
[ 66%] Building CXX object CMakeFiles/tensorflow-lite.dir/kernels/cast.cc.o
[ 68%] Building CXX object CMakeFiles/tensorflow-lite.dir/kernels/ceil.cc.o
[ 68%] Building CXX object CMakeFiles/tensorflow-lite.dir/kernels/comparisons.cc.o
[ 68%] Building CXX object CMakeFiles/tensorflow-lite.dir/kernels/complex_support.cc.o
[ 68%] Building CXX object CMakeFiles/tensorflow-lite.dir/kernels/concatenation.cc.o
[ 68%] Building CXX object CMakeFiles/tensorflow-lite.dir/kernels/control_flow_common.cc.o
[ 68%] Building CXX object CMakeFiles/tensorflow-lite.dir/kernels/conv.cc.o
[ 68%] Building CXX object CMakeFiles/tensorflow-lite.dir/kernels/conv3d.cc.o
[ 68%] Building CXX object CMakeFiles/tensorflow-lite.dir/kernels/conv3d_transpose.cc.o
[ 68%] Building CXX object CMakeFiles/tensorflow-lite.dir/kernels/cpu_backend_context.cc.o
In file included from /work/s2602/build-pr2-gcc-14/eigen/unsupported/Eigen/CXX11/../../../Eigen/Core:25,
                 from /work/s2602/build-pr2-gcc-14/eigen/unsupported/Eigen/CXX11/Tensor:14,
                 from /work/s2602/src/rvspoc-S2602-litert-pr4/tflite/../tflite/kernels/internal/optimized/eigen_spatial_convolutions.h:42,
                 from /work/s2602/src/rvspoc-S2602-litert-pr4/tflite/../tflite/kernels/internal/optimized/multithreaded_conv.h:32,
                 from /work/s2602/src/rvspoc-S2602-litert-pr4/tflite/kernels/conv.cc:39:
/work/s2602/build-pr2-gcc-14/eigen/unsupported/Eigen/CXX11/../../../Eigen/src/Core/util/ConfigureVectorization.h:60:73: warning: use of ‘std::hardware_destructive_interference_size’ [-Winterference-size]
   60 | #define EIGEN_ALIGN_TO_AVOID_FALSE_SHARING EIGEN_ALIGN_TO_BOUNDARY(std::hardware_destructive_interference_size)
      |                                                                         ^~~~~~~~~~~~~~~~~~~~~~~~~~~~~~~~~~~~~~
/work/s2602/build-pr2-gcc-14/eigen/unsupported/Eigen/CXX11/../../../Eigen/src/Core/util/ConfigureVectorization.h:49:44: note: in definition of macro ‘EIGEN_ALIGN_TO_BOUNDARY’
   49 | #define EIGEN_ALIGN_TO_BOUNDARY(n) alignas(n)
      |                                            ^
/work/s2602/build-pr2-gcc-14/eigen/unsupported/Eigen/CXX11/../../../Eigen/src/ThreadPool/EventCount.h:193:5: note: in expansion of macro ‘EIGEN_ALIGN_TO_AVOID_FALSE_SHARING’
  193 |     EIGEN_ALIGN_TO_AVOID_FALSE_SHARING std::atomic<uint64_t> next{kStackMask};
      |     ^~~~~~~~~~~~~~~~~~~~~~~~~~~~~~~~~~
/work/s2602/build-pr2-gcc-14/eigen/unsupported/Eigen/CXX11/../../../Eigen/src/Core/util/ConfigureVectorization.h:60:73: note: its value can vary between compiler versions or with different ‘-mtune’ or ‘-mcpu’ flags
   60 | #define EIGEN_ALIGN_TO_AVOID_FALSE_SHARING EIGEN_ALIGN_TO_BOUNDARY(std::hardware_destructive_interference_size)
      |                                                                         ^~~~~~~~~~~~~~~~~~~~~~~~~~~~~~~~~~~~~~
/work/s2602/build-pr2-gcc-14/eigen/unsupported/Eigen/CXX11/../../../Eigen/src/Core/util/ConfigureVectorization.h:49:44: note: in definition of macro ‘EIGEN_ALIGN_TO_BOUNDARY’
   49 | #define EIGEN_ALIGN_TO_BOUNDARY(n) alignas(n)
      |                                            ^
/work/s2602/build-pr2-gcc-14/eigen/unsupported/Eigen/CXX11/../../../Eigen/src/ThreadPool/EventCount.h:193:5: note: in expansion of macro ‘EIGEN_ALIGN_TO_AVOID_FALSE_SHARING’
  193 |     EIGEN_ALIGN_TO_AVOID_FALSE_SHARING std::atomic<uint64_t> next{kStackMask};
      |     ^~~~~~~~~~~~~~~~~~~~~~~~~~~~~~~~~~
/work/s2602/build-pr2-gcc-14/eigen/unsupported/Eigen/CXX11/../../../Eigen/src/Core/util/ConfigureVectorization.h:60:73: note: if this use is part of a public ABI, change it to instead use a constant variable you define
   60 | #define EIGEN_ALIGN_TO_AVOID_FALSE_SHARING EIGEN_ALIGN_TO_BOUNDARY(std::hardware_destructive_interference_size)
      |                                                                         ^~~~~~~~~~~~~~~~~~~~~~~~~~~~~~~~~~~~~~
/work/s2602/build-pr2-gcc-14/eigen/unsupported/Eigen/CXX11/../../../Eigen/src/Core/util/ConfigureVectorization.h:49:44: note: in definition of macro ‘EIGEN_ALIGN_TO_BOUNDARY’
   49 | #define EIGEN_ALIGN_TO_BOUNDARY(n) alignas(n)
      |                                            ^
/work/s2602/build-pr2-gcc-14/eigen/unsupported/Eigen/CXX11/../../../Eigen/src/ThreadPool/EventCount.h:193:5: note: in expansion of macro ‘EIGEN_ALIGN_TO_AVOID_FALSE_SHARING’
  193 |     EIGEN_ALIGN_TO_AVOID_FALSE_SHARING std::atomic<uint64_t> next{kStackMask};
      |     ^~~~~~~~~~~~~~~~~~~~~~~~~~~~~~~~~~
/work/s2602/build-pr2-gcc-14/eigen/unsupported/Eigen/CXX11/../../../Eigen/src/Core/util/ConfigureVectorization.h:60:73: note: the default value for the current CPU tuning is 0 bytes
   60 | #define EIGEN_ALIGN_TO_AVOID_FALSE_SHARING EIGEN_ALIGN_TO_BOUNDARY(std::hardware_destructive_interference_size)
      |                                                                         ^~~~~~~~~~~~~~~~~~~~~~~~~~~~~~~~~~~~~~
/work/s2602/build-pr2-gcc-14/eigen/unsupported/Eigen/CXX11/../../../Eigen/src/Core/util/ConfigureVectorization.h:49:44: note: in definition of macro ‘EIGEN_ALIGN_TO_BOUNDARY’
   49 | #define EIGEN_ALIGN_TO_BOUNDARY(n) alignas(n)
      |                                            ^
/work/s2602/build-pr2-gcc-14/eigen/unsupported/Eigen/CXX11/../../../Eigen/src/ThreadPool/EventCount.h:193:5: note: in expansion of macro ‘EIGEN_ALIGN_TO_AVOID_FALSE_SHARING’
  193 |     EIGEN_ALIGN_TO_AVOID_FALSE_SHARING std::atomic<uint64_t> next{kStackMask};
      |     ^~~~~~~~~~~~~~~~~~~~~~~~~~~~~~~~~~
/work/s2602/build-pr2-gcc-14/eigen/unsupported/Eigen/CXX11/../../../Eigen/src/Core/util/ConfigureVectorization.h:60:73: note: you can stabilize this value with ‘--param hardware_destructive_interference_size=0’, or disable this warning with ‘-Wno-interference-size’
   60 | #define EIGEN_ALIGN_TO_AVOID_FALSE_SHARING EIGEN_ALIGN_TO_BOUNDARY(std::hardware_destructive_interference_size)
      |                                                                         ^~~~~~~~~~~~~~~~~~~~~~~~~~~~~~~~~~~~~~
/work/s2602/build-pr2-gcc-14/eigen/unsupported/Eigen/CXX11/../../../Eigen/src/Core/util/ConfigureVectorization.h:49:44: note: in definition of macro ‘EIGEN_ALIGN_TO_BOUNDARY’
   49 | #define EIGEN_ALIGN_TO_BOUNDARY(n) alignas(n)
      |                                            ^
/work/s2602/build-pr2-gcc-14/eigen/unsupported/Eigen/CXX11/../../../Eigen/src/ThreadPool/EventCount.h:193:5: note: in expansion of macro ‘EIGEN_ALIGN_TO_AVOID_FALSE_SHARING’
  193 |     EIGEN_ALIGN_TO_AVOID_FALSE_SHARING std::atomic<uint64_t> next{kStackMask};
      |     ^~~~~~~~~~~~~~~~~~~~~~~~~~~~~~~~~~
/work/s2602/build-pr2-gcc-14/eigen/unsupported/Eigen/CXX11/../../../Eigen/src/Core/util/ConfigureVectorization.h:60:73: warning: use of ‘std::hardware_destructive_interference_size’ [-Winterference-size]
   60 | #define EIGEN_ALIGN_TO_AVOID_FALSE_SHARING EIGEN_ALIGN_TO_BOUNDARY(std::hardware_destructive_interference_size)
      |                                                                         ^~~~~~~~~~~~~~~~~~~~~~~~~~~~~~~~~~~~~~
/work/s2602/build-pr2-gcc-14/eigen/unsupported/Eigen/CXX11/../../../Eigen/src/Core/util/ConfigureVectorization.h:49:44: note: in definition of macro ‘EIGEN_ALIGN_TO_BOUNDARY’
   49 | #define EIGEN_ALIGN_TO_BOUNDARY(n) alignas(n)
      |                                            ^
/work/s2602/build-pr2-gcc-14/eigen/unsupported/Eigen/CXX11/../../../Eigen/src/ThreadPool/RunQueue.h:176:3: note: in expansion of macro ‘EIGEN_ALIGN_TO_AVOID_FALSE_SHARING’
  176 |   EIGEN_ALIGN_TO_AVOID_FALSE_SHARING std::atomic<unsigned> front_;
      |   ^~~~~~~~~~~~~~~~~~~~~~~~~~~~~~~~~~
/work/s2602/build-pr2-gcc-14/eigen/unsupported/Eigen/CXX11/../../../Eigen/src/Core/util/ConfigureVectorization.h:60:73: warning: use of ‘std::hardware_destructive_interference_size’ [-Winterference-size]
   60 | #define EIGEN_ALIGN_TO_AVOID_FALSE_SHARING EIGEN_ALIGN_TO_BOUNDARY(std::hardware_destructive_interference_size)
      |                                                                         ^~~~~~~~~~~~~~~~~~~~~~~~~~~~~~~~~~~~~~
/work/s2602/build-pr2-gcc-14/eigen/unsupported/Eigen/CXX11/../../../Eigen/src/Core/util/ConfigureVectorization.h:49:44: note: in definition of macro ‘EIGEN_ALIGN_TO_BOUNDARY’
   49 | #define EIGEN_ALIGN_TO_BOUNDARY(n) alignas(n)
      |                                            ^
/work/s2602/build-pr2-gcc-14/eigen/unsupported/Eigen/CXX11/../../../Eigen/src/ThreadPool/RunQueue.h:177:3: note: in expansion of macro ‘EIGEN_ALIGN_TO_AVOID_FALSE_SHARING’
  177 |   EIGEN_ALIGN_TO_AVOID_FALSE_SHARING std::atomic<unsigned> back_;
      |   ^~~~~~~~~~~~~~~~~~~~~~~~~~~~~~~~~~
/work/s2602/build-pr2-gcc-14/eigen/unsupported/Eigen/CXX11/../../../Eigen/src/Core/util/ConfigureVectorization.h:60:73: warning: use of ‘std::hardware_destructive_interference_size’ [-Winterference-size]
   60 | #define EIGEN_ALIGN_TO_AVOID_FALSE_SHARING EIGEN_ALIGN_TO_BOUNDARY(std::hardware_destructive_interference_size)
      |                                                                         ^~~~~~~~~~~~~~~~~~~~~~~~~~~~~~~~~~~~~~
/work/s2602/build-pr2-gcc-14/eigen/unsupported/Eigen/CXX11/../../../Eigen/src/Core/util/ConfigureVectorization.h:49:44: note: in definition of macro ‘EIGEN_ALIGN_TO_BOUNDARY’
   49 | #define EIGEN_ALIGN_TO_BOUNDARY(n) alignas(n)
      |                                            ^
/work/s2602/build-pr2-gcc-14/eigen/unsupported/Eigen/CXX11/../../../Eigen/src/ThreadPool/RunQueue.h:180:3: note: in expansion of macro ‘EIGEN_ALIGN_TO_AVOID_FALSE_SHARING’
  180 |   EIGEN_ALIGN_TO_AVOID_FALSE_SHARING Elem array_[kSize];
      |   ^~~~~~~~~~~~~~~~~~~~~~~~~~~~~~~~~~
[ 70%] Building CXX object CMakeFiles/tensorflow-lite.dir/kernels/cpu_backend_gemm_eigen.cc.o
[ 70%] Building CXX object CMakeFiles/tensorflow-lite.dir/kernels/cumsum.cc.o
In file included from /work/s2602/build-pr2-gcc-14/eigen/Eigen/Core:314,
                 from /work/s2602/src/rvspoc-S2602-litert-pr4/tflite/../tflite/kernels/internal/optimized/optimized_ops.h:45,
                 from /work/s2602/src/rvspoc-S2602-litert-pr4/tflite/kernels/ceil.cc:17:
/work/s2602/build-pr2-gcc-14/eigen/Eigen/src/Core/functors/UnaryFunctors.h: In instantiation of ‘Eigen::internal::scalar_unary_pow_op<Scalar, ExponentScalar, false, false, false, false>::scalar_unary_pow_op(const ExponentScalar&) [with Scalar = float; ExponentScalar = double]’:
/work/s2602/build-pr2-gcc-14/eigen/Eigen/src/Core/../plugins/ArrayCwiseUnaryOps.inc:543:66:   required from ‘Eigen::ArrayBase<Derived>::UnaryPowReturnType<ScalarExponent> Eigen::ArrayBase<Derived>::pow(const ScalarExponent&) const [with ScalarExponent = double; Derived = Eigen::ArrayWrapper<Eigen::Map<Eigen::Matrix<float, -1, -1>, 0, Eigen::Stride<0, 0> > >; UnaryPowReturnType<ScalarExponent> = Eigen::CwiseUnaryOp<Eigen::internal::scalar_unary_pow_op<float, double, false, false, false, false>, const Eigen::ArrayWrapper<Eigen::Map<Eigen::Matrix<float, -1, -1>, 0, Eigen::Stride<0, 0> > > >]’
/work/s2602/src/rvspoc-S2602-litert-pr4/tflite/../tflite/kernels/internal/optimized/optimized_ops.h:3572:62:   required from here
/work/s2602/build-pr2-gcc-14/eigen/Eigen/src/Core/functors/UnaryFunctors.h:1354:27: warning: ‘std::enable_if_t<(! IsExactlyRepresentable), void> Eigen::internal::scalar_unary_pow_op<Scalar, ExponentScalar, false, false, false, false>::check_is_representable() const [with bool IsExactlyRepresentable = false; Scalar = float; ExponentScalar = double; std::enable_if_t<(! IsExactlyRepresentable), void> = void]’ is deprecated [-Wdeprecated-declarations]
 1354 |     check_is_representable();
      |     ~~~~~~~~~~~~~~~~~~~~~~^~
/work/s2602/build-pr2-gcc-14/eigen/Eigen/src/Core/functors/UnaryFunctors.h:1350:68: note: declared here
 1350 |   EIGEN_DEPRECATED std::enable_if_t<!IsExactlyRepresentable, void> check_is_representable() const {}
      |                                                                    ^~~~~~~~~~~~~~~~~~~~~~
[ 70%] Building CXX object CMakeFiles/tensorflow-lite.dir/kernels/densify.cc.o
[ 70%] Building CXX object CMakeFiles/tensorflow-lite.dir/kernels/deprecated_backends.cc.o
[ 70%] Building CXX object CMakeFiles/tensorflow-lite.dir/kernels/depth_to_space.cc.o
In file included from /work/s2602/build-pr2-gcc-14/eigen/Eigen/Core:314,
                 from /work/s2602/src/rvspoc-S2602-litert-pr4/tflite/kernels/concatenation.cc:23:
/work/s2602/build-pr2-gcc-14/eigen/Eigen/src/Core/functors/UnaryFunctors.h: In instantiation of ‘Eigen::internal::scalar_unary_pow_op<Scalar, ExponentScalar, false, false, false, false>::scalar_unary_pow_op(const ExponentScalar&) [with Scalar = float; ExponentScalar = double]’:
/work/s2602/build-pr2-gcc-14/eigen/Eigen/src/Core/../plugins/ArrayCwiseUnaryOps.inc:543:66:   required from ‘Eigen::ArrayBase<Derived>::UnaryPowReturnType<ScalarExponent> Eigen::ArrayBase<Derived>::pow(const ScalarExponent&) const [with ScalarExponent = double; Derived = Eigen::ArrayWrapper<Eigen::Map<Eigen::Matrix<float, -1, -1>, 0, Eigen::Stride<0, 0> > >; UnaryPowReturnType<ScalarExponent> = Eigen::CwiseUnaryOp<Eigen::internal::scalar_unary_pow_op<float, double, false, false, false, false>, const Eigen::ArrayWrapper<Eigen::Map<Eigen::Matrix<float, -1, -1>, 0, Eigen::Stride<0, 0> > > >]’
/work/s2602/src/rvspoc-S2602-litert-pr4/tflite/../tflite/kernels/internal/optimized/optimized_ops.h:3572:62:   required from here
/work/s2602/build-pr2-gcc-14/eigen/Eigen/src/Core/functors/UnaryFunctors.h:1354:27: warning: ‘std::enable_if_t<(! IsExactlyRepresentable), void> Eigen::internal::scalar_unary_pow_op<Scalar, ExponentScalar, false, false, false, false>::check_is_representable() const [with bool IsExactlyRepresentable = false; Scalar = float; ExponentScalar = double; std::enable_if_t<(! IsExactlyRepresentable), void> = void]’ is deprecated [-Wdeprecated-declarations]
 1354 |     check_is_representable();
      |     ~~~~~~~~~~~~~~~~~~~~~~^~
/work/s2602/build-pr2-gcc-14/eigen/Eigen/src/Core/functors/UnaryFunctors.h:1350:68: note: declared here
 1350 |   EIGEN_DEPRECATED std::enable_if_t<!IsExactlyRepresentable, void> check_is_representable() const {}
      |                                                                    ^~~~~~~~~~~~~~~~~~~~~~
In file included from /work/s2602/build-pr2-gcc-14/eigen/Eigen/Core:314,
                 from /work/s2602/src/rvspoc-S2602-litert-pr4/tflite/../tflite/kernels/internal/optimized/optimized_ops.h:45,
                 from /work/s2602/src/rvspoc-S2602-litert-pr4/tflite/kernels/conv3d_transpose.cc:23:
/work/s2602/build-pr2-gcc-14/eigen/Eigen/src/Core/functors/UnaryFunctors.h: In instantiation of ‘Eigen::internal::scalar_unary_pow_op<Scalar, ExponentScalar, false, false, false, false>::scalar_unary_pow_op(const ExponentScalar&) [with Scalar = float; ExponentScalar = double]’:
/work/s2602/build-pr2-gcc-14/eigen/Eigen/src/Core/../plugins/ArrayCwiseUnaryOps.inc:543:66:   required from ‘Eigen::ArrayBase<Derived>::UnaryPowReturnType<ScalarExponent> Eigen::ArrayBase<Derived>::pow(const ScalarExponent&) const [with ScalarExponent = double; Derived = Eigen::ArrayWrapper<Eigen::Map<Eigen::Matrix<float, -1, -1>, 0, Eigen::Stride<0, 0> > >; UnaryPowReturnType<ScalarExponent> = Eigen::CwiseUnaryOp<Eigen::internal::scalar_unary_pow_op<float, double, false, false, false, false>, const Eigen::ArrayWrapper<Eigen::Map<Eigen::Matrix<float, -1, -1>, 0, Eigen::Stride<0, 0> > > >]’
/work/s2602/src/rvspoc-S2602-litert-pr4/tflite/../tflite/kernels/internal/optimized/optimized_ops.h:3572:62:   required from here
/work/s2602/build-pr2-gcc-14/eigen/Eigen/src/Core/functors/UnaryFunctors.h:1354:27: warning: ‘std::enable_if_t<(! IsExactlyRepresentable), void> Eigen::internal::scalar_unary_pow_op<Scalar, ExponentScalar, false, false, false, false>::check_is_representable() const [with bool IsExactlyRepresentable = false; Scalar = float; ExponentScalar = double; std::enable_if_t<(! IsExactlyRepresentable), void> = void]’ is deprecated [-Wdeprecated-declarations]
 1354 |     check_is_representable();
      |     ~~~~~~~~~~~~~~~~~~~~~~^~
/work/s2602/build-pr2-gcc-14/eigen/Eigen/src/Core/functors/UnaryFunctors.h:1350:68: note: declared here
 1350 |   EIGEN_DEPRECATED std::enable_if_t<!IsExactlyRepresentable, void> check_is_representable() const {}
      |                                                                    ^~~~~~~~~~~~~~~~~~~~~~
In file included from /work/s2602/build-pr2-gcc-14/eigen/Eigen/Core:314,
                 from /work/s2602/src/rvspoc-S2602-litert-pr4/tflite/../tflite/kernels/internal/optimized/optimized_ops.h:45,
                 from /work/s2602/src/rvspoc-S2602-litert-pr4/tflite/kernels/conv3d.cc:25:
/work/s2602/build-pr2-gcc-14/eigen/Eigen/src/Core/functors/UnaryFunctors.h: In instantiation of ‘Eigen::internal::scalar_unary_pow_op<Scalar, ExponentScalar, false, false, false, false>::scalar_unary_pow_op(const ExponentScalar&) [with Scalar = float; ExponentScalar = double]’:
/work/s2602/build-pr2-gcc-14/eigen/Eigen/src/Core/../plugins/ArrayCwiseUnaryOps.inc:543:66:   required from ‘Eigen::ArrayBase<Derived>::UnaryPowReturnType<ScalarExponent> Eigen::ArrayBase<Derived>::pow(const ScalarExponent&) const [with ScalarExponent = double; Derived = Eigen::ArrayWrapper<Eigen::Map<Eigen::Matrix<float, -1, -1>, 0, Eigen::Stride<0, 0> > >; UnaryPowReturnType<ScalarExponent> = Eigen::CwiseUnaryOp<Eigen::internal::scalar_unary_pow_op<float, double, false, false, false, false>, const Eigen::ArrayWrapper<Eigen::Map<Eigen::Matrix<float, -1, -1>, 0, Eigen::Stride<0, 0> > > >]’
/work/s2602/src/rvspoc-S2602-litert-pr4/tflite/../tflite/kernels/internal/optimized/optimized_ops.h:3572:62:   required from here
/work/s2602/build-pr2-gcc-14/eigen/Eigen/src/Core/functors/UnaryFunctors.h:1354:27: warning: ‘std::enable_if_t<(! IsExactlyRepresentable), void> Eigen::internal::scalar_unary_pow_op<Scalar, ExponentScalar, false, false, false, false>::check_is_representable() const [with bool IsExactlyRepresentable = false; Scalar = float; ExponentScalar = double; std::enable_if_t<(! IsExactlyRepresentable), void> = void]’ is deprecated [-Wdeprecated-declarations]
 1354 |     check_is_representable();
      |     ~~~~~~~~~~~~~~~~~~~~~~^~
/work/s2602/build-pr2-gcc-14/eigen/Eigen/src/Core/functors/UnaryFunctors.h:1350:68: note: declared here
 1350 |   EIGEN_DEPRECATED std::enable_if_t<!IsExactlyRepresentable, void> check_is_representable() const {}
      |                                                                    ^~~~~~~~~~~~~~~~~~~~~~
[ 70%] Building CXX object CMakeFiles/tensorflow-lite.dir/kernels/depthwise_conv.cc.o
[ 70%] Building CXX object CMakeFiles/tensorflow-lite.dir/kernels/dequantize.cc.o
In file included from /work/s2602/build-pr2-gcc-14/eigen/unsupported/Eigen/CXX11/../../../Eigen/Core:314:
/work/s2602/build-pr2-gcc-14/eigen/unsupported/Eigen/CXX11/../../../Eigen/src/Core/functors/UnaryFunctors.h: In instantiation of ‘EigenForTFLite::internal::scalar_unary_pow_op<Scalar, ExponentScalar, false, false, false, false>::scalar_unary_pow_op(const ExponentScalar&) [with Scalar = float; ExponentScalar = double]’:
/work/s2602/build-pr2-gcc-14/eigen/unsupported/Eigen/CXX11/../../../Eigen/src/Core/../plugins/ArrayCwiseUnaryOps.inc:543:66:   required from ‘EigenForTFLite::ArrayBase<Derived>::UnaryPowReturnType<ScalarExponent> EigenForTFLite::ArrayBase<Derived>::pow(const ScalarExponent&) const [with ScalarExponent = double; Derived = EigenForTFLite::ArrayWrapper<EigenForTFLite::Map<EigenForTFLite::Matrix<float, -1, -1>, 0, EigenForTFLite::Stride<0, 0> > >; UnaryPowReturnType<ScalarExponent> = EigenForTFLite::CwiseUnaryOp<EigenForTFLite::internal::scalar_unary_pow_op<float, double, false, false, false, false>, const EigenForTFLite::ArrayWrapper<EigenForTFLite::Map<EigenForTFLite::Matrix<float, -1, -1>, 0, EigenForTFLite::Stride<0, 0> > > >]’
/work/s2602/src/rvspoc-S2602-litert-pr4/tflite/../tflite/kernels/internal/optimized/optimized_ops.h:3572:62:   required from here
/work/s2602/build-pr2-gcc-14/eigen/unsupported/Eigen/CXX11/../../../Eigen/src/Core/functors/UnaryFunctors.h:1354:27: warning: ‘std::enable_if_t<(! IsExactlyRepresentable), void> EigenForTFLite::internal::scalar_unary_pow_op<Scalar, ExponentScalar, false, false, false, false>::check_is_representable() const [with bool IsExactlyRepresentable = false; Scalar = float; ExponentScalar = double; std::enable_if_t<(! IsExactlyRepresentable), void> = void]’ is deprecated [-Wdeprecated-declarations]
 1354 |     check_is_representable();
      |     ~~~~~~~~~~~~~~~~~~~~~~^~
/work/s2602/build-pr2-gcc-14/eigen/unsupported/Eigen/CXX11/../../../Eigen/src/Core/functors/UnaryFunctors.h:1350:68: note: declared here
 1350 |   EIGEN_DEPRECATED std::enable_if_t<!IsExactlyRepresentable, void> check_is_representable() const {}
      |                                                                    ^~~~~~~~~~~~~~~~~~~~~~
In file included from /work/s2602/src/rvspoc-S2602-litert-pr4/tflite/../tflite/kernels/internal/optimized/eigen_spatial_convolutions.h:43:
/work/s2602/tf-shared/third_party/xla/xla/tsl/framework/convolution/eigen_spatial_convolutions-inl.h: In instantiation of ‘std::conditional_t<(EigenForTFLite::internal::traits<T>::Layout == EigenForTFLite::ColMajor), EigenForTFLite::TensorReshapingOp<const EigenForTFLite::DSizes<typename EigenForTFLite::internal::traits<T>::Index, EigenForTFLite::internal::traits<T>::NumDimensions>, const EigenForTFLite::TensorContractionOp<const std::array<EigenForTFLite::IndexPair<typename EigenForTFLite::internal::traits<T>::Index>, 1>, const EigenForTFLite::TensorReshapingOp<const EigenForTFLite::DSizes<typename EigenForTFLite::internal::traits<T>::Index, 2>, const Kernel>, const EigenForTFLite::TensorReshapingOp<const EigenForTFLite::DSizes<typename EigenForTFLite::internal::traits<T>::Index, 2>, const EigenForTFLite::TensorImagePatchOp<-1, -1, const Derived> >, const OutputKernel> >, EigenForTFLite::TensorReshapingOp<const EigenForTFLite::DSizes<typename EigenForTFLite::internal::traits<T>::Index, EigenForTFLite::internal::traits<T>::NumDimensions>, const EigenForTFLite::TensorContractionOp<const std::array<EigenForTFLite::IndexPair<typename EigenForTFLite::internal::traits<T>::Index>, 1>, const EigenForTFLite::TensorReshapingOp<const EigenForTFLite::DSizes<typename EigenForTFLite::internal::traits<T>::Index, 2>, const EigenForTFLite::TensorImagePatchOp<-1, -1, const Derived> >, const EigenForTFLite::TensorReshapingOp<const EigenForTFLite::DSizes<typename EigenForTFLite::internal::traits<T>::Index, 2>, const Kernel>, const OutputKernel> > > EigenForTFLite::SpatialConvolution(const Input&, const Kernel&, Index, Index, PaddingType, Index, Index, const OutputKernel&, Index, Index, Index, Index) [with Input = TensorMap<const Tensor<float, 4, 1, long int>, 16>; Kernel = TensorMap<const Tensor<float, 4, 1, long int>, 16>; OutputKernel = const NoOpOutputKernel; std::conditional_t<(internal::traits<T>::Layout == EigenForTFLite::ColMajor), TensorReshapingOp<const DSizes<typename internal::traits<T>::Index, internal::traits<T>::NumDimensions>, const TensorContractionOp<const std::array<IndexPair<typename internal::traits<T>::Index>, 1>, const TensorReshapingOp<const DSizes<typename internal::traits<T>::Index, 2>, const Kernel>, const TensorReshapingOp<const DSizes<typename internal::traits<T>::Index, 2>, const TensorImagePatchOp<-1, -1, const Derived> >, const OutputKernel> >, TensorReshapingOp<const DSizes<typename internal::traits<T>::Index, internal::traits<T>::NumDimensions>, const TensorContractionOp<const std::array<IndexPair<typename internal::traits<T>::Index>, 1>, const TensorReshapingOp<const DSizes<typename internal::traits<T>::Index, 2>, const TensorImagePatchOp<-1, -1, const Derived> >, const TensorReshapingOp<const DSizes<typename internal::traits<T>::Index, 2>, const Kernel>, const OutputKernel> > > = TensorReshapingOp<const DSizes<long int, 4>, const TensorContractionOp<const std::array<IndexPair<long int>, 1>, const TensorReshapingOp<const DSizes<long int, 2>, const TensorImagePatchOp<-1, -1, const TensorMap<const Tensor<float, 4, 1, long int>, 16> > >, const TensorReshapingOp<const DSizes<long int, 2>, const TensorMap<const Tensor<float, 4, 1, long int>, 16> >, const NoOpOutputKernel> >; typename internal::traits<T>::Index = long int; typename internal::traits<T>::Index = long int; Index = long int]’:
/work/s2602/src/rvspoc-S2602-litert-pr4/tflite/../tflite/kernels/internal/optimized/multithreaded_conv.h:130:36:   required from ‘void tflite::multithreaded_ops::EigenTensorConvFunctor<T>::operator()(const EigenForTFLite::ThreadPoolDevice&, const T*, int, int, int, int, const T*, int, int, int, int, int, int, int, tflite::PaddingType, T*, int, int) [with T = float]’
/work/s2602/src/rvspoc-S2602-litert-pr4/tflite/../tflite/kernels/internal/optimized/multithreaded_conv.h:171:15:   required from here
/work/s2602/tf-shared/third_party/xla/xla/tsl/framework/convolution/eigen_spatial_convolutions-inl.h:1655:25: warning: ‘constexpr T EigenForTFLite::divup(T, T) [with T = long int]’ is deprecated [-Wdeprecated-declarations]
 1655 |       out_height = divup(InputRowsEff - kernelRowsEff + 1, row_stride);
      |                    ~~~~~^~~~~~~~~~~~~~~~~~~~~~~~~~~~~~~~~~~~~~~~~~~~~~
In file included from /work/s2602/build-pr2-gcc-14/eigen/unsupported/Eigen/CXX11/Tensor:63:
/work/s2602/build-pr2-gcc-14/eigen/unsupported/Eigen/CXX11/src/Tensor/TensorMeta.h:41:68: note: declared here
   41 | EIGEN_DEPRECATED EIGEN_DEVICE_FUNC EIGEN_ALWAYS_INLINE constexpr T divup(const T x, const T y) {
      |                                                                    ^~~~~
/work/s2602/tf-shared/third_party/xla/xla/tsl/framework/convolution/eigen_spatial_convolutions-inl.h:1656:24: warning: ‘constexpr T EigenForTFLite::divup(T, T) [with T = long int]’ is deprecated [-Wdeprecated-declarations]
 1656 |       out_width = divup(InputColsEff - kernelColsEff + 1, col_stride);
      |                   ~~~~~^~~~~~~~~~~~~~~~~~~~~~~~~~~~~~~~~~~~~~~~~~~~~~
/work/s2602/build-pr2-gcc-14/eigen/unsupported/Eigen/CXX11/src/Tensor/TensorMeta.h:41:68: note: declared here
   41 | EIGEN_DEPRECATED EIGEN_DEVICE_FUNC EIGEN_ALWAYS_INLINE constexpr T divup(const T x, const T y) {
      |                                                                    ^~~~~
/work/s2602/tf-shared/third_party/xla/xla/tsl/framework/convolution/eigen_spatial_convolutions-inl.h:1661:25: warning: ‘constexpr T EigenForTFLite::divup(T, T) [with T = long int]’ is deprecated [-Wdeprecated-declarations]
 1661 |       out_height = divup(InputRows, row_stride);
      |                    ~~~~~^~~~~~~~~~~~~~~~~~~~~~~
/work/s2602/build-pr2-gcc-14/eigen/unsupported/Eigen/CXX11/src/Tensor/TensorMeta.h:41:68: note: declared here
   41 | EIGEN_DEPRECATED EIGEN_DEVICE_FUNC EIGEN_ALWAYS_INLINE constexpr T divup(const T x, const T y) {
      |                                                                    ^~~~~
/work/s2602/tf-shared/third_party/xla/xla/tsl/framework/convolution/eigen_spatial_convolutions-inl.h:1662:24: warning: ‘constexpr T EigenForTFLite::divup(T, T) [with T = long int]’ is deprecated [-Wdeprecated-declarations]
 1662 |       out_width = divup(InputCols, col_stride);
      |                   ~~~~~^~~~~~~~~~~~~~~~~~~~~~~
/work/s2602/build-pr2-gcc-14/eigen/unsupported/Eigen/CXX11/src/Tensor/TensorMeta.h:41:68: note: declared here
   41 | EIGEN_DEPRECATED EIGEN_DEVICE_FUNC EIGEN_ALWAYS_INLINE constexpr T divup(const T x, const T y) {
      |                                                                    ^~~~~
/work/s2602/src/rvspoc-S2602-litert-pr4/tflite/kernels/conv3d.cc: In function ‘TfLiteStatus tflite::ops::builtin::conv3d::EvalFloat(KernelType, TfLiteContext*, TfLiteNode*, TfLiteConv3DParams*, OpData*, const TfLiteTensor*, const TfLiteTensor*, const TfLiteTensor*, TfLiteTensor*, TfLiteTensor*)’:
/work/s2602/src/rvspoc-S2602-litert-pr4/tflite/kernels/conv3d.cc:245:1: warning: control reaches end of non-void function [-Wreturn-type]
  245 | }
      | ^
[ 70%] Building CXX object CMakeFiles/tensorflow-lite.dir/kernels/detection_postprocess.cc.o
In file included from /work/s2602/build-pr2-gcc-14/eigen/Eigen/Core:314,
                 from /work/s2602/src/rvspoc-S2602-litert-pr4/tflite/../tflite/kernels/internal/optimized/optimized_ops.h:45,
                 from /work/s2602/src/rvspoc-S2602-litert-pr4/tflite/kernels/cumsum.cc:18:
/work/s2602/build-pr2-gcc-14/eigen/Eigen/src/Core/functors/UnaryFunctors.h: In instantiation of ‘Eigen::internal::scalar_unary_pow_op<Scalar, ExponentScalar, false, false, false, false>::scalar_unary_pow_op(const ExponentScalar&) [with Scalar = float; ExponentScalar = double]’:
/work/s2602/build-pr2-gcc-14/eigen/Eigen/src/Core/../plugins/ArrayCwiseUnaryOps.inc:543:66:   required from ‘Eigen::ArrayBase<Derived>::UnaryPowReturnType<ScalarExponent> Eigen::ArrayBase<Derived>::pow(const ScalarExponent&) const [with ScalarExponent = double; Derived = Eigen::ArrayWrapper<Eigen::Map<Eigen::Matrix<float, -1, -1>, 0, Eigen::Stride<0, 0> > >; UnaryPowReturnType<ScalarExponent> = Eigen::CwiseUnaryOp<Eigen::internal::scalar_unary_pow_op<float, double, false, false, false, false>, const Eigen::ArrayWrapper<Eigen::Map<Eigen::Matrix<float, -1, -1>, 0, Eigen::Stride<0, 0> > > >]’
/work/s2602/src/rvspoc-S2602-litert-pr4/tflite/../tflite/kernels/internal/optimized/optimized_ops.h:3572:62:   required from here
/work/s2602/build-pr2-gcc-14/eigen/Eigen/src/Core/functors/UnaryFunctors.h:1354:27: warning: ‘std::enable_if_t<(! IsExactlyRepresentable), void> Eigen::internal::scalar_unary_pow_op<Scalar, ExponentScalar, false, false, false, false>::check_is_representable() const [with bool IsExactlyRepresentable = false; Scalar = float; ExponentScalar = double; std::enable_if_t<(! IsExactlyRepresentable), void> = void]’ is deprecated [-Wdeprecated-declarations]
 1354 |     check_is_representable();
      |     ~~~~~~~~~~~~~~~~~~~~~~^~
/work/s2602/build-pr2-gcc-14/eigen/Eigen/src/Core/functors/UnaryFunctors.h:1350:68: note: declared here
 1350 |   EIGEN_DEPRECATED std::enable_if_t<!IsExactlyRepresentable, void> check_is_representable() const {}
      |                                                                    ^~~~~~~~~~~~~~~~~~~~~~
[ 70%] Building CXX object CMakeFiles/tensorflow-lite.dir/kernels/dilate.cc.o
[ 71%] Building CXX object CMakeFiles/tensorflow-lite.dir/kernels/div.cc.o
In file included from /work/s2602/build-pr2-gcc-14/eigen/Eigen/Core:314,
                 from /work/s2602/src/rvspoc-S2602-litert-pr4/tflite/../tflite/kernels/internal/optimized/optimized_ops.h:45,
                 from /work/s2602/src/rvspoc-S2602-litert-pr4/tflite/kernels/depth_to_space.cc:19:
/work/s2602/build-pr2-gcc-14/eigen/Eigen/src/Core/functors/UnaryFunctors.h: In instantiation of ‘Eigen::internal::scalar_unary_pow_op<Scalar, ExponentScalar, false, false, false, false>::scalar_unary_pow_op(const ExponentScalar&) [with Scalar = float; ExponentScalar = double]’:
/work/s2602/build-pr2-gcc-14/eigen/Eigen/src/Core/../plugins/ArrayCwiseUnaryOps.inc:543:66:   required from ‘Eigen::ArrayBase<Derived>::UnaryPowReturnType<ScalarExponent> Eigen::ArrayBase<Derived>::pow(const ScalarExponent&) const [with ScalarExponent = double; Derived = Eigen::ArrayWrapper<Eigen::Map<Eigen::Matrix<float, -1, -1>, 0, Eigen::Stride<0, 0> > >; UnaryPowReturnType<ScalarExponent> = Eigen::CwiseUnaryOp<Eigen::internal::scalar_unary_pow_op<float, double, false, false, false, false>, const Eigen::ArrayWrapper<Eigen::Map<Eigen::Matrix<float, -1, -1>, 0, Eigen::Stride<0, 0> > > >]’
/work/s2602/src/rvspoc-S2602-litert-pr4/tflite/../tflite/kernels/internal/optimized/optimized_ops.h:3572:62:   required from here
/work/s2602/build-pr2-gcc-14/eigen/Eigen/src/Core/functors/UnaryFunctors.h:1354:27: warning: ‘std::enable_if_t<(! IsExactlyRepresentable), void> Eigen::internal::scalar_unary_pow_op<Scalar, ExponentScalar, false, false, false, false>::check_is_representable() const [with bool IsExactlyRepresentable = false; Scalar = float; ExponentScalar = double; std::enable_if_t<(! IsExactlyRepresentable), void> = void]’ is deprecated [-Wdeprecated-declarations]
 1354 |     check_is_representable();
      |     ~~~~~~~~~~~~~~~~~~~~~~^~
/work/s2602/build-pr2-gcc-14/eigen/Eigen/src/Core/functors/UnaryFunctors.h:1350:68: note: declared here
 1350 |   EIGEN_DEPRECATED std::enable_if_t<!IsExactlyRepresentable, void> check_is_representable() const {}
      |                                                                    ^~~~~~~~~~~~~~~~~~~~~~
In file included from /work/s2602/build-pr2-gcc-14/eigen/Eigen/Core:314,
                 from /work/s2602/src/rvspoc-S2602-litert-pr4/tflite/../tflite/kernels/internal/optimized/optimized_ops.h:45,
                 from /work/s2602/src/rvspoc-S2602-litert-pr4/tflite/../tflite/kernels/internal/optimized/integer_ops/depthwise_conv.h:32,
                 from /work/s2602/src/rvspoc-S2602-litert-pr4/tflite/kernels/depthwise_conv.cc:16:
/work/s2602/build-pr2-gcc-14/eigen/Eigen/src/Core/functors/UnaryFunctors.h: In instantiation of ‘Eigen::internal::scalar_unary_pow_op<Scalar, ExponentScalar, false, false, false, false>::scalar_unary_pow_op(const ExponentScalar&) [with Scalar = float; ExponentScalar = double]’:
/work/s2602/build-pr2-gcc-14/eigen/Eigen/src/Core/../plugins/ArrayCwiseUnaryOps.inc:543:66:   required from ‘Eigen::ArrayBase<Derived>::UnaryPowReturnType<ScalarExponent> Eigen::ArrayBase<Derived>::pow(const ScalarExponent&) const [with ScalarExponent = double; Derived = Eigen::ArrayWrapper<Eigen::Map<Eigen::Matrix<float, -1, -1>, 0, Eigen::Stride<0, 0> > >; UnaryPowReturnType<ScalarExponent> = Eigen::CwiseUnaryOp<Eigen::internal::scalar_unary_pow_op<float, double, false, false, false, false>, const Eigen::ArrayWrapper<Eigen::Map<Eigen::Matrix<float, -1, -1>, 0, Eigen::Stride<0, 0> > > >]’
/work/s2602/src/rvspoc-S2602-litert-pr4/tflite/../tflite/kernels/internal/optimized/optimized_ops.h:3572:62:   required from here
/work/s2602/build-pr2-gcc-14/eigen/Eigen/src/Core/functors/UnaryFunctors.h:1354:27: warning: ‘std::enable_if_t<(! IsExactlyRepresentable), void> Eigen::internal::scalar_unary_pow_op<Scalar, ExponentScalar, false, false, false, false>::check_is_representable() const [with bool IsExactlyRepresentable = false; Scalar = float; ExponentScalar = double; std::enable_if_t<(! IsExactlyRepresentable), void> = void]’ is deprecated [-Wdeprecated-declarations]
 1354 |     check_is_representable();
      |     ~~~~~~~~~~~~~~~~~~~~~~^~
/work/s2602/build-pr2-gcc-14/eigen/Eigen/src/Core/functors/UnaryFunctors.h:1350:68: note: declared here
 1350 |   EIGEN_DEPRECATED std::enable_if_t<!IsExactlyRepresentable, void> check_is_representable() const {}
      |                                                                    ^~~~~~~~~~~~~~~~~~~~~~
[ 71%] Building CXX object CMakeFiles/tensorflow-lite.dir/kernels/dynamic_update_slice.cc.o
In file included from /work/s2602/build-pr2-gcc-14/eigen/Eigen/Core:314,
                 from /work/s2602/src/rvspoc-S2602-litert-pr4/tflite/../tflite/kernels/dequantize.h:22,
                 from /work/s2602/src/rvspoc-S2602-litert-pr4/tflite/kernels/dequantize.cc:15:
/work/s2602/build-pr2-gcc-14/eigen/Eigen/src/Core/functors/UnaryFunctors.h: In instantiation of ‘Eigen::internal::scalar_unary_pow_op<Scalar, ExponentScalar, false, false, false, false>::scalar_unary_pow_op(const ExponentScalar&) [with Scalar = float; ExponentScalar = double]’:
/work/s2602/build-pr2-gcc-14/eigen/Eigen/src/Core/../plugins/ArrayCwiseUnaryOps.inc:543:66:   required from ‘Eigen::ArrayBase<Derived>::UnaryPowReturnType<ScalarExponent> Eigen::ArrayBase<Derived>::pow(const ScalarExponent&) const [with ScalarExponent = double; Derived = Eigen::ArrayWrapper<Eigen::Map<Eigen::Matrix<float, -1, -1>, 0, Eigen::Stride<0, 0> > >; UnaryPowReturnType<ScalarExponent> = Eigen::CwiseUnaryOp<Eigen::internal::scalar_unary_pow_op<float, double, false, false, false, false>, const Eigen::ArrayWrapper<Eigen::Map<Eigen::Matrix<float, -1, -1>, 0, Eigen::Stride<0, 0> > > >]’
/work/s2602/src/rvspoc-S2602-litert-pr4/tflite/../tflite/kernels/internal/optimized/optimized_ops.h:3572:62:   required from here
/work/s2602/build-pr2-gcc-14/eigen/Eigen/src/Core/functors/UnaryFunctors.h:1354:27: warning: ‘std::enable_if_t<(! IsExactlyRepresentable), void> Eigen::internal::scalar_unary_pow_op<Scalar, ExponentScalar, false, false, false, false>::check_is_representable() const [with bool IsExactlyRepresentable = false; Scalar = float; ExponentScalar = double; std::enable_if_t<(! IsExactlyRepresentable), void> = void]’ is deprecated [-Wdeprecated-declarations]
 1354 |     check_is_representable();
      |     ~~~~~~~~~~~~~~~~~~~~~~^~
/work/s2602/build-pr2-gcc-14/eigen/Eigen/src/Core/functors/UnaryFunctors.h:1350:68: note: declared here
 1350 |   EIGEN_DEPRECATED std::enable_if_t<!IsExactlyRepresentable, void> check_is_representable() const {}
      |                                                                    ^~~~~~~~~~~~~~~~~~~~~~
In file included from /work/s2602/build-pr2-gcc-14/eigen/Eigen/Core:314,
                 from /work/s2602/src/rvspoc-S2602-litert-pr4/tflite/../tflite/kernels/internal/optimized/optimized_ops.h:45,
                 from /work/s2602/src/rvspoc-S2602-litert-pr4/tflite/kernels/detection_postprocess.cc:27:
/work/s2602/build-pr2-gcc-14/eigen/Eigen/src/Core/functors/UnaryFunctors.h: In instantiation of ‘Eigen::internal::scalar_unary_pow_op<Scalar, ExponentScalar, false, false, false, false>::scalar_unary_pow_op(const ExponentScalar&) [with Scalar = float; ExponentScalar = double]’:
/work/s2602/build-pr2-gcc-14/eigen/Eigen/src/Core/../plugins/ArrayCwiseUnaryOps.inc:543:66:   required from ‘Eigen::ArrayBase<Derived>::UnaryPowReturnType<ScalarExponent> Eigen::ArrayBase<Derived>::pow(const ScalarExponent&) const [with ScalarExponent = double; Derived = Eigen::ArrayWrapper<Eigen::Map<Eigen::Matrix<float, -1, -1>, 0, Eigen::Stride<0, 0> > >; UnaryPowReturnType<ScalarExponent> = Eigen::CwiseUnaryOp<Eigen::internal::scalar_unary_pow_op<float, double, false, false, false, false>, const Eigen::ArrayWrapper<Eigen::Map<Eigen::Matrix<float, -1, -1>, 0, Eigen::Stride<0, 0> > > >]’
/work/s2602/src/rvspoc-S2602-litert-pr4/tflite/../tflite/kernels/internal/optimized/optimized_ops.h:3572:62:   required from here
/work/s2602/build-pr2-gcc-14/eigen/Eigen/src/Core/functors/UnaryFunctors.h:1354:27: warning: ‘std::enable_if_t<(! IsExactlyRepresentable), void> Eigen::internal::scalar_unary_pow_op<Scalar, ExponentScalar, false, false, false, false>::check_is_representable() const [with bool IsExactlyRepresentable = false; Scalar = float; ExponentScalar = double; std::enable_if_t<(! IsExactlyRepresentable), void> = void]’ is deprecated [-Wdeprecated-declarations]
 1354 |     check_is_representable();
      |     ~~~~~~~~~~~~~~~~~~~~~~^~
/work/s2602/build-pr2-gcc-14/eigen/Eigen/src/Core/functors/UnaryFunctors.h:1350:68: note: declared here
 1350 |   EIGEN_DEPRECATED std::enable_if_t<!IsExactlyRepresentable, void> check_is_representable() const {}
      |                                                                    ^~~~~~~~~~~~~~~~~~~~~~
[ 71%] Building CXX object CMakeFiles/tensorflow-lite.dir/kernels/eigen_support.cc.o
[ 71%] Building CXX object CMakeFiles/tensorflow-lite.dir/kernels/elementwise.cc.o
[ 71%] Building CXX object CMakeFiles/tensorflow-lite.dir/kernels/embedding_lookup.cc.o
[ 71%] Building CXX object CMakeFiles/tensorflow-lite.dir/kernels/embedding_lookup_sparse.cc.o
In file included from /work/s2602/build-pr2-gcc-14/eigen/Eigen/Core:314,
                 from /work/s2602/src/rvspoc-S2602-litert-pr4/tflite/../tflite/kernels/internal/optimized/optimized_ops.h:45,
                 from /work/s2602/src/rvspoc-S2602-litert-pr4/tflite/kernels/div.cc:25:
/work/s2602/build-pr2-gcc-14/eigen/Eigen/src/Core/functors/UnaryFunctors.h: In instantiation of ‘Eigen::internal::scalar_unary_pow_op<Scalar, ExponentScalar, false, false, false, false>::scalar_unary_pow_op(const ExponentScalar&) [with Scalar = float; ExponentScalar = double]’:
/work/s2602/build-pr2-gcc-14/eigen/Eigen/src/Core/../plugins/ArrayCwiseUnaryOps.inc:543:66:   required from ‘Eigen::ArrayBase<Derived>::UnaryPowReturnType<ScalarExponent> Eigen::ArrayBase<Derived>::pow(const ScalarExponent&) const [with ScalarExponent = double; Derived = Eigen::ArrayWrapper<Eigen::Map<Eigen::Matrix<float, -1, -1>, 0, Eigen::Stride<0, 0> > >; UnaryPowReturnType<ScalarExponent> = Eigen::CwiseUnaryOp<Eigen::internal::scalar_unary_pow_op<float, double, false, false, false, false>, const Eigen::ArrayWrapper<Eigen::Map<Eigen::Matrix<float, -1, -1>, 0, Eigen::Stride<0, 0> > > >]’
/work/s2602/src/rvspoc-S2602-litert-pr4/tflite/../tflite/kernels/internal/optimized/optimized_ops.h:3572:62:   required from here
/work/s2602/build-pr2-gcc-14/eigen/Eigen/src/Core/functors/UnaryFunctors.h:1354:27: warning: ‘std::enable_if_t<(! IsExactlyRepresentable), void> Eigen::internal::scalar_unary_pow_op<Scalar, ExponentScalar, false, false, false, false>::check_is_representable() const [with bool IsExactlyRepresentable = false; Scalar = float; ExponentScalar = double; std::enable_if_t<(! IsExactlyRepresentable), void> = void]’ is deprecated [-Wdeprecated-declarations]
 1354 |     check_is_representable();
      |     ~~~~~~~~~~~~~~~~~~~~~~^~
/work/s2602/build-pr2-gcc-14/eigen/Eigen/src/Core/functors/UnaryFunctors.h:1350:68: note: declared here
 1350 |   EIGEN_DEPRECATED std::enable_if_t<!IsExactlyRepresentable, void> check_is_representable() const {}
      |                                                                    ^~~~~~~~~~~~~~~~~~~~~~
In file included from /work/s2602/build-pr2-gcc-14/eigen/unsupported/Eigen/CXX11/../../../Eigen/Core:25,
                 from /work/s2602/build-pr2-gcc-14/eigen/unsupported/Eigen/CXX11/Tensor:14,
                 from /work/s2602/src/rvspoc-S2602-litert-pr4/tflite/../tflite/kernels/internal/optimized/eigen_spatial_convolutions.h:42,
                 from /work/s2602/src/rvspoc-S2602-litert-pr4/tflite/kernels/eigen_support.cc:22:
/work/s2602/build-pr2-gcc-14/eigen/unsupported/Eigen/CXX11/../../../Eigen/src/Core/util/ConfigureVectorization.h:60:73: warning: use of ‘std::hardware_destructive_interference_size’ [-Winterference-size]
   60 | #define EIGEN_ALIGN_TO_AVOID_FALSE_SHARING EIGEN_ALIGN_TO_BOUNDARY(std::hardware_destructive_interference_size)
      |                                                                         ^~~~~~~~~~~~~~~~~~~~~~~~~~~~~~~~~~~~~~
/work/s2602/build-pr2-gcc-14/eigen/unsupported/Eigen/CXX11/../../../Eigen/src/Core/util/ConfigureVectorization.h:49:44: note: in definition of macro ‘EIGEN_ALIGN_TO_BOUNDARY’
   49 | #define EIGEN_ALIGN_TO_BOUNDARY(n) alignas(n)
      |                                            ^
/work/s2602/build-pr2-gcc-14/eigen/unsupported/Eigen/CXX11/../../../Eigen/src/ThreadPool/EventCount.h:193:5: note: in expansion of macro ‘EIGEN_ALIGN_TO_AVOID_FALSE_SHARING’
  193 |     EIGEN_ALIGN_TO_AVOID_FALSE_SHARING std::atomic<uint64_t> next{kStackMask};
      |     ^~~~~~~~~~~~~~~~~~~~~~~~~~~~~~~~~~
/work/s2602/build-pr2-gcc-14/eigen/unsupported/Eigen/CXX11/../../../Eigen/src/Core/util/ConfigureVectorization.h:60:73: note: its value can vary between compiler versions or with different ‘-mtune’ or ‘-mcpu’ flags
   60 | #define EIGEN_ALIGN_TO_AVOID_FALSE_SHARING EIGEN_ALIGN_TO_BOUNDARY(std::hardware_destructive_interference_size)
      |                                                                         ^~~~~~~~~~~~~~~~~~~~~~~~~~~~~~~~~~~~~~
/work/s2602/build-pr2-gcc-14/eigen/unsupported/Eigen/CXX11/../../../Eigen/src/Core/util/ConfigureVectorization.h:49:44: note: in definition of macro ‘EIGEN_ALIGN_TO_BOUNDARY’
   49 | #define EIGEN_ALIGN_TO_BOUNDARY(n) alignas(n)
      |                                            ^
/work/s2602/build-pr2-gcc-14/eigen/unsupported/Eigen/CXX11/../../../Eigen/src/ThreadPool/EventCount.h:193:5: note: in expansion of macro ‘EIGEN_ALIGN_TO_AVOID_FALSE_SHARING’
  193 |     EIGEN_ALIGN_TO_AVOID_FALSE_SHARING std::atomic<uint64_t> next{kStackMask};
      |     ^~~~~~~~~~~~~~~~~~~~~~~~~~~~~~~~~~
/work/s2602/build-pr2-gcc-14/eigen/unsupported/Eigen/CXX11/../../../Eigen/src/Core/util/ConfigureVectorization.h:60:73: note: if this use is part of a public ABI, change it to instead use a constant variable you define
   60 | #define EIGEN_ALIGN_TO_AVOID_FALSE_SHARING EIGEN_ALIGN_TO_BOUNDARY(std::hardware_destructive_interference_size)
      |                                                                         ^~~~~~~~~~~~~~~~~~~~~~~~~~~~~~~~~~~~~~
/work/s2602/build-pr2-gcc-14/eigen/unsupported/Eigen/CXX11/../../../Eigen/src/Core/util/ConfigureVectorization.h:49:44: note: in definition of macro ‘EIGEN_ALIGN_TO_BOUNDARY’
   49 | #define EIGEN_ALIGN_TO_BOUNDARY(n) alignas(n)
      |                                            ^
/work/s2602/build-pr2-gcc-14/eigen/unsupported/Eigen/CXX11/../../../Eigen/src/ThreadPool/EventCount.h:193:5: note: in expansion of macro ‘EIGEN_ALIGN_TO_AVOID_FALSE_SHARING’
  193 |     EIGEN_ALIGN_TO_AVOID_FALSE_SHARING std::atomic<uint64_t> next{kStackMask};
      |     ^~~~~~~~~~~~~~~~~~~~~~~~~~~~~~~~~~
/work/s2602/build-pr2-gcc-14/eigen/unsupported/Eigen/CXX11/../../../Eigen/src/Core/util/ConfigureVectorization.h:60:73: note: the default value for the current CPU tuning is 0 bytes
   60 | #define EIGEN_ALIGN_TO_AVOID_FALSE_SHARING EIGEN_ALIGN_TO_BOUNDARY(std::hardware_destructive_interference_size)
      |                                                                         ^~~~~~~~~~~~~~~~~~~~~~~~~~~~~~~~~~~~~~
/work/s2602/build-pr2-gcc-14/eigen/unsupported/Eigen/CXX11/../../../Eigen/src/Core/util/ConfigureVectorization.h:49:44: note: in definition of macro ‘EIGEN_ALIGN_TO_BOUNDARY’
   49 | #define EIGEN_ALIGN_TO_BOUNDARY(n) alignas(n)
      |                                            ^
/work/s2602/build-pr2-gcc-14/eigen/unsupported/Eigen/CXX11/../../../Eigen/src/ThreadPool/EventCount.h:193:5: note: in expansion of macro ‘EIGEN_ALIGN_TO_AVOID_FALSE_SHARING’
  193 |     EIGEN_ALIGN_TO_AVOID_FALSE_SHARING std::atomic<uint64_t> next{kStackMask};
      |     ^~~~~~~~~~~~~~~~~~~~~~~~~~~~~~~~~~
/work/s2602/build-pr2-gcc-14/eigen/unsupported/Eigen/CXX11/../../../Eigen/src/Core/util/ConfigureVectorization.h:60:73: note: you can stabilize this value with ‘--param hardware_destructive_interference_size=0’, or disable this warning with ‘-Wno-interference-size’
   60 | #define EIGEN_ALIGN_TO_AVOID_FALSE_SHARING EIGEN_ALIGN_TO_BOUNDARY(std::hardware_destructive_interference_size)
      |                                                                         ^~~~~~~~~~~~~~~~~~~~~~~~~~~~~~~~~~~~~~
/work/s2602/build-pr2-gcc-14/eigen/unsupported/Eigen/CXX11/../../../Eigen/src/Core/util/ConfigureVectorization.h:49:44: note: in definition of macro ‘EIGEN_ALIGN_TO_BOUNDARY’
   49 | #define EIGEN_ALIGN_TO_BOUNDARY(n) alignas(n)
      |                                            ^
/work/s2602/build-pr2-gcc-14/eigen/unsupported/Eigen/CXX11/../../../Eigen/src/ThreadPool/EventCount.h:193:5: note: in expansion of macro ‘EIGEN_ALIGN_TO_AVOID_FALSE_SHARING’
  193 |     EIGEN_ALIGN_TO_AVOID_FALSE_SHARING std::atomic<uint64_t> next{kStackMask};
      |     ^~~~~~~~~~~~~~~~~~~~~~~~~~~~~~~~~~
/work/s2602/build-pr2-gcc-14/eigen/unsupported/Eigen/CXX11/../../../Eigen/src/Core/util/ConfigureVectorization.h:60:73: warning: use of ‘std::hardware_destructive_interference_size’ [-Winterference-size]
   60 | #define EIGEN_ALIGN_TO_AVOID_FALSE_SHARING EIGEN_ALIGN_TO_BOUNDARY(std::hardware_destructive_interference_size)
      |                                                                         ^~~~~~~~~~~~~~~~~~~~~~~~~~~~~~~~~~~~~~
/work/s2602/build-pr2-gcc-14/eigen/unsupported/Eigen/CXX11/../../../Eigen/src/Core/util/ConfigureVectorization.h:49:44: note: in definition of macro ‘EIGEN_ALIGN_TO_BOUNDARY’
   49 | #define EIGEN_ALIGN_TO_BOUNDARY(n) alignas(n)
      |                                            ^
/work/s2602/build-pr2-gcc-14/eigen/unsupported/Eigen/CXX11/../../../Eigen/src/ThreadPool/RunQueue.h:176:3: note: in expansion of macro ‘EIGEN_ALIGN_TO_AVOID_FALSE_SHARING’
  176 |   EIGEN_ALIGN_TO_AVOID_FALSE_SHARING std::atomic<unsigned> front_;
      |   ^~~~~~~~~~~~~~~~~~~~~~~~~~~~~~~~~~
/work/s2602/build-pr2-gcc-14/eigen/unsupported/Eigen/CXX11/../../../Eigen/src/Core/util/ConfigureVectorization.h:60:73: warning: use of ‘std::hardware_destructive_interference_size’ [-Winterference-size]
   60 | #define EIGEN_ALIGN_TO_AVOID_FALSE_SHARING EIGEN_ALIGN_TO_BOUNDARY(std::hardware_destructive_interference_size)
      |                                                                         ^~~~~~~~~~~~~~~~~~~~~~~~~~~~~~~~~~~~~~
/work/s2602/build-pr2-gcc-14/eigen/unsupported/Eigen/CXX11/../../../Eigen/src/Core/util/ConfigureVectorization.h:49:44: note: in definition of macro ‘EIGEN_ALIGN_TO_BOUNDARY’
   49 | #define EIGEN_ALIGN_TO_BOUNDARY(n) alignas(n)
      |                                            ^
/work/s2602/build-pr2-gcc-14/eigen/unsupported/Eigen/CXX11/../../../Eigen/src/ThreadPool/RunQueue.h:177:3: note: in expansion of macro ‘EIGEN_ALIGN_TO_AVOID_FALSE_SHARING’
  177 |   EIGEN_ALIGN_TO_AVOID_FALSE_SHARING std::atomic<unsigned> back_;
      |   ^~~~~~~~~~~~~~~~~~~~~~~~~~~~~~~~~~
/work/s2602/build-pr2-gcc-14/eigen/unsupported/Eigen/CXX11/../../../Eigen/src/Core/util/ConfigureVectorization.h:60:73: warning: use of ‘std::hardware_destructive_interference_size’ [-Winterference-size]
   60 | #define EIGEN_ALIGN_TO_AVOID_FALSE_SHARING EIGEN_ALIGN_TO_BOUNDARY(std::hardware_destructive_interference_size)
      |                                                                         ^~~~~~~~~~~~~~~~~~~~~~~~~~~~~~~~~~~~~~
/work/s2602/build-pr2-gcc-14/eigen/unsupported/Eigen/CXX11/../../../Eigen/src/Core/util/ConfigureVectorization.h:49:44: note: in definition of macro ‘EIGEN_ALIGN_TO_BOUNDARY’
   49 | #define EIGEN_ALIGN_TO_BOUNDARY(n) alignas(n)
      |                                            ^
/work/s2602/build-pr2-gcc-14/eigen/unsupported/Eigen/CXX11/../../../Eigen/src/ThreadPool/RunQueue.h:180:3: note: in expansion of macro ‘EIGEN_ALIGN_TO_AVOID_FALSE_SHARING’
  180 |   EIGEN_ALIGN_TO_AVOID_FALSE_SHARING Elem array_[kSize];
      |   ^~~~~~~~~~~~~~~~~~~~~~~~~~~~~~~~~~
[ 71%] Building CXX object CMakeFiles/tensorflow-lite.dir/kernels/exp.cc.o
In file included from /work/s2602/build-pr2-gcc-14/eigen/Eigen/Core:314,
                 from /work/s2602/src/rvspoc-S2602-litert-pr4/tflite/kernels/dynamic_update_slice.cc:23:
/work/s2602/build-pr2-gcc-14/eigen/Eigen/src/Core/functors/UnaryFunctors.h: In instantiation of ‘Eigen::internal::scalar_unary_pow_op<Scalar, ExponentScalar, false, false, false, false>::scalar_unary_pow_op(const ExponentScalar&) [with Scalar = float; ExponentScalar = double]’:
/work/s2602/build-pr2-gcc-14/eigen/Eigen/src/Core/../plugins/ArrayCwiseUnaryOps.inc:543:66:   required from ‘Eigen::ArrayBase<Derived>::UnaryPowReturnType<ScalarExponent> Eigen::ArrayBase<Derived>::pow(const ScalarExponent&) const [with ScalarExponent = double; Derived = Eigen::ArrayWrapper<Eigen::Map<Eigen::Matrix<float, -1, -1>, 0, Eigen::Stride<0, 0> > >; UnaryPowReturnType<ScalarExponent> = Eigen::CwiseUnaryOp<Eigen::internal::scalar_unary_pow_op<float, double, false, false, false, false>, const Eigen::ArrayWrapper<Eigen::Map<Eigen::Matrix<float, -1, -1>, 0, Eigen::Stride<0, 0> > > >]’
/work/s2602/src/rvspoc-S2602-litert-pr4/tflite/../tflite/kernels/internal/optimized/optimized_ops.h:3572:62:   required from here
/work/s2602/build-pr2-gcc-14/eigen/Eigen/src/Core/functors/UnaryFunctors.h:1354:27: warning: ‘std::enable_if_t<(! IsExactlyRepresentable), void> Eigen::internal::scalar_unary_pow_op<Scalar, ExponentScalar, false, false, false, false>::check_is_representable() const [with bool IsExactlyRepresentable = false; Scalar = float; ExponentScalar = double; std::enable_if_t<(! IsExactlyRepresentable), void> = void]’ is deprecated [-Wdeprecated-declarations]
 1354 |     check_is_representable();
      |     ~~~~~~~~~~~~~~~~~~~~~~^~
/work/s2602/build-pr2-gcc-14/eigen/Eigen/src/Core/functors/UnaryFunctors.h:1350:68: note: declared here
 1350 |   EIGEN_DEPRECATED std::enable_if_t<!IsExactlyRepresentable, void> check_is_representable() const {}
      |                                                                    ^~~~~~~~~~~~~~~~~~~~~~
[ 71%] Building CXX object CMakeFiles/tensorflow-lite.dir/kernels/expand_dims.cc.o
[ 71%] Building CXX object CMakeFiles/tensorflow-lite.dir/kernels/fake_quant.cc.o
[ 73%] Building CXX object CMakeFiles/tensorflow-lite.dir/kernels/fill.cc.o
[ 73%] Building CXX object CMakeFiles/tensorflow-lite.dir/kernels/floor.cc.o
[ 73%] Building CXX object CMakeFiles/tensorflow-lite.dir/kernels/floor_div.cc.o
[ 73%] Building CXX object CMakeFiles/tensorflow-lite.dir/kernels/floor_mod.cc.o
[ 73%] Building CXX object CMakeFiles/tensorflow-lite.dir/kernels/fully_connected.cc.o
[ 73%] Building CXX object CMakeFiles/tensorflow-lite.dir/kernels/gather.cc.o
[ 73%] Building CXX object CMakeFiles/tensorflow-lite.dir/kernels/gather_nd.cc.o
[ 73%] Building CXX object CMakeFiles/tensorflow-lite.dir/kernels/gru_cell.cc.o
[ 73%] Building CXX object CMakeFiles/tensorflow-lite.dir/kernels/hadamard_rotation.cc.o
[ 73%] Building CXX object CMakeFiles/tensorflow-lite.dir/kernels/hashtable.cc.o
[ 75%] Building CXX object CMakeFiles/tensorflow-lite.dir/kernels/hashtable_find.cc.o
In file included from /work/s2602/build-pr2-gcc-14/eigen/Eigen/Core:314,
                 from /work/s2602/src/rvspoc-S2602-litert-pr4/tflite/../tflite/kernels/internal/optimized/optimized_ops.h:45,
                 from /work/s2602/src/rvspoc-S2602-litert-pr4/tflite/kernels/floor.cc:19:
/work/s2602/build-pr2-gcc-14/eigen/Eigen/src/Core/functors/UnaryFunctors.h: In instantiation of ‘Eigen::internal::scalar_unary_pow_op<Scalar, ExponentScalar, false, false, false, false>::scalar_unary_pow_op(const ExponentScalar&) [with Scalar = float; ExponentScalar = double]’:
/work/s2602/build-pr2-gcc-14/eigen/Eigen/src/Core/../plugins/ArrayCwiseUnaryOps.inc:543:66:   required from ‘Eigen::ArrayBase<Derived>::UnaryPowReturnType<ScalarExponent> Eigen::ArrayBase<Derived>::pow(const ScalarExponent&) const [with ScalarExponent = double; Derived = Eigen::ArrayWrapper<Eigen::Map<Eigen::Matrix<float, -1, -1>, 0, Eigen::Stride<0, 0> > >; UnaryPowReturnType<ScalarExponent> = Eigen::CwiseUnaryOp<Eigen::internal::scalar_unary_pow_op<float, double, false, false, false, false>, const Eigen::ArrayWrapper<Eigen::Map<Eigen::Matrix<float, -1, -1>, 0, Eigen::Stride<0, 0> > > >]’
/work/s2602/src/rvspoc-S2602-litert-pr4/tflite/../tflite/kernels/internal/optimized/optimized_ops.h:3572:62:   required from here
/work/s2602/build-pr2-gcc-14/eigen/Eigen/src/Core/functors/UnaryFunctors.h:1354:27: warning: ‘std::enable_if_t<(! IsExactlyRepresentable), void> Eigen::internal::scalar_unary_pow_op<Scalar, ExponentScalar, false, false, false, false>::check_is_representable() const [with bool IsExactlyRepresentable = false; Scalar = float; ExponentScalar = double; std::enable_if_t<(! IsExactlyRepresentable), void> = void]’ is deprecated [-Wdeprecated-declarations]
 1354 |     check_is_representable();
      |     ~~~~~~~~~~~~~~~~~~~~~~^~
/work/s2602/build-pr2-gcc-14/eigen/Eigen/src/Core/functors/UnaryFunctors.h:1350:68: note: declared here
 1350 |   EIGEN_DEPRECATED std::enable_if_t<!IsExactlyRepresentable, void> check_is_representable() const {}
      |                                                                    ^~~~~~~~~~~~~~~~~~~~~~
In file included from /work/s2602/build-pr2-gcc-14/eigen/Eigen/Core:314,
                 from /work/s2602/src/rvspoc-S2602-litert-pr4/tflite/../tflite/kernels/internal/optimized/optimized_ops.h:45,
                 from /work/s2602/src/rvspoc-S2602-litert-pr4/tflite/kernels/gather.cc:19:
/work/s2602/build-pr2-gcc-14/eigen/Eigen/src/Core/functors/UnaryFunctors.h: In instantiation of ‘Eigen::internal::scalar_unary_pow_op<Scalar, ExponentScalar, false, false, false, false>::scalar_unary_pow_op(const ExponentScalar&) [with Scalar = float; ExponentScalar = double]’:
/work/s2602/build-pr2-gcc-14/eigen/Eigen/src/Core/../plugins/ArrayCwiseUnaryOps.inc:543:66:   required from ‘Eigen::ArrayBase<Derived>::UnaryPowReturnType<ScalarExponent> Eigen::ArrayBase<Derived>::pow(const ScalarExponent&) const [with ScalarExponent = double; Derived = Eigen::ArrayWrapper<Eigen::Map<Eigen::Matrix<float, -1, -1>, 0, Eigen::Stride<0, 0> > >; UnaryPowReturnType<ScalarExponent> = Eigen::CwiseUnaryOp<Eigen::internal::scalar_unary_pow_op<float, double, false, false, false, false>, const Eigen::ArrayWrapper<Eigen::Map<Eigen::Matrix<float, -1, -1>, 0, Eigen::Stride<0, 0> > > >]’
/work/s2602/src/rvspoc-S2602-litert-pr4/tflite/../tflite/kernels/internal/optimized/optimized_ops.h:3572:62:   required from here
/work/s2602/build-pr2-gcc-14/eigen/Eigen/src/Core/functors/UnaryFunctors.h:1354:27: warning: ‘std::enable_if_t<(! IsExactlyRepresentable), void> Eigen::internal::scalar_unary_pow_op<Scalar, ExponentScalar, false, false, false, false>::check_is_representable() const [with bool IsExactlyRepresentable = false; Scalar = float; ExponentScalar = double; std::enable_if_t<(! IsExactlyRepresentable), void> = void]’ is deprecated [-Wdeprecated-declarations]
 1354 |     check_is_representable();
      |     ~~~~~~~~~~~~~~~~~~~~~~^~
/work/s2602/build-pr2-gcc-14/eigen/Eigen/src/Core/functors/UnaryFunctors.h:1350:68: note: declared here
 1350 |   EIGEN_DEPRECATED std::enable_if_t<!IsExactlyRepresentable, void> check_is_representable() const {}
      |                                                                    ^~~~~~~~~~~~~~~~~~~~~~
[ 75%] Building CXX object CMakeFiles/tensorflow-lite.dir/kernels/hashtable_import.cc.o
In file included from /work/s2602/build-pr2-gcc-14/eigen/Eigen/Core:314,
                 from /work/s2602/src/rvspoc-S2602-litert-pr4/tflite/../tflite/kernels/internal/optimized/optimized_ops.h:45,
                 from /work/s2602/src/rvspoc-S2602-litert-pr4/tflite/kernels/gru_cell.cc:20:
/work/s2602/build-pr2-gcc-14/eigen/Eigen/src/Core/functors/UnaryFunctors.h: In instantiation of ‘Eigen::internal::scalar_unary_pow_op<Scalar, ExponentScalar, false, false, false, false>::scalar_unary_pow_op(const ExponentScalar&) [with Scalar = float; ExponentScalar = double]’:
/work/s2602/build-pr2-gcc-14/eigen/Eigen/src/Core/../plugins/ArrayCwiseUnaryOps.inc:543:66:   required from ‘Eigen::ArrayBase<Derived>::UnaryPowReturnType<ScalarExponent> Eigen::ArrayBase<Derived>::pow(const ScalarExponent&) const [with ScalarExponent = double; Derived = Eigen::ArrayWrapper<Eigen::Map<Eigen::Matrix<float, -1, -1>, 0, Eigen::Stride<0, 0> > >; UnaryPowReturnType<ScalarExponent> = Eigen::CwiseUnaryOp<Eigen::internal::scalar_unary_pow_op<float, double, false, false, false, false>, const Eigen::ArrayWrapper<Eigen::Map<Eigen::Matrix<float, -1, -1>, 0, Eigen::Stride<0, 0> > > >]’
/work/s2602/src/rvspoc-S2602-litert-pr4/tflite/../tflite/kernels/internal/optimized/optimized_ops.h:3572:62:   required from here
/work/s2602/build-pr2-gcc-14/eigen/Eigen/src/Core/functors/UnaryFunctors.h:1354:27: warning: ‘std::enable_if_t<(! IsExactlyRepresentable), void> Eigen::internal::scalar_unary_pow_op<Scalar, ExponentScalar, false, false, false, false>::check_is_representable() const [with bool IsExactlyRepresentable = false; Scalar = float; ExponentScalar = double; std::enable_if_t<(! IsExactlyRepresentable), void> = void]’ is deprecated [-Wdeprecated-declarations]
 1354 |     check_is_representable();
      |     ~~~~~~~~~~~~~~~~~~~~~~^~
/work/s2602/build-pr2-gcc-14/eigen/Eigen/src/Core/functors/UnaryFunctors.h:1350:68: note: declared here
 1350 |   EIGEN_DEPRECATED std::enable_if_t<!IsExactlyRepresentable, void> check_is_representable() const {}
      |                                                                    ^~~~~~~~~~~~~~~~~~~~~~
In file included from /work/s2602/build-pr2-gcc-14/eigen/Eigen/Core:314,
                 from /work/s2602/src/rvspoc-S2602-litert-pr4/tflite/../tflite/kernels/internal/optimized/optimized_ops.h:45,
                 from /work/s2602/src/rvspoc-S2602-litert-pr4/tflite/kernels/gather_nd.cc:19:
/work/s2602/build-pr2-gcc-14/eigen/Eigen/src/Core/functors/UnaryFunctors.h: In instantiation of ‘Eigen::internal::scalar_unary_pow_op<Scalar, ExponentScalar, false, false, false, false>::scalar_unary_pow_op(const ExponentScalar&) [with Scalar = float; ExponentScalar = double]’:
/work/s2602/build-pr2-gcc-14/eigen/Eigen/src/Core/../plugins/ArrayCwiseUnaryOps.inc:543:66:   required from ‘Eigen::ArrayBase<Derived>::UnaryPowReturnType<ScalarExponent> Eigen::ArrayBase<Derived>::pow(const ScalarExponent&) const [with ScalarExponent = double; Derived = Eigen::ArrayWrapper<Eigen::Map<Eigen::Matrix<float, -1, -1>, 0, Eigen::Stride<0, 0> > >; UnaryPowReturnType<ScalarExponent> = Eigen::CwiseUnaryOp<Eigen::internal::scalar_unary_pow_op<float, double, false, false, false, false>, const Eigen::ArrayWrapper<Eigen::Map<Eigen::Matrix<float, -1, -1>, 0, Eigen::Stride<0, 0> > > >]’
/work/s2602/src/rvspoc-S2602-litert-pr4/tflite/../tflite/kernels/internal/optimized/optimized_ops.h:3572:62:   required from here
/work/s2602/build-pr2-gcc-14/eigen/Eigen/src/Core/functors/UnaryFunctors.h:1354:27: warning: ‘std::enable_if_t<(! IsExactlyRepresentable), void> Eigen::internal::scalar_unary_pow_op<Scalar, ExponentScalar, false, false, false, false>::check_is_representable() const [with bool IsExactlyRepresentable = false; Scalar = float; ExponentScalar = double; std::enable_if_t<(! IsExactlyRepresentable), void> = void]’ is deprecated [-Wdeprecated-declarations]
 1354 |     check_is_representable();
      |     ~~~~~~~~~~~~~~~~~~~~~~^~
/work/s2602/build-pr2-gcc-14/eigen/Eigen/src/Core/functors/UnaryFunctors.h:1350:68: note: declared here
 1350 |   EIGEN_DEPRECATED std::enable_if_t<!IsExactlyRepresentable, void> check_is_representable() const {}
      |                                                                    ^~~~~~~~~~~~~~~~~~~~~~
In file included from /work/s2602/build-pr2-gcc-14/eigen/Eigen/Core:314,
                 from /work/s2602/src/rvspoc-S2602-litert-pr4/tflite/../tflite/kernels/internal/optimized/optimized_ops.h:45,
                 from /work/s2602/src/rvspoc-S2602-litert-pr4/tflite/kernels/fully_connected.cc:31:
/work/s2602/build-pr2-gcc-14/eigen/Eigen/src/Core/functors/UnaryFunctors.h: In instantiation of ‘Eigen::internal::scalar_unary_pow_op<Scalar, ExponentScalar, false, false, false, false>::scalar_unary_pow_op(const ExponentScalar&) [with Scalar = float; ExponentScalar = double]’:
/work/s2602/build-pr2-gcc-14/eigen/Eigen/src/Core/../plugins/ArrayCwiseUnaryOps.inc:543:66:   required from ‘Eigen::ArrayBase<Derived>::UnaryPowReturnType<ScalarExponent> Eigen::ArrayBase<Derived>::pow(const ScalarExponent&) const [with ScalarExponent = double; Derived = Eigen::ArrayWrapper<Eigen::Map<Eigen::Matrix<float, -1, -1>, 0, Eigen::Stride<0, 0> > >; UnaryPowReturnType<ScalarExponent> = Eigen::CwiseUnaryOp<Eigen::internal::scalar_unary_pow_op<float, double, false, false, false, false>, const Eigen::ArrayWrapper<Eigen::Map<Eigen::Matrix<float, -1, -1>, 0, Eigen::Stride<0, 0> > > >]’
/work/s2602/src/rvspoc-S2602-litert-pr4/tflite/../tflite/kernels/internal/optimized/optimized_ops.h:3572:62:   required from here
/work/s2602/build-pr2-gcc-14/eigen/Eigen/src/Core/functors/UnaryFunctors.h:1354:27: warning: ‘std::enable_if_t<(! IsExactlyRepresentable), void> Eigen::internal::scalar_unary_pow_op<Scalar, ExponentScalar, false, false, false, false>::check_is_representable() const [with bool IsExactlyRepresentable = false; Scalar = float; ExponentScalar = double; std::enable_if_t<(! IsExactlyRepresentable), void> = void]’ is deprecated [-Wdeprecated-declarations]
 1354 |     check_is_representable();
      |     ~~~~~~~~~~~~~~~~~~~~~~^~
/work/s2602/build-pr2-gcc-14/eigen/Eigen/src/Core/functors/UnaryFunctors.h:1350:68: note: declared here
 1350 |   EIGEN_DEPRECATED std::enable_if_t<!IsExactlyRepresentable, void> check_is_representable() const {}
      |                                                                    ^~~~~~~~~~~~~~~~~~~~~~
[ 75%] Building CXX object CMakeFiles/tensorflow-lite.dir/kernels/hashtable_lookup.cc.o
[ 75%] Building CXX object CMakeFiles/tensorflow-lite.dir/kernels/hashtable_size.cc.o
[ 75%] Building CXX object CMakeFiles/tensorflow-lite.dir/kernels/if.cc.o
[ 75%] Building CXX object CMakeFiles/tensorflow-lite.dir/kernels/irfft2d.cc.o
[ 75%] Building CXX object CMakeFiles/tensorflow-lite.dir/kernels/kernel_util.cc.o
[ 75%] Building CXX object CMakeFiles/tensorflow-lite.dir/kernels/l2norm.cc.o
[ 75%] Building CXX object CMakeFiles/tensorflow-lite.dir/kernels/local_response_norm.cc.o
[ 77%] Building CXX object CMakeFiles/tensorflow-lite.dir/kernels/logical.cc.o
[ 77%] Building CXX object CMakeFiles/tensorflow-lite.dir/kernels/lsh_projection.cc.o
[ 77%] Building CXX object CMakeFiles/tensorflow-lite.dir/kernels/lstm.cc.o
[ 77%] Building CXX object CMakeFiles/tensorflow-lite.dir/kernels/lstm_eval.cc.o
[ 77%] Building CXX object CMakeFiles/tensorflow-lite.dir/kernels/matrix_diag.cc.o
[ 77%] Building CXX object CMakeFiles/tensorflow-lite.dir/kernels/matrix_set_diag.cc.o
[ 77%] Building CXX object CMakeFiles/tensorflow-lite.dir/kernels/maximum_minimum.cc.o
In file included from /work/s2602/build-pr2-gcc-14/eigen/Eigen/Core:314,
                 from /work/s2602/src/rvspoc-S2602-litert-pr4/tflite/../tflite/kernels/internal/optimized/optimized_ops.h:45,
                 from /work/s2602/src/rvspoc-S2602-litert-pr4/tflite/kernels/l2norm.cc:18:
/work/s2602/build-pr2-gcc-14/eigen/Eigen/src/Core/functors/UnaryFunctors.h: In instantiation of ‘Eigen::internal::scalar_unary_pow_op<Scalar, ExponentScalar, false, false, false, false>::scalar_unary_pow_op(const ExponentScalar&) [with Scalar = float; ExponentScalar = double]’:
/work/s2602/build-pr2-gcc-14/eigen/Eigen/src/Core/../plugins/ArrayCwiseUnaryOps.inc:543:66:   required from ‘Eigen::ArrayBase<Derived>::UnaryPowReturnType<ScalarExponent> Eigen::ArrayBase<Derived>::pow(const ScalarExponent&) const [with ScalarExponent = double; Derived = Eigen::ArrayWrapper<Eigen::Map<Eigen::Matrix<float, -1, -1>, 0, Eigen::Stride<0, 0> > >; UnaryPowReturnType<ScalarExponent> = Eigen::CwiseUnaryOp<Eigen::internal::scalar_unary_pow_op<float, double, false, false, false, false>, const Eigen::ArrayWrapper<Eigen::Map<Eigen::Matrix<float, -1, -1>, 0, Eigen::Stride<0, 0> > > >]’
/work/s2602/src/rvspoc-S2602-litert-pr4/tflite/../tflite/kernels/internal/optimized/optimized_ops.h:3572:62:   required from here
/work/s2602/build-pr2-gcc-14/eigen/Eigen/src/Core/functors/UnaryFunctors.h:1354:27: warning: ‘std::enable_if_t<(! IsExactlyRepresentable), void> Eigen::internal::scalar_unary_pow_op<Scalar, ExponentScalar, false, false, false, false>::check_is_representable() const [with bool IsExactlyRepresentable = false; Scalar = float; ExponentScalar = double; std::enable_if_t<(! IsExactlyRepresentable), void> = void]’ is deprecated [-Wdeprecated-declarations]
 1354 |     check_is_representable();
      |     ~~~~~~~~~~~~~~~~~~~~~~^~
/work/s2602/build-pr2-gcc-14/eigen/Eigen/src/Core/functors/UnaryFunctors.h:1350:68: note: declared here
 1350 |   EIGEN_DEPRECATED std::enable_if_t<!IsExactlyRepresentable, void> check_is_representable() const {}
      |                                                                    ^~~~~~~~~~~~~~~~~~~~~~
In file included from /work/s2602/build-pr2-gcc-14/eigen/Eigen/Core:314,
                 from /work/s2602/src/rvspoc-S2602-litert-pr4/tflite/../tflite/kernels/internal/optimized/optimized_ops.h:45,
                 from /work/s2602/src/rvspoc-S2602-litert-pr4/tflite/kernels/local_response_norm.cc:17:
/work/s2602/build-pr2-gcc-14/eigen/Eigen/src/Core/functors/UnaryFunctors.h: In instantiation of ‘Eigen::internal::scalar_unary_pow_op<Scalar, ExponentScalar, false, false, false, false>::scalar_unary_pow_op(const ExponentScalar&) [with Scalar = float; ExponentScalar = double]’:
/work/s2602/build-pr2-gcc-14/eigen/Eigen/src/Core/../plugins/ArrayCwiseUnaryOps.inc:543:66:   required from ‘Eigen::ArrayBase<Derived>::UnaryPowReturnType<ScalarExponent> Eigen::ArrayBase<Derived>::pow(const ScalarExponent&) const [with ScalarExponent = double; Derived = Eigen::ArrayWrapper<Eigen::Map<Eigen::Matrix<float, -1, -1>, 0, Eigen::Stride<0, 0> > >; UnaryPowReturnType<ScalarExponent> = Eigen::CwiseUnaryOp<Eigen::internal::scalar_unary_pow_op<float, double, false, false, false, false>, const Eigen::ArrayWrapper<Eigen::Map<Eigen::Matrix<float, -1, -1>, 0, Eigen::Stride<0, 0> > > >]’
/work/s2602/src/rvspoc-S2602-litert-pr4/tflite/../tflite/kernels/internal/optimized/optimized_ops.h:3572:62:   required from here
/work/s2602/build-pr2-gcc-14/eigen/Eigen/src/Core/functors/UnaryFunctors.h:1354:27: warning: ‘std::enable_if_t<(! IsExactlyRepresentable), void> Eigen::internal::scalar_unary_pow_op<Scalar, ExponentScalar, false, false, false, false>::check_is_representable() const [with bool IsExactlyRepresentable = false; Scalar = float; ExponentScalar = double; std::enable_if_t<(! IsExactlyRepresentable), void> = void]’ is deprecated [-Wdeprecated-declarations]
 1354 |     check_is_representable();
      |     ~~~~~~~~~~~~~~~~~~~~~~^~
/work/s2602/build-pr2-gcc-14/eigen/Eigen/src/Core/functors/UnaryFunctors.h:1350:68: note: declared here
 1350 |   EIGEN_DEPRECATED std::enable_if_t<!IsExactlyRepresentable, void> check_is_representable() const {}
      |                                                                    ^~~~~~~~~~~~~~~~~~~~~~
[ 77%] Building CXX object CMakeFiles/tensorflow-lite.dir/kernels/mfcc.cc.o
[ 77%] Building CXX object CMakeFiles/tensorflow-lite.dir/kernels/mirror_pad.cc.o
In file included from /work/s2602/build-pr2-gcc-14/eigen/Eigen/Core:314,
                 from /work/s2602/src/rvspoc-S2602-litert-pr4/tflite/../tflite/kernels/internal/optimized/optimized_ops.h:45,
                 from /work/s2602/src/rvspoc-S2602-litert-pr4/tflite/kernels/lstm.cc:28:
/work/s2602/build-pr2-gcc-14/eigen/Eigen/src/Core/functors/UnaryFunctors.h: In instantiation of ‘Eigen::internal::scalar_unary_pow_op<Scalar, ExponentScalar, false, false, false, false>::scalar_unary_pow_op(const ExponentScalar&) [with Scalar = float; ExponentScalar = double]’:
/work/s2602/build-pr2-gcc-14/eigen/Eigen/src/Core/../plugins/ArrayCwiseUnaryOps.inc:543:66:   required from ‘Eigen::ArrayBase<Derived>::UnaryPowReturnType<ScalarExponent> Eigen::ArrayBase<Derived>::pow(const ScalarExponent&) const [with ScalarExponent = double; Derived = Eigen::ArrayWrapper<Eigen::Map<Eigen::Matrix<float, -1, -1>, 0, Eigen::Stride<0, 0> > >; UnaryPowReturnType<ScalarExponent> = Eigen::CwiseUnaryOp<Eigen::internal::scalar_unary_pow_op<float, double, false, false, false, false>, const Eigen::ArrayWrapper<Eigen::Map<Eigen::Matrix<float, -1, -1>, 0, Eigen::Stride<0, 0> > > >]’
/work/s2602/src/rvspoc-S2602-litert-pr4/tflite/../tflite/kernels/internal/optimized/optimized_ops.h:3572:62:   required from here
/work/s2602/build-pr2-gcc-14/eigen/Eigen/src/Core/functors/UnaryFunctors.h:1354:27: warning: ‘std::enable_if_t<(! IsExactlyRepresentable), void> Eigen::internal::scalar_unary_pow_op<Scalar, ExponentScalar, false, false, false, false>::check_is_representable() const [with bool IsExactlyRepresentable = false; Scalar = float; ExponentScalar = double; std::enable_if_t<(! IsExactlyRepresentable), void> = void]’ is deprecated [-Wdeprecated-declarations]
 1354 |     check_is_representable();
      |     ~~~~~~~~~~~~~~~~~~~~~~^~
/work/s2602/build-pr2-gcc-14/eigen/Eigen/src/Core/functors/UnaryFunctors.h:1350:68: note: declared here
 1350 |   EIGEN_DEPRECATED std::enable_if_t<!IsExactlyRepresentable, void> check_is_representable() const {}
      |                                                                    ^~~~~~~~~~~~~~~~~~~~~~
In file included from /work/s2602/build-pr2-gcc-14/eigen/Eigen/Core:314,
                 from /work/s2602/src/rvspoc-S2602-litert-pr4/tflite/../tflite/kernels/internal/optimized/optimized_ops.h:45,
                 from /work/s2602/src/rvspoc-S2602-litert-pr4/tflite/kernels/lstm_eval.cc:34:
/work/s2602/build-pr2-gcc-14/eigen/Eigen/src/Core/functors/UnaryFunctors.h: In instantiation of ‘Eigen::internal::scalar_unary_pow_op<Scalar, ExponentScalar, false, false, false, false>::scalar_unary_pow_op(const ExponentScalar&) [with Scalar = float; ExponentScalar = double]’:
/work/s2602/build-pr2-gcc-14/eigen/Eigen/src/Core/../plugins/ArrayCwiseUnaryOps.inc:543:66:   required from ‘Eigen::ArrayBase<Derived>::UnaryPowReturnType<ScalarExponent> Eigen::ArrayBase<Derived>::pow(const ScalarExponent&) const [with ScalarExponent = double; Derived = Eigen::ArrayWrapper<Eigen::Map<Eigen::Matrix<float, -1, -1>, 0, Eigen::Stride<0, 0> > >; UnaryPowReturnType<ScalarExponent> = Eigen::CwiseUnaryOp<Eigen::internal::scalar_unary_pow_op<float, double, false, false, false, false>, const Eigen::ArrayWrapper<Eigen::Map<Eigen::Matrix<float, -1, -1>, 0, Eigen::Stride<0, 0> > > >]’
/work/s2602/src/rvspoc-S2602-litert-pr4/tflite/../tflite/kernels/internal/optimized/optimized_ops.h:3572:62:   required from here
/work/s2602/build-pr2-gcc-14/eigen/Eigen/src/Core/functors/UnaryFunctors.h:1354:27: warning: ‘std::enable_if_t<(! IsExactlyRepresentable), void> Eigen::internal::scalar_unary_pow_op<Scalar, ExponentScalar, false, false, false, false>::check_is_representable() const [with bool IsExactlyRepresentable = false; Scalar = float; ExponentScalar = double; std::enable_if_t<(! IsExactlyRepresentable), void> = void]’ is deprecated [-Wdeprecated-declarations]
 1354 |     check_is_representable();
      |     ~~~~~~~~~~~~~~~~~~~~~~^~
/work/s2602/build-pr2-gcc-14/eigen/Eigen/src/Core/functors/UnaryFunctors.h:1350:68: note: declared here
 1350 |   EIGEN_DEPRECATED std::enable_if_t<!IsExactlyRepresentable, void> check_is_representable() const {}
      |                                                                    ^~~~~~~~~~~~~~~~~~~~~~
In file included from /work/s2602/build-pr2-gcc-14/eigen/Eigen/Core:314,
                 from /work/s2602/src/rvspoc-S2602-litert-pr4/tflite/../tflite/kernels/internal/optimized/optimized_ops.h:45,
                 from /work/s2602/src/rvspoc-S2602-litert-pr4/tflite/kernels/matrix_diag.cc:18:
/work/s2602/build-pr2-gcc-14/eigen/Eigen/src/Core/functors/UnaryFunctors.h: In instantiation of ‘Eigen::internal::scalar_unary_pow_op<Scalar, ExponentScalar, false, false, false, false>::scalar_unary_pow_op(const ExponentScalar&) [with Scalar = float; ExponentScalar = double]’:
/work/s2602/build-pr2-gcc-14/eigen/Eigen/src/Core/../plugins/ArrayCwiseUnaryOps.inc:543:66:   required from ‘Eigen::ArrayBase<Derived>::UnaryPowReturnType<ScalarExponent> Eigen::ArrayBase<Derived>::pow(const ScalarExponent&) const [with ScalarExponent = double; Derived = Eigen::ArrayWrapper<Eigen::Map<Eigen::Matrix<float, -1, -1>, 0, Eigen::Stride<0, 0> > >; UnaryPowReturnType<ScalarExponent> = Eigen::CwiseUnaryOp<Eigen::internal::scalar_unary_pow_op<float, double, false, false, false, false>, const Eigen::ArrayWrapper<Eigen::Map<Eigen::Matrix<float, -1, -1>, 0, Eigen::Stride<0, 0> > > >]’
/work/s2602/src/rvspoc-S2602-litert-pr4/tflite/../tflite/kernels/internal/optimized/optimized_ops.h:3572:62:   required from here
/work/s2602/build-pr2-gcc-14/eigen/Eigen/src/Core/functors/UnaryFunctors.h:1354:27: warning: ‘std::enable_if_t<(! IsExactlyRepresentable), void> Eigen::internal::scalar_unary_pow_op<Scalar, ExponentScalar, false, false, false, false>::check_is_representable() const [with bool IsExactlyRepresentable = false; Scalar = float; ExponentScalar = double; std::enable_if_t<(! IsExactlyRepresentable), void> = void]’ is deprecated [-Wdeprecated-declarations]
 1354 |     check_is_representable();
      |     ~~~~~~~~~~~~~~~~~~~~~~^~
/work/s2602/build-pr2-gcc-14/eigen/Eigen/src/Core/functors/UnaryFunctors.h:1350:68: note: declared here
 1350 |   EIGEN_DEPRECATED std::enable_if_t<!IsExactlyRepresentable, void> check_is_representable() const {}
      |                                                                    ^~~~~~~~~~~~~~~~~~~~~~
In file included from /work/s2602/build-pr2-gcc-14/eigen/Eigen/Core:314,
                 from /work/s2602/src/rvspoc-S2602-litert-pr4/tflite/kernels/maximum_minimum.cc:19:
/work/s2602/build-pr2-gcc-14/eigen/Eigen/src/Core/functors/UnaryFunctors.h: In instantiation of ‘Eigen::internal::scalar_unary_pow_op<Scalar, ExponentScalar, false, false, false, false>::scalar_unary_pow_op(const ExponentScalar&) [with Scalar = float; ExponentScalar = double]’:
/work/s2602/build-pr2-gcc-14/eigen/Eigen/src/Core/../plugins/ArrayCwiseUnaryOps.inc:543:66:   required from ‘Eigen::ArrayBase<Derived>::UnaryPowReturnType<ScalarExponent> Eigen::ArrayBase<Derived>::pow(const ScalarExponent&) const [with ScalarExponent = double; Derived = Eigen::ArrayWrapper<Eigen::Map<Eigen::Matrix<float, -1, -1>, 0, Eigen::Stride<0, 0> > >; UnaryPowReturnType<ScalarExponent> = Eigen::CwiseUnaryOp<Eigen::internal::scalar_unary_pow_op<float, double, false, false, false, false>, const Eigen::ArrayWrapper<Eigen::Map<Eigen::Matrix<float, -1, -1>, 0, Eigen::Stride<0, 0> > > >]’
/work/s2602/src/rvspoc-S2602-litert-pr4/tflite/../tflite/kernels/internal/optimized/optimized_ops.h:3572:62:   required from here
/work/s2602/build-pr2-gcc-14/eigen/Eigen/src/Core/functors/UnaryFunctors.h:1354:27: warning: ‘std::enable_if_t<(! IsExactlyRepresentable), void> Eigen::internal::scalar_unary_pow_op<Scalar, ExponentScalar, false, false, false, false>::check_is_representable() const [with bool IsExactlyRepresentable = false; Scalar = float; ExponentScalar = double; std::enable_if_t<(! IsExactlyRepresentable), void> = void]’ is deprecated [-Wdeprecated-declarations]
 1354 |     check_is_representable();
      |     ~~~~~~~~~~~~~~~~~~~~~~^~
/work/s2602/build-pr2-gcc-14/eigen/Eigen/src/Core/functors/UnaryFunctors.h:1350:68: note: declared here
 1350 |   EIGEN_DEPRECATED std::enable_if_t<!IsExactlyRepresentable, void> check_is_representable() const {}
      |                                                                    ^~~~~~~~~~~~~~~~~~~~~~
In file included from /work/s2602/build-pr2-gcc-14/eigen/Eigen/Core:314,
                 from /work/s2602/src/rvspoc-S2602-litert-pr4/tflite/../tflite/kernels/internal/optimized/optimized_ops.h:45,
                 from /work/s2602/src/rvspoc-S2602-litert-pr4/tflite/kernels/matrix_set_diag.cc:18:
/work/s2602/build-pr2-gcc-14/eigen/Eigen/src/Core/functors/UnaryFunctors.h: In instantiation of ‘Eigen::internal::scalar_unary_pow_op<Scalar, ExponentScalar, false, false, false, false>::scalar_unary_pow_op(const ExponentScalar&) [with Scalar = float; ExponentScalar = double]’:
/work/s2602/build-pr2-gcc-14/eigen/Eigen/src/Core/../plugins/ArrayCwiseUnaryOps.inc:543:66:   required from ‘Eigen::ArrayBase<Derived>::UnaryPowReturnType<ScalarExponent> Eigen::ArrayBase<Derived>::pow(const ScalarExponent&) const [with ScalarExponent = double; Derived = Eigen::ArrayWrapper<Eigen::Map<Eigen::Matrix<float, -1, -1>, 0, Eigen::Stride<0, 0> > >; UnaryPowReturnType<ScalarExponent> = Eigen::CwiseUnaryOp<Eigen::internal::scalar_unary_pow_op<float, double, false, false, false, false>, const Eigen::ArrayWrapper<Eigen::Map<Eigen::Matrix<float, -1, -1>, 0, Eigen::Stride<0, 0> > > >]’
/work/s2602/src/rvspoc-S2602-litert-pr4/tflite/../tflite/kernels/internal/optimized/optimized_ops.h:3572:62:   required from here
/work/s2602/build-pr2-gcc-14/eigen/Eigen/src/Core/functors/UnaryFunctors.h:1354:27: warning: ‘std::enable_if_t<(! IsExactlyRepresentable), void> Eigen::internal::scalar_unary_pow_op<Scalar, ExponentScalar, false, false, false, false>::check_is_representable() const [with bool IsExactlyRepresentable = false; Scalar = float; ExponentScalar = double; std::enable_if_t<(! IsExactlyRepresentable), void> = void]’ is deprecated [-Wdeprecated-declarations]
 1354 |     check_is_representable();
      |     ~~~~~~~~~~~~~~~~~~~~~~^~
/work/s2602/build-pr2-gcc-14/eigen/Eigen/src/Core/functors/UnaryFunctors.h:1350:68: note: declared here
 1350 |   EIGEN_DEPRECATED std::enable_if_t<!IsExactlyRepresentable, void> check_is_representable() const {}
      |                                                                    ^~~~~~~~~~~~~~~~~~~~~~
[ 78%] Building CXX object CMakeFiles/tensorflow-lite.dir/kernels/mul.cc.o
[ 78%] Building CXX object CMakeFiles/tensorflow-lite.dir/kernels/multinomial.cc.o
In file included from /work/s2602/build-pr2-gcc-14/eigen/Eigen/Core:314,
                 from /work/s2602/src/rvspoc-S2602-litert-pr4/tflite/../tflite/kernels/internal/optimized/optimized_ops.h:45,
                 from /work/s2602/src/rvspoc-S2602-litert-pr4/tflite/kernels/mfcc.cc:27:
/work/s2602/build-pr2-gcc-14/eigen/Eigen/src/Core/functors/UnaryFunctors.h: In instantiation of ‘Eigen::internal::scalar_unary_pow_op<Scalar, ExponentScalar, false, false, false, false>::scalar_unary_pow_op(const ExponentScalar&) [with Scalar = float; ExponentScalar = double]’:
/work/s2602/build-pr2-gcc-14/eigen/Eigen/src/Core/../plugins/ArrayCwiseUnaryOps.inc:543:66:   required from ‘Eigen::ArrayBase<Derived>::UnaryPowReturnType<ScalarExponent> Eigen::ArrayBase<Derived>::pow(const ScalarExponent&) const [with ScalarExponent = double; Derived = Eigen::ArrayWrapper<Eigen::Map<Eigen::Matrix<float, -1, -1>, 0, Eigen::Stride<0, 0> > >; UnaryPowReturnType<ScalarExponent> = Eigen::CwiseUnaryOp<Eigen::internal::scalar_unary_pow_op<float, double, false, false, false, false>, const Eigen::ArrayWrapper<Eigen::Map<Eigen::Matrix<float, -1, -1>, 0, Eigen::Stride<0, 0> > > >]’
/work/s2602/src/rvspoc-S2602-litert-pr4/tflite/../tflite/kernels/internal/optimized/optimized_ops.h:3572:62:   required from here
/work/s2602/build-pr2-gcc-14/eigen/Eigen/src/Core/functors/UnaryFunctors.h:1354:27: warning: ‘std::enable_if_t<(! IsExactlyRepresentable), void> Eigen::internal::scalar_unary_pow_op<Scalar, ExponentScalar, false, false, false, false>::check_is_representable() const [with bool IsExactlyRepresentable = false; Scalar = float; ExponentScalar = double; std::enable_if_t<(! IsExactlyRepresentable), void> = void]’ is deprecated [-Wdeprecated-declarations]
 1354 |     check_is_representable();
      |     ~~~~~~~~~~~~~~~~~~~~~~^~
/work/s2602/build-pr2-gcc-14/eigen/Eigen/src/Core/functors/UnaryFunctors.h:1350:68: note: declared here
 1350 |   EIGEN_DEPRECATED std::enable_if_t<!IsExactlyRepresentable, void> check_is_representable() const {}
      |                                                                    ^~~~~~~~~~~~~~~~~~~~~~
[ 78%] Building CXX object CMakeFiles/tensorflow-lite.dir/kernels/neg.cc.o
[ 78%] Building CXX object CMakeFiles/tensorflow-lite.dir/kernels/non_max_suppression.cc.o
In file included from /work/s2602/build-pr2-gcc-14/eigen/Eigen/Core:314,
                 from /work/s2602/src/rvspoc-S2602-litert-pr4/tflite/../tflite/kernels/internal/optimized/optimized_ops.h:45,
                 from /work/s2602/src/rvspoc-S2602-litert-pr4/tflite/kernels/mirror_pad.cc:28:
/work/s2602/build-pr2-gcc-14/eigen/Eigen/src/Core/functors/UnaryFunctors.h: In instantiation of ‘Eigen::internal::scalar_unary_pow_op<Scalar, ExponentScalar, false, false, false, false>::scalar_unary_pow_op(const ExponentScalar&) [with Scalar = float; ExponentScalar = double]’:
/work/s2602/build-pr2-gcc-14/eigen/Eigen/src/Core/../plugins/ArrayCwiseUnaryOps.inc:543:66:   required from ‘Eigen::ArrayBase<Derived>::UnaryPowReturnType<ScalarExponent> Eigen::ArrayBase<Derived>::pow(const ScalarExponent&) const [with ScalarExponent = double; Derived = Eigen::ArrayWrapper<Eigen::Map<Eigen::Matrix<float, -1, -1>, 0, Eigen::Stride<0, 0> > >; UnaryPowReturnType<ScalarExponent> = Eigen::CwiseUnaryOp<Eigen::internal::scalar_unary_pow_op<float, double, false, false, false, false>, const Eigen::ArrayWrapper<Eigen::Map<Eigen::Matrix<float, -1, -1>, 0, Eigen::Stride<0, 0> > > >]’
/work/s2602/src/rvspoc-S2602-litert-pr4/tflite/../tflite/kernels/internal/optimized/optimized_ops.h:3572:62:   required from here
/work/s2602/build-pr2-gcc-14/eigen/Eigen/src/Core/functors/UnaryFunctors.h:1354:27: warning: ‘std::enable_if_t<(! IsExactlyRepresentable), void> Eigen::internal::scalar_unary_pow_op<Scalar, ExponentScalar, false, false, false, false>::check_is_representable() const [with bool IsExactlyRepresentable = false; Scalar = float; ExponentScalar = double; std::enable_if_t<(! IsExactlyRepresentable), void> = void]’ is deprecated [-Wdeprecated-declarations]
 1354 |     check_is_representable();
      |     ~~~~~~~~~~~~~~~~~~~~~~^~
/work/s2602/build-pr2-gcc-14/eigen/Eigen/src/Core/functors/UnaryFunctors.h:1350:68: note: declared here
 1350 |   EIGEN_DEPRECATED std::enable_if_t<!IsExactlyRepresentable, void> check_is_representable() const {}
      |                                                                    ^~~~~~~~~~~~~~~~~~~~~~
[ 78%] Building CXX object CMakeFiles/tensorflow-lite.dir/kernels/numeric_verify.cc.o
[ 78%] Building CXX object CMakeFiles/tensorflow-lite.dir/kernels/one_hot.cc.o
[ 78%] Building CXX object CMakeFiles/tensorflow-lite.dir/kernels/pack.cc.o
[ 78%] Building CXX object CMakeFiles/tensorflow-lite.dir/kernels/pad.cc.o
In file included from /work/s2602/build-pr2-gcc-14/eigen/Eigen/Core:314,
                 from /work/s2602/src/rvspoc-S2602-litert-pr4/tflite/../tflite/kernels/internal/optimized/optimized_ops.h:45,
                 from /work/s2602/src/rvspoc-S2602-litert-pr4/tflite/../tflite/kernels/internal/optimized/integer_ops/mul.h:26,
                 from /work/s2602/src/rvspoc-S2602-litert-pr4/tflite/kernels/mul.cc:15:
/work/s2602/build-pr2-gcc-14/eigen/Eigen/src/Core/functors/UnaryFunctors.h: In instantiation of ‘Eigen::internal::scalar_unary_pow_op<Scalar, ExponentScalar, false, false, false, false>::scalar_unary_pow_op(const ExponentScalar&) [with Scalar = float; ExponentScalar = double]’:
/work/s2602/build-pr2-gcc-14/eigen/Eigen/src/Core/../plugins/ArrayCwiseUnaryOps.inc:543:66:   required from ‘Eigen::ArrayBase<Derived>::UnaryPowReturnType<ScalarExponent> Eigen::ArrayBase<Derived>::pow(const ScalarExponent&) const [with ScalarExponent = double; Derived = Eigen::ArrayWrapper<Eigen::Map<Eigen::Matrix<float, -1, -1>, 0, Eigen::Stride<0, 0> > >; UnaryPowReturnType<ScalarExponent> = Eigen::CwiseUnaryOp<Eigen::internal::scalar_unary_pow_op<float, double, false, false, false, false>, const Eigen::ArrayWrapper<Eigen::Map<Eigen::Matrix<float, -1, -1>, 0, Eigen::Stride<0, 0> > > >]’
/work/s2602/src/rvspoc-S2602-litert-pr4/tflite/../tflite/kernels/internal/optimized/optimized_ops.h:3572:62:   required from here
/work/s2602/build-pr2-gcc-14/eigen/Eigen/src/Core/functors/UnaryFunctors.h:1354:27: warning: ‘std::enable_if_t<(! IsExactlyRepresentable), void> Eigen::internal::scalar_unary_pow_op<Scalar, ExponentScalar, false, false, false, false>::check_is_representable() const [with bool IsExactlyRepresentable = false; Scalar = float; ExponentScalar = double; std::enable_if_t<(! IsExactlyRepresentable), void> = void]’ is deprecated [-Wdeprecated-declarations]
 1354 |     check_is_representable();
      |     ~~~~~~~~~~~~~~~~~~~~~~^~
/work/s2602/build-pr2-gcc-14/eigen/Eigen/src/Core/functors/UnaryFunctors.h:1350:68: note: declared here
 1350 |   EIGEN_DEPRECATED std::enable_if_t<!IsExactlyRepresentable, void> check_is_representable() const {}
      |                                                                    ^~~~~~~~~~~~~~~~~~~~~~
[ 78%] Building CXX object CMakeFiles/tensorflow-lite.dir/kernels/pooling.cc.o
In file included from /work/s2602/build-pr2-gcc-14/eigen/Eigen/Core:314,
                 from /work/s2602/src/rvspoc-S2602-litert-pr4/tflite/../tflite/kernels/internal/optimized/optimized_ops.h:45,
                 from /work/s2602/src/rvspoc-S2602-litert-pr4/tflite/kernels/neg.cc:21:
/work/s2602/build-pr2-gcc-14/eigen/Eigen/src/Core/functors/UnaryFunctors.h: In instantiation of ‘Eigen::internal::scalar_unary_pow_op<Scalar, ExponentScalar, false, false, false, false>::scalar_unary_pow_op(const ExponentScalar&) [with Scalar = float; ExponentScalar = double]’:
/work/s2602/build-pr2-gcc-14/eigen/Eigen/src/Core/../plugins/ArrayCwiseUnaryOps.inc:543:66:   required from ‘Eigen::ArrayBase<Derived>::UnaryPowReturnType<ScalarExponent> Eigen::ArrayBase<Derived>::pow(const ScalarExponent&) const [with ScalarExponent = double; Derived = Eigen::ArrayWrapper<Eigen::Map<Eigen::Matrix<float, -1, -1>, 0, Eigen::Stride<0, 0> > >; UnaryPowReturnType<ScalarExponent> = Eigen::CwiseUnaryOp<Eigen::internal::scalar_unary_pow_op<float, double, false, false, false, false>, const Eigen::ArrayWrapper<Eigen::Map<Eigen::Matrix<float, -1, -1>, 0, Eigen::Stride<0, 0> > > >]’
/work/s2602/src/rvspoc-S2602-litert-pr4/tflite/../tflite/kernels/internal/optimized/optimized_ops.h:3572:62:   required from here
/work/s2602/build-pr2-gcc-14/eigen/Eigen/src/Core/functors/UnaryFunctors.h:1354:27: warning: ‘std::enable_if_t<(! IsExactlyRepresentable), void> Eigen::internal::scalar_unary_pow_op<Scalar, ExponentScalar, false, false, false, false>::check_is_representable() const [with bool IsExactlyRepresentable = false; Scalar = float; ExponentScalar = double; std::enable_if_t<(! IsExactlyRepresentable), void> = void]’ is deprecated [-Wdeprecated-declarations]
 1354 |     check_is_representable();
      |     ~~~~~~~~~~~~~~~~~~~~~~^~
/work/s2602/build-pr2-gcc-14/eigen/Eigen/src/Core/functors/UnaryFunctors.h:1350:68: note: declared here
 1350 |   EIGEN_DEPRECATED std::enable_if_t<!IsExactlyRepresentable, void> check_is_representable() const {}
      |                                                                    ^~~~~~~~~~~~~~~~~~~~~~
[ 80%] Building CXX object CMakeFiles/tensorflow-lite.dir/kernels/pooling3d.cc.o
[ 80%] Building CXX object CMakeFiles/tensorflow-lite.dir/kernels/pow.cc.o
[ 80%] Building CXX object CMakeFiles/tensorflow-lite.dir/kernels/quantize.cc.o
In file included from /work/s2602/build-pr2-gcc-14/eigen/Eigen/Core:314,
                 from /work/s2602/src/rvspoc-S2602-litert-pr4/tflite/../tflite/kernels/dequantize.h:22,
                 from /work/s2602/src/rvspoc-S2602-litert-pr4/tflite/kernels/numeric_verify.cc:26:
/work/s2602/build-pr2-gcc-14/eigen/Eigen/src/Core/functors/UnaryFunctors.h: In instantiation of ‘Eigen::internal::scalar_unary_pow_op<Scalar, ExponentScalar, false, false, false, false>::scalar_unary_pow_op(const ExponentScalar&) [with Scalar = float; ExponentScalar = double]’:
/work/s2602/build-pr2-gcc-14/eigen/Eigen/src/Core/../plugins/ArrayCwiseUnaryOps.inc:543:66:   required from ‘Eigen::ArrayBase<Derived>::UnaryPowReturnType<ScalarExponent> Eigen::ArrayBase<Derived>::pow(const ScalarExponent&) const [with ScalarExponent = double; Derived = Eigen::ArrayWrapper<Eigen::Map<Eigen::Matrix<float, -1, -1>, 0, Eigen::Stride<0, 0> > >; UnaryPowReturnType<ScalarExponent> = Eigen::CwiseUnaryOp<Eigen::internal::scalar_unary_pow_op<float, double, false, false, false, false>, const Eigen::ArrayWrapper<Eigen::Map<Eigen::Matrix<float, -1, -1>, 0, Eigen::Stride<0, 0> > > >]’
/work/s2602/src/rvspoc-S2602-litert-pr4/tflite/../tflite/kernels/internal/optimized/optimized_ops.h:3572:62:   required from here
/work/s2602/build-pr2-gcc-14/eigen/Eigen/src/Core/functors/UnaryFunctors.h:1354:27: warning: ‘std::enable_if_t<(! IsExactlyRepresentable), void> Eigen::internal::scalar_unary_pow_op<Scalar, ExponentScalar, false, false, false, false>::check_is_representable() const [with bool IsExactlyRepresentable = false; Scalar = float; ExponentScalar = double; std::enable_if_t<(! IsExactlyRepresentable), void> = void]’ is deprecated [-Wdeprecated-declarations]
 1354 |     check_is_representable();
      |     ~~~~~~~~~~~~~~~~~~~~~~^~
/work/s2602/build-pr2-gcc-14/eigen/Eigen/src/Core/functors/UnaryFunctors.h:1350:68: note: declared here
 1350 |   EIGEN_DEPRECATED std::enable_if_t<!IsExactlyRepresentable, void> check_is_representable() const {}
      |                                                                    ^~~~~~~~~~~~~~~~~~~~~~
[ 80%] Building CXX object CMakeFiles/tensorflow-lite.dir/kernels/random_ops.cc.o
In file included from /work/s2602/build-pr2-gcc-14/eigen/Eigen/Core:314,
                 from /work/s2602/src/rvspoc-S2602-litert-pr4/tflite/../tflite/kernels/internal/optimized/optimized_ops.h:45,
                 from /work/s2602/src/rvspoc-S2602-litert-pr4/tflite/kernels/pad.cc:24:
/work/s2602/build-pr2-gcc-14/eigen/Eigen/src/Core/functors/UnaryFunctors.h: In instantiation of ‘Eigen::internal::scalar_unary_pow_op<Scalar, ExponentScalar, false, false, false, false>::scalar_unary_pow_op(const ExponentScalar&) [with Scalar = float; ExponentScalar = double]’:
/work/s2602/build-pr2-gcc-14/eigen/Eigen/src/Core/../plugins/ArrayCwiseUnaryOps.inc:543:66:   required from ‘Eigen::ArrayBase<Derived>::UnaryPowReturnType<ScalarExponent> Eigen::ArrayBase<Derived>::pow(const ScalarExponent&) const [with ScalarExponent = double; Derived = Eigen::ArrayWrapper<Eigen::Map<Eigen::Matrix<float, -1, -1>, 0, Eigen::Stride<0, 0> > >; UnaryPowReturnType<ScalarExponent> = Eigen::CwiseUnaryOp<Eigen::internal::scalar_unary_pow_op<float, double, false, false, false, false>, const Eigen::ArrayWrapper<Eigen::Map<Eigen::Matrix<float, -1, -1>, 0, Eigen::Stride<0, 0> > > >]’
/work/s2602/src/rvspoc-S2602-litert-pr4/tflite/../tflite/kernels/internal/optimized/optimized_ops.h:3572:62:   required from here
/work/s2602/build-pr2-gcc-14/eigen/Eigen/src/Core/functors/UnaryFunctors.h:1354:27: warning: ‘std::enable_if_t<(! IsExactlyRepresentable), void> Eigen::internal::scalar_unary_pow_op<Scalar, ExponentScalar, false, false, false, false>::check_is_representable() const [with bool IsExactlyRepresentable = false; Scalar = float; ExponentScalar = double; std::enable_if_t<(! IsExactlyRepresentable), void> = void]’ is deprecated [-Wdeprecated-declarations]
 1354 |     check_is_representable();
      |     ~~~~~~~~~~~~~~~~~~~~~~^~
/work/s2602/build-pr2-gcc-14/eigen/Eigen/src/Core/functors/UnaryFunctors.h:1350:68: note: declared here
 1350 |   EIGEN_DEPRECATED std::enable_if_t<!IsExactlyRepresentable, void> check_is_representable() const {}
      |                                                                    ^~~~~~~~~~~~~~~~~~~~~~
[ 80%] Building CXX object CMakeFiles/tensorflow-lite.dir/kernels/random_standard_normal_custom.cc.o
[ 80%] Building CXX object CMakeFiles/tensorflow-lite.dir/kernels/random_uniform_custom.cc.o
[ 80%] Building CXX object CMakeFiles/tensorflow-lite.dir/kernels/range.cc.o
[ 80%] Building CXX object CMakeFiles/tensorflow-lite.dir/kernels/rank.cc.o
[ 80%] Building CXX object CMakeFiles/tensorflow-lite.dir/kernels/read_variable.cc.o
[ 82%] Building CXX object CMakeFiles/tensorflow-lite.dir/kernels/reduce.cc.o
In file included from /work/s2602/build-pr2-gcc-14/eigen/Eigen/Core:314,
                 from /work/s2602/src/rvspoc-S2602-litert-pr4/tflite/../tflite/kernels/internal/reference/reference_ops.h:29,
                 from /work/s2602/src/rvspoc-S2602-litert-pr4/tflite/../tflite/kernels/internal/optimized/integer_ops/pooling.h:30,
                 from /work/s2602/src/rvspoc-S2602-litert-pr4/tflite/kernels/pooling.cc:15:
/work/s2602/build-pr2-gcc-14/eigen/Eigen/src/Core/functors/UnaryFunctors.h: In instantiation of ‘Eigen::internal::scalar_unary_pow_op<Scalar, ExponentScalar, false, false, false, false>::scalar_unary_pow_op(const ExponentScalar&) [with Scalar = float; ExponentScalar = double]’:
/work/s2602/build-pr2-gcc-14/eigen/Eigen/src/Core/../plugins/ArrayCwiseUnaryOps.inc:543:66:   required from ‘Eigen::ArrayBase<Derived>::UnaryPowReturnType<ScalarExponent> Eigen::ArrayBase<Derived>::pow(const ScalarExponent&) const [with ScalarExponent = double; Derived = Eigen::ArrayWrapper<Eigen::Map<Eigen::Matrix<float, -1, -1>, 0, Eigen::Stride<0, 0> > >; UnaryPowReturnType<ScalarExponent> = Eigen::CwiseUnaryOp<Eigen::internal::scalar_unary_pow_op<float, double, false, false, false, false>, const Eigen::ArrayWrapper<Eigen::Map<Eigen::Matrix<float, -1, -1>, 0, Eigen::Stride<0, 0> > > >]’
/work/s2602/src/rvspoc-S2602-litert-pr4/tflite/../tflite/kernels/internal/optimized/optimized_ops.h:3572:62:   required from here
/work/s2602/build-pr2-gcc-14/eigen/Eigen/src/Core/functors/UnaryFunctors.h:1354:27: warning: ‘std::enable_if_t<(! IsExactlyRepresentable), void> Eigen::internal::scalar_unary_pow_op<Scalar, ExponentScalar, false, false, false, false>::check_is_representable() const [with bool IsExactlyRepresentable = false; Scalar = float; ExponentScalar = double; std::enable_if_t<(! IsExactlyRepresentable), void> = void]’ is deprecated [-Wdeprecated-declarations]
 1354 |     check_is_representable();
      |     ~~~~~~~~~~~~~~~~~~~~~~^~
/work/s2602/build-pr2-gcc-14/eigen/Eigen/src/Core/functors/UnaryFunctors.h:1350:68: note: declared here
 1350 |   EIGEN_DEPRECATED std::enable_if_t<!IsExactlyRepresentable, void> check_is_representable() const {}
      |                                                                    ^~~~~~~~~~~~~~~~~~~~~~
[ 82%] Building CXX object CMakeFiles/tensorflow-lite.dir/kernels/register_ref.cc.o
[ 82%] Building CXX object CMakeFiles/tensorflow-lite.dir/kernels/reshape.cc.o
In file included from /work/s2602/build-pr2-gcc-14/eigen/Eigen/Core:314,
                 from /work/s2602/src/rvspoc-S2602-litert-pr4/tflite/../tflite/kernels/internal/optimized/optimized_ops.h:45,
                 from /work/s2602/src/rvspoc-S2602-litert-pr4/tflite/kernels/quantize.cc:22:
/work/s2602/build-pr2-gcc-14/eigen/Eigen/src/Core/functors/UnaryFunctors.h: In instantiation of ‘Eigen::internal::scalar_unary_pow_op<Scalar, ExponentScalar, false, false, false, false>::scalar_unary_pow_op(const ExponentScalar&) [with Scalar = float; ExponentScalar = double]’:
/work/s2602/build-pr2-gcc-14/eigen/Eigen/src/Core/../plugins/ArrayCwiseUnaryOps.inc:543:66:   required from ‘Eigen::ArrayBase<Derived>::UnaryPowReturnType<ScalarExponent> Eigen::ArrayBase<Derived>::pow(const ScalarExponent&) const [with ScalarExponent = double; Derived = Eigen::ArrayWrapper<Eigen::Map<Eigen::Matrix<float, -1, -1>, 0, Eigen::Stride<0, 0> > >; UnaryPowReturnType<ScalarExponent> = Eigen::CwiseUnaryOp<Eigen::internal::scalar_unary_pow_op<float, double, false, false, false, false>, const Eigen::ArrayWrapper<Eigen::Map<Eigen::Matrix<float, -1, -1>, 0, Eigen::Stride<0, 0> > > >]’
/work/s2602/src/rvspoc-S2602-litert-pr4/tflite/../tflite/kernels/internal/optimized/optimized_ops.h:3572:62:   required from here
/work/s2602/build-pr2-gcc-14/eigen/Eigen/src/Core/functors/UnaryFunctors.h:1354:27: warning: ‘std::enable_if_t<(! IsExactlyRepresentable), void> Eigen::internal::scalar_unary_pow_op<Scalar, ExponentScalar, false, false, false, false>::check_is_representable() const [with bool IsExactlyRepresentable = false; Scalar = float; ExponentScalar = double; std::enable_if_t<(! IsExactlyRepresentable), void> = void]’ is deprecated [-Wdeprecated-declarations]
 1354 |     check_is_representable();
      |     ~~~~~~~~~~~~~~~~~~~~~~^~
/work/s2602/build-pr2-gcc-14/eigen/Eigen/src/Core/functors/UnaryFunctors.h:1350:68: note: declared here
 1350 |   EIGEN_DEPRECATED std::enable_if_t<!IsExactlyRepresentable, void> check_is_representable() const {}
      |                                                                    ^~~~~~~~~~~~~~~~~~~~~~
In file included from /work/s2602/build-pr2-gcc-14/eigen/Eigen/Core:314,
                 from /work/s2602/src/rvspoc-S2602-litert-pr4/tflite/../tflite/kernels/internal/optimized/optimized_ops.h:45,
                 from /work/s2602/src/rvspoc-S2602-litert-pr4/tflite/kernels/pow.cc:19:
/work/s2602/build-pr2-gcc-14/eigen/Eigen/src/Core/functors/UnaryFunctors.h: In instantiation of ‘Eigen::internal::scalar_unary_pow_op<Scalar, ExponentScalar, false, false, false, false>::scalar_unary_pow_op(const ExponentScalar&) [with Scalar = float; ExponentScalar = double]’:
/work/s2602/build-pr2-gcc-14/eigen/Eigen/src/Core/../plugins/ArrayCwiseUnaryOps.inc:543:66:   required from ‘Eigen::ArrayBase<Derived>::UnaryPowReturnType<ScalarExponent> Eigen::ArrayBase<Derived>::pow(const ScalarExponent&) const [with ScalarExponent = double; Derived = Eigen::ArrayWrapper<Eigen::Map<Eigen::Matrix<float, -1, -1>, 0, Eigen::Stride<0, 0> > >; UnaryPowReturnType<ScalarExponent> = Eigen::CwiseUnaryOp<Eigen::internal::scalar_unary_pow_op<float, double, false, false, false, false>, const Eigen::ArrayWrapper<Eigen::Map<Eigen::Matrix<float, -1, -1>, 0, Eigen::Stride<0, 0> > > >]’
/work/s2602/src/rvspoc-S2602-litert-pr4/tflite/../tflite/kernels/internal/optimized/optimized_ops.h:3572:62:   required from here
/work/s2602/build-pr2-gcc-14/eigen/Eigen/src/Core/functors/UnaryFunctors.h:1354:27: warning: ‘std::enable_if_t<(! IsExactlyRepresentable), void> Eigen::internal::scalar_unary_pow_op<Scalar, ExponentScalar, false, false, false, false>::check_is_representable() const [with bool IsExactlyRepresentable = false; Scalar = float; ExponentScalar = double; std::enable_if_t<(! IsExactlyRepresentable), void> = void]’ is deprecated [-Wdeprecated-declarations]
 1354 |     check_is_representable();
      |     ~~~~~~~~~~~~~~~~~~~~~~^~
/work/s2602/build-pr2-gcc-14/eigen/Eigen/src/Core/functors/UnaryFunctors.h:1350:68: note: declared here
 1350 |   EIGEN_DEPRECATED std::enable_if_t<!IsExactlyRepresentable, void> check_is_representable() const {}
      |                                                                    ^~~~~~~~~~~~~~~~~~~~~~
[ 82%] Building CXX object CMakeFiles/tensorflow-lite.dir/kernels/resize_bilinear.cc.o
[ 82%] Building CXX object CMakeFiles/tensorflow-lite.dir/kernels/resize_nearest_neighbor.cc.o
[ 82%] Building CXX object CMakeFiles/tensorflow-lite.dir/kernels/reverse.cc.o
[ 82%] Building CXX object CMakeFiles/tensorflow-lite.dir/kernels/reverse_sequence.cc.o
[ 82%] Building CXX object CMakeFiles/tensorflow-lite.dir/kernels/rfft2d.cc.o
[ 82%] Building CXX object CMakeFiles/tensorflow-lite.dir/kernels/right_shift.cc.o
[ 82%] Building CXX object CMakeFiles/tensorflow-lite.dir/kernels/rng_bit_generator.cc.o
[ 84%] Building CXX object CMakeFiles/tensorflow-lite.dir/kernels/rng_util.cc.o
[ 84%] Building CXX object CMakeFiles/tensorflow-lite.dir/kernels/roll.cc.o
[ 84%] Building CXX object CMakeFiles/tensorflow-lite.dir/kernels/round.cc.o
In file included from /work/s2602/build-pr2-gcc-14/eigen/Eigen/Core:314,
                 from /work/s2602/src/rvspoc-S2602-litert-pr4/tflite/../tflite/kernels/internal/optimized/optimized_ops.h:45,
                 from /work/s2602/src/rvspoc-S2602-litert-pr4/tflite/../tflite/kernels/internal/optimized/integer_ops/mean.h:23,
                 from /work/s2602/src/rvspoc-S2602-litert-pr4/tflite/kernels/reduce.cc:28:
/work/s2602/build-pr2-gcc-14/eigen/Eigen/src/Core/functors/UnaryFunctors.h: In instantiation of ‘Eigen::internal::scalar_unary_pow_op<Scalar, ExponentScalar, false, false, false, false>::scalar_unary_pow_op(const ExponentScalar&) [with Scalar = float; ExponentScalar = double]’:
/work/s2602/build-pr2-gcc-14/eigen/Eigen/src/Core/../plugins/ArrayCwiseUnaryOps.inc:543:66:   required from ‘Eigen::ArrayBase<Derived>::UnaryPowReturnType<ScalarExponent> Eigen::ArrayBase<Derived>::pow(const ScalarExponent&) const [with ScalarExponent = double; Derived = Eigen::ArrayWrapper<Eigen::Map<Eigen::Matrix<float, -1, -1>, 0, Eigen::Stride<0, 0> > >; UnaryPowReturnType<ScalarExponent> = Eigen::CwiseUnaryOp<Eigen::internal::scalar_unary_pow_op<float, double, false, false, false, false>, const Eigen::ArrayWrapper<Eigen::Map<Eigen::Matrix<float, -1, -1>, 0, Eigen::Stride<0, 0> > > >]’
/work/s2602/src/rvspoc-S2602-litert-pr4/tflite/../tflite/kernels/internal/optimized/optimized_ops.h:3572:62:   required from here
/work/s2602/build-pr2-gcc-14/eigen/Eigen/src/Core/functors/UnaryFunctors.h:1354:27: warning: ‘std::enable_if_t<(! IsExactlyRepresentable), void> Eigen::internal::scalar_unary_pow_op<Scalar, ExponentScalar, false, false, false, false>::check_is_representable() const [with bool IsExactlyRepresentable = false; Scalar = float; ExponentScalar = double; std::enable_if_t<(! IsExactlyRepresentable), void> = void]’ is deprecated [-Wdeprecated-declarations]
 1354 |     check_is_representable();
      |     ~~~~~~~~~~~~~~~~~~~~~~^~
/work/s2602/build-pr2-gcc-14/eigen/Eigen/src/Core/functors/UnaryFunctors.h:1350:68: note: declared here
 1350 |   EIGEN_DEPRECATED std::enable_if_t<!IsExactlyRepresentable, void> check_is_representable() const {}
      |                                                                    ^~~~~~~~~~~~~~~~~~~~~~
[ 84%] Building CXX object CMakeFiles/tensorflow-lite.dir/kernels/scatter_nd.cc.o
[ 84%] Building CXX object CMakeFiles/tensorflow-lite.dir/kernels/segment_sum.cc.o
[ 84%] Building CXX object CMakeFiles/tensorflow-lite.dir/kernels/select.cc.o
In file included from /work/s2602/build-pr2-gcc-14/eigen/Eigen/Core:314,
                 from /work/s2602/src/rvspoc-S2602-litert-pr4/tflite/../tflite/kernels/internal/optimized/optimized_ops.h:45,
                 from /work/s2602/src/rvspoc-S2602-litert-pr4/tflite/kernels/resize_bilinear.cc:21:
/work/s2602/build-pr2-gcc-14/eigen/Eigen/src/Core/functors/UnaryFunctors.h: In instantiation of ‘Eigen::internal::scalar_unary_pow_op<Scalar, ExponentScalar, false, false, false, false>::scalar_unary_pow_op(const ExponentScalar&) [with Scalar = float; ExponentScalar = double]’:
/work/s2602/build-pr2-gcc-14/eigen/Eigen/src/Core/../plugins/ArrayCwiseUnaryOps.inc:543:66:   required from ‘Eigen::ArrayBase<Derived>::UnaryPowReturnType<ScalarExponent> Eigen::ArrayBase<Derived>::pow(const ScalarExponent&) const [with ScalarExponent = double; Derived = Eigen::ArrayWrapper<Eigen::Map<Eigen::Matrix<float, -1, -1>, 0, Eigen::Stride<0, 0> > >; UnaryPowReturnType<ScalarExponent> = Eigen::CwiseUnaryOp<Eigen::internal::scalar_unary_pow_op<float, double, false, false, false, false>, const Eigen::ArrayWrapper<Eigen::Map<Eigen::Matrix<float, -1, -1>, 0, Eigen::Stride<0, 0> > > >]’
/work/s2602/src/rvspoc-S2602-litert-pr4/tflite/../tflite/kernels/internal/optimized/optimized_ops.h:3572:62:   required from here
/work/s2602/build-pr2-gcc-14/eigen/Eigen/src/Core/functors/UnaryFunctors.h:1354:27: warning: ‘std::enable_if_t<(! IsExactlyRepresentable), void> Eigen::internal::scalar_unary_pow_op<Scalar, ExponentScalar, false, false, false, false>::check_is_representable() const [with bool IsExactlyRepresentable = false; Scalar = float; ExponentScalar = double; std::enable_if_t<(! IsExactlyRepresentable), void> = void]’ is deprecated [-Wdeprecated-declarations]
 1354 |     check_is_representable();
      |     ~~~~~~~~~~~~~~~~~~~~~~^~
/work/s2602/build-pr2-gcc-14/eigen/Eigen/src/Core/functors/UnaryFunctors.h:1350:68: note: declared here
 1350 |   EIGEN_DEPRECATED std::enable_if_t<!IsExactlyRepresentable, void> check_is_representable() const {}
      |                                                                    ^~~~~~~~~~~~~~~~~~~~~~
[ 84%] Building CXX object CMakeFiles/tensorflow-lite.dir/kernels/shape.cc.o
In file included from /work/s2602/build-pr2-gcc-14/eigen/Eigen/Core:314,
                 from /work/s2602/src/rvspoc-S2602-litert-pr4/tflite/../tflite/kernels/internal/optimized/optimized_ops.h:45,
                 from /work/s2602/src/rvspoc-S2602-litert-pr4/tflite/kernels/resize_nearest_neighbor.cc:23:
/work/s2602/build-pr2-gcc-14/eigen/Eigen/src/Core/functors/UnaryFunctors.h: In instantiation of ‘Eigen::internal::scalar_unary_pow_op<Scalar, ExponentScalar, false, false, false, false>::scalar_unary_pow_op(const ExponentScalar&) [with Scalar = float; ExponentScalar = double]’:
/work/s2602/build-pr2-gcc-14/eigen/Eigen/src/Core/../plugins/ArrayCwiseUnaryOps.inc:543:66:   required from ‘Eigen::ArrayBase<Derived>::UnaryPowReturnType<ScalarExponent> Eigen::ArrayBase<Derived>::pow(const ScalarExponent&) const [with ScalarExponent = double; Derived = Eigen::ArrayWrapper<Eigen::Map<Eigen::Matrix<float, -1, -1>, 0, Eigen::Stride<0, 0> > >; UnaryPowReturnType<ScalarExponent> = Eigen::CwiseUnaryOp<Eigen::internal::scalar_unary_pow_op<float, double, false, false, false, false>, const Eigen::ArrayWrapper<Eigen::Map<Eigen::Matrix<float, -1, -1>, 0, Eigen::Stride<0, 0> > > >]’
/work/s2602/src/rvspoc-S2602-litert-pr4/tflite/../tflite/kernels/internal/optimized/optimized_ops.h:3572:62:   required from here
/work/s2602/build-pr2-gcc-14/eigen/Eigen/src/Core/functors/UnaryFunctors.h:1354:27: warning: ‘std::enable_if_t<(! IsExactlyRepresentable), void> Eigen::internal::scalar_unary_pow_op<Scalar, ExponentScalar, false, false, false, false>::check_is_representable() const [with bool IsExactlyRepresentable = false; Scalar = float; ExponentScalar = double; std::enable_if_t<(! IsExactlyRepresentable), void> = void]’ is deprecated [-Wdeprecated-declarations]
 1354 |     check_is_representable();
      |     ~~~~~~~~~~~~~~~~~~~~~~^~
/work/s2602/build-pr2-gcc-14/eigen/Eigen/src/Core/functors/UnaryFunctors.h:1350:68: note: declared here
 1350 |   EIGEN_DEPRECATED std::enable_if_t<!IsExactlyRepresentable, void> check_is_representable() const {}
      |                                                                    ^~~~~~~~~~~~~~~~~~~~~~
[ 84%] Building CXX object CMakeFiles/tensorflow-lite.dir/kernels/sign.cc.o
[ 84%] Building CXX object CMakeFiles/tensorflow-lite.dir/kernels/sign_custom.cc.o
[ 85%] Building CXX object CMakeFiles/tensorflow-lite.dir/kernels/skip_gram.cc.o
[ 85%] Building CXX object CMakeFiles/tensorflow-lite.dir/kernels/slice.cc.o
[ 85%] Building CXX object CMakeFiles/tensorflow-lite.dir/kernels/space_to_batch_nd.cc.o
[ 85%] Building CXX object CMakeFiles/tensorflow-lite.dir/kernels/space_to_depth.cc.o
[ 85%] Building CXX object CMakeFiles/tensorflow-lite.dir/kernels/sparse_to_dense.cc.o
In file included from /work/s2602/build-pr2-gcc-14/eigen/Eigen/Core:314,
                 from /work/s2602/src/rvspoc-S2602-litert-pr4/tflite/kernels/round.cc:18:
/work/s2602/build-pr2-gcc-14/eigen/Eigen/src/Core/functors/UnaryFunctors.h: In instantiation of ‘Eigen::internal::scalar_unary_pow_op<Scalar, ExponentScalar, false, false, false, false>::scalar_unary_pow_op(const ExponentScalar&) [with Scalar = float; ExponentScalar = double]’:
/work/s2602/build-pr2-gcc-14/eigen/Eigen/src/Core/../plugins/ArrayCwiseUnaryOps.inc:543:66:   required from ‘Eigen::ArrayBase<Derived>::UnaryPowReturnType<ScalarExponent> Eigen::ArrayBase<Derived>::pow(const ScalarExponent&) const [with ScalarExponent = double; Derived = Eigen::ArrayWrapper<Eigen::Map<Eigen::Matrix<float, -1, -1>, 0, Eigen::Stride<0, 0> > >; UnaryPowReturnType<ScalarExponent> = Eigen::CwiseUnaryOp<Eigen::internal::scalar_unary_pow_op<float, double, false, false, false, false>, const Eigen::ArrayWrapper<Eigen::Map<Eigen::Matrix<float, -1, -1>, 0, Eigen::Stride<0, 0> > > >]’
/work/s2602/src/rvspoc-S2602-litert-pr4/tflite/../tflite/kernels/internal/optimized/optimized_ops.h:3572:62:   required from here
/work/s2602/build-pr2-gcc-14/eigen/Eigen/src/Core/functors/UnaryFunctors.h:1354:27: warning: ‘std::enable_if_t<(! IsExactlyRepresentable), void> Eigen::internal::scalar_unary_pow_op<Scalar, ExponentScalar, false, false, false, false>::check_is_representable() const [with bool IsExactlyRepresentable = false; Scalar = float; ExponentScalar = double; std::enable_if_t<(! IsExactlyRepresentable), void> = void]’ is deprecated [-Wdeprecated-declarations]
 1354 |     check_is_representable();
      |     ~~~~~~~~~~~~~~~~~~~~~~^~
/work/s2602/build-pr2-gcc-14/eigen/Eigen/src/Core/functors/UnaryFunctors.h:1350:68: note: declared here
 1350 |   EIGEN_DEPRECATED std::enable_if_t<!IsExactlyRepresentable, void> check_is_representable() const {}
      |                                                                    ^~~~~~~~~~~~~~~~~~~~~~
[ 85%] Building CXX object CMakeFiles/tensorflow-lite.dir/kernels/split.cc.o
In file included from /work/s2602/build-pr2-gcc-14/eigen/Eigen/Core:314,
                 from /work/s2602/src/rvspoc-S2602-litert-pr4/tflite/../tflite/kernels/internal/optimized/optimized_ops.h:45,
                 from /work/s2602/src/rvspoc-S2602-litert-pr4/tflite/kernels/scatter_nd.cc:19:
/work/s2602/build-pr2-gcc-14/eigen/Eigen/src/Core/functors/UnaryFunctors.h: In instantiation of ‘Eigen::internal::scalar_unary_pow_op<Scalar, ExponentScalar, false, false, false, false>::scalar_unary_pow_op(const ExponentScalar&) [with Scalar = float; ExponentScalar = double]’:
/work/s2602/build-pr2-gcc-14/eigen/Eigen/src/Core/../plugins/ArrayCwiseUnaryOps.inc:543:66:   required from ‘Eigen::ArrayBase<Derived>::UnaryPowReturnType<ScalarExponent> Eigen::ArrayBase<Derived>::pow(const ScalarExponent&) const [with ScalarExponent = double; Derived = Eigen::ArrayWrapper<Eigen::Map<Eigen::Matrix<float, -1, -1>, 0, Eigen::Stride<0, 0> > >; UnaryPowReturnType<ScalarExponent> = Eigen::CwiseUnaryOp<Eigen::internal::scalar_unary_pow_op<float, double, false, false, false, false>, const Eigen::ArrayWrapper<Eigen::Map<Eigen::Matrix<float, -1, -1>, 0, Eigen::Stride<0, 0> > > >]’
/work/s2602/src/rvspoc-S2602-litert-pr4/tflite/../tflite/kernels/internal/optimized/optimized_ops.h:3572:62:   required from here
/work/s2602/build-pr2-gcc-14/eigen/Eigen/src/Core/functors/UnaryFunctors.h:1354:27: warning: ‘std::enable_if_t<(! IsExactlyRepresentable), void> Eigen::internal::scalar_unary_pow_op<Scalar, ExponentScalar, false, false, false, false>::check_is_representable() const [with bool IsExactlyRepresentable = false; Scalar = float; ExponentScalar = double; std::enable_if_t<(! IsExactlyRepresentable), void> = void]’ is deprecated [-Wdeprecated-declarations]
 1354 |     check_is_representable();
      |     ~~~~~~~~~~~~~~~~~~~~~~^~
/work/s2602/build-pr2-gcc-14/eigen/Eigen/src/Core/functors/UnaryFunctors.h:1350:68: note: declared here
 1350 |   EIGEN_DEPRECATED std::enable_if_t<!IsExactlyRepresentable, void> check_is_representable() const {}
      |                                                                    ^~~~~~~~~~~~~~~~~~~~~~
[ 85%] Building CXX object CMakeFiles/tensorflow-lite.dir/kernels/split_v.cc.o
[ 85%] Building CXX object CMakeFiles/tensorflow-lite.dir/kernels/squared_difference.cc.o
[ 85%] Building CXX object CMakeFiles/tensorflow-lite.dir/kernels/squeeze.cc.o
[ 87%] Building CXX object CMakeFiles/tensorflow-lite.dir/kernels/stablehlo_add.cc.o
In file included from /work/s2602/build-pr2-gcc-14/eigen/Eigen/Core:314,
                 from /work/s2602/src/rvspoc-S2602-litert-pr4/tflite/../tflite/kernels/internal/optimized/optimized_ops.h:45,
                 from /work/s2602/src/rvspoc-S2602-litert-pr4/tflite/kernels/space_to_batch_nd.cc:19:
/work/s2602/build-pr2-gcc-14/eigen/Eigen/src/Core/functors/UnaryFunctors.h: In instantiation of ‘Eigen::internal::scalar_unary_pow_op<Scalar, ExponentScalar, false, false, false, false>::scalar_unary_pow_op(const ExponentScalar&) [with Scalar = float; ExponentScalar = double]’:
/work/s2602/build-pr2-gcc-14/eigen/Eigen/src/Core/../plugins/ArrayCwiseUnaryOps.inc:543:66:   required from ‘Eigen::ArrayBase<Derived>::UnaryPowReturnType<ScalarExponent> Eigen::ArrayBase<Derived>::pow(const ScalarExponent&) const [with ScalarExponent = double; Derived = Eigen::ArrayWrapper<Eigen::Map<Eigen::Matrix<float, -1, -1>, 0, Eigen::Stride<0, 0> > >; UnaryPowReturnType<ScalarExponent> = Eigen::CwiseUnaryOp<Eigen::internal::scalar_unary_pow_op<float, double, false, false, false, false>, const Eigen::ArrayWrapper<Eigen::Map<Eigen::Matrix<float, -1, -1>, 0, Eigen::Stride<0, 0> > > >]’
/work/s2602/src/rvspoc-S2602-litert-pr4/tflite/../tflite/kernels/internal/optimized/optimized_ops.h:3572:62:   required from here
/work/s2602/build-pr2-gcc-14/eigen/Eigen/src/Core/functors/UnaryFunctors.h:1354:27: warning: ‘std::enable_if_t<(! IsExactlyRepresentable), void> Eigen::internal::scalar_unary_pow_op<Scalar, ExponentScalar, false, false, false, false>::check_is_representable() const [with bool IsExactlyRepresentable = false; Scalar = float; ExponentScalar = double; std::enable_if_t<(! IsExactlyRepresentable), void> = void]’ is deprecated [-Wdeprecated-declarations]
 1354 |     check_is_representable();
      |     ~~~~~~~~~~~~~~~~~~~~~~^~
/work/s2602/build-pr2-gcc-14/eigen/Eigen/src/Core/functors/UnaryFunctors.h:1350:68: note: declared here
 1350 |   EIGEN_DEPRECATED std::enable_if_t<!IsExactlyRepresentable, void> check_is_representable() const {}
      |                                                                    ^~~~~~~~~~~~~~~~~~~~~~
In file included from /work/s2602/build-pr2-gcc-14/eigen/Eigen/Core:314,
                 from /work/s2602/src/rvspoc-S2602-litert-pr4/tflite/kernels/slice.cc:24:
/work/s2602/build-pr2-gcc-14/eigen/Eigen/src/Core/functors/UnaryFunctors.h: In instantiation of ‘Eigen::internal::scalar_unary_pow_op<Scalar, ExponentScalar, false, false, false, false>::scalar_unary_pow_op(const ExponentScalar&) [with Scalar = float; ExponentScalar = double]’:
/work/s2602/build-pr2-gcc-14/eigen/Eigen/src/Core/../plugins/ArrayCwiseUnaryOps.inc:543:66:   required from ‘Eigen::ArrayBase<Derived>::UnaryPowReturnType<ScalarExponent> Eigen::ArrayBase<Derived>::pow(const ScalarExponent&) const [with ScalarExponent = double; Derived = Eigen::ArrayWrapper<Eigen::Map<Eigen::Matrix<float, -1, -1>, 0, Eigen::Stride<0, 0> > >; UnaryPowReturnType<ScalarExponent> = Eigen::CwiseUnaryOp<Eigen::internal::scalar_unary_pow_op<float, double, false, false, false, false>, const Eigen::ArrayWrapper<Eigen::Map<Eigen::Matrix<float, -1, -1>, 0, Eigen::Stride<0, 0> > > >]’
/work/s2602/src/rvspoc-S2602-litert-pr4/tflite/../tflite/kernels/internal/optimized/optimized_ops.h:3572:62:   required from here
/work/s2602/build-pr2-gcc-14/eigen/Eigen/src/Core/functors/UnaryFunctors.h:1354:27: warning: ‘std::enable_if_t<(! IsExactlyRepresentable), void> Eigen::internal::scalar_unary_pow_op<Scalar, ExponentScalar, false, false, false, false>::check_is_representable() const [with bool IsExactlyRepresentable = false; Scalar = float; ExponentScalar = double; std::enable_if_t<(! IsExactlyRepresentable), void> = void]’ is deprecated [-Wdeprecated-declarations]
 1354 |     check_is_representable();
      |     ~~~~~~~~~~~~~~~~~~~~~~^~
/work/s2602/build-pr2-gcc-14/eigen/Eigen/src/Core/functors/UnaryFunctors.h:1350:68: note: declared here
 1350 |   EIGEN_DEPRECATED std::enable_if_t<!IsExactlyRepresentable, void> check_is_representable() const {}
      |                                                                    ^~~~~~~~~~~~~~~~~~~~~~
In file included from /work/s2602/build-pr2-gcc-14/eigen/Eigen/Core:314,
                 from /work/s2602/src/rvspoc-S2602-litert-pr4/tflite/../tflite/kernels/internal/optimized/optimized_ops.h:45,
                 from /work/s2602/src/rvspoc-S2602-litert-pr4/tflite/kernels/space_to_depth.cc:19:
/work/s2602/build-pr2-gcc-14/eigen/Eigen/src/Core/functors/UnaryFunctors.h: In instantiation of ‘Eigen::internal::scalar_unary_pow_op<Scalar, ExponentScalar, false, false, false, false>::scalar_unary_pow_op(const ExponentScalar&) [with Scalar = float; ExponentScalar = double]’:
/work/s2602/build-pr2-gcc-14/eigen/Eigen/src/Core/../plugins/ArrayCwiseUnaryOps.inc:543:66:   required from ‘Eigen::ArrayBase<Derived>::UnaryPowReturnType<ScalarExponent> Eigen::ArrayBase<Derived>::pow(const ScalarExponent&) const [with ScalarExponent = double; Derived = Eigen::ArrayWrapper<Eigen::Map<Eigen::Matrix<float, -1, -1>, 0, Eigen::Stride<0, 0> > >; UnaryPowReturnType<ScalarExponent> = Eigen::CwiseUnaryOp<Eigen::internal::scalar_unary_pow_op<float, double, false, false, false, false>, const Eigen::ArrayWrapper<Eigen::Map<Eigen::Matrix<float, -1, -1>, 0, Eigen::Stride<0, 0> > > >]’
/work/s2602/src/rvspoc-S2602-litert-pr4/tflite/../tflite/kernels/internal/optimized/optimized_ops.h:3572:62:   required from here
/work/s2602/build-pr2-gcc-14/eigen/Eigen/src/Core/functors/UnaryFunctors.h:1354:27: warning: ‘std::enable_if_t<(! IsExactlyRepresentable), void> Eigen::internal::scalar_unary_pow_op<Scalar, ExponentScalar, false, false, false, false>::check_is_representable() const [with bool IsExactlyRepresentable = false; Scalar = float; ExponentScalar = double; std::enable_if_t<(! IsExactlyRepresentable), void> = void]’ is deprecated [-Wdeprecated-declarations]
 1354 |     check_is_representable();
      |     ~~~~~~~~~~~~~~~~~~~~~~^~
/work/s2602/build-pr2-gcc-14/eigen/Eigen/src/Core/functors/UnaryFunctors.h:1350:68: note: declared here
 1350 |   EIGEN_DEPRECATED std::enable_if_t<!IsExactlyRepresentable, void> check_is_representable() const {}
      |                                                                    ^~~~~~~~~~~~~~~~~~~~~~
[ 87%] Building CXX object CMakeFiles/tensorflow-lite.dir/kernels/stablehlo_and.cc.o
In file included from /work/s2602/build-pr2-gcc-14/eigen/Eigen/Core:314,
                 from /work/s2602/src/rvspoc-S2602-litert-pr4/tflite/../tflite/kernels/internal/optimized/optimized_ops.h:45,
                 from /work/s2602/src/rvspoc-S2602-litert-pr4/tflite/kernels/split.cc:19:
/work/s2602/build-pr2-gcc-14/eigen/Eigen/src/Core/functors/UnaryFunctors.h: In instantiation of ‘Eigen::internal::scalar_unary_pow_op<Scalar, ExponentScalar, false, false, false, false>::scalar_unary_pow_op(const ExponentScalar&) [with Scalar = float; ExponentScalar = double]’:
/work/s2602/build-pr2-gcc-14/eigen/Eigen/src/Core/../plugins/ArrayCwiseUnaryOps.inc:543:66:   required from ‘Eigen::ArrayBase<Derived>::UnaryPowReturnType<ScalarExponent> Eigen::ArrayBase<Derived>::pow(const ScalarExponent&) const [with ScalarExponent = double; Derived = Eigen::ArrayWrapper<Eigen::Map<Eigen::Matrix<float, -1, -1>, 0, Eigen::Stride<0, 0> > >; UnaryPowReturnType<ScalarExponent> = Eigen::CwiseUnaryOp<Eigen::internal::scalar_unary_pow_op<float, double, false, false, false, false>, const Eigen::ArrayWrapper<Eigen::Map<Eigen::Matrix<float, -1, -1>, 0, Eigen::Stride<0, 0> > > >]’
/work/s2602/src/rvspoc-S2602-litert-pr4/tflite/../tflite/kernels/internal/optimized/optimized_ops.h:3572:62:   required from here
/work/s2602/build-pr2-gcc-14/eigen/Eigen/src/Core/functors/UnaryFunctors.h:1354:27: warning: ‘std::enable_if_t<(! IsExactlyRepresentable), void> Eigen::internal::scalar_unary_pow_op<Scalar, ExponentScalar, false, false, false, false>::check_is_representable() const [with bool IsExactlyRepresentable = false; Scalar = float; ExponentScalar = double; std::enable_if_t<(! IsExactlyRepresentable), void> = void]’ is deprecated [-Wdeprecated-declarations]
 1354 |     check_is_representable();
      |     ~~~~~~~~~~~~~~~~~~~~~~^~
/work/s2602/build-pr2-gcc-14/eigen/Eigen/src/Core/functors/UnaryFunctors.h:1350:68: note: declared here
 1350 |   EIGEN_DEPRECATED std::enable_if_t<!IsExactlyRepresentable, void> check_is_representable() const {}
      |                                                                    ^~~~~~~~~~~~~~~~~~~~~~
[ 87%] Building CXX object CMakeFiles/tensorflow-lite.dir/kernels/stablehlo_case.cc.o
[ 87%] Building CXX object CMakeFiles/tensorflow-lite.dir/kernels/stablehlo_composite.cc.o
In file included from /work/s2602/build-pr2-gcc-14/eigen/Eigen/Core:314,
                 from /work/s2602/src/rvspoc-S2602-litert-pr4/tflite/../tflite/kernels/internal/optimized/optimized_ops.h:45,
                 from /work/s2602/src/rvspoc-S2602-litert-pr4/tflite/kernels/squared_difference.cc:22:
/work/s2602/build-pr2-gcc-14/eigen/Eigen/src/Core/functors/UnaryFunctors.h: In instantiation of ‘Eigen::internal::scalar_unary_pow_op<Scalar, ExponentScalar, false, false, false, false>::scalar_unary_pow_op(const ExponentScalar&) [with Scalar = float; ExponentScalar = double]’:
/work/s2602/build-pr2-gcc-14/eigen/Eigen/src/Core/../plugins/ArrayCwiseUnaryOps.inc:543:66:   required from ‘Eigen::ArrayBase<Derived>::UnaryPowReturnType<ScalarExponent> Eigen::ArrayBase<Derived>::pow(const ScalarExponent&) const [with ScalarExponent = double; Derived = Eigen::ArrayWrapper<Eigen::Map<Eigen::Matrix<float, -1, -1>, 0, Eigen::Stride<0, 0> > >; UnaryPowReturnType<ScalarExponent> = Eigen::CwiseUnaryOp<Eigen::internal::scalar_unary_pow_op<float, double, false, false, false, false>, const Eigen::ArrayWrapper<Eigen::Map<Eigen::Matrix<float, -1, -1>, 0, Eigen::Stride<0, 0> > > >]’
/work/s2602/src/rvspoc-S2602-litert-pr4/tflite/../tflite/kernels/internal/optimized/optimized_ops.h:3572:62:   required from here
/work/s2602/build-pr2-gcc-14/eigen/Eigen/src/Core/functors/UnaryFunctors.h:1354:27: warning: ‘std::enable_if_t<(! IsExactlyRepresentable), void> Eigen::internal::scalar_unary_pow_op<Scalar, ExponentScalar, false, false, false, false>::check_is_representable() const [with bool IsExactlyRepresentable = false; Scalar = float; ExponentScalar = double; std::enable_if_t<(! IsExactlyRepresentable), void> = void]’ is deprecated [-Wdeprecated-declarations]
 1354 |     check_is_representable();
      |     ~~~~~~~~~~~~~~~~~~~~~~^~
/work/s2602/build-pr2-gcc-14/eigen/Eigen/src/Core/functors/UnaryFunctors.h:1350:68: note: declared here
 1350 |   EIGEN_DEPRECATED std::enable_if_t<!IsExactlyRepresentable, void> check_is_representable() const {}
      |                                                                    ^~~~~~~~~~~~~~~~~~~~~~
In file included from /work/s2602/build-pr2-gcc-14/eigen/Eigen/Core:314,
                 from /work/s2602/src/rvspoc-S2602-litert-pr4/tflite/../tflite/kernels/internal/optimized/optimized_ops.h:45,
                 from /work/s2602/src/rvspoc-S2602-litert-pr4/tflite/kernels/split_v.cc:21:
/work/s2602/build-pr2-gcc-14/eigen/Eigen/src/Core/functors/UnaryFunctors.h: In instantiation of ‘Eigen::internal::scalar_unary_pow_op<Scalar, ExponentScalar, false, false, false, false>::scalar_unary_pow_op(const ExponentScalar&) [with Scalar = float; ExponentScalar = double]’:
/work/s2602/build-pr2-gcc-14/eigen/Eigen/src/Core/../plugins/ArrayCwiseUnaryOps.inc:543:66:   required from ‘Eigen::ArrayBase<Derived>::UnaryPowReturnType<ScalarExponent> Eigen::ArrayBase<Derived>::pow(const ScalarExponent&) const [with ScalarExponent = double; Derived = Eigen::ArrayWrapper<Eigen::Map<Eigen::Matrix<float, -1, -1>, 0, Eigen::Stride<0, 0> > >; UnaryPowReturnType<ScalarExponent> = Eigen::CwiseUnaryOp<Eigen::internal::scalar_unary_pow_op<float, double, false, false, false, false>, const Eigen::ArrayWrapper<Eigen::Map<Eigen::Matrix<float, -1, -1>, 0, Eigen::Stride<0, 0> > > >]’
/work/s2602/src/rvspoc-S2602-litert-pr4/tflite/../tflite/kernels/internal/optimized/optimized_ops.h:3572:62:   required from here
/work/s2602/build-pr2-gcc-14/eigen/Eigen/src/Core/functors/UnaryFunctors.h:1354:27: warning: ‘std::enable_if_t<(! IsExactlyRepresentable), void> Eigen::internal::scalar_unary_pow_op<Scalar, ExponentScalar, false, false, false, false>::check_is_representable() const [with bool IsExactlyRepresentable = false; Scalar = float; ExponentScalar = double; std::enable_if_t<(! IsExactlyRepresentable), void> = void]’ is deprecated [-Wdeprecated-declarations]
 1354 |     check_is_representable();
      |     ~~~~~~~~~~~~~~~~~~~~~~^~
/work/s2602/build-pr2-gcc-14/eigen/Eigen/src/Core/functors/UnaryFunctors.h:1350:68: note: declared here
 1350 |   EIGEN_DEPRECATED std::enable_if_t<!IsExactlyRepresentable, void> check_is_representable() const {}
      |                                                                    ^~~~~~~~~~~~~~~~~~~~~~
[ 87%] Building CXX object CMakeFiles/tensorflow-lite.dir/kernels/stablehlo_elementwise.cc.o
[ 87%] Building CXX object CMakeFiles/tensorflow-lite.dir/kernels/stablehlo_gather.cc.o
[ 87%] Building CXX object CMakeFiles/tensorflow-lite.dir/kernels/stablehlo_min_max.cc.o
[ 87%] Building CXX object CMakeFiles/tensorflow-lite.dir/kernels/stablehlo_multiply.cc.o
[ 87%] Building CXX object CMakeFiles/tensorflow-lite.dir/kernels/stablehlo_pad.cc.o
[ 89%] Building CXX object CMakeFiles/tensorflow-lite.dir/kernels/stablehlo_reduce_window.cc.o
[ 89%] Building CXX object CMakeFiles/tensorflow-lite.dir/kernels/stablehlo_scatter.cc.o
[ 89%] Building CXX object CMakeFiles/tensorflow-lite.dir/kernels/stablehlo_shift_left.cc.o
[ 89%] Building CXX object CMakeFiles/tensorflow-lite.dir/kernels/strided_slice.cc.o
[ 89%] Building CXX object CMakeFiles/tensorflow-lite.dir/kernels/sub.cc.o
[ 89%] Building CXX object CMakeFiles/tensorflow-lite.dir/kernels/svdf.cc.o
[ 89%] Building CXX object CMakeFiles/tensorflow-lite.dir/kernels/table.cc.o
[ 89%] Building CXX object CMakeFiles/tensorflow-lite.dir/kernels/tensor_slice_util.cc.o
[ 89%] Building CXX object CMakeFiles/tensorflow-lite.dir/kernels/tile.cc.o
[ 91%] Building CXX object CMakeFiles/tensorflow-lite.dir/kernels/topk_v2.cc.o
[ 91%] Building CXX object CMakeFiles/tensorflow-lite.dir/kernels/transpose.cc.o
[ 91%] Building CXX object CMakeFiles/tensorflow-lite.dir/kernels/transpose_conv.cc.o
[ 91%] Building CXX object CMakeFiles/tensorflow-lite.dir/kernels/unidirectional_sequence_gru.cc.o
[ 91%] Building CXX object CMakeFiles/tensorflow-lite.dir/kernels/unidirectional_sequence_lstm.cc.o
In file included from /work/s2602/build-pr2-gcc-14/eigen/Eigen/Core:314,
                 from /work/s2602/src/rvspoc-S2602-litert-pr4/tflite/../tflite/kernels/internal/optimized/optimized_ops.h:45,
                 from /work/s2602/src/rvspoc-S2602-litert-pr4/tflite/kernels/sub.cc:29:
/work/s2602/build-pr2-gcc-14/eigen/Eigen/src/Core/functors/UnaryFunctors.h: In instantiation of ‘Eigen::internal::scalar_unary_pow_op<Scalar, ExponentScalar, false, false, false, false>::scalar_unary_pow_op(const ExponentScalar&) [with Scalar = float; ExponentScalar = double]’:
/work/s2602/build-pr2-gcc-14/eigen/Eigen/src/Core/../plugins/ArrayCwiseUnaryOps.inc:543:66:   required from ‘Eigen::ArrayBase<Derived>::UnaryPowReturnType<ScalarExponent> Eigen::ArrayBase<Derived>::pow(const ScalarExponent&) const [with ScalarExponent = double; Derived = Eigen::ArrayWrapper<Eigen::Map<Eigen::Matrix<float, -1, -1>, 0, Eigen::Stride<0, 0> > >; UnaryPowReturnType<ScalarExponent> = Eigen::CwiseUnaryOp<Eigen::internal::scalar_unary_pow_op<float, double, false, false, false, false>, const Eigen::ArrayWrapper<Eigen::Map<Eigen::Matrix<float, -1, -1>, 0, Eigen::Stride<0, 0> > > >]’
/work/s2602/src/rvspoc-S2602-litert-pr4/tflite/../tflite/kernels/internal/optimized/optimized_ops.h:3572:62:   required from here
/work/s2602/build-pr2-gcc-14/eigen/Eigen/src/Core/functors/UnaryFunctors.h:1354:27: warning: ‘std::enable_if_t<(! IsExactlyRepresentable), void> Eigen::internal::scalar_unary_pow_op<Scalar, ExponentScalar, false, false, false, false>::check_is_representable() const [with bool IsExactlyRepresentable = false; Scalar = float; ExponentScalar = double; std::enable_if_t<(! IsExactlyRepresentable), void> = void]’ is deprecated [-Wdeprecated-declarations]
 1354 |     check_is_representable();
      |     ~~~~~~~~~~~~~~~~~~~~~~^~
/work/s2602/build-pr2-gcc-14/eigen/Eigen/src/Core/functors/UnaryFunctors.h:1350:68: note: declared here
 1350 |   EIGEN_DEPRECATED std::enable_if_t<!IsExactlyRepresentable, void> check_is_representable() const {}
      |                                                                    ^~~~~~~~~~~~~~~~~~~~~~
[ 91%] Building CXX object CMakeFiles/tensorflow-lite.dir/kernels/unidirectional_sequence_rnn.cc.o
[ 91%] Building CXX object CMakeFiles/tensorflow-lite.dir/kernels/unique.cc.o
[ 91%] Building CXX object CMakeFiles/tensorflow-lite.dir/kernels/unpack.cc.o
[ 91%] Building CXX object CMakeFiles/tensorflow-lite.dir/kernels/unsorted_segment.cc.o
[ 91%] Building CXX object CMakeFiles/tensorflow-lite.dir/kernels/var_handle.cc.o
[ 92%] Building CXX object CMakeFiles/tensorflow-lite.dir/kernels/where.cc.o
[ 92%] Building CXX object CMakeFiles/tensorflow-lite.dir/kernels/while.cc.o
In file included from /work/s2602/build-pr2-gcc-14/eigen/Eigen/Core:314,
                 from /work/s2602/src/rvspoc-S2602-litert-pr4/tflite/../tflite/kernels/internal/optimized/optimized_ops.h:45,
                 from /work/s2602/src/rvspoc-S2602-litert-pr4/tflite/../tflite/kernels/internal/optimized/integer_ops/transpose_conv.h:20,
                 from /work/s2602/src/rvspoc-S2602-litert-pr4/tflite/kernels/transpose_conv.cc:26:
/work/s2602/build-pr2-gcc-14/eigen/Eigen/src/Core/functors/UnaryFunctors.h: In instantiation of ‘Eigen::internal::scalar_unary_pow_op<Scalar, ExponentScalar, false, false, false, false>::scalar_unary_pow_op(const ExponentScalar&) [with Scalar = float; ExponentScalar = double]’:
/work/s2602/build-pr2-gcc-14/eigen/Eigen/src/Core/../plugins/ArrayCwiseUnaryOps.inc:543:66:   required from ‘Eigen::ArrayBase<Derived>::UnaryPowReturnType<ScalarExponent> Eigen::ArrayBase<Derived>::pow(const ScalarExponent&) const [with ScalarExponent = double; Derived = Eigen::ArrayWrapper<Eigen::Map<Eigen::Matrix<float, -1, -1>, 0, Eigen::Stride<0, 0> > >; UnaryPowReturnType<ScalarExponent> = Eigen::CwiseUnaryOp<Eigen::internal::scalar_unary_pow_op<float, double, false, false, false, false>, const Eigen::ArrayWrapper<Eigen::Map<Eigen::Matrix<float, -1, -1>, 0, Eigen::Stride<0, 0> > > >]’
/work/s2602/src/rvspoc-S2602-litert-pr4/tflite/../tflite/kernels/internal/optimized/optimized_ops.h:3572:62:   required from here
/work/s2602/build-pr2-gcc-14/eigen/Eigen/src/Core/functors/UnaryFunctors.h:1354:27: warning: ‘std::enable_if_t<(! IsExactlyRepresentable), void> Eigen::internal::scalar_unary_pow_op<Scalar, ExponentScalar, false, false, false, false>::check_is_representable() const [with bool IsExactlyRepresentable = false; Scalar = float; ExponentScalar = double; std::enable_if_t<(! IsExactlyRepresentable), void> = void]’ is deprecated [-Wdeprecated-declarations]
 1354 |     check_is_representable();
      |     ~~~~~~~~~~~~~~~~~~~~~~^~
/work/s2602/build-pr2-gcc-14/eigen/Eigen/src/Core/functors/UnaryFunctors.h:1350:68: note: declared here
 1350 |   EIGEN_DEPRECATED std::enable_if_t<!IsExactlyRepresentable, void> check_is_representable() const {}
      |                                                                    ^~~~~~~~~~~~~~~~~~~~~~
[ 92%] Building CXX object CMakeFiles/tensorflow-lite.dir/kernels/zeros_like.cc.o
[ 92%] Building CXX object CMakeFiles/tensorflow-lite.dir/nnapi/nnapi_implementation_disabled.cc.o
[ 92%] Building CXX object CMakeFiles/tensorflow-lite.dir/profiling/platform_profiler.cc.o
[ 92%] Building CXX object CMakeFiles/tensorflow-lite.dir/profiling/root_profiler.cc.o
[ 92%] Building CXX object CMakeFiles/tensorflow-lite.dir/profiling/telemetry/profiler.cc.o
[ 92%] Building CXX object CMakeFiles/tensorflow-lite.dir/profiling/telemetry/telemetry.cc.o
[ 92%] Building CXX object CMakeFiles/tensorflow-lite.dir/profiling/telemetry/c/telemetry_setting_internal.cc.o
[ 94%] Building CXX object CMakeFiles/tensorflow-lite.dir/kernels/internal/utils/sparsity_format_converter.cc.o
[ 94%] Building CXX object CMakeFiles/tensorflow-lite.dir/arena_planner.cc.o
[ 94%] Building CXX object CMakeFiles/tensorflow-lite.dir/array.cc.o
[ 94%] Building CXX object CMakeFiles/tensorflow-lite.dir/external_cpu_backend_context.cc.o
[ 94%] Building CXX object CMakeFiles/tensorflow-lite.dir/graph_info.cc.o
[ 94%] Building CXX object CMakeFiles/tensorflow-lite.dir/logger.cc.o
[ 94%] Building CXX object CMakeFiles/tensorflow-lite.dir/minimal_logging.cc.o
[ 94%] Building CXX object CMakeFiles/tensorflow-lite.dir/mutable_op_resolver.cc.o
[ 94%] Building CXX object CMakeFiles/tensorflow-lite.dir/mutable_op_resolver_utils.cc.o
[ 96%] Building CXX object CMakeFiles/tensorflow-lite.dir/optional_debug_tools.cc.o
[ 96%] Building CXX object CMakeFiles/tensorflow-lite.dir/simple_memory_arena.cc.o
[ 96%] Building CXX object CMakeFiles/tensorflow-lite.dir/simple_memory_arena_debug_dump.cc.o
[ 96%] Building CXX object CMakeFiles/tensorflow-lite.dir/simple_planner.cc.o
[ 96%] Building CXX object CMakeFiles/tensorflow-lite.dir/stderr_reporter.cc.o
[ 96%] Building CXX object CMakeFiles/tensorflow-lite.dir/string_util.cc.o
[ 96%] Building CXX object CMakeFiles/tensorflow-lite.dir/tensorflow_profiler_logger_shim.cc.o
[ 96%] Building CXX object CMakeFiles/tensorflow-lite.dir/tflite_with_xnnpack_optional.cc.o
[ 96%] Building CXX object CMakeFiles/tensorflow-lite.dir/util.cc.o
[ 98%] Building CXX object CMakeFiles/tensorflow-lite.dir/minimal_logging_default.cc.o
[ 98%] Building CXX object CMakeFiles/tensorflow-lite.dir/converter/allocation.cc.o
[ 98%] Building CXX object CMakeFiles/tensorflow-lite.dir/work/s2602/tf-shared/tensorflow/compiler/mlir/lite/core/api/error_reporter.cc.o
[ 98%] Building CXX object CMakeFiles/tensorflow-lite.dir/work/s2602/tf-shared/tensorflow/compiler/mlir/lite/core/api/flatbuffer_conversions.cc.o
[ 98%] Building CXX object CMakeFiles/tensorflow-lite.dir/converter/core/model_builder_base.cc.o
/work/s2602/src/rvspoc-S2602-litert-pr4/tflite/converter/allocation.cc: In constructor ‘tflite::FileCopyAllocation::FileCopyAllocation(const char*, tflite::ErrorReporter*)’:
/work/s2602/src/rvspoc-S2602-litert-pr4/tflite/converter/allocation.cc:37:42: warning: ignoring attributes on template argument ‘int (*)(FILE*)’ [-Wignored-attributes]
   37 |   std::unique_ptr<FILE, decltype(&fclose)> file(fopen(filename, "rb"), fclose);
      |                                          ^
[ 98%] Building CXX object CMakeFiles/tensorflow-lite.dir/work/s2602/tf-shared/tensorflow/compiler/mlir/lite/experimental/remat/metadata_util.cc.o
[ 98%] Building CXX object CMakeFiles/tensorflow-lite.dir/converter/mmap_allocation.cc.o
[ 98%] Building CXX object CMakeFiles/tensorflow-lite.dir/converter/schema/schema_utils.cc.o
[ 98%] Building CXX object CMakeFiles/tensorflow-lite.dir/work/s2602/tf-shared/tensorflow/compiler/mlir/lite/utils/string_utils.cc.o
[100%] Linking CXX static library libtensorflow-lite.a
[100%] Built target tensorflow-lite
