$DEBUG_LEVEL is 1, $LIB_MODE is shared
Makefile:184: Warning: Compiling in debug mode. Don't use the resulting binary in production
$DEBUG_LEVEL is 1, $LIB_MODE is shared
Makefile:184: Warning: Compiling in debug mode. Don't use the resulting binary in production
  CC       cache/cache.o
  CC       cache/cache_entry_roles.o
  CC       cache/cache_key.o
  CC       cache/cache_helpers.o
  CC       cache/cache_reservation_manager.o
  CC       cache/charged_cache.o
  CC       cache/clock_cache.o
  CC       cache/lru_cache.o
  CC       cache/compressed_secondary_cache.o
  CC       cache/secondary_cache.o
  CC       cache/secondary_cache_adapter.o
  CC       cache/sharded_cache.o
  CC       cache/tiered_secondary_cache.o
  CC       db/arena_wrapped_db_iter.o
  CC       db/attribute_group_iterator_impl.o
  CC       db/blob/blob_contents.o
  CC       db/blob/blob_fetcher.o
  CC       db/blob/blob_file_addition.o
  CC       db/blob/blob_file_builder.o
  CC       db/blob/blob_file_cache.o
  CC       db/blob/blob_file_garbage.o
  CC       db/blob/blob_file_meta.o
  CC       db/blob/blob_file_reader.o
  CC       db/blob/blob_garbage_meter.o
  CC       db/blob/blob_log_format.o
  CC       db/blob/blob_log_sequential_reader.o
  CC       db/blob/blob_log_writer.o
  CC       db/blob/blob_source.o
  CC       db/blob/prefetch_buffer_collection.o
  CC       db/builder.o
  CC       db/c.o
  CC       db/coalescing_iterator.o
  CC       db/column_family.o
  CC       db/compaction/compaction.o
  CC       db/compaction/compaction_iterator.o
  CC       db/compaction/compaction_job.o
  CC       db/compaction/compaction_picker.o
  CC       db/compaction/compaction_picker_fifo.o
  CC       db/compaction/compaction_picker_level.o
  CC       db/compaction/compaction_picker_universal.o
  CC       db/compaction/compaction_service_job.o
  CC       db/compaction/compaction_state.o
  CC       db/compaction/compaction_outputs.o
  CC       db/compaction/sst_partitioner.o
  CC       db/compaction/subcompaction_state.o
  CC       db/convenience.o
  CC       db/db_filesnapshot.o
  CC       db/db_impl/compacted_db_impl.o
  CC       db/db_impl/db_impl.o
  CC       db/db_impl/db_impl_compaction_flush.o
  CC       db/db_impl/db_impl_debug.o
  CC       db/db_impl/db_impl_experimental.o
  CC       db/db_impl/db_impl_files.o
  CC       db/db_impl/db_impl_follower.o
  CC       db/db_impl/db_impl_open.o
  CC       db/db_impl/db_impl_readonly.o
  CC       db/db_impl/db_impl_secondary.o
  CC       db/db_impl/db_impl_write.o
  CC       db/db_info_dumper.o
  CC       db/db_iter.o
  CC       db/dbformat.o
  CC       db/error_handler.o
  CC       db/event_helpers.o
  CC       db/experimental.o
  CC       db/external_sst_file_ingestion_job.o
  CC       db/file_indexer.o
  CC       db/flush_job.o
  CC       db/flush_scheduler.o
  CC       db/forward_iterator.o
  CC       db/import_column_family_job.o
  CC       db/internal_stats.o
  CC       db/logs_with_prep_tracker.o
  CC       db/log_reader.o
  CC       db/log_writer.o
  CC       db/malloc_stats.o
  CC       db/manifest_ops.o
  CC       db/memtable.o
  CC       db/memtable_list.o
  CC       db/merge_helper.o
  CC       db/merge_operator.o
  CC       db/multi_scan.o
  CC       db/output_validator.o
  CC       db/periodic_task_scheduler.o
  CC       db/range_del_aggregator.o
  CC       db/range_tombstone_fragmenter.o
  CC       db/repair.o
  CC       db/seqno_to_time_mapping.o
  CC       db/snapshot_impl.o
  CC       db/table_cache.o
  CC       db/table_properties_collector.o
  CC       db/transaction_log_impl.o
  CC       db/trim_history_scheduler.o
  CC       db/version_builder.o
  CC       db/version_edit.o
  CC       db/version_edit_handler.o
  CC       db/version_set.o
  CC       db/version_util.o
  CC       db/wal_edit.o
  CC       db/wal_manager.o
  CC       db/wide/wide_column_serialization.o
  CC       db/wide/wide_columns.o
  CC       db/wide/wide_columns_helper.o
  CC       db/write_batch.o
  CC       db/write_batch_base.o
  CC       db/write_controller.o
  CC       db/write_stall_stats.o
  CC       db/write_thread.o
  CC       env/composite_env.o
  CC       env/env.o
  CC       env/env_chroot.o
  CC       env/env_encryption.o
  CC       env/env_posix.o
  CC       env/file_system.o
  CC       env/fs_on_demand.o
  CC       env/fs_posix.o
  CC       env/fs_remap.o
  CC       env/file_system_tracer.o
  CC       env/io_posix.o
  CC       env/mock_env.o
  CC       env/unique_id_gen.o
  CC       file/delete_scheduler.o
  CC       file/file_prefetch_buffer.o
  CC       file/file_util.o
  CC       file/filename.o
  CC       file/line_file_reader.o
  CC       file/random_access_file_reader.o
  CC       file/read_write_util.o
  CC       file/readahead_raf.o
  CC       file/sequence_file_reader.o
  CC       file/sst_file_manager_impl.o
  CC       file/writable_file_writer.o
  CC       logging/auto_roll_logger.o
  CC       logging/event_logger.o
  CC       logging/log_buffer.o
  CC       memory/arena.o
  CC       memory/concurrent_arena.o
  CC       memory/jemalloc_nodump_allocator.o
  CC       memory/memkind_kmem_allocator.o
  CC       memory/memory_allocator.o
  CC       memtable/alloc_tracker.o
  CC       memtable/hash_linklist_rep.o
  CC       memtable/hash_skiplist_rep.o
  CC       memtable/skiplistrep.o
  CC       memtable/vectorrep.o
  CC       memtable/wbwi_memtable.o
  CC       memtable/write_buffer_manager.o
  CC       monitoring/histogram.o
  CC       monitoring/histogram_windowing.o
  CC       monitoring/in_memory_stats_history.o
  CC       monitoring/instrumented_mutex.o
  CC       monitoring/iostats_context.o
  CC       monitoring/perf_context.o
  CC       monitoring/perf_level.o
  CC       monitoring/persistent_stats_history.o
  CC       monitoring/statistics.o
  CC       monitoring/thread_status_impl.o
  CC       monitoring/thread_status_updater.o
  CC       monitoring/thread_status_updater_debug.o
  CC       monitoring/thread_status_util.o
  CC       monitoring/thread_status_util_debug.o
  CC       options/cf_options.o
  CC       options/configurable.o
  CC       options/customizable.o
  CC       options/db_options.o
  CC       options/offpeak_time_info.o
  CC       options/options.o
  CC       options/options_helper.o
  CC       options/options_parser.o
  CC       port/mmap.o
  CC       port/port_posix.o
  CC       port/win/env_default.o
  CC       port/win/env_win.o
  CC       port/win/io_win.o
  CC       port/win/port_win.o
  CC       port/win/win_logger.o
  CC       port/win/win_thread.o
  CC       port/stack_trace.o
  CC       table/adaptive/adaptive_table_factory.o
  CC       table/block_based/binary_search_index_reader.o
  CC       table/block_based/block.o
  CC       table/block_based/block_based_table_builder.o
  CC       table/block_based/block_based_table_factory.o
  CC       table/block_based/block_based_table_iterator.o
  CC       table/block_based/multi_scan_index_iterator.o
  CC       table/block_based/block_based_table_reader.o
  CC       table/block_based/block_builder.o
  CC       table/block_based/block_cache.o
  CC       table/block_based/block_prefetcher.o
  CC       table/block_based/block_prefix_index.o
  CC       table/block_based/data_block_hash_index.o
  CC       table/block_based/data_block_footer.o
  CC       table/block_based/filter_block_reader_common.o
  CC       table/block_based/filter_policy.o
  CC       table/block_based/flush_block_policy.o
  CC       table/block_based/full_filter_block.o
  CC       table/block_based/hash_index_reader.o
  CC       table/block_based/index_builder.o
  CC       table/block_based/index_reader_common.o
  CC       table/block_based/parsed_full_filter_block.o
  CC       table/block_based/partitioned_filter_block.o
  CC       table/block_based/partitioned_index_iterator.o
  CC       table/block_based/partitioned_index_reader.o
  CC       table/block_based/reader_common.o
  CC       table/block_based/uncompression_dict_reader.o
  CC       table/block_fetcher.o
  CC       table/cuckoo/cuckoo_table_builder.o
  CC       table/cuckoo/cuckoo_table_factory.o
  CC       table/cuckoo/cuckoo_table_reader.o
  CC       table/external_table.o
  CC       table/format.o
  CC       table/get_context.o
  CC       table/iterator.o
  CC       table/merging_iterator.o
  CC       table/compaction_merging_iterator.o
  CC       table/meta_blocks.o
  CC       table/persistent_cache_helper.o
  CC       table/plain/plain_table_bloom.o
  CC       table/plain/plain_table_builder.o
  CC       table/plain/plain_table_factory.o
  CC       table/plain/plain_table_index.o
  CC       table/plain/plain_table_key_coding.o
  CC       table/plain/plain_table_reader.o
  CC       table/sst_file_dumper.o
  CC       table/sst_file_reader.o
  CC       table/sst_file_writer.o
  CC       table/table_factory.o
  CC       table/table_properties.o
  CC       table/two_level_iterator.o
  CC       table/unique_id.o
  CC       test_util/sync_point.o
  CC       test_util/sync_point_impl.o
  CC       test_util/transaction_test_util.o
  CC       tools/dump/db_dump_tool.o
  CC       trace_replay/trace_record_handler.o
  CC       trace_replay/trace_record_result.o
  CC       trace_replay/trace_record.o
  CC       trace_replay/trace_replay.o
  CC       trace_replay/block_cache_tracer.o
  CC       trace_replay/io_tracer.o
  CC       util/async_file_reader.o
  CC       util/auto_tune_compressor.o
  CC       util/cleanable.o
  CC       util/coding.o
  CC       util/compaction_job_stats_impl.o
  CC       util/comparator.o
  CC       util/compression.o
  CC       util/compression_context_cache.o
  CC       util/concurrent_task_limiter_impl.o
  CC       util/crc32c.o
  CC       util/crc32c_arm64.o
  CC       util/data_structure.o
  CC       util/dynamic_bloom.o
  CC       util/hash.o
  CC       util/murmurhash.o
  CC       util/random.o
  CC       util/rate_limiter.o
  CC       util/ribbon_config.o
  CC       util/slice.o
  CC       util/file_checksum_helper.o
  CC       util/simple_mixed_compressor.o
  CC       util/status.o
  CC       util/stderr_logger.o
  CC       util/string_util.o
  CC       util/thread_local.o
  CC       util/threadpool_imp.o
  CC       util/io_dispatcher_imp.o
  CC       util/udt_util.o
  CC       util/write_batch_util.o
  CC       util/xxhash.o
  CC       utilities/agg_merge/agg_merge.o
  CC       utilities/backup/backup_engine.o
  CC       utilities/blob_db/blob_compaction_filter.o
  CC       utilities/blob_db/blob_db.o
  CC       utilities/blob_db/blob_db_impl.o
  CC       utilities/blob_db/blob_db_impl_filesnapshot.o
  CC       utilities/blob_db/blob_file.o
  CC       utilities/cache_dump_load.o
  CC       utilities/cache_dump_load_impl.o
  CC       utilities/cassandra/cassandra_compaction_filter.o
  CC       utilities/cassandra/format.o
  CC       utilities/cassandra/merge_operator.o
  CC       utilities/checkpoint/checkpoint_impl.o
  CC       utilities/compaction_filters.o
  CC       utilities/compaction_filters/remove_emptyvalue_compactionfilter.o
  CC       utilities/convenience/info_log_finder.o
  CC       utilities/counted_fs.o
  CC       utilities/debug.o
  CC       utilities/env_mirror.o
  CC       utilities/env_timed.o
  CC       utilities/fault_injection_env.o
  CC       utilities/fault_injection_fs.o
  CC       utilities/fault_injection_secondary_cache.o
  CC       utilities/leveldb_options/leveldb_options.o
  CC       utilities/memory/memory_util.o
  CC       utilities/merge_operators.o
  CC       utilities/merge_operators/max.o
  CC       utilities/merge_operators/put.o
  CC       utilities/merge_operators/sortlist.o
  CC       utilities/merge_operators/string_append/stringappend.o
  CC       utilities/merge_operators/string_append/stringappend2.o
  CC       utilities/merge_operators/uint64add.o
  CC       utilities/merge_operators/bytesxor.o
  CC       utilities/object_registry.o
  CC       utilities/option_change_migration/option_change_migration.o
  CC       utilities/options/options_util.o
  CC       utilities/persistent_cache/block_cache_tier.o
  CC       utilities/persistent_cache/block_cache_tier_file.o
  CC       utilities/persistent_cache/block_cache_tier_metadata.o
  CC       utilities/persistent_cache/persistent_cache_tier.o
  CC       utilities/persistent_cache/volatile_tier_impl.o
  CC       utilities/secondary_index/secondary_index_iterator.o
  CC       utilities/secondary_index/simple_secondary_index.o
  CC       utilities/simulator_cache/cache_simulator.o
  CC       utilities/simulator_cache/sim_cache.o
  CC       utilities/table_properties_collectors/compact_for_tiering_collector.o
  CC       utilities/table_properties_collectors/compact_on_deletion_collector.o
  CC       utilities/trace/file_trace_reader_writer.o
  CC       utilities/trace/replayer_impl.o
  CC       utilities/transactions/lock/lock_manager.o
  CC       utilities/transactions/lock/point/point_lock_tracker.o
  CC       utilities/transactions/lock/point/point_lock_manager.o
  CC       utilities/transactions/optimistic_transaction.o
  CC       utilities/transactions/optimistic_transaction_db_impl.o
  CC       utilities/transactions/pessimistic_transaction.o
  CC       utilities/transactions/pessimistic_transaction_db.o
  CC       utilities/transactions/snapshot_checker.o
  CC       utilities/transactions/transaction_base.o
  CC       utilities/transactions/transaction_db_mutex_impl.o
  CC       utilities/transactions/transaction_util.o
  CC       utilities/transactions/write_prepared_txn.o
  CC       utilities/transactions/write_prepared_txn_db.o
  CC       utilities/transactions/write_unprepared_txn.o
  CC       utilities/transactions/write_unprepared_txn_db.o
  CC       utilities/ttl/db_ttl_impl.o
  CC       utilities/trie_index/bitvector.o
  CC       utilities/trie_index/louds_trie.o
  CC       utilities/trie_index/trie_index_factory.o
  CC       utilities/types_util.o
  CC       utilities/wal_filter.o
  CC       utilities/write_batch_with_index/write_batch_with_index.o
  CC       utilities/write_batch_with_index/write_batch_with_index_internal.o
  CC       utilities/transactions/lock/range/range_tree/lib/locktree/concurrent_tree.o
  CC       utilities/transactions/lock/range/range_tree/lib/locktree/keyrange.o
  CC       utilities/transactions/lock/range/range_tree/lib/locktree/lock_request.o
  CC       utilities/transactions/lock/range/range_tree/lib/locktree/locktree.o
  CC       utilities/transactions/lock/range/range_tree/lib/locktree/manager.o
  CC       utilities/transactions/lock/range/range_tree/lib/locktree/range_buffer.o
  CC       utilities/transactions/lock/range/range_tree/lib/locktree/treenode.o
  CC       utilities/transactions/lock/range/range_tree/lib/locktree/txnid_set.o
  CC       utilities/transactions/lock/range/range_tree/lib/locktree/wfg.o
  CC       utilities/transactions/lock/range/range_tree/lib/standalone_port.o
  CC       utilities/transactions/lock/range/range_tree/lib/util/dbt.o
  CC       utilities/transactions/lock/range/range_tree/lib/util/memarena.o
  CC       utilities/transactions/lock/range/range_tree/range_tree_lock_manager.o
  CC       utilities/transactions/lock/range/range_tree/range_tree_lock_tracker.o
  CC       cache/cache_bench.o
  CC       cache/cache_bench_tool.o
  CC       db/range_del_aggregator_bench.o
  CC       memtable/memtablerep_bench.o
  CC       table/table_reader_bench.o
  CC       db/db_test_util.o
  CC       db/db_with_timestamp_test_util.o
  CC       test_util/mock_time_env.o
  CC       test_util/secondary_cache_test_util.o
  CC       test_util/testharness.o
  CC       test_util/testutil.o
  CC       utilities/agg_merge/test_agg_merge.o
  CC       utilities/cassandra/test_utils.o
  CC       table/mock_table.o
  CC       third-party/gtest-1.8.1/fused-src/gtest/gtest-all.o
  CC       tools/db_bench.o
  CC       tools/db_bench_tool.o
  CC       tools/tool_hooks.o
  CC       tools/simulated_hybrid_file_system.o
  CC       util/filter_bench.o
  CC       utilities/persistent_cache/persistent_cache_bench.o
  CC       db_stress_tool/db_stress.o
  CC       tools/block_cache_analyzer/block_cache_trace_analyzer.o
  CC       tools/trace_analyzer_tool.o
  CC       db_stress_tool/batched_ops_stress.o
  CC       db_stress_tool/cf_consistency_stress.o
  CC       db_stress_tool/db_stress_common.o
  CC       db_stress_tool/db_stress_compaction_service.o
  CC       db_stress_tool/db_stress_compression_manager.o
  CC       db_stress_tool/db_stress_driver.o
  CC       db_stress_tool/db_stress_filters.o
  CC       db_stress_tool/db_stress_gflags.o
  CC       db_stress_tool/db_stress_listener.o
  CC       db_stress_tool/db_stress_shared_state.o
  CC       db_stress_tool/db_stress_test_base.o
  CC       db_stress_tool/db_stress_tool.o
  CC       db_stress_tool/db_stress_wide_merge_operator.o
  CC       db_stress_tool/expected_state.o
  CC       db_stress_tool/expected_value.o
  CC       db_stress_tool/no_batched_ops_stress.o
  CC       db_stress_tool/multi_ops_txns_stress.o
  CC       tools/io_tracer_parser_tool.o
  CC       tools/ldb_cmd.o
  CC       tools/ldb_tool.o
  CC       tools/sst_dump_tool.o
  CC       utilities/blob_db/blob_dump_tool.o
  CC       tools/blob_dump.o
  CC       tools/block_cache_analyzer/block_cache_trace_analyzer_tool.o
  CC       tools/db_repl_stress.o
  CC       tools/db_sanity_test.o
  CC       tools/ldb.o
  CC       tools/io_tracer_parser.o
  CC       tools/sst_dump.o
  CC       tools/write_stress.o
  CC       tools/dump/rocksdb_dump.o
  CC       tools/dump/rocksdb_undump.o
  CC       tools/trace_analyzer.o
  CC       env/env_basic_test.o
  CC       cache/cache_test.o
  CC       cache/cache_reservation_manager_test.o
  CC       cache/compressed_secondary_cache_test.o
  CC       cache/lru_cache_test.o
  CC       cache/tiered_secondary_cache_test.o
  CC       db/blob/blob_counting_iterator_test.o
  CC       db/blob/blob_file_addition_test.o
  CC       db/blob/blob_file_builder_test.o
  CC       db/blob/blob_file_cache_test.o
  CC       db/blob/blob_file_garbage_test.o
  CC       db/blob/blob_file_reader_test.o
  CC       db/blob/blob_garbage_meter_test.o
  CC       db/blob/blob_source_test.o
  CC       db/blob/db_blob_basic_test.o
  CC       db/blob/db_blob_compaction_test.o
  CC       db/blob/db_blob_corruption_test.o
  CC       db/blob/db_blob_index_test.o
  CC       db/column_family_test.o
  CC       db/compact_files_test.o
  CC       db/compaction/clipping_iterator_test.o
  CC       db/compaction/compaction_iterator_test.o
  CC       db/compaction/compaction_job_test.o
  CC       db/compaction/compaction_job_stats_test.o
  CC       db/compaction/compaction_picker_test.o
  CC       db/compaction/compaction_service_test.o
  CC       db/compaction/tiered_compaction_test.o
  CC       db/comparator_db_test.o
  CC       db/corruption_test.o
  CC       db/cuckoo_table_db_test.o
  CC       db/db_basic_test.o
  CC       db/db_block_cache_test.o
  CC       db/db_bloom_filter_test.o
  CC       db/db_compaction_abort_test.o
  CC       db/db_compaction_filter_test.o
  CC       db/db_compaction_test.o
  CC       db/db_clip_test.o
  CC       db/db_dynamic_level_test.o
  CC       db/db_encryption_test.o
  CC       db/db_etc3_test.o
  CC       db/db_flush_test.o
  CC       db/db_follower_test.o
  CC       db/db_readonly_with_timestamp_test.o
  CC       db/db_with_timestamp_basic_test.o
  CC       db/import_column_family_test.o
  CC       db/db_inplace_update_test.o
  CC       db/db_io_failure_test.o
  CC       db/db_iter_test.o
  CC       db/db_iter_stress_test.o
  CC       db/db_iterator_test.o
  CC       db/db_kv_checksum_test.o
  CC       db/db_log_iter_test.o
  CC       db/db_memtable_test.o
  CC       db/db_merge_operator_test.o
  CC       db/db_merge_operand_test.o
  CC       db/db_options_test.o
  CC       db/db_properties_test.o
  CC       db/db_range_del_test.o
  CC       db/db_rate_limiter_test.o
  CC       db/db_secondary_test.o
  CC       db/db_sst_test.o
  CC       db/db_statistics_test.o
  CC       db/db_table_properties_test.o
  CC       db/db_tailing_iter_test.o
  CC       db/db_test.o
  CC       db/db_test2.o
  CC       db/db_logical_block_size_cache_test.o
  CC       db/db_universal_compaction_test.o
  CC       db/db_wal_test.o
  CC       db/db_with_timestamp_compaction_test.o
  CC       db/db_write_buffer_manager_test.o
  CC       db/db_write_test.o
  CC       db/dbformat_test.o
  CC       db/deletefile_test.o
  CC       db/error_handler_fs_test.o
  CC       db/external_sst_file_basic_test.o
  CC       db/external_sst_file_test.o
  CC       db/fault_injection_test.o
  CC       db/file_indexer_test.o
  CC       db/filename_test.o
  CC       db/flush_job_test.o
  CC       db/listener_test.o
  CC       db/log_test.o
  CC       db/manual_compaction_test.o
  CC       db/memtable_list_test.o
  CC       db/merge_helper_test.o
  CC       db/merge_test.o
  CC       db/multi_cf_iterator_test.o
  CC       db/obsolete_files_test.o
  CC       db/options_file_test.o
  CC       db/perf_context_test.o
  CC       db/periodic_task_scheduler_test.o
  CC       db/plain_table_db_test.o
  CC       db/prefix_test.o
  CC       db/repair_test.o
  CC       db/range_del_aggregator_test.o
  CC       db/range_tombstone_fragmenter_test.o
  CC       db/seqno_time_test.o
  CC       db/table_properties_collector_test.o
  CC       db/version_builder_test.o
  CC       db/version_edit_test.o
  CC       db/version_set_test.o
  CC       db/wal_manager_test.o
  CC       db/wide/db_wide_basic_test.o
  CC       db/wide/wide_column_serialization_test.o
  CC       db/wide/wide_columns_helper_test.o
  CC       db/write_batch_test.o
  CC       db/write_callback_test.o
  CC       db/write_controller_test.o
  CC       env/env_test.o
  CC       env/io_posix_test.o
  CC       env/mock_env_test.o
  CC       file/delete_scheduler_test.o
  CC       file/prefetch_test.o
  CC       file/random_access_file_reader_test.o
  CC       logging/auto_roll_logger_test.o
  CC       logging/env_logger_test.o
  CC       logging/event_logger_test.o
  CC       memory/arena_test.o
  CC       memory/memory_allocator_test.o
  CC       memtable/inlineskiplist_test.o
  CC       memtable/skiplist_test.o
  CC       memtable/write_buffer_manager_test.o
  CC       monitoring/histogram_test.o
  CC       monitoring/iostats_context_test.o
  CC       monitoring/statistics_test.o
  CC       monitoring/stats_history_test.o
  CC       options/configurable_test.o
  CC       options/customizable_test.o
  CC       options/options_settable_test.o
  CC       options/options_test.o
  CC       table/block_based/block_based_table_reader_test.o
  CC       table/block_based/block_test.o
  CC       table/block_based/data_block_hash_index_test.o
  CC       table/block_based/full_filter_block_test.o
  CC       table/block_based/partitioned_filter_block_test.o
  CC       table/cleanable_test.o
  CC       table/cuckoo/cuckoo_table_builder_test.o
  CC       table/cuckoo/cuckoo_table_reader_test.o
  CC       table/merger_test.o
  CC       table/sst_file_reader_test.o
  CC       table/table_test.o
  CC       table/block_fetcher_test.o
  CC       test_util/testutil_test.o
  CC       util/compression_test.o
  CC       tools/block_cache_analyzer/block_cache_trace_analyzer_test.o
  CC       tools/io_tracer_parser_test.o
  CC       tools/ldb_cmd_test.o
  CC       tools/reduce_levels_test.o
  CC       tools/sst_dump_test.o
  CC       tools/trace_analyzer_test.o
  CC       trace_replay/block_cache_tracer_test.o
  CC       trace_replay/io_tracer_test.o
  CC       util/autovector_test.o
  CC       util/bloom_test.o
  CC       util/coding_test.o
  CC       util/crc32c_test.o
  CC       util/defer_test.o
  CC       util/dynamic_bloom_test.o
  CC       util/filelock_test.o
  CC       util/file_reader_writer_test.o
  CC       util/hash_test.o
  CC       util/heap_test.o
  CC       util/interval_test.o
  CC       util/io_dispatcher_test.o
  CC       util/random_test.o
  CC       util/rate_limiter_test.o
  CC       util/repeatable_thread_test.o
  CC       util/ribbon_test.o
  CC       util/slice_test.o
  CC       util/slice_transform_test.o
  CC       util/timer_queue_test.o
  CC       util/timer_test.o
  CC       util/thread_list_test.o
  CC       util/thread_local_test.o
  CC       util/udt_util_test.o
  CC       util/work_queue_test.o
  CC       utilities/agg_merge/agg_merge_test.o
  CC       utilities/backup/backup_engine_test.o
  CC       utilities/blob_db/blob_db_test.o
  CC       utilities/cassandra/cassandra_format_test.o
  CC       utilities/cassandra/cassandra_functional_test.o
  CC       utilities/cassandra/cassandra_row_merge_test.o
  CC       utilities/cassandra/cassandra_serialize_test.o
  CC       utilities/checkpoint/checkpoint_test.o
  CC       utilities/env_timed_test.o
  CC       utilities/fault_injection_fs_test.o
  CC       utilities/memory/memory_test.o
  CC       utilities/merge_operators/string_append/stringappend_test.o
  CC       utilities/object_registry_test.o
  CC       utilities/option_change_migration/option_change_migration_test.o
  CC       utilities/options/options_util_test.o
  CC       utilities/persistent_cache/hash_table_test.o
  CC       utilities/persistent_cache/persistent_cache_test.o
  CC       utilities/simulator_cache/cache_simulator_test.o
  CC       utilities/simulator_cache/sim_cache_test.o
  CC       utilities/table_properties_collectors/compact_for_tiering_collector_test.o
  CC       utilities/table_properties_collectors/compact_on_deletion_collector_test.o
  CC       utilities/transactions/optimistic_transaction_test.o
  CC       utilities/transactions/lock/range/range_locking_test.o
  CC       utilities/transactions/transaction_test.o
  CC       utilities/transactions/lock/point/point_lock_manager_test.o
  CC       utilities/transactions/lock/point/point_lock_manager_stress_test.o
  CC       utilities/transactions/write_prepared_transaction_test.o
  CC       utilities/transactions/write_prepared_transaction_seqno_test.o
  CC       utilities/transactions/write_unprepared_transaction_test.o
  CC       utilities/transactions/write_committed_transaction_ts_test.o
  CC       utilities/transactions/timestamped_snapshot_test.o
  CC       utilities/ttl/ttl_test.o
  CC       utilities/trie_index/trie_index_db_test.o
  CC       utilities/trie_index/trie_index_test.o
  CC       utilities/types_util_test.o
  CC       utilities/util_merge_operators_test.o
  CC       utilities/write_batch_with_index/write_batch_with_index_test.o
  CC       db/c_test.o
  GEN      util/build_version.cc
  AR       librocksdb_stress_debug.a
/usr/bin/ar: creating librocksdb_stress_debug.a
  CC       util/build_version.o
  CCLD     librocksdb.so.11.1.1
  AR       librocksdb_env_basic_test.a
/usr/bin/ar: creating librocksdb_env_basic_test.a
ln -fs librocksdb.so.11.1.1 librocksdb.so.11.1
ln -fs librocksdb.so.11.1.1 librocksdb.so.11
ln -fs librocksdb.so.11.1.1 librocksdb.so
  CCLD     cache_bench
  CCLD     range_del_aggregator_bench
  CCLD     memtablerep_bench
  AR       librocksdb_test_debug.so
  CCLD     db_bench
  CCLD     filter_bench
  CCLD     persistent_cache_bench
  AR       librocksdb_tools_debug.so
  CCLD     db_repl_stress
  CCLD     db_sanity_test
  CCLD     write_stress
  CCLD     librocksdb_test_debug.so
  CCLD     rocksdb_dump
  CCLD     rocksdb_undump
  CCLD     librocksdb_tools_debug.so
  CCLD     cache_reservation_manager_test
  CCLD     cache_test
  CCLD     table_reader_bench
  CCLD     tiered_secondary_cache_test
  CCLD     compressed_secondary_cache_test
  CCLD     lru_cache_test
  CCLD     blob_counting_iterator_test
  CCLD     blob_file_addition_test
  CCLD     blob_file_builder_test
  CCLD     blob_file_cache_test
  CCLD     blob_file_garbage_test
  CCLD     blob_file_reader_test
  CCLD     blob_garbage_meter_test
  CCLD     blob_source_test
  CCLD     db_blob_basic_test
  CCLD     db_blob_compaction_test
  CCLD     db_blob_corruption_test
  CCLD     db_blob_index_test
  CCLD     column_family_test
  CCLD     compact_files_test
  CCLD     clipping_iterator_test
  CCLD     compaction_iterator_test
  CCLD     compaction_job_test
  CCLD     compaction_job_stats_test
  CCLD     compaction_picker_test
  CCLD     compaction_service_test
  CCLD     tiered_compaction_test
  CCLD     comparator_db_test
  CCLD     corruption_test
  CCLD     cuckoo_table_db_test
  CCLD     db_basic_test
  CCLD     db_block_cache_test
  CCLD     db_bloom_filter_test
  CCLD     db_compaction_abort_test
  CCLD     db_compaction_filter_test
  CCLD     db_clip_test
  CCLD     db_dynamic_level_test
  CCLD     db_encryption_test
  CCLD     db_etc3_test
  CCLD     db_flush_test
  CCLD     db_follower_test
  CCLD     db_readonly_with_timestamp_test
  CCLD     db_with_timestamp_basic_test
  CCLD     import_column_family_test
  CCLD     db_inplace_update_test
  CCLD     db_io_failure_test
  CCLD     db_iter_test
  CCLD     db_iter_stress_test
  CCLD     db_iterator_test
  CCLD     db_kv_checksum_test
  CCLD     db_log_iter_test
  CCLD     db_memtable_test
  CCLD     db_merge_operator_test
  CCLD     db_merge_operand_test
  CCLD     db_options_test
  CCLD     db_properties_test
  CCLD     db_range_del_test
  CCLD     db_rate_limiter_test
  CCLD     db_secondary_test
  CCLD     db_sst_test
  CCLD     db_statistics_test
  CCLD     db_table_properties_test
  CCLD     db_tailing_iter_test
  CCLD     db_test
  CCLD     db_logical_block_size_cache_test
  CCLD     db_universal_compaction_test
  CCLD     db_wal_test
  CCLD     db_with_timestamp_compaction_test
  CCLD     db_write_buffer_manager_test
  CCLD     db_write_test
  CCLD     dbformat_test
  CCLD     deletefile_test
  CCLD     error_handler_fs_test
  CCLD     external_sst_file_basic_test
  CCLD     external_sst_file_test
  CCLD     fault_injection_test
  CCLD     file_indexer_test
  CCLD     filename_test
  CCLD     flush_job_test
  CCLD     listener_test
  CCLD     log_test
  CCLD     manual_compaction_test
  CCLD     memtable_list_test
  CCLD     merge_helper_test
  CCLD     merge_test
  CCLD     multi_cf_iterator_test
  CCLD     obsolete_files_test
  CCLD     options_file_test
  CCLD     perf_context_test
  CCLD     periodic_task_scheduler_test
  CCLD     plain_table_db_test
  CCLD     prefix_test
  CCLD     repair_test
  CCLD     range_del_aggregator_test
  CCLD     range_tombstone_fragmenter_test
  CCLD     seqno_time_test
  CCLD     table_properties_collector_test
  CCLD     version_builder_test
  CCLD     version_edit_test
  CCLD     version_set_test
  CCLD     wal_manager_test
  CCLD     db_wide_basic_test
  CCLD     wide_column_serialization_test
  CCLD     wide_columns_helper_test
  CCLD     write_batch_test
  CCLD     write_callback_test
  CCLD     write_controller_test
  CCLD     env_basic_test
  CCLD     env_test
  CCLD     io_posix_test
  CCLD     mock_env_test
  CCLD     delete_scheduler_test
  CCLD     prefetch_test
  CCLD     random_access_file_reader_test
  CCLD     auto_roll_logger_test
  CCLD     env_logger_test
  CCLD     event_logger_test
  CCLD     arena_test
  CCLD     memory_allocator_test
  CCLD     inlineskiplist_test
  CCLD     skiplist_test
  CCLD     write_buffer_manager_test
  CCLD     histogram_test
  CCLD     iostats_context_test
  CCLD     statistics_test
  CCLD     stats_history_test
  CCLD     configurable_test
  CCLD     customizable_test
  CCLD     options_settable_test
  CCLD     block_based_table_reader_test
  CCLD     block_test
  CCLD     data_block_hash_index_test
  CCLD     full_filter_block_test
  CCLD     partitioned_filter_block_test
  CCLD     cleanable_test
  CCLD     cuckoo_table_builder_test
  CCLD     cuckoo_table_reader_test
  CCLD     merger_test
  CCLD     sst_file_reader_test
  CCLD     block_fetcher_test
  CCLD     testutil_test
  CCLD     compression_test
  CCLD     block_cache_trace_analyzer_test
  CCLD     io_tracer_parser_test
  CCLD     ldb_cmd_test
  CCLD     reduce_levels_test
  CCLD     sst_dump_test
  CCLD     trace_analyzer_test
  CCLD     block_cache_tracer_test
  CCLD     io_tracer_test
  CCLD     autovector_test
  CCLD     bloom_test
  CCLD     coding_test
  CCLD     crc32c_test
  CCLD     defer_test
  CCLD     dynamic_bloom_test
  CCLD     filelock_test
  CCLD     file_reader_writer_test
  CCLD     hash_test
  CCLD     heap_test
  CCLD     interval_test
  CCLD     io_dispatcher_test
  CCLD     random_test
  CCLD     rate_limiter_test
  CCLD     repeatable_thread_test
  CCLD     slice_test
  CCLD     slice_transform_test
  CCLD     timer_queue_test
  CCLD     timer_test
  CCLD     thread_local_test
  CCLD     thread_list_test
  CCLD     udt_util_test
  CCLD     work_queue_test
  CCLD     agg_merge_test
  CCLD     backup_engine_test
  CCLD     blob_db_test
  CCLD     cassandra_format_test
  CCLD     cassandra_functional_test
  CCLD     cassandra_row_merge_test
  CCLD     cassandra_serialize_test
  CCLD     checkpoint_test
  CCLD     env_timed_test
  CCLD     fault_injection_fs_test
  CCLD     memory_test
  CCLD     stringappend_test
  CCLD     object_registry_test
  CCLD     option_change_migration_test
  CCLD     options_util_test
  CCLD     hash_table_test
  CCLD     persistent_cache_test
  CCLD     cache_simulator_test
  CCLD     sim_cache_test
  CCLD     compact_for_tiering_collector_test
  CCLD     compact_on_deletion_collector_test
  CCLD     range_locking_test
  CCLD     point_lock_manager_test
  CCLD     point_lock_manager_stress_test
  CCLD     write_prepared_transaction_seqno_test
  CCLD     write_unprepared_transaction_test
  CCLD     write_committed_transaction_ts_test
  CCLD     timestamped_snapshot_test
  CCLD     ttl_test
  CCLD     trie_index_db_test
  CCLD     types_util_test
  CCLD     util_merge_operators_test
  CCLD     c_test
  CCLD     db_stress
  CCLD     blob_dump
  CCLD     block_cache_trace_analyzer
  CCLD     ldb
  CCLD     io_tracer_parser
  CCLD     sst_dump
  CCLD     trace_analyzer
  CCLD     db_compaction_test
  CCLD     db_test2
  CCLD     optimistic_transaction_test
  CCLD     trie_index_test
  CCLD     write_prepared_transaction_test
  CCLD     options_test
  CCLD     table_test
  CCLD     write_batch_with_index_test
  CCLD     ribbon_test
  CCLD     transaction_test
Cleaning up stale test directories older than 3 hours...
make gen_parallel_tests
make[1]: Entering directory '/home/rvspoc/rvspoc-baseline/src/rocksdb'
$DEBUG_LEVEL is 1, $LIB_MODE is shared
Makefile:184: Warning: Compiling in debug mode. Don't use the resulting binary in production
make parallel_cache_test parallel_cache_reservation_manager_test parallel_compressed_secondary_cache_test parallel_lru_cache_test parallel_tiered_secondary_cache_test parallel_blob_counting_iterator_test parallel_blob_file_addition_test parallel_blob_file_builder_test parallel_blob_file_cache_test parallel_blob_file_garbage_test parallel_blob_file_reader_test parallel_blob_garbage_meter_test parallel_blob_source_test parallel_db_blob_basic_test parallel_db_blob_compaction_test parallel_db_blob_corruption_test parallel_db_blob_index_test parallel_column_family_test parallel_compact_files_test parallel_clipping_iterator_test parallel_compaction_iterator_test parallel_compaction_job_test parallel_compaction_job_stats_test parallel_compaction_picker_test parallel_compaction_service_test parallel_tiered_compaction_test parallel_comparator_db_test parallel_corruption_test parallel_cuckoo_table_db_test parallel_db_basic_test parallel_db_block_cache_test parallel_db_compaction_abort_test parallel_db_compaction_filter_test parallel_db_compaction_test parallel_db_clip_test parallel_db_dynamic_level_test parallel_db_encryption_test parallel_db_etc3_test parallel_db_flush_test parallel_db_follower_test parallel_db_readonly_with_timestamp_test parallel_db_with_timestamp_basic_test parallel_import_column_family_test parallel_db_inplace_update_test parallel_db_iter_test parallel_db_iter_stress_test parallel_db_iterator_test parallel_db_kv_checksum_test parallel_db_log_iter_test parallel_db_memtable_test parallel_db_merge_operator_test parallel_db_merge_operand_test parallel_db_options_test parallel_db_properties_test parallel_db_range_del_test parallel_db_rate_limiter_test parallel_db_secondary_test parallel_db_sst_test parallel_db_statistics_test parallel_db_table_properties_test parallel_db_tailing_iter_test parallel_db_test parallel_db_test2 parallel_db_logical_block_size_cache_test parallel_db_universal_compaction_test parallel_db_wal_test parallel_db_with_timestamp_compaction_test parallel_db_write_buffer_manager_test parallel_db_write_test parallel_dbformat_test parallel_error_handler_fs_test parallel_external_sst_file_basic_test parallel_external_sst_file_test parallel_fault_injection_test parallel_file_indexer_test parallel_filename_test parallel_flush_job_test parallel_listener_test parallel_log_test parallel_manual_compaction_test parallel_memtable_list_test parallel_merge_helper_test parallel_merge_test parallel_multi_cf_iterator_test parallel_options_file_test parallel_periodic_task_scheduler_test parallel_plain_table_db_test parallel_prefix_test parallel_repair_test parallel_range_del_aggregator_test parallel_range_tombstone_fragmenter_test parallel_seqno_time_test parallel_table_properties_collector_test parallel_version_builder_test parallel_version_edit_test parallel_version_set_test parallel_wal_manager_test parallel_db_wide_basic_test parallel_wide_column_serialization_test parallel_wide_columns_helper_test parallel_write_batch_test parallel_write_callback_test parallel_write_controller_test parallel_env_basic_test parallel_io_posix_test parallel_mock_env_test parallel_delete_scheduler_test parallel_random_access_file_reader_test parallel_auto_roll_logger_test parallel_env_logger_test parallel_event_logger_test parallel_arena_test parallel_memory_allocator_test parallel_inlineskiplist_test parallel_skiplist_test parallel_write_buffer_manager_test parallel_histogram_test parallel_iostats_context_test parallel_statistics_test parallel_stats_history_test parallel_configurable_test parallel_customizable_test parallel_options_settable_test parallel_options_test parallel_block_based_table_reader_test parallel_block_test parallel_data_block_hash_index_test parallel_full_filter_block_test parallel_partitioned_filter_block_test parallel_cleanable_test parallel_cuckoo_table_builder_test parallel_cuckoo_table_reader_test parallel_merger_test parallel_sst_file_reader_test parallel_table_test parallel_block_fetcher_test parallel_testutil_test parallel_compression_test parallel_block_cache_trace_analyzer_test parallel_io_tracer_parser_test parallel_ldb_cmd_test parallel_reduce_levels_test parallel_sst_dump_test parallel_trace_analyzer_test parallel_block_cache_tracer_test parallel_io_tracer_test parallel_autovector_test parallel_bloom_test parallel_coding_test parallel_crc32c_test parallel_defer_test parallel_dynamic_bloom_test parallel_filelock_test parallel_file_reader_writer_test parallel_hash_test parallel_heap_test parallel_interval_test parallel_io_dispatcher_test parallel_random_test parallel_rate_limiter_test parallel_repeatable_thread_test parallel_ribbon_test parallel_slice_test parallel_slice_transform_test parallel_timer_queue_test parallel_timer_test parallel_thread_list_test parallel_thread_local_test parallel_udt_util_test parallel_work_queue_test parallel_agg_merge_test parallel_blob_db_test parallel_cassandra_format_test parallel_cassandra_functional_test parallel_cassandra_row_merge_test parallel_cassandra_serialize_test parallel_checkpoint_test parallel_env_timed_test parallel_fault_injection_fs_test parallel_memory_test parallel_stringappend_test parallel_object_registry_test parallel_option_change_migration_test parallel_options_util_test parallel_hash_table_test parallel_persistent_cache_test parallel_cache_simulator_test parallel_sim_cache_test parallel_compact_for_tiering_collector_test parallel_compact_on_deletion_collector_test parallel_optimistic_transaction_test parallel_range_locking_test parallel_transaction_test parallel_point_lock_manager_test parallel_point_lock_manager_stress_test parallel_write_prepared_transaction_test parallel_write_prepared_transaction_seqno_test parallel_write_unprepared_transaction_test parallel_write_committed_transaction_ts_test parallel_timestamped_snapshot_test parallel_ttl_test parallel_trie_index_db_test parallel_trie_index_test parallel_types_util_test parallel_util_merge_operators_test parallel_write_batch_with_index_test
make[2]: Entering directory '/home/rvspoc/rvspoc-baseline/src/rocksdb'
$DEBUG_LEVEL is 1, $LIB_MODE is shared
Makefile:184: Warning: Compiling in debug mode. Don't use the resulting binary in production
  Generating parallel test scripts for blob_file_addition_test
  Generating parallel test scripts for tiered_secondary_cache_test
  Generating parallel test scripts for blob_counting_iterator_test
  Generating parallel test scripts for lru_cache_test
  Generating parallel test scripts for cache_reservation_manager_test
  Generating parallel test scripts for blob_file_cache_test
  Generating parallel test scripts for blob_file_garbage_test
  Generating parallel test scripts for blob_garbage_meter_test
  Generating parallel test scripts for cache_test
  Generating parallel test scripts for blob_file_reader_test
  Generating parallel test scripts for blob_source_test
  Generating parallel test scripts for db_blob_compaction_test
  Generating parallel test scripts for db_blob_basic_test
  Generating parallel test scripts for blob_file_builder_test
  Generating parallel test scripts for compressed_secondary_cache_test
  Generating parallel test scripts for db_blob_corruption_test
  Generating parallel test scripts for compaction_job_stats_test
  Generating parallel test scripts for compaction_iterator_test
  Generating parallel test scripts for clipping_iterator_test
  Generating parallel test scripts for compact_files_test
  Generating parallel test scripts for db_blob_index_test
  Generating parallel test scripts for compaction_picker_test
  Generating parallel test scripts for compaction_job_test
  Generating parallel test scripts for column_family_test
  Generating parallel test scripts for comparator_db_test
  Generating parallel test scripts for corruption_test
  Generating parallel test scripts for compaction_service_test
  Generating parallel test scripts for db_basic_test
  Generating parallel test scripts for db_block_cache_test
  Generating parallel test scripts for tiered_compaction_test
  Generating parallel test scripts for db_compaction_abort_test
  Generating parallel test scripts for cuckoo_table_db_test
  Generating parallel test scripts for db_compaction_filter_test
  Generating parallel test scripts for db_clip_test
  Generating parallel test scripts for db_compaction_test
  Generating parallel test scripts for db_etc3_test
  Generating parallel test scripts for db_dynamic_level_test
  Generating parallel test scripts for db_encryption_test
  Generating parallel test scripts for db_flush_test
  Generating parallel test scripts for db_readonly_with_timestamp_test
  Generating parallel test scripts for db_follower_test
  Generating parallel test scripts for import_column_family_test
  Generating parallel test scripts for db_inplace_update_test
  Generating parallel test scripts for db_iter_test
  Generating parallel test scripts for db_iter_stress_test
  Generating parallel test scripts for db_iterator_test
  Generating parallel test scripts for db_log_iter_test
  Generating parallel test scripts for db_with_timestamp_basic_test
  Generating parallel test scripts for db_merge_operator_test
  Generating parallel test scripts for db_memtable_test
  Generating parallel test scripts for db_options_test
  Generating parallel test scripts for db_merge_operand_test
  Generating parallel test scripts for db_kv_checksum_test
  Generating parallel test scripts for db_properties_test
  Generating parallel test scripts for db_range_del_test
  Generating parallel test scripts for db_rate_limiter_test
  Generating parallel test scripts for db_secondary_test
  Generating parallel test scripts for db_sst_test
  Generating parallel test scripts for db_statistics_test
  Generating parallel test scripts for db_tailing_iter_test
  Generating parallel test scripts for db_table_properties_test
  Generating parallel test scripts for db_logical_block_size_cache_test
  Generating parallel test scripts for db_test2
  Generating parallel test scripts for db_test
  Generating parallel test scripts for db_universal_compaction_test
  Generating parallel test scripts for db_with_timestamp_compaction_test
  Generating parallel test scripts for db_write_buffer_manager_test
  Generating parallel test scripts for db_write_test
  Generating parallel test scripts for db_wal_test
  Generating parallel test scripts for dbformat_test
  Generating parallel test scripts for error_handler_fs_test
  Generating parallel test scripts for external_sst_file_test
  Generating parallel test scripts for fault_injection_test
  Generating parallel test scripts for external_sst_file_basic_test
  Generating parallel test scripts for file_indexer_test
  Generating parallel test scripts for filename_test
  Generating parallel test scripts for listener_test
  Generating parallel test scripts for flush_job_test
  Generating parallel test scripts for manual_compaction_test
  Generating parallel test scripts for log_test
  Generating parallel test scripts for memtable_list_test
  Generating parallel test scripts for merge_helper_test
  Generating parallel test scripts for merge_test
  Generating parallel test scripts for multi_cf_iterator_test
  Generating parallel test scripts for options_file_test
  Generating parallel test scripts for periodic_task_scheduler_test
  Generating parallel test scripts for plain_table_db_test
  Generating parallel test scripts for range_del_aggregator_test
  Generating parallel test scripts for repair_test
  Generating parallel test scripts for range_tombstone_fragmenter_test
  Generating parallel test scripts for prefix_test
  Generating parallel test scripts for seqno_time_test
  Generating parallel test scripts for table_properties_collector_test
  Generating parallel test scripts for version_edit_test
  Generating parallel test scripts for wal_manager_test
  Generating parallel test scripts for version_builder_test
  Generating parallel test scripts for version_set_test
  Generating parallel test scripts for db_wide_basic_test
  Generating parallel test scripts for wide_column_serialization_test
  Generating parallel test scripts for wide_columns_helper_test
  Generating parallel test scripts for write_batch_test
  Generating parallel test scripts for write_controller_test
  Generating parallel test scripts for env_basic_test
  Generating parallel test scripts for write_callback_test
  Generating parallel test scripts for io_posix_test
  Generating parallel test scripts for delete_scheduler_test
  Generating parallel test scripts for mock_env_test
  Generating parallel test scripts for auto_roll_logger_test
  Generating parallel test scripts for random_access_file_reader_test
  Generating parallel test scripts for env_logger_test
  Generating parallel test scripts for event_logger_test
  Generating parallel test scripts for memory_allocator_test
  Generating parallel test scripts for arena_test
  Generating parallel test scripts for inlineskiplist_test
  Generating parallel test scripts for skiplist_test
  Generating parallel test scripts for write_buffer_manager_test
  Generating parallel test scripts for iostats_context_test
  Generating parallel test scripts for histogram_test
  Generating parallel test scripts for stats_history_test
  Generating parallel test scripts for customizable_test
  Generating parallel test scripts for statistics_test
  Generating parallel test scripts for options_settable_test
  Generating parallel test scripts for configurable_test
  Generating parallel test scripts for options_test
  Generating parallel test scripts for full_filter_block_test
  Generating parallel test scripts for cuckoo_table_builder_test
  Generating parallel test scripts for partitioned_filter_block_test
  Generating parallel test scripts for cleanable_test
  Generating parallel test scripts for data_block_hash_index_test
  Generating parallel test scripts for cuckoo_table_reader_test
  Generating parallel test scripts for merger_test
  Generating parallel test scripts for testutil_test
  Generating parallel test scripts for sst_file_reader_test
  Generating parallel test scripts for block_fetcher_test
  Generating parallel test scripts for compression_test
  Generating parallel test scripts for block_cache_trace_analyzer_test
  Generating parallel test scripts for io_tracer_parser_test
  Generating parallel test scripts for ldb_cmd_test
  Generating parallel test scripts for reduce_levels_test
  Generating parallel test scripts for block_cache_tracer_test
  Generating parallel test scripts for io_tracer_test
  Generating parallel test scripts for sst_dump_test
  Generating parallel test scripts for trace_analyzer_test
  Generating parallel test scripts for autovector_test
  Generating parallel test scripts for bloom_test
  Generating parallel test scripts for coding_test
  Generating parallel test scripts for defer_test
  Generating parallel test scripts for table_test
  Generating parallel test scripts for dynamic_bloom_test
NPHash64 id: 251012e7
  Generating parallel test scripts for crc32c_test
  Generating parallel test scripts for file_reader_writer_test
  Generating parallel test scripts for hash_test
  Generating parallel test scripts for heap_test
  Generating parallel test scripts for filelock_test
  Generating parallel test scripts for random_test
  Generating parallel test scripts for interval_test
  Generating parallel test scripts for io_dispatcher_test
  Generating parallel test scripts for repeatable_thread_test
  Generating parallel test scripts for rate_limiter_test
  Generating parallel test scripts for block_test
  Generating parallel test scripts for slice_test
  Generating parallel test scripts for ribbon_test
  Generating parallel test scripts for slice_transform_test
  Generating parallel test scripts for timer_queue_test
  Generating parallel test scripts for timer_test
  Generating parallel test scripts for thread_local_test
  Generating parallel test scripts for thread_list_test
  Generating parallel test scripts for udt_util_test
  Generating parallel test scripts for work_queue_test
  Generating parallel test scripts for agg_merge_test
  Generating parallel test scripts for blob_db_test
  Generating parallel test scripts for cassandra_functional_test
  Generating parallel test scripts for cassandra_format_test
  Generating parallel test scripts for cassandra_row_merge_test
  Generating parallel test scripts for block_based_table_reader_test
  Generating parallel test scripts for cassandra_serialize_test
  Generating parallel test scripts for env_timed_test
  Generating parallel test scripts for checkpoint_test
  Generating parallel test scripts for fault_injection_fs_test
  Generating parallel test scripts for memory_test
  Generating parallel test scripts for stringappend_test
  Generating parallel test scripts for object_registry_test
  Generating parallel test scripts for option_change_migration_test
  Generating parallel test scripts for hash_table_test
  Generating parallel test scripts for cache_simulator_test
  Generating parallel test scripts for persistent_cache_test
  Generating parallel test scripts for options_util_test
  Generating parallel test scripts for compact_for_tiering_collector_test
  Generating parallel test scripts for sim_cache_test
  Generating parallel test scripts for compact_on_deletion_collector_test
  Generating parallel test scripts for range_locking_test
  Generating parallel test scripts for optimistic_transaction_test
  Generating parallel test scripts for point_lock_manager_stress_test
  Generating parallel test scripts for transaction_test
  Generating parallel test scripts for point_lock_manager_test
  Generating parallel test scripts for write_prepared_transaction_seqno_test
  Generating parallel test scripts for write_prepared_transaction_test
  Generating parallel test scripts for write_unprepared_transaction_test
  Generating parallel test scripts for write_committed_transaction_ts_test
  Generating parallel test scripts for timestamped_snapshot_test
  Generating parallel test scripts for ttl_test
  Generating parallel test scripts for trie_index_db_test
  Generating parallel test scripts for trie_index_test
  Generating parallel test scripts for util_merge_operators_test
  Generating parallel test scripts for types_util_test
  Generating parallel test scripts for write_batch_with_index_test
make[2]: Leaving directory '/home/rvspoc/rvspoc-baseline/src/rocksdb'
make[1]: Leaving directory '/home/rvspoc/rvspoc-baseline/src/rocksdb'
  GEN      check
make[1]: Entering directory '/home/rvspoc/rvspoc-baseline/src/rocksdb'
$DEBUG_LEVEL is 1, $LIB_MODE is shared
Makefile:184: Warning: Compiling in debug mode. Don't use the resulting binary in production

To monitor subtest <duration,pass/fail,name>,
  run "make watch-log" in a separate window


Computers / CPU cores / Max jobs to run
1:local / 32 / 32

Computer:jobs running/jobs completed/%of started jobs/Average seconds to complete
ETA: 0s Left: 38932 AVG: 0.00s  local:32/0/100%/0.0s 
ETA: 0s Left: 38784 AVG: 0.00s  local:32/148/100%/0.3s 
ETA: 1096s Left: 35472 AVG: 0.03s  local:32/3460/100%/0.0s 
ETA: 877s Left: 29139 AVG: 0.03s  local:32/9793/100%/0.0s 
ETA: 598s Left: 20970 AVG: 0.03s  local:32/17962/100%/0.0s 
ETA: 559s Left: 20011 AVG: 0.03s  local:32/18921/100%/0.0s 
ETA: 524s Left: 18907 AVG: 0.03s  local:32/20025/100%/0.0s 
ETA: 496s Left: 17752 AVG: 0.03s  local:32/21180/100%/0.0s 
ETA: 506s Left: 17613 AVG: 0.03s  local:32/21319/100%/0.0s 
ETA: 425s Left: 14430 AVG: 0.03s  local:32/24502/100%/0.0s 
ETA: 419s Left: 13907 AVG: 0.03s  local:32/25025/100%/0.0s 
ETA: 432s Left: 13871 AVG: 0.03s  local:32/25061/100%/0.0s 
ETA: 446s Left: 13839 AVG: 0.03s  local:32/25093/100%/0.0s 
ETA: 415s Left: 12567 AVG: 0.03s  local:32/26365/100%/0.0s 
Note: Google Test filter = RangeLockManager/AnyLockManagerTest.Deadlock/0
[==========] Running 1 test from 1 test case.
[----------] Global test environment set-up.
[----------] 1 test from RangeLockManager/AnyLockManagerTest
[ RUN      ] RangeLockManager/AnyLockManagerTest.Deadlock/0
Received signal 4 (Illegal instruction)
Invoking GDB for stack trace...
[New LWP 2222635]
[New LWP 2222601]
[New LWP 2222600]
[Thread debugging using libthread_db enabled]
Using host libthread_db library "/lib/riscv64-linux-gnu/libthread_db.so.1".
0x00007fffb8334bda in __GI___wait4 (pid=<optimized out>, stat_loc=0x7fffd3319b14, options=<optimized out>, usage=0x0) at ../sysdeps/unix/sysv/linux/wait4.c:30

warning: 30	../sysdeps/unix/sysv/linux/wait4.c: No such file or directory
#4  toku_time_now () at utilities/transactions/lock/range/range_tree/lib/locktree/../portability/toku_time.h:155
155	  asm volatile("rdcycle %0" : "=r"(cycles));
#5  toku::locktree::sto_end_early (this=this@entry=0x55558faf18e0, prepared_lkr=prepared_lkr@entry=0x7fffd331a3a0) at utilities/transactions/lock/range/range_tree/lib/locktree/locktree.cc:285
285	  tokutime_t t0 = toku_time_now();
#6  0x00007fffb8da6248 in toku::locktree::sto_try_acquire (this=this@entry=0x55558faf18e0, prepared_lkr=prepared_lkr@entry=0x7fffd331a3a0, txnid=txnid@entry=93825971152704, left_key=left_key@entry=0x7fffd331a5b0, right_key=right_key@entry=0x7fffd331a5d0, is_write_request=is_write_request@entry=true) at utilities/transactions/lock/range/range_tree/lib/locktree/locktree.cc:350
350	      sto_end_early(prepared_lkr);
#7  0x00007fffb8da6370 in toku::locktree::acquire_lock (this=0x55558faf18e0, is_write_request=is_write_request@entry=true, txnid=93825971152704, left_key=0x7fffd331a5b0, right_key=0x7fffd331a5d0, conflicts=conflicts@entry=0x7fffd331a480) at utilities/transactions/lock/range/range_tree/lib/locktree/locktree.cc:521
521	  bool acquired =
#8  0x00007fffb8da643a in toku::locktree::try_acquire_lock (this=<optimized out>, is_write_request=is_write_request@entry=true, txnid=<optimized out>, left_key=<optimized out>, right_key=<optimized out>, conflicts=conflicts@entry=0x7fffd331a480, big_txn=<optimized out>) at utilities/transactions/lock/range/range_tree/lib/locktree/locktree.cc:540
540	    r = acquire_lock(is_write_request, txnid, left_key, right_key, conflicts);
#9  0x00007fffb8da64b0 in toku::locktree::acquire_write_lock (this=<optimized out>, txnid=<optimized out>, left_key=<optimized out>, right_key=<optimized out>, conflicts=conflicts@entry=0x7fffd331a480, big_txn=<optimized out>) at utilities/transactions/lock/range/range_tree/lib/locktree/locktree.cc:556
556	  return try_acquire_lock(true, txnid, left_key, right_key, conflicts, big_txn);
#10 0x00007fffb8da3acc in toku::lock_request::start (this=this@entry=0x7fffd331a6e8) at utilities/transactions/lock/range/range_tree/lib/locktree/lock_request.cc:199
199	    r = m_lt->acquire_write_lock(m_txnid, m_left_key, m_right_key, &conflicts,
#11 0x00007fffb8db2e6c in rocksdb::RangeTreeLockManager::TryLock (this=0x55558fabd980, txn=0x55558fae6740, column_family_id=<optimized out>, start_endp=..., end_endp=..., exclusive=true) at utilities/transactions/lock/range/range_tree/range_tree_lock_manager.cc:117
117	  request.start();
#12 0x00007fffb8d50534 in rocksdb::RangeLockManagerBase::TryLock (this=this@entry=0x55558fabd980, txn=txn@entry=0x55558fae6740, column_family_id=column_family_id@entry=1, key="k2", env=<optimized out>, exclusive=exclusive@entry=true) at ./utilities/transactions/lock/range/range_lock_manager.h:30
30	    return TryLock(txn, column_family_id, endp, endp, env, exclusive);
#13 0x000055558fa2f4f8 in rocksdb::AnyLockManagerTest_Deadlock_Test::TestBody (this=0x55558fabaf40) at ./utilities/transactions/lock/point/any_lock_manager_test.h:160
160	  ASSERT_OK(locker_->TryLock(txn2, 1, "k2", env_, true));
#14 0x00007fffb9250ddc in testing::internal::HandleSehExceptionsInMethodIfSupported<testing::Test, void> (location=0x7fffb92579c0 "the test body", method=<optimized out>, object=0x55558fabaf40) at third-party/gtest-1.8.1/fused-src/gtest/gtest-all.cc:3931
3931	  return (object->*method)();
#15 testing::internal::HandleExceptionsInMethodIfSupported<testing::Test, void> (object=object@entry=0x55558fabaf40, method=<optimized out>, location=location@entry=0x7fffb92579c0 "the test body") at third-party/gtest-1.8.1/fused-src/gtest/gtest-all.cc:3967
3967	      return HandleSehExceptionsInMethodIfSupported(object, method, location);
#16 0x00007fffb9248756 in testing::Test::Run (this=0x55558fabaf40) at third-party/gtest-1.8.1/fused-src/gtest/gtest-all.cc:4005
4005	    internal::HandleExceptionsInMethodIfSupported(
#17 testing::Test::Run (this=0x55558fabaf40) at third-party/gtest-1.8.1/fused-src/gtest/gtest-all.cc:3996
3996	void Test::Run() {
#18 0x00007fffb9248854 in testing::TestInfo::Run (this=0x55558fab9b40) at third-party/gtest-1.8.1/fused-src/gtest/gtest-all.cc:4181
4181	    test->Run();
#19 testing::TestInfo::Run (this=0x55558fab9b40) at third-party/gtest-1.8.1/fused-src/gtest/gtest-all.cc:4155
4155	void TestInfo::Run() {
#20 0x00007fffb92488ec in testing::TestCase::Run (this=0x55558fab8fc0) at third-party/gtest-1.8.1/fused-src/gtest/gtest-all.cc:4299
4299	    GetMutableTestInfo(i)->Run();
#21 testing::TestCase::Run (this=0x55558fab8fc0) at third-party/gtest-1.8.1/fused-src/gtest/gtest-all.cc:4284
4284	void TestCase::Run() {
#22 0x00007fffb9248ca4 in testing::internal::UnitTestImpl::RunAllTests (this=0x55558fab6d10) at third-party/gtest-1.8.1/fused-src/gtest/gtest-all.cc:6665
6665	          GetMutableTestCase(test_index)->Run();
#23 0x00007fffb925132c in testing::internal::HandleSehExceptionsInMethodIfSupported<testing::internal::UnitTestImpl, bool> (location=0x7fffb9257bc8 "auxiliary test code (environments or event listeners)", method=<optimized out>, object=0x55558fab6d10) at third-party/gtest-1.8.1/fused-src/gtest/gtest-all.cc:3931
3931	  return (object->*method)();
#24 testing::internal::HandleExceptionsInMethodIfSupported<testing::internal::UnitTestImpl, bool> (object=0x55558fab6d10, method=<optimized out>, location=location@entry=0x7fffb9257bc8 "auxiliary test code (environments or event listeners)") at third-party/gtest-1.8.1/fused-src/gtest/gtest-all.cc:3967
3967	      return HandleSehExceptionsInMethodIfSupported(object, method, location);
#25 0x00007fffb9248e0a in testing::UnitTest::Run (this=0x7fffb928a728 <testing::UnitTest::GetInstance()::instance>) at third-party/gtest-1.8.1/fused-src/gtest/gtest-all.cc:6274
6274	  return internal::HandleExceptionsInMethodIfSupported(
#26 0x000055558fa28f66 in RUN_ALL_TESTS () at third-party/gtest-1.8.1/fused-src/gtest/gtest.h:22090
22090	  return ::testing::UnitTest::GetInstance()->Run();
#27 main (argc=<optimized out>, argv=0x7fffd331afb8) at utilities/transactions/lock/range/range_locking_test.cc:433
433	  return RUN_ALL_TESTS();
[Inferior 1 (process 2222581) detached]
Illegal instruction
Note: Google Test filter = RangeLockManager/AnyLockManagerTest.LockConflict/0
[==========] Running 1 test from 1 test case.
[----------] Global test environment set-up.
[----------] 1 test from RangeLockManager/AnyLockManagerTest
[ RUN      ] RangeLockManager/AnyLockManagerTest.LockConflict/0
Received signal 4 (Illegal instruction)
Invoking GDB for stack trace...
[New LWP 2222777]
[New LWP 2222756]
[New LWP 2222755]
[Thread debugging using libthread_db enabled]
Using host libthread_db library "/lib/riscv64-linux-gnu/libthread_db.so.1".
0x00007fff93734bda in __GI___wait4 (pid=<optimized out>, stat_loc=0x7fffffb77c94, options=<optimized out>, usage=0x0) at ../sysdeps/unix/sysv/linux/wait4.c:30

warning: 30	../sysdeps/unix/sysv/linux/wait4.c: No such file or directory
#4  toku_time_now () at utilities/transactions/lock/range/range_tree/lib/locktree/../portability/toku_time.h:155
155	  asm volatile("rdcycle %0" : "=r"(cycles));
#5  toku::locktree::sto_end_early (this=this@entry=0x555570ad0360, prepared_lkr=prepared_lkr@entry=0x7fffffb78520) at utilities/transactions/lock/range/range_tree/lib/locktree/locktree.cc:285
285	  tokutime_t t0 = toku_time_now();
#6  0x00007fff941a6248 in toku::locktree::sto_try_acquire (this=this@entry=0x555570ad0360, prepared_lkr=prepared_lkr@entry=0x7fffffb78520, txnid=txnid@entry=93825450975776, left_key=left_key@entry=0x7fffffb78730, right_key=right_key@entry=0x7fffffb78750, is_write_request=is_write_request@entry=true) at utilities/transactions/lock/range/range_tree/lib/locktree/locktree.cc:350
350	      sto_end_early(prepared_lkr);
#7  0x00007fff941a6370 in toku::locktree::acquire_lock (this=0x555570ad0360, is_write_request=is_write_request@entry=true, txnid=93825450975776, left_key=0x7fffffb78730, right_key=0x7fffffb78750, conflicts=conflicts@entry=0x7fffffb78600) at utilities/transactions/lock/range/range_tree/lib/locktree/locktree.cc:521
521	  bool acquired =
#8  0x00007fff941a643a in toku::locktree::try_acquire_lock (this=<optimized out>, is_write_request=is_write_request@entry=true, txnid=<optimized out>, left_key=<optimized out>, right_key=<optimized out>, conflicts=conflicts@entry=0x7fffffb78600, big_txn=<optimized out>) at utilities/transactions/lock/range/range_tree/lib/locktree/locktree.cc:540
540	    r = acquire_lock(is_write_request, txnid, left_key, right_key, conflicts);
#9  0x00007fff941a64b0 in toku::locktree::acquire_write_lock (this=<optimized out>, txnid=<optimized out>, left_key=<optimized out>, right_key=<optimized out>, conflicts=conflicts@entry=0x7fffffb78600, big_txn=<optimized out>) at utilities/transactions/lock/range/range_tree/lib/locktree/locktree.cc:556
556	  return try_acquire_lock(true, txnid, left_key, right_key, conflicts, big_txn);
#10 0x00007fff941a3acc in toku::lock_request::start (this=this@entry=0x7fffffb78868) at utilities/transactions/lock/range/range_tree/lib/locktree/lock_request.cc:199
199	    r = m_lt->acquire_write_lock(m_txnid, m_left_key, m_right_key, &conflicts,
#11 0x00007fff941b2e6c in rocksdb::RangeTreeLockManager::TryLock (this=0x555570aa9980, txn=0x555570ad2220, column_family_id=<optimized out>, start_endp=..., end_endp=..., exclusive=true) at utilities/transactions/lock/range/range_tree/range_tree_lock_manager.cc:117
117	  request.start();
#12 0x00007fff94150534 in rocksdb::RangeLockManagerBase::TryLock (this=this@entry=0x555570aa9980, txn=txn@entry=0x555570ad2220, column_family_id=column_family_id@entry=1, key="k1", env=<optimized out>, exclusive=exclusive@entry=true) at ./utilities/transactions/lock/range/range_lock_manager.h:30
30	    return TryLock(txn, column_family_id, endp, endp, env, exclusive);
#13 0x0000555570a176a4 in rocksdb::AnyLockManagerTest_LockConflict_Test::TestBody (this=0x555570aa6f40) at ./utilities/transactions/lock/point/any_lock_manager_test.h:100
100	    auto s = locker_->TryLock(txn2, 1, "k1", env_, true);
#14 0x00007fff945d5ddc in testing::internal::HandleSehExceptionsInMethodIfSupported<testing::Test, void> (location=0x7fff945dc9c0 "the test body", method=<optimized out>, object=0x555570aa6f40) at third-party/gtest-1.8.1/fused-src/gtest/gtest-all.cc:3931
3931	  return (object->*method)();
#15 testing::internal::HandleExceptionsInMethodIfSupported<testing::Test, void> (object=object@entry=0x555570aa6f40, method=<optimized out>, location=location@entry=0x7fff945dc9c0 "the test body") at third-party/gtest-1.8.1/fused-src/gtest/gtest-all.cc:3967
3967	      return HandleSehExceptionsInMethodIfSupported(object, method, location);
#16 0x00007fff945cd756 in testing::Test::Run (this=0x555570aa6f40) at third-party/gtest-1.8.1/fused-src/gtest/gtest-all.cc:4005
4005	    internal::HandleExceptionsInMethodIfSupported(
#17 testing::Test::Run (this=0x555570aa6f40) at third-party/gtest-1.8.1/fused-src/gtest/gtest-all.cc:3996
3996	void Test::Run() {
#18 0x00007fff945cd854 in testing::TestInfo::Run (this=0x555570aa5750) at third-party/gtest-1.8.1/fused-src/gtest/gtest-all.cc:4181
4181	    test->Run();
#19 testing::TestInfo::Run (this=0x555570aa5750) at third-party/gtest-1.8.1/fused-src/gtest/gtest-all.cc:4155
4155	void TestInfo::Run() {
#20 0x00007fff945cd8ec in testing::TestCase::Run (this=0x555570aa4fc0) at third-party/gtest-1.8.1/fused-src/gtest/gtest-all.cc:4299
4299	    GetMutableTestInfo(i)->Run();
#21 testing::TestCase::Run (this=0x555570aa4fc0) at third-party/gtest-1.8.1/fused-src/gtest/gtest-all.cc:4284
4284	void TestCase::Run() {
#22 0x00007fff945cdca4 in testing::internal::UnitTestImpl::RunAllTests (this=0x555570aa2d10) at third-party/gtest-1.8.1/fused-src/gtest/gtest-all.cc:6665
6665	          GetMutableTestCase(test_index)->Run();
#23 0x00007fff945d632c in testing::internal::HandleSehExceptionsInMethodIfSupported<testing::internal::UnitTestImpl, bool> (location=0x7fff945dcbc8 "auxiliary test code (environments or event listeners)", method=<optimized out>, object=0x555570aa2d10) at third-party/gtest-1.8.1/fused-src/gtest/gtest-all.cc:3931
3931	  return (object->*method)();
#24 testing::internal::HandleExceptionsInMethodIfSupported<testing::internal::UnitTestImpl, bool> (object=0x555570aa2d10, method=<optimized out>, location=location@entry=0x7fff945dcbc8 "auxiliary test code (environments or event listeners)") at third-party/gtest-1.8.1/fused-src/gtest/gtest-all.cc:3967
3967	      return HandleSehExceptionsInMethodIfSupported(object, method, location);
#25 0x00007fff945cde0a in testing::UnitTest::Run (this=0x7fff9460f728 <testing::UnitTest::GetInstance()::instance>) at third-party/gtest-1.8.1/fused-src/gtest/gtest-all.cc:6274
6274	  return internal::HandleExceptionsInMethodIfSupported(
#26 0x0000555570a14f66 in RUN_ALL_TESTS () at third-party/gtest-1.8.1/fused-src/gtest/gtest.h:22090
22090	  return ::testing::UnitTest::GetInstance()->Run();
#27 main (argc=<optimized out>, argv=0x7fffffb790b8) at utilities/transactions/lock/range/range_locking_test.cc:433
433	  return RUN_ALL_TESTS();
[Inferior 1 (process 2222754) detached]
Illegal instruction
Note: Google Test filter = RangeLockingTest.MultipleTrxLockStatusData
[==========] Running 1 test from 1 test case.
[----------] Global test environment set-up.
[----------] 1 test from RangeLockingTest
[ RUN      ] RangeLockingTest.MultipleTrxLockStatusData
Received signal 4 (Illegal instruction)
Invoking GDB for stack trace...
[New LWP 2222500]
[New LWP 2222462]
[New LWP 2222461]
[Thread debugging using libthread_db enabled]
Using host libthread_db library "/lib/riscv64-linux-gnu/libthread_db.so.1".
0x00007fffae36ebda in __GI___wait4 (pid=<optimized out>, stat_loc=0x7fffffc80234, options=<optimized out>, usage=0x0) at ../sysdeps/unix/sysv/linux/wait4.c:30

warning: 30	../sysdeps/unix/sysv/linux/wait4.c: No such file or directory
#4  toku_time_now () at utilities/transactions/lock/range/range_tree/lib/locktree/../portability/toku_time.h:155
155	  asm volatile("rdcycle %0" : "=r"(cycles));
#5  toku::locktree::sto_end_early (this=this@entry=0x55557793c110, prepared_lkr=prepared_lkr@entry=0x7fffffc80ac0) at utilities/transactions/lock/range/range_tree/lib/locktree/locktree.cc:285
285	  tokutime_t t0 = toku_time_now();
#6  0x00007fffadfa6248 in toku::locktree::sto_try_acquire (this=this@entry=0x55557793c110, prepared_lkr=prepared_lkr@entry=0x7fffffc80ac0, txnid=txnid@entry=93825566758480, left_key=left_key@entry=0x7fffffc80cd0, right_key=right_key@entry=0x7fffffc80cf0, is_write_request=is_write_request@entry=true) at utilities/transactions/lock/range/range_tree/lib/locktree/locktree.cc:350
350	      sto_end_early(prepared_lkr);
#7  0x00007fffadfa6370 in toku::locktree::acquire_lock (this=0x55557793c110, is_write_request=is_write_request@entry=true, txnid=93825566758480, left_key=0x7fffffc80cd0, right_key=0x7fffffc80cf0, conflicts=conflicts@entry=0x7fffffc80ba0) at utilities/transactions/lock/range/range_tree/lib/locktree/locktree.cc:521
521	  bool acquired =
#8  0x00007fffadfa643a in toku::locktree::try_acquire_lock (this=<optimized out>, is_write_request=is_write_request@entry=true, txnid=<optimized out>, left_key=<optimized out>, right_key=<optimized out>, conflicts=conflicts@entry=0x7fffffc80ba0, big_txn=<optimized out>) at utilities/transactions/lock/range/range_tree/lib/locktree/locktree.cc:540
540	    r = acquire_lock(is_write_request, txnid, left_key, right_key, conflicts);
#9  0x00007fffadfa64b0 in toku::locktree::acquire_write_lock (this=<optimized out>, txnid=<optimized out>, left_key=<optimized out>, right_key=<optimized out>, conflicts=conflicts@entry=0x7fffffc80ba0, big_txn=<optimized out>) at utilities/transactions/lock/range/range_tree/lib/locktree/locktree.cc:556
556	  return try_acquire_lock(true, txnid, left_key, right_key, conflicts, big_txn);
#10 0x00007fffadfa3acc in toku::lock_request::start (this=this@entry=0x7fffffc80e08) at utilities/transactions/lock/range/range_tree/lib/locktree/lock_request.cc:199
199	    r = m_lt->acquire_write_lock(m_txnid, m_left_key, m_right_key, &conflicts,
#11 0x00007fffadfb2e6c in rocksdb::RangeTreeLockManager::TryLock (this=0x555577913390, txn=0x55557793d650, column_family_id=<optimized out>, start_endp=..., end_endp=..., exclusive=true) at utilities/transactions/lock/range/range_tree/range_tree_lock_manager.cc:117
117	  request.start();
#12 0x00007fffadf4c25e in rocksdb::PessimisticTransactionDB::TryRangeLock (this=<optimized out>, txn=txn@entry=0x55557793d650, cfh_id=cfh_id@entry=0, start_endp=..., end_endp=...) at utilities/transactions/pessimistic_transaction_db.cc:496
496	                                /*exclusive=*/true);
#13 0x00007fffadf41ba2 in rocksdb::PessimisticTransaction::GetRangeLock (this=0x55557793d650, column_family=<optimized out>, start_endp=..., end_endp=...) at utilities/transactions/pessimistic_transaction.cc:1264
1264	  Status s = txn_db_impl_->TryRangeLock(this, cfh_id, start_endp, end_endp);
#14 0x0000555577885498 in rocksdb::RangeLockingTest_MultipleTrxLockStatusData_Test::TestBody (this=0x55557790ff20) at utilities/transactions/lock/range/range_locking_test.cc:221
221	  ASSERT_OK(txn1->GetRangeLock(cf, Endpoint("b"), Endpoint("e")));
#15 0x00007fffae529ddc in testing::internal::HandleSehExceptionsInMethodIfSupported<testing::Test, void> (location=0x7fffae5309c0 "the test body", method=<optimized out>, object=0x55557790ff20) at third-party/gtest-1.8.1/fused-src/gtest/gtest-all.cc:3931
3931	  return (object->*method)();
#16 testing::internal::HandleExceptionsInMethodIfSupported<testing::Test, void> (object=object@entry=0x55557790ff20, method=<optimized out>, location=location@entry=0x7fffae5309c0 "the test body") at third-party/gtest-1.8.1/fused-src/gtest/gtest-all.cc:3967
3967	      return HandleSehExceptionsInMethodIfSupported(object, method, location);
#17 0x00007fffae521756 in testing::Test::Run (this=0x55557790ff20) at third-party/gtest-1.8.1/fused-src/gtest/gtest-all.cc:4005
4005	    internal::HandleExceptionsInMethodIfSupported(
#18 testing::Test::Run (this=0x55557790ff20) at third-party/gtest-1.8.1/fused-src/gtest/gtest-all.cc:3996
3996	void Test::Run() {
#19 0x00007fffae521854 in testing::TestInfo::Run (this=0x55557790cf70) at third-party/gtest-1.8.1/fused-src/gtest/gtest-all.cc:4181
4181	    test->Run();
#20 testing::TestInfo::Run (this=0x55557790cf70) at third-party/gtest-1.8.1/fused-src/gtest/gtest-all.cc:4155
4155	void TestInfo::Run() {
#21 0x00007fffae5218ec in testing::TestCase::Run (this=0x55557790c8e0) at third-party/gtest-1.8.1/fused-src/gtest/gtest-all.cc:4299
4299	    GetMutableTestInfo(i)->Run();
#22 testing::TestCase::Run (this=0x55557790c8e0) at third-party/gtest-1.8.1/fused-src/gtest/gtest-all.cc:4284
4284	void TestCase::Run() {
#23 0x00007fffae521ca4 in testing::internal::UnitTestImpl::RunAllTests (this=0x55557790bd10) at third-party/gtest-1.8.1/fused-src/gtest/gtest-all.cc:6665
6665	          GetMutableTestCase(test_index)->Run();
#24 0x00007fffae52a32c in testing::internal::HandleSehExceptionsInMethodIfSupported<testing::internal::UnitTestImpl, bool> (location=0x7fffae530bc8 "auxiliary test code (environments or event listeners)", method=<optimized out>, object=0x55557790bd10) at third-party/gtest-1.8.1/fused-src/gtest/gtest-all.cc:3931
3931	  return (object->*method)();
#25 testing::internal::HandleExceptionsInMethodIfSupported<testing::internal::UnitTestImpl, bool> (object=0x55557790bd10, method=<optimized out>, location=location@entry=0x7fffae530bc8 "auxiliary test code (environments or event listeners)") at third-party/gtest-1.8.1/fused-src/gtest/gtest-all.cc:3967
3967	      return HandleSehExceptionsInMethodIfSupported(object, method, location);
#26 0x00007fffae521e0a in testing::UnitTest::Run (this=0x7fffae563728 <testing::UnitTest::GetInstance()::instance>) at third-party/gtest-1.8.1/fused-src/gtest/gtest-all.cc:6274
6274	  return internal::HandleExceptionsInMethodIfSupported(
#27 0x000055557787df66 in RUN_ALL_TESTS () at third-party/gtest-1.8.1/fused-src/gtest/gtest.h:22090
22090	  return ::testing::UnitTest::GetInstance()->Run();
#28 main (argc=<optimized out>, argv=0x7fffffc81778) at utilities/transactions/lock/range/range_locking_test.cc:433
433	  return RUN_ALL_TESTS();
[Inferior 1 (process 2222446) detached]
Illegal instruction (core dumped)
Note: Google Test filter = RangeLockManager/AnyLockManagerTest.SharedLocks/0
[==========] Running 1 test from 1 test case.
[----------] Global test environment set-up.
[----------] 1 test from RangeLockManager/AnyLockManagerTest
[ RUN      ] RangeLockManager/AnyLockManagerTest.SharedLocks/0
Received signal 4 (Illegal instruction)
Invoking GDB for stack trace...
[New LWP 2223039]
[New LWP 2223018]
[New LWP 2223017]
[Thread debugging using libthread_db enabled]
Using host libthread_db library "/lib/riscv64-linux-gnu/libthread_db.so.1".
0x00007fff99b34bda in __GI___wait4 (pid=<optimized out>, stat_loc=0x7fffcda3e8b4, options=<optimized out>, usage=0x0) at ../sysdeps/unix/sysv/linux/wait4.c:30

warning: 30	../sysdeps/unix/sysv/linux/wait4.c: No such file or directory
#4  toku_time_now () at utilities/transactions/lock/range/range_tree/lib/locktree/../portability/toku_time.h:155
155	  asm volatile("rdcycle %0" : "=r"(cycles));
#5  toku::locktree::sto_end_early (this=this@entry=0x555587b007b0, prepared_lkr=prepared_lkr@entry=0x7fffcda3f140) at utilities/transactions/lock/range/range_tree/lib/locktree/locktree.cc:285
285	  tokutime_t t0 = toku_time_now();
#6  0x00007fff9a5a6248 in toku::locktree::sto_try_acquire (this=this@entry=0x555587b007b0, prepared_lkr=prepared_lkr@entry=0x7fffcda3f140, txnid=txnid@entry=93825837036112, left_key=left_key@entry=0x7fffcda3f350, right_key=right_key@entry=0x7fffcda3f370, is_write_request=is_write_request@entry=false) at utilities/transactions/lock/range/range_tree/lib/locktree/locktree.cc:350
350	      sto_end_early(prepared_lkr);
#7  0x00007fff9a5a6370 in toku::locktree::acquire_lock (this=0x555587b007b0, is_write_request=is_write_request@entry=false, txnid=93825837036112, left_key=0x7fffcda3f350, right_key=0x7fffcda3f370, conflicts=conflicts@entry=0x7fffcda3f220) at utilities/transactions/lock/range/range_tree/lib/locktree/locktree.cc:521
521	  bool acquired =
#8  0x00007fff9a5a643a in toku::locktree::try_acquire_lock (this=<optimized out>, is_write_request=is_write_request@entry=false, txnid=<optimized out>, left_key=<optimized out>, right_key=<optimized out>, conflicts=conflicts@entry=0x7fffcda3f220, big_txn=<optimized out>) at utilities/transactions/lock/range/range_tree/lib/locktree/locktree.cc:540
540	    r = acquire_lock(is_write_request, txnid, left_key, right_key, conflicts);
#9  0x00007fff9a5a6492 in toku::locktree::acquire_read_lock (this=<optimized out>, txnid=<optimized out>, left_key=<optimized out>, right_key=<optimized out>, conflicts=conflicts@entry=0x7fffcda3f220, big_txn=<optimized out>) at utilities/transactions/lock/range/range_tree/lib/locktree/locktree.cc:549
549	  return try_acquire_lock(false, txnid, left_key, right_key, conflicts,
#10 0x00007fff9a5a39da in toku::lock_request::start (this=this@entry=0x7fffcda3f488) at utilities/transactions/lock/range/range_tree/lib/locktree/lock_request.cc:203
203	    r = m_lt->acquire_read_lock(m_txnid, m_left_key, m_right_key, &conflicts,
#11 0x00007fff9a5b2e6c in rocksdb::RangeTreeLockManager::TryLock (this=0x555587a8d980, txn=0x555587aff250, column_family_id=<optimized out>, start_endp=..., end_endp=..., exclusive=false) at utilities/transactions/lock/range/range_tree/range_tree_lock_manager.cc:117
117	  request.start();
#12 0x00007fff9a550534 in rocksdb::RangeLockManagerBase::TryLock (this=this@entry=0x555587a8d980, txn=txn@entry=0x555587aff250, column_family_id=column_family_id@entry=1, key="k", env=<optimized out>, exclusive=exclusive@entry=false) at ./utilities/transactions/lock/range/range_lock_manager.h:30
30	    return TryLock(txn, column_family_id, endp, endp, env, exclusive);
#13 0x00005555879fbdd2 in rocksdb::AnyLockManagerTest_SharedLocks_Test::TestBody (this=0x555587a8af40) at ./utilities/transactions/lock/point/any_lock_manager_test.h:133
133	  ASSERT_OK(locker_->TryLock(txn2, 1, "k", env_, false));
#14 0x00007fff9aa91ddc in testing::internal::HandleSehExceptionsInMethodIfSupported<testing::Test, void> (location=0x7fff9aa989c0 "the test body", method=<optimized out>, object=0x555587a8af40) at third-party/gtest-1.8.1/fused-src/gtest/gtest-all.cc:3931
3931	  return (object->*method)();
#15 testing::internal::HandleExceptionsInMethodIfSupported<testing::Test, void> (object=object@entry=0x555587a8af40, method=<optimized out>, location=location@entry=0x7fff9aa989c0 "the test body") at third-party/gtest-1.8.1/fused-src/gtest/gtest-all.cc:3967
3967	      return HandleSehExceptionsInMethodIfSupported(object, method, location);
#16 0x00007fff9aa89756 in testing::Test::Run (this=0x555587a8af40) at third-party/gtest-1.8.1/fused-src/gtest/gtest-all.cc:4005
4005	    internal::HandleExceptionsInMethodIfSupported(
#17 testing::Test::Run (this=0x555587a8af40) at third-party/gtest-1.8.1/fused-src/gtest/gtest-all.cc:3996
3996	void Test::Run() {
#18 0x00007fff9aa89854 in testing::TestInfo::Run (this=0x555587a89910) at third-party/gtest-1.8.1/fused-src/gtest/gtest-all.cc:4181
4181	    test->Run();
#19 testing::TestInfo::Run (this=0x555587a89910) at third-party/gtest-1.8.1/fused-src/gtest/gtest-all.cc:4155
4155	void TestInfo::Run() {
#20 0x00007fff9aa898ec in testing::TestCase::Run (this=0x555587a88fc0) at third-party/gtest-1.8.1/fused-src/gtest/gtest-all.cc:4299
4299	    GetMutableTestInfo(i)->Run();
#21 testing::TestCase::Run (this=0x555587a88fc0) at third-party/gtest-1.8.1/fused-src/gtest/gtest-all.cc:4284
4284	void TestCase::Run() {
#22 0x00007fff9aa89ca4 in testing::internal::UnitTestImpl::RunAllTests (this=0x555587a86d10) at third-party/gtest-1.8.1/fused-src/gtest/gtest-all.cc:6665
6665	          GetMutableTestCase(test_index)->Run();
#23 0x00007fff9aa9232c in testing::internal::HandleSehExceptionsInMethodIfSupported<testing::internal::UnitTestImpl, bool> (location=0x7fff9aa98bc8 "auxiliary test code (environments or event listeners)", method=<optimized out>, object=0x555587a86d10) at third-party/gtest-1.8.1/fused-src/gtest/gtest-all.cc:3931
3931	  return (object->*method)();
#24 testing::internal::HandleExceptionsInMethodIfSupported<testing::internal::UnitTestImpl, bool> (object=0x555587a86d10, method=<optimized out>, location=location@entry=0x7fff9aa98bc8 "auxiliary test code (environments or event listeners)") at third-party/gtest-1.8.1/fused-src/gtest/gtest-all.cc:3967
3967	      return HandleSehExceptionsInMethodIfSupported(object, method, location);
#25 0x00007fff9aa89e0a in testing::UnitTest::Run (this=0x7fff9aacb728 <testing::UnitTest::GetInstance()::instance>) at third-party/gtest-1.8.1/fused-src/gtest/gtest-all.cc:6274
6274	  return internal::HandleExceptionsInMethodIfSupported(
#26 0x00005555879f8f66 in RUN_ALL_TESTS () at third-party/gtest-1.8.1/fused-src/gtest/gtest.h:22090
22090	  return ::testing::UnitTest::GetInstance()->Run();
#27 main (argc=<optimized out>, argv=0x7fffcda3fd08) at utilities/transactions/lock/range/range_locking_test.cc:433
433	  return RUN_ALL_TESTS();
[Inferior 1 (process 2222992) detached]
Illegal instruction
Note: Google Test filter = RangeLockingTest.LockWaiteeAccess
[==========] Running 1 test from 1 test case.
[----------] Global test environment set-up.
[----------] 1 test from RangeLockingTest
[ RUN      ] RangeLockingTest.LockWaiteeAccess
Received signal 4 (Illegal instruction)
Invoking GDB for stack trace...
[Thread debugging using libthread_db enabled]
Using host libthread_db library "/lib/riscv64-linux-gnu/libthread_db.so.1".
0x00007fff89134bda in __GI___wait4 (pid=<optimized out>, stat_loc=0x7fff6fffd474, options=<optimized out>, usage=0x0) at ../sysdeps/unix/sysv/linux/wait4.c:30

warning: 30	../sysdeps/unix/sysv/linux/wait4.c: No such file or directory
#4  toku_time_now () at utilities/transactions/lock/range/range_tree/lib/locktree/../portability/toku_time.h:155
155	  asm volatile("rdcycle %0" : "=r"(cycles));
#5  toku::locktree::sto_end_early (this=this@entry=0x55558e24fd10, prepared_lkr=prepared_lkr@entry=0x7fff6fffdd00) at utilities/transactions/lock/range/range_tree/lib/locktree/locktree.cc:285
285	  tokutime_t t0 = toku_time_now();
#6  0x00007fff89ba6248 in toku::locktree::sto_try_acquire (this=this@entry=0x55558e24fd10, prepared_lkr=prepared_lkr@entry=0x7fff6fffdd00, txnid=txnid@entry=93825945370320, left_key=left_key@entry=0x7fff6fffdf10, right_key=right_key@entry=0x7fff6fffdf30, is_write_request=is_write_request@entry=true) at utilities/transactions/lock/range/range_tree/lib/locktree/locktree.cc:350
350	      sto_end_early(prepared_lkr);
#7  0x00007fff89ba6370 in toku::locktree::acquire_lock (this=0x55558e24fd10, is_write_request=is_write_request@entry=true, txnid=93825945370320, left_key=0x7fff6fffdf10, right_key=0x7fff6fffdf30, conflicts=conflicts@entry=0x7fff6fffdde0) at utilities/transactions/lock/range/range_tree/lib/locktree/locktree.cc:521
521	  bool acquired =
#8  0x00007fff89ba643a in toku::locktree::try_acquire_lock (this=<optimized out>, is_write_request=is_write_request@entry=true, txnid=<optimized out>, left_key=<optimized out>, right_key=<optimized out>, conflicts=conflicts@entry=0x7fff6fffdde0, big_txn=<optimized out>) at utilities/transactions/lock/range/range_tree/lib/locktree/locktree.cc:540
540	    r = acquire_lock(is_write_request, txnid, left_key, right_key, conflicts);
#9  0x00007fff89ba64b0 in toku::locktree::acquire_write_lock (this=<optimized out>, txnid=<optimized out>, left_key=<optimized out>, right_key=<optimized out>, conflicts=conflicts@entry=0x7fff6fffdde0, big_txn=<optimized out>) at utilities/transactions/lock/range/range_tree/lib/locktree/locktree.cc:556
556	  return try_acquire_lock(true, txnid, left_key, right_key, conflicts, big_txn);
#10 0x00007fff89ba3acc in toku::lock_request::start (this=this@entry=0x7fff6fffe048) at utilities/transactions/lock/range/range_tree/lib/locktree/lock_request.cc:199
199	    r = m_lt->acquire_write_lock(m_txnid, m_left_key, m_right_key, &conflicts,
#11 0x00007fff89bb2e6c in rocksdb::RangeTreeLockManager::TryLock (this=0x55558e2273c0, txn=0x55558e24fed0, column_family_id=<optimized out>, start_endp=..., end_endp=..., exclusive=true) at utilities/transactions/lock/range/range_tree/range_tree_lock_manager.cc:117
117	  request.start();
#12 0x00007fff89b4c25e in rocksdb::PessimisticTransactionDB::TryRangeLock (this=<optimized out>, txn=txn@entry=0x55558e24fed0, cfh_id=cfh_id@entry=0, start_endp=..., end_endp=...) at utilities/transactions/pessimistic_transaction_db.cc:496
496	                                /*exclusive=*/true);
#13 0x00007fff89b41ba2 in rocksdb::PessimisticTransaction::GetRangeLock (this=0x55558e24fed0, column_family=<optimized out>, start_endp=..., end_endp=...) at utilities/transactions/pessimistic_transaction.cc:1264
1264	  Status s = txn_db_impl_->TryRangeLock(this, cfh_id, start_endp, end_endp);
#14 0x000055558e1966b0 in operator() (__closure=0x55558e250cd8) at utilities/transactions/lock/range/range_locking_test.cc:385
385	    auto s = txn1->GetRangeLock(cf, Endpoint("b"), Endpoint("z"));
#15 std::__invoke_impl<void, rocksdb::RangeLockingTest_LockWaiteeAccess_Test::TestBody()::<lambda()> > (__f=...) at /usr/include/c++/13/bits/invoke.h:61
61	    { return std::forward<_Fn>(__f)(std::forward<_Args>(__args)...); }
#16 std::__invoke<rocksdb::RangeLockingTest_LockWaiteeAccess_Test::TestBody()::<lambda()> > (__fn=...) at /usr/include/c++/13/bits/invoke.h:96
96	      return std::__invoke_impl<__type>(__tag{}, std::forward<_Callable>(__fn),
#17 std::thread::_Invoker<std::tuple<rocksdb::RangeLockingTest_LockWaiteeAccess_Test::TestBody()::<lambda()> > >::_M_invoke<0> (this=0x55558e250cd8) at /usr/include/c++/13/bits/std_thread.h:292
292		  { return std::__invoke(std::get<_Ind>(std::move(_M_t))...); }
#18 std::thread::_Invoker<std::tuple<rocksdb::RangeLockingTest_LockWaiteeAccess_Test::TestBody()::<lambda()> > >::operator() (this=0x55558e250cd8) at /usr/include/c++/13/bits/std_thread.h:299
299		  return _M_invoke(_Indices());
#19 std::thread::_State_impl<std::thread::_Invoker<std::tuple<rocksdb::RangeLockingTest_LockWaiteeAccess_Test::TestBody()::<lambda()> > > >::_M_run(void) (this=0x55558e250cd0) at /usr/include/c++/13/bits/std_thread.h:244
244		_M_run() { _M_func(); }
#20 0x00007fff88ed1ce0 in ?? () from /lib/riscv64-linux-gnu/libstdc++.so.6
#21 0x00007fff890f0d2e in start_thread (arg=<optimized out>) at ./nptl/pthread_create.c:447
warning: 447	./nptl/pthread_create.c: No such file or directory
#22 0x00007fff8914358c in __thread_start_clone3 () at ../sysdeps/unix/sysv/linux/riscv/clone3.S:71
warning: 71	../sysdeps/unix/sysv/linux/riscv/clone3.S: No such file or directory
[Inferior 1 (process 2222456) detached]
Illegal instruction (core dumped)
Note: Google Test filter = RangeLockManager/AnyLockManagerTest.LockDowngrade/0
[==========] Running 1 test from 1 test case.
[----------] Global test environment set-up.
[----------] 1 test from RangeLockManager/AnyLockManagerTest
[ RUN      ] RangeLockManager/AnyLockManagerTest.LockDowngrade/0
Received signal 4 (Illegal instruction)
Invoking GDB for stack trace...
[New LWP 2222838]
[New LWP 2222822]
[New LWP 2222821]
[Thread debugging using libthread_db enabled]
Using host libthread_db library "/lib/riscv64-linux-gnu/libthread_db.so.1".
0x00007fff92f34bda in __GI___wait4 (pid=<optimized out>, stat_loc=0x7fffd6fadc54, options=<optimized out>, usage=0x0) at ../sysdeps/unix/sysv/linux/wait4.c:30

warning: 30	../sysdeps/unix/sysv/linux/wait4.c: No such file or directory
#4  toku_time_now () at utilities/transactions/lock/range/range_tree/lib/locktree/../portability/toku_time.h:155
155	  asm volatile("rdcycle %0" : "=r"(cycles));
#5  toku::locktree::sto_end_early (this=this@entry=0x55558bb30420, prepared_lkr=prepared_lkr@entry=0x7fffd6fae4d0) at utilities/transactions/lock/range/range_tree/lib/locktree/locktree.cc:285
285	  tokutime_t t0 = toku_time_now();
#6  0x00007fff939a6bf0 in toku::locktree::release_locks (this=0x55558bb30420, txnid=txnid@entry=93825904348592, ranges=ranges@entry=0x7fffd6fae5c8, all_trx_locks_hint=all_trx_locks_hint@entry=false) at utilities/transactions/lock/range/range_tree/lib/locktree/locktree.cc:731
731	        sto_end_early(&lkr);
#7  0x00007fff939b3ac8 in rocksdb::RangeTreeLockManager::UnLock (this=this@entry=0x55558bb08980, txn=txn@entry=0x55558bb30db0, column_family_id=column_family_id@entry=1, key="k") at utilities/transactions/lock/range/range_tree/range_tree_lock_manager.cc:183
183	  locktree->release_locks((TXNID)txn, &range_buf);
#8  0x000055558ba7632e in rocksdb::AnyLockManagerTest_LockDowngrade_Test::TestBody (this=0x55558bb05f40) at ./utilities/transactions/lock/point/any_lock_manager_test.h:86
86	  locker_->UnLock(txn, 1, "k", env_);
#9  0x00007fff93ea8ddc in testing::internal::HandleSehExceptionsInMethodIfSupported<testing::Test, void> (location=0x7fff93eaf9c0 "the test body", method=<optimized out>, object=0x55558bb05f40) at third-party/gtest-1.8.1/fused-src/gtest/gtest-all.cc:3931
3931	  return (object->*method)();
#10 testing::internal::HandleExceptionsInMethodIfSupported<testing::Test, void> (object=object@entry=0x55558bb05f40, method=<optimized out>, location=location@entry=0x7fff93eaf9c0 "the test body") at third-party/gtest-1.8.1/fused-src/gtest/gtest-all.cc:3967
3967	      return HandleSehExceptionsInMethodIfSupported(object, method, location);
#11 0x00007fff93ea0756 in testing::Test::Run (this=0x55558bb05f40) at third-party/gtest-1.8.1/fused-src/gtest/gtest-all.cc:4005
4005	    internal::HandleExceptionsInMethodIfSupported(
#12 testing::Test::Run (this=0x55558bb05f40) at third-party/gtest-1.8.1/fused-src/gtest/gtest-all.cc:3996
3996	void Test::Run() {
#13 0x00007fff93ea0854 in testing::TestInfo::Run (this=0x55558bb04540) at third-party/gtest-1.8.1/fused-src/gtest/gtest-all.cc:4181
4181	    test->Run();
#14 testing::TestInfo::Run (this=0x55558bb04540) at third-party/gtest-1.8.1/fused-src/gtest/gtest-all.cc:4155
4155	void TestInfo::Run() {
#15 0x00007fff93ea08ec in testing::TestCase::Run (this=0x55558bb03fc0) at third-party/gtest-1.8.1/fused-src/gtest/gtest-all.cc:4299
4299	    GetMutableTestInfo(i)->Run();
#16 testing::TestCase::Run (this=0x55558bb03fc0) at third-party/gtest-1.8.1/fused-src/gtest/gtest-all.cc:4284
4284	void TestCase::Run() {
#17 0x00007fff93ea0ca4 in testing::internal::UnitTestImpl::RunAllTests (this=0x55558bb01d10) at third-party/gtest-1.8.1/fused-src/gtest/gtest-all.cc:6665
6665	          GetMutableTestCase(test_index)->Run();
#18 0x00007fff93ea932c in testing::internal::HandleSehExceptionsInMethodIfSupported<testing::internal::UnitTestImpl, bool> (location=0x7fff93eafbc8 "auxiliary test code (environments or event listeners)", method=<optimized out>, object=0x55558bb01d10) at third-party/gtest-1.8.1/fused-src/gtest/gtest-all.cc:3931
3931	  return (object->*method)();
#19 testing::internal::HandleExceptionsInMethodIfSupported<testing::internal::UnitTestImpl, bool> (object=0x55558bb01d10, method=<optimized out>, location=location@entry=0x7fff93eafbc8 "auxiliary test code (environments or event listeners)") at third-party/gtest-1.8.1/fused-src/gtest/gtest-all.cc:3967
3967	      return HandleSehExceptionsInMethodIfSupported(object, method, location);
#20 0x00007fff93ea0e0a in testing::UnitTest::Run (this=0x7fff93ee2728 <testing::UnitTest::GetInstance()::instance>) at third-party/gtest-1.8.1/fused-src/gtest/gtest-all.cc:6274
6274	  return internal::HandleExceptionsInMethodIfSupported(
#21 0x000055558ba73f66 in RUN_ALL_TESTS () at third-party/gtest-1.8.1/fused-src/gtest/gtest.h:22090
22090	  return ::testing::UnitTest::GetInstance()->Run();
#22 main (argc=<optimized out>, argv=0x7fffd6faecd8) at utilities/transactions/lock/range/range_locking_test.cc:433
433	  return RUN_ALL_TESTS();
[Inferior 1 (process 2222819) detached]
Illegal instruction (core dumped)
Note: Google Test filter = RangeLockingTest.SnapshotValidation
[==========] Running 1 test from 1 test case.
[----------] Global test environment set-up.
[----------] 1 test from RangeLockingTest
[ RUN      ] RangeLockingTest.SnapshotValidation
Received signal 4 (Illegal instruction)
Invoking GDB for stack trace...
[New LWP 2222568]
[New LWP 2222548]
[New LWP 2222547]
[Thread debugging using libthread_db enabled]
Using host libthread_db library "/lib/riscv64-linux-gnu/libthread_db.so.1".
0x00007fff9b134bda in __GI___wait4 (pid=<optimized out>, stat_loc=0x7fffc3bdb8d4, options=<optimized out>, usage=0x0) at ../sysdeps/unix/sysv/linux/wait4.c:30

warning: 30	../sysdeps/unix/sysv/linux/wait4.c: No such file or directory
#4  toku_time_now () at utilities/transactions/lock/range/range_tree/lib/locktree/../portability/toku_time.h:155
155	  asm volatile("rdcycle %0" : "=r"(cycles));
#5  toku::locktree::sto_end_early (this=this@entry=0x55556220ba90, prepared_lkr=prepared_lkr@entry=0x7fffc3bdc150) at utilities/transactions/lock/range/range_tree/lib/locktree/locktree.cc:285
285	  tokutime_t t0 = toku_time_now();
#6  0x00007fff9bba6bf0 in toku::locktree::release_locks (this=0x55556220ba90, txnid=txnid@entry=93825206885008, ranges=ranges@entry=0x7fffc3bdc248, all_trx_locks_hint=all_trx_locks_hint@entry=false) at utilities/transactions/lock/range/range_tree/lib/locktree/locktree.cc:731
731	        sto_end_early(&lkr);
#7  0x00007fff9bbb3ac8 in rocksdb::RangeTreeLockManager::UnLock (this=<optimized out>, txn=0x555562209a90, column_family_id=<optimized out>, key=...) at utilities/transactions/lock/range/range_tree/range_tree_lock_manager.cc:183
183	  locktree->release_locks((TXNID)txn, &range_buf);
#8  0x00007fff9bb4421a in rocksdb::PessimisticTransaction::TryLock (this=0x555562209a90, column_family=<optimized out>, key=..., read_only=false, exclusive=true, do_validate=<optimized out>, assume_tracked=false) at utilities/transactions/pessimistic_transaction.cc:1221
1221	        txn_db_impl_->UnLock(this, cfh_id, key.ToString());
#9  0x00007fff9bb460b2 in rocksdb::WriteCommittedTxn::Operate<rocksdb::Slice, rocksdb::WriteCommittedTxn::Put(rocksdb::ColumnFamilyHandle*, const rocksdb::Slice&, const rocksdb::Slice&, bool)::<lambda()> > (operation=..., assume_tracked=<optimized out>, do_validate=<optimized out>, key=..., column_family=0x5555621e3fc0, this=0x555562209a90) at utilities/transactions/pessimistic_transaction.cc:495
495	    s = TryLock(column_family, key, /*read_only=*/false, /*exclusive=*/true,
#10 rocksdb::WriteCommittedTxn::Put (this=0x555562209a90, column_family=0x5555621e3fc0, key=..., value=..., assume_tracked=<optimized out>) at utilities/transactions/pessimistic_transaction.cc:334
334	                 });
#11 0x00005555621563be in rocksdb::RangeLockingTest_SnapshotValidation_Test::TestBody (this=<optimized out>) at utilities/transactions/lock/range/range_locking_test.cc:201
201	  s = txn2->Put(cfh, key_slice, Slice(val2));
#12 0x00007fff9c03eddc in testing::internal::HandleSehExceptionsInMethodIfSupported<testing::Test, void> (location=0x7fff9c0459c0 "the test body", method=<optimized out>, object=0x5555621dff30) at third-party/gtest-1.8.1/fused-src/gtest/gtest-all.cc:3931
3931	  return (object->*method)();
#13 testing::internal::HandleExceptionsInMethodIfSupported<testing::Test, void> (object=object@entry=0x5555621dff30, method=<optimized out>, location=location@entry=0x7fff9c0459c0 "the test body") at third-party/gtest-1.8.1/fused-src/gtest/gtest-all.cc:3967
3967	      return HandleSehExceptionsInMethodIfSupported(object, method, location);
#14 0x00007fff9c036756 in testing::Test::Run (this=0x5555621dff30) at third-party/gtest-1.8.1/fused-src/gtest/gtest-all.cc:4005
4005	    internal::HandleExceptionsInMethodIfSupported(
#15 testing::Test::Run (this=0x5555621dff30) at third-party/gtest-1.8.1/fused-src/gtest/gtest-all.cc:3996
3996	void Test::Run() {
#16 0x00007fff9c036854 in testing::TestInfo::Run (this=0x5555621dcde0) at third-party/gtest-1.8.1/fused-src/gtest/gtest-all.cc:4181
4181	    test->Run();
#17 testing::TestInfo::Run (this=0x5555621dcde0) at third-party/gtest-1.8.1/fused-src/gtest/gtest-all.cc:4155
4155	void TestInfo::Run() {
#18 0x00007fff9c0368ec in testing::TestCase::Run (this=0x5555621dc8e0) at third-party/gtest-1.8.1/fused-src/gtest/gtest-all.cc:4299
4299	    GetMutableTestInfo(i)->Run();
#19 testing::TestCase::Run (this=0x5555621dc8e0) at third-party/gtest-1.8.1/fused-src/gtest/gtest-all.cc:4284
4284	void TestCase::Run() {
#20 0x00007fff9c036ca4 in testing::internal::UnitTestImpl::RunAllTests (this=0x5555621dbd10) at third-party/gtest-1.8.1/fused-src/gtest/gtest-all.cc:6665
6665	          GetMutableTestCase(test_index)->Run();
#21 0x00007fff9c03f32c in testing::internal::HandleSehExceptionsInMethodIfSupported<testing::internal::UnitTestImpl, bool> (location=0x7fff9c045bc8 "auxiliary test code (environments or event listeners)", method=<optimized out>, object=0x5555621dbd10) at third-party/gtest-1.8.1/fused-src/gtest/gtest-all.cc:3931
3931	  return (object->*method)();
#22 testing::internal::HandleExceptionsInMethodIfSupported<testing::internal::UnitTestImpl, bool> (object=0x5555621dbd10, method=<optimized out>, location=location@entry=0x7fff9c045bc8 "auxiliary test code (environments or event listeners)") at third-party/gtest-1.8.1/fused-src/gtest/gtest-all.cc:3967
3967	      return HandleSehExceptionsInMethodIfSupported(object, method, location);
#23 0x00007fff9c036e0a in testing::UnitTest::Run (this=0x7fff9c078728 <testing::UnitTest::GetInstance()::instance>) at third-party/gtest-1.8.1/fused-src/gtest/gtest-all.cc:6274
6274	  return internal::HandleExceptionsInMethodIfSupported(
#24 0x000055556214df66 in RUN_ALL_TESTS () at third-party/gtest-1.8.1/fused-src/gtest/gtest.h:22090
22090	  return ::testing::UnitTest::GetInstance()->Run();
#25 main (argc=<optimized out>, argv=0x7fffc3bdccd8) at utilities/transactions/lock/range/range_locking_test.cc:433
433	  return RUN_ALL_TESTS();
[Inferior 1 (process 2222543) detached]
Illegal instruction (core dumped)
Note: Google Test filter = RangeLockingTest.LockWaitCount
[==========] Running 1 test from 1 test case.
[----------] Global test environment set-up.
[----------] 1 test from RangeLockingTest
[ RUN      ] RangeLockingTest.LockWaitCount
Received signal 4 (Illegal instruction)
Invoking GDB for stack trace...
[New LWP 2222426]
[New LWP 2222403]
[New LWP 2222400]
[Thread debugging using libthread_db enabled]
Using host libthread_db library "/lib/riscv64-linux-gnu/libthread_db.so.1".
0x00007fff9d734bda in __GI___wait4 (pid=<optimized out>, stat_loc=0x7ffffab7e0e4, options=<optimized out>, usage=0x0) at ../sysdeps/unix/sysv/linux/wait4.c:30

warning: 30	../sysdeps/unix/sysv/linux/wait4.c: No such file or directory
#4  toku_time_now () at utilities/transactions/lock/range/range_tree/lib/locktree/../portability/toku_time.h:155
155	  asm volatile("rdcycle %0" : "=r"(cycles));
#5  toku::locktree::sto_end_early (this=this@entry=0x55556624aee0, prepared_lkr=prepared_lkr@entry=0x7ffffab7e970) at utilities/transactions/lock/range/range_tree/lib/locktree/locktree.cc:285
285	  tokutime_t t0 = toku_time_now();
#6  0x00007fff9e1a6248 in toku::locktree::sto_try_acquire (this=this@entry=0x55556624aee0, prepared_lkr=prepared_lkr@entry=0x7ffffab7e970, txnid=txnid@entry=93825274263984, left_key=left_key@entry=0x7ffffab7eb80, right_key=right_key@entry=0x7ffffab7eba0, is_write_request=is_write_request@entry=true) at utilities/transactions/lock/range/range_tree/lib/locktree/locktree.cc:350
350	      sto_end_early(prepared_lkr);
#7  0x00007fff9e1a6370 in toku::locktree::acquire_lock (this=0x55556624aee0, is_write_request=is_write_request@entry=true, txnid=93825274263984, left_key=0x7ffffab7eb80, right_key=0x7ffffab7eba0, conflicts=conflicts@entry=0x7ffffab7ea50) at utilities/transactions/lock/range/range_tree/lib/locktree/locktree.cc:521
521	  bool acquired =
#8  0x00007fff9e1a643a in toku::locktree::try_acquire_lock (this=<optimized out>, is_write_request=is_write_request@entry=true, txnid=<optimized out>, left_key=<optimized out>, right_key=<optimized out>, conflicts=conflicts@entry=0x7ffffab7ea50, big_txn=<optimized out>) at utilities/transactions/lock/range/range_tree/lib/locktree/locktree.cc:540
540	    r = acquire_lock(is_write_request, txnid, left_key, right_key, conflicts);
#9  0x00007fff9e1a64b0 in toku::locktree::acquire_write_lock (this=<optimized out>, txnid=<optimized out>, left_key=<optimized out>, right_key=<optimized out>, conflicts=conflicts@entry=0x7ffffab7ea50, big_txn=<optimized out>) at utilities/transactions/lock/range/range_tree/lib/locktree/locktree.cc:556
556	  return try_acquire_lock(true, txnid, left_key, right_key, conflicts, big_txn);
#10 0x00007fff9e1a3acc in toku::lock_request::start (this=this@entry=0x7ffffab7ecb8) at utilities/transactions/lock/range/range_tree/lib/locktree/lock_request.cc:199
199	    r = m_lt->acquire_write_lock(m_txnid, m_left_key, m_right_key, &conflicts,
#11 0x00007fff9e1b2e6c in rocksdb::RangeTreeLockManager::TryLock (this=0x5555662223c0, txn=0x55556624b9b0, column_family_id=<optimized out>, start_endp=..., end_endp=..., exclusive=true) at utilities/transactions/lock/range/range_tree/range_tree_lock_manager.cc:117
117	  request.start();
#12 0x00007fff9e14c25e in rocksdb::PessimisticTransactionDB::TryRangeLock (this=<optimized out>, txn=txn@entry=0x55556624b9b0, cfh_id=cfh_id@entry=0, start_endp=..., end_endp=...) at utilities/transactions/pessimistic_transaction_db.cc:496
496	                                /*exclusive=*/true);
#13 0x00007fff9e141ba2 in rocksdb::PessimisticTransaction::GetRangeLock (this=0x55556624b9b0, column_family=<optimized out>, start_endp=..., end_endp=...) at utilities/transactions/pessimistic_transaction.cc:1264
1264	  Status s = txn_db_impl_->TryRangeLock(this, cfh_id, start_endp, end_endp);
#14 0x0000555566193044 in rocksdb::RangeLockingTest_LockWaitCount_Test::TestBody (this=0x55556621ef30) at utilities/transactions/lock/range/range_locking_test.cc:351
351	  auto s = txn1->GetRangeLock(cf, Endpoint("b"), Endpoint("z"));
#15 0x00007fff9e6ecddc in testing::internal::HandleSehExceptionsInMethodIfSupported<testing::Test, void> (location=0x7fff9e6f39c0 "the test body", method=<optimized out>, object=0x55556621ef30) at third-party/gtest-1.8.1/fused-src/gtest/gtest-all.cc:3931
3931	  return (object->*method)();
#16 testing::internal::HandleExceptionsInMethodIfSupported<testing::Test, void> (object=object@entry=0x55556621ef30, method=<optimized out>, location=location@entry=0x7fff9e6f39c0 "the test body") at third-party/gtest-1.8.1/fused-src/gtest/gtest-all.cc:3967
3967	      return HandleSehExceptionsInMethodIfSupported(object, method, location);
#17 0x00007fff9e6e4756 in testing::Test::Run (this=0x55556621ef30) at third-party/gtest-1.8.1/fused-src/gtest/gtest-all.cc:4005
4005	    internal::HandleExceptionsInMethodIfSupported(
#18 testing::Test::Run (this=0x55556621ef30) at third-party/gtest-1.8.1/fused-src/gtest/gtest-all.cc:3996
3996	void Test::Run() {
#19 0x00007fff9e6e4854 in testing::TestInfo::Run (this=0x55556621c160) at third-party/gtest-1.8.1/fused-src/gtest/gtest-all.cc:4181
4181	    test->Run();
#20 testing::TestInfo::Run (this=0x55556621c160) at third-party/gtest-1.8.1/fused-src/gtest/gtest-all.cc:4155
4155	void TestInfo::Run() {
#21 0x00007fff9e6e48ec in testing::TestCase::Run (this=0x55556621b8e0) at third-party/gtest-1.8.1/fused-src/gtest/gtest-all.cc:4299
4299	    GetMutableTestInfo(i)->Run();
#22 testing::TestCase::Run (this=0x55556621b8e0) at third-party/gtest-1.8.1/fused-src/gtest/gtest-all.cc:4284
4284	void TestCase::Run() {
#23 0x00007fff9e6e4ca4 in testing::internal::UnitTestImpl::RunAllTests (this=0x55556621ad10) at third-party/gtest-1.8.1/fused-src/gtest/gtest-all.cc:6665
6665	          GetMutableTestCase(test_index)->Run();
#24 0x00007fff9e6ed32c in testing::internal::HandleSehExceptionsInMethodIfSupported<testing::internal::UnitTestImpl, bool> (location=0x7fff9e6f3bc8 "auxiliary test code (environments or event listeners)", method=<optimized out>, object=0x55556621ad10) at third-party/gtest-1.8.1/fused-src/gtest/gtest-all.cc:3931
3931	  return (object->*method)();
#25 testing::internal::HandleExceptionsInMethodIfSupported<testing::internal::UnitTestImpl, bool> (object=0x55556621ad10, method=<optimized out>, location=location@entry=0x7fff9e6f3bc8 "auxiliary test code (environments or event listeners)") at third-party/gtest-1.8.1/fused-src/gtest/gtest-all.cc:3967
3967	      return HandleSehExceptionsInMethodIfSupported(object, method, location);
#26 0x00007fff9e6e4e0a in testing::UnitTest::Run (this=0x7fff9e726728 <testing::UnitTest::GetInstance()::instance>) at third-party/gtest-1.8.1/fused-src/gtest/gtest-all.cc:6274
6274	  return internal::HandleExceptionsInMethodIfSupported(
#27 0x000055556618cf66 in RUN_ALL_TESTS () at third-party/gtest-1.8.1/fused-src/gtest/gtest.h:22090
22090	  return ::testing::UnitTest::GetInstance()->Run();
#28 main (argc=<optimized out>, argv=0x7ffffab7f558) at utilities/transactions/lock/range/range_locking_test.cc:433
433	  return RUN_ALL_TESTS();
[Inferior 1 (process 2222375) detached]
Illegal instruction (core dumped)
Note: Google Test filter = RangeLockingTest.BasicRangeLocking
[==========] Running 1 test from 1 test case.
[----------] Global test environment set-up.
[----------] 1 test from RangeLockingTest
[ RUN      ] RangeLockingTest.BasicRangeLocking
Received signal 4 (Illegal instruction)
Invoking GDB for stack trace...
[New LWP 2222425]
[New LWP 2222372]
[New LWP 2222371]
[Thread debugging using libthread_db enabled]
Using host libthread_db library "/lib/riscv64-linux-gnu/libthread_db.so.1".
0x00007fffb7980bda in __GI___wait4 (pid=<optimized out>, stat_loc=0x7ffff3bbf3b4, options=<optimized out>, usage=0x0) at ../sysdeps/unix/sysv/linux/wait4.c:30

warning: 30	../sysdeps/unix/sysv/linux/wait4.c: No such file or directory
#4  toku_time_now () at utilities/transactions/lock/range/range_tree/lib/locktree/../portability/toku_time.h:155
155	  asm volatile("rdcycle %0" : "=r"(cycles));
#5  toku::locktree::sto_end_early (this=this@entry=0x55556b6a10b0, prepared_lkr=prepared_lkr@entry=0x7ffff3bbfc40) at utilities/transactions/lock/range/range_tree/lib/locktree/locktree.cc:285
285	  tokutime_t t0 = toku_time_now();
#6  0x00007fffb75a6248 in toku::locktree::sto_try_acquire (this=this@entry=0x55556b6a10b0, prepared_lkr=prepared_lkr@entry=0x7ffff3bbfc40, txnid=txnid@entry=93825362690688, left_key=left_key@entry=0x7ffff3bbfe50, right_key=right_key@entry=0x7ffff3bbfe70, is_write_request=is_write_request@entry=true) at utilities/transactions/lock/range/range_tree/lib/locktree/locktree.cc:350
350	      sto_end_early(prepared_lkr);
#7  0x00007fffb75a6370 in toku::locktree::acquire_lock (this=0x55556b6a10b0, is_write_request=is_write_request@entry=true, txnid=93825362690688, left_key=0x7ffff3bbfe50, right_key=0x7ffff3bbfe70, conflicts=conflicts@entry=0x7ffff3bbfd20) at utilities/transactions/lock/range/range_tree/lib/locktree/locktree.cc:521
521	  bool acquired =
#8  0x00007fffb75a643a in toku::locktree::try_acquire_lock (this=<optimized out>, is_write_request=is_write_request@entry=true, txnid=<optimized out>, left_key=<optimized out>, right_key=<optimized out>, conflicts=conflicts@entry=0x7ffff3bbfd20, big_txn=<optimized out>) at utilities/transactions/lock/range/range_tree/lib/locktree/locktree.cc:540
540	    r = acquire_lock(is_write_request, txnid, left_key, right_key, conflicts);
#9  0x00007fffb75a64b0 in toku::locktree::acquire_write_lock (this=<optimized out>, txnid=<optimized out>, left_key=<optimized out>, right_key=<optimized out>, conflicts=conflicts@entry=0x7ffff3bbfd20, big_txn=<optimized out>) at utilities/transactions/lock/range/range_tree/lib/locktree/locktree.cc:556
556	  return try_acquire_lock(true, txnid, left_key, right_key, conflicts, big_txn);
#10 0x00007fffb75a3acc in toku::lock_request::start (this=this@entry=0x7ffff3bbff88) at utilities/transactions/lock/range/range_tree/lib/locktree/lock_request.cc:199
199	    r = m_lt->acquire_write_lock(m_txnid, m_left_key, m_right_key, &conflicts,
#11 0x00007fffb75b2e6c in rocksdb::RangeTreeLockManager::TryLock (this=0x55556b6763c0, txn=0x55556b6a0280, column_family_id=<optimized out>, start_endp=..., end_endp=..., exclusive=true) at utilities/transactions/lock/range/range_tree/range_tree_lock_manager.cc:117
117	  request.start();
#12 0x00007fffb754c25e in rocksdb::PessimisticTransactionDB::TryRangeLock (this=<optimized out>, txn=txn@entry=0x55556b6a0280, cfh_id=cfh_id@entry=0, start_endp=..., end_endp=...) at utilities/transactions/pessimistic_transaction_db.cc:496
496	                                /*exclusive=*/true);
#13 0x00007fffb7541ba2 in rocksdb::PessimisticTransaction::GetRangeLock (this=0x55556b6a0280, column_family=<optimized out>, start_endp=..., end_endp=...) at utilities/transactions/pessimistic_transaction.cc:1264
1264	  Status s = txn_db_impl_->TryRangeLock(this, cfh_id, start_endp, end_endp);
#14 0x000055556b5e457a in rocksdb::RangeLockingTest_BasicRangeLocking_Test::TestBody (this=<optimized out>) at utilities/transactions/lock/range/range_locking_test.cc:80
80	    auto s = txn1->GetRangeLock(cf, Endpoint("b"), Endpoint("z"));
#15 0x00007fffb7b3bddc in testing::internal::HandleSehExceptionsInMethodIfSupported<testing::Test, void> (location=0x7fffb7b429c0 "the test body", method=<optimized out>, object=0x55556b672f30) at third-party/gtest-1.8.1/fused-src/gtest/gtest-all.cc:3931
3931	  return (object->*method)();
#16 testing::internal::HandleExceptionsInMethodIfSupported<testing::Test, void> (object=object@entry=0x55556b672f30, method=<optimized out>, location=location@entry=0x7fffb7b429c0 "the test body") at third-party/gtest-1.8.1/fused-src/gtest/gtest-all.cc:3967
3967	      return HandleSehExceptionsInMethodIfSupported(object, method, location);
#17 0x00007fffb7b33756 in testing::Test::Run (this=0x55556b672f30) at third-party/gtest-1.8.1/fused-src/gtest/gtest-all.cc:4005
4005	    internal::HandleExceptionsInMethodIfSupported(
#18 testing::Test::Run (this=0x55556b672f30) at third-party/gtest-1.8.1/fused-src/gtest/gtest-all.cc:3996
3996	void Test::Run() {
#19 0x00007fffb7b33854 in testing::TestInfo::Run (this=0x55556b6354a0) at third-party/gtest-1.8.1/fused-src/gtest/gtest-all.cc:4181
4181	    test->Run();
#20 testing::TestInfo::Run (this=0x55556b6354a0) at third-party/gtest-1.8.1/fused-src/gtest/gtest-all.cc:4155
4155	void TestInfo::Run() {
#21 0x00007fffb7b338ec in testing::TestCase::Run (this=0x55556b66f8e0) at third-party/gtest-1.8.1/fused-src/gtest/gtest-all.cc:4299
4299	    GetMutableTestInfo(i)->Run();
#22 testing::TestCase::Run (this=0x55556b66f8e0) at third-party/gtest-1.8.1/fused-src/gtest/gtest-all.cc:4284
4284	void TestCase::Run() {
#23 0x00007fffb7b33ca4 in testing::internal::UnitTestImpl::RunAllTests (this=0x55556b66ed10) at third-party/gtest-1.8.1/fused-src/gtest/gtest-all.cc:6665
6665	          GetMutableTestCase(test_index)->Run();
#24 0x00007fffb7b3c32c in testing::internal::HandleSehExceptionsInMethodIfSupported<testing::internal::UnitTestImpl, bool> (location=0x7fffb7b42bc8 "auxiliary test code (environments or event listeners)", method=<optimized out>, object=0x55556b66ed10) at third-party/gtest-1.8.1/fused-src/gtest/gtest-all.cc:3931
3931	  return (object->*method)();
#25 testing::internal::HandleExceptionsInMethodIfSupported<testing::internal::UnitTestImpl, bool> (object=0x55556b66ed10, method=<optimized out>, location=location@entry=0x7fffb7b42bc8 "auxiliary test code (environments or event listeners)") at third-party/gtest-1.8.1/fused-src/gtest/gtest-all.cc:3967
3967	      return HandleSehExceptionsInMethodIfSupported(object, method, location);
#26 0x00007fffb7b33e0a in testing::UnitTest::Run (this=0x7fffb7b75728 <testing::UnitTest::GetInstance()::instance>) at third-party/gtest-1.8.1/fused-src/gtest/gtest-all.cc:6274
6274	  return internal::HandleExceptionsInMethodIfSupported(
#27 0x000055556b5e0f66 in RUN_ALL_TESTS () at third-party/gtest-1.8.1/fused-src/gtest/gtest.h:22090
22090	  return ::testing::UnitTest::GetInstance()->Run();
#28 main (argc=<optimized out>, argv=0x7ffff3bc0908) at utilities/transactions/lock/range/range_locking_test.cc:433
433	  return RUN_ALL_TESTS();
[Inferior 1 (process 2222369) detached]
Illegal instruction (core dumped)
Note: Google Test filter = RangeLockManager/AnyLockManagerTest.ReentrantExclusiveLock/0
[==========] Running 1 test from 1 test case.
[----------] Global test environment set-up.
[----------] 1 test from RangeLockManager/AnyLockManagerTest
[ RUN      ] RangeLockManager/AnyLockManagerTest.ReentrantExclusiveLock/0
Received signal 4 (Illegal instruction)
Invoking GDB for stack trace...
[New LWP 2222971]
[New LWP 2222953]
[New LWP 2222952]
[Thread debugging using libthread_db enabled]
Using host libthread_db library "/lib/riscv64-linux-gnu/libthread_db.so.1".
0x00007fff9db16bda in __GI___wait4 (pid=<optimized out>, stat_loc=0x7ffff79c5874, options=<optimized out>, usage=0x0) at ../sysdeps/unix/sysv/linux/wait4.c:30

warning: 30	../sysdeps/unix/sysv/linux/wait4.c: No such file or directory
#4  toku_time_now () at utilities/transactions/lock/range/range_tree/lib/locktree/../portability/toku_time.h:155
155	  asm volatile("rdcycle %0" : "=r"(cycles));
#5  toku::locktree::sto_end_early (this=this@entry=0x55555de87ca0, prepared_lkr=prepared_lkr@entry=0x7ffff79c60f0) at utilities/transactions/lock/range/range_tree/lib/locktree/locktree.cc:285
285	  tokutime_t t0 = toku_time_now();
#6  0x00007fff9e5a6bf0 in toku::locktree::release_locks (this=0x55555de87ca0, txnid=txnid@entry=93825136090512, ranges=ranges@entry=0x7ffff79c61e8, all_trx_locks_hint=all_trx_locks_hint@entry=false) at utilities/transactions/lock/range/range_tree/lib/locktree/locktree.cc:731
731	        sto_end_early(&lkr);
#7  0x00007fff9e5b3ac8 in rocksdb::RangeTreeLockManager::UnLock (this=this@entry=0x55555de10ac0, txn=txn@entry=0x55555de85d90, column_family_id=column_family_id@entry=1, key="k") at utilities/transactions/lock/range/range_tree/range_tree_lock_manager.cc:183
183	  locktree->release_locks((TXNID)txn, &range_buf);
#8  0x000055555dd7d90a in rocksdb::AnyLockManagerTest_ReentrantExclusiveLock_Test::TestBody (this=0x55555de0dfb0) at ./utilities/transactions/lock/point/any_lock_manager_test.h:38
38	  locker_->UnLock(txn, 1, "k", env_);
#9  0x00007fff9e99fddc in testing::internal::HandleSehExceptionsInMethodIfSupported<testing::Test, void> (location=0x7fff9e9a69c0 "the test body", method=<optimized out>, object=0x55555de0dfb0) at third-party/gtest-1.8.1/fused-src/gtest/gtest-all.cc:3931
3931	  return (object->*method)();
#10 testing::internal::HandleExceptionsInMethodIfSupported<testing::Test, void> (object=object@entry=0x55555de0dfb0, method=<optimized out>, location=location@entry=0x7fff9e9a69c0 "the test body") at third-party/gtest-1.8.1/fused-src/gtest/gtest-all.cc:3967
3967	      return HandleSehExceptionsInMethodIfSupported(object, method, location);
#11 0x00007fff9e997756 in testing::Test::Run (this=0x55555de0dfb0) at third-party/gtest-1.8.1/fused-src/gtest/gtest-all.cc:4005
4005	    internal::HandleExceptionsInMethodIfSupported(
#12 testing::Test::Run (this=0x55555de0dfb0) at third-party/gtest-1.8.1/fused-src/gtest/gtest-all.cc:3996
3996	void Test::Run() {
#13 0x00007fff9e997854 in testing::TestInfo::Run (this=0x55555de0bd60) at third-party/gtest-1.8.1/fused-src/gtest/gtest-all.cc:4181
4181	    test->Run();
#14 testing::TestInfo::Run (this=0x55555de0bd60) at third-party/gtest-1.8.1/fused-src/gtest/gtest-all.cc:4155
4155	void TestInfo::Run() {
#15 0x00007fff9e9978ec in testing::TestCase::Run (this=0x55555de0c030) at third-party/gtest-1.8.1/fused-src/gtest/gtest-all.cc:4299
4299	    GetMutableTestInfo(i)->Run();
#16 testing::TestCase::Run (this=0x55555de0c030) at third-party/gtest-1.8.1/fused-src/gtest/gtest-all.cc:4284
4284	void TestCase::Run() {
#17 0x00007fff9e997ca4 in testing::internal::UnitTestImpl::RunAllTests (this=0x55555de09d10) at third-party/gtest-1.8.1/fused-src/gtest/gtest-all.cc:6665
6665	          GetMutableTestCase(test_index)->Run();
#18 0x00007fff9e9a032c in testing::internal::HandleSehExceptionsInMethodIfSupported<testing::internal::UnitTestImpl, bool> (location=0x7fff9e9a6bc8 "auxiliary test code (environments or event listeners)", method=<optimized out>, object=0x55555de09d10) at third-party/gtest-1.8.1/fused-src/gtest/gtest-all.cc:3931
3931	  return (object->*method)();
#19 testing::internal::HandleExceptionsInMethodIfSupported<testing::internal::UnitTestImpl, bool> (object=0x55555de09d10, method=<optimized out>, location=location@entry=0x7fff9e9a6bc8 "auxiliary test code (environments or event listeners)") at third-party/gtest-1.8.1/fused-src/gtest/gtest-all.cc:3967
3967	      return HandleSehExceptionsInMethodIfSupported(object, method, location);
#20 0x00007fff9e997e0a in testing::UnitTest::Run (this=0x7fff9e9d9728 <testing::UnitTest::GetInstance()::instance>) at third-party/gtest-1.8.1/fused-src/gtest/gtest-all.cc:6274
6274	  return internal::HandleExceptionsInMethodIfSupported(
#21 0x000055555dd7bf66 in RUN_ALL_TESTS () at third-party/gtest-1.8.1/fused-src/gtest/gtest.h:22090
22090	  return ::testing::UnitTest::GetInstance()->Run();
#22 main (argc=<optimized out>, argv=0x7ffff79c68f8) at utilities/transactions/lock/range/range_locking_test.cc:433
433	  return RUN_ALL_TESTS();
[Inferior 1 (process 2222937) detached]
Illegal instruction (core dumped)
Note: Google Test filter = RangeLockManager/AnyLockManagerTest.LockUpgrade/0
[==========] Running 1 test from 1 test case.
[----------] Global test environment set-up.
[----------] 1 test from RangeLockManager/AnyLockManagerTest
[ RUN      ] RangeLockManager/AnyLockManagerTest.LockUpgrade/0
Received signal 4 (Illegal instruction)
Invoking GDB for stack trace...
[New LWP 2222948]
[New LWP 2222912]
[New LWP 2222911]
[Thread debugging using libthread_db enabled]
Using host libthread_db library "/lib/riscv64-linux-gnu/libthread_db.so.1".
0x00007fffa1734bda in __GI___wait4 (pid=<optimized out>, stat_loc=0x7fffc6b75434, options=<optimized out>, usage=0x0) at ../sysdeps/unix/sysv/linux/wait4.c:30

warning: 30	../sysdeps/unix/sysv/linux/wait4.c: No such file or directory
#4  toku_time_now () at utilities/transactions/lock/range/range_tree/lib/locktree/../portability/toku_time.h:155
155	  asm volatile("rdcycle %0" : "=r"(cycles));
#5  toku::locktree::sto_end_early (this=this@entry=0x55557b5de640, prepared_lkr=prepared_lkr@entry=0x7fffc6b75cb0) at utilities/transactions/lock/range/range_tree/lib/locktree/locktree.cc:285
285	  tokutime_t t0 = toku_time_now();
#6  0x00007fffa21a6bf0 in toku::locktree::release_locks (this=0x55557b5de640, txnid=txnid@entry=93825630343520, ranges=ranges@entry=0x7fffc6b75da8, all_trx_locks_hint=all_trx_locks_hint@entry=false) at utilities/transactions/lock/range/range_tree/lib/locktree/locktree.cc:731
731	        sto_end_early(&lkr);
#7  0x00007fffa21b3ac8 in rocksdb::RangeTreeLockManager::UnLock (this=this@entry=0x55557b567980, txn=txn@entry=0x55557b5e1160, column_family_id=column_family_id@entry=1, key="k") at utilities/transactions/lock/range/range_tree/range_tree_lock_manager.cc:183
183	  locktree->release_locks((TXNID)txn, &range_buf);
#8  0x000055557b4d4fee in rocksdb::AnyLockManagerTest_LockUpgrade_Test::TestBody (this=0x55557b564f40) at ./utilities/transactions/lock/point/any_lock_manager_test.h:72
72	  locker_->UnLock(txn, 1, "k", env_);
#9  0x00007fffa2619ddc in testing::internal::HandleSehExceptionsInMethodIfSupported<testing::Test, void> (location=0x7fffa26209c0 "the test body", method=<optimized out>, object=0x55557b564f40) at third-party/gtest-1.8.1/fused-src/gtest/gtest-all.cc:3931
3931	  return (object->*method)();
#10 testing::internal::HandleExceptionsInMethodIfSupported<testing::Test, void> (object=object@entry=0x55557b564f40, method=<optimized out>, location=location@entry=0x7fffa26209c0 "the test body") at third-party/gtest-1.8.1/fused-src/gtest/gtest-all.cc:3967
3967	      return HandleSehExceptionsInMethodIfSupported(object, method, location);
#11 0x00007fffa2611756 in testing::Test::Run (this=0x55557b564f40) at third-party/gtest-1.8.1/fused-src/gtest/gtest-all.cc:4005
4005	    internal::HandleExceptionsInMethodIfSupported(
#12 testing::Test::Run (this=0x55557b564f40) at third-party/gtest-1.8.1/fused-src/gtest/gtest-all.cc:3996
3996	void Test::Run() {
#13 0x00007fffa2611854 in testing::TestInfo::Run (this=0x55557b563350) at third-party/gtest-1.8.1/fused-src/gtest/gtest-all.cc:4181
4181	    test->Run();
#14 testing::TestInfo::Run (this=0x55557b563350) at third-party/gtest-1.8.1/fused-src/gtest/gtest-all.cc:4155
4155	void TestInfo::Run() {
#15 0x00007fffa26118ec in testing::TestCase::Run (this=0x55557b562fc0) at third-party/gtest-1.8.1/fused-src/gtest/gtest-all.cc:4299
4299	    GetMutableTestInfo(i)->Run();
#16 testing::TestCase::Run (this=0x55557b562fc0) at third-party/gtest-1.8.1/fused-src/gtest/gtest-all.cc:4284
4284	void TestCase::Run() {
#17 0x00007fffa2611ca4 in testing::internal::UnitTestImpl::RunAllTests (this=0x55557b560d10) at third-party/gtest-1.8.1/fused-src/gtest/gtest-all.cc:6665
6665	          GetMutableTestCase(test_index)->Run();
#18 0x00007fffa261a32c in testing::internal::HandleSehExceptionsInMethodIfSupported<testing::internal::UnitTestImpl, bool> (location=0x7fffa2620bc8 "auxiliary test code (environments or event listeners)", method=<optimized out>, object=0x55557b560d10) at third-party/gtest-1.8.1/fused-src/gtest/gtest-all.cc:3931
3931	  return (object->*method)();
#19 testing::internal::HandleExceptionsInMethodIfSupported<testing::internal::UnitTestImpl, bool> (object=0x55557b560d10, method=<optimized out>, location=location@entry=0x7fffa2620bc8 "auxiliary test code (environments or event listeners)") at third-party/gtest-1.8.1/fused-src/gtest/gtest-all.cc:3967
3967	      return HandleSehExceptionsInMethodIfSupported(object, method, location);
#20 0x00007fffa2611e0a in testing::UnitTest::Run (this=0x7fffa2653728 <testing::UnitTest::GetInstance()::instance>) at third-party/gtest-1.8.1/fused-src/gtest/gtest-all.cc:6274
6274	  return internal::HandleExceptionsInMethodIfSupported(
#21 0x000055557b4d2f66 in RUN_ALL_TESTS () at third-party/gtest-1.8.1/fused-src/gtest/gtest.h:22090
22090	  return ::testing::UnitTest::GetInstance()->Run();
#22 main (argc=<optimized out>, argv=0x7fffc6b764b8) at utilities/transactions/lock/range/range_locking_test.cc:433
433	  return RUN_ALL_TESTS();
[Inferior 1 (process 2222891) detached]
Illegal instruction (core dumped)
Note: Google Test filter = RangeLockManager/AnyLockManagerTest.ReentrantSharedLock/0
[==========] Running 1 test from 1 test case.
[----------] Global test environment set-up.
[----------] 1 test from RangeLockManager/AnyLockManagerTest
[ RUN      ] RangeLockManager/AnyLockManagerTest.ReentrantSharedLock/0
Received signal 4 (Illegal instruction)
Invoking GDB for stack trace...
[New LWP 2223016]
[New LWP 2222978]
[New LWP 2222977]
[Thread debugging using libthread_db enabled]
Using host libthread_db library "/lib/riscv64-linux-gnu/libthread_db.so.1".
0x00007fffa6534bda in __GI___wait4 (pid=<optimized out>, stat_loc=0x7ffff54b07e4, options=<optimized out>, usage=0x0) at ../sysdeps/unix/sysv/linux/wait4.c:30

warning: 30	../sysdeps/unix/sysv/linux/wait4.c: No such file or directory
#4  toku_time_now () at utilities/transactions/lock/range/range_tree/lib/locktree/../portability/toku_time.h:155
155	  asm volatile("rdcycle %0" : "=r"(cycles));
#5  toku::locktree::sto_end_early (this=this@entry=0x55556d054560, prepared_lkr=prepared_lkr@entry=0x7ffff54b1060) at utilities/transactions/lock/range/range_tree/lib/locktree/locktree.cc:285
285	  tokutime_t t0 = toku_time_now();
#6  0x00007fffa6fa6bf0 in toku::locktree::release_locks (this=0x55556d054560, txnid=txnid@entry=93825389558112, ranges=ranges@entry=0x7ffff54b1158, all_trx_locks_hint=all_trx_locks_hint@entry=false) at utilities/transactions/lock/range/range_tree/lib/locktree/locktree.cc:731
731	        sto_end_early(&lkr);
#7  0x00007fffa6fb3ac8 in rocksdb::RangeTreeLockManager::UnLock (this=this@entry=0x55556d016ab0, txn=txn@entry=0x55556d03f960, column_family_id=column_family_id@entry=1, key="k") at utilities/transactions/lock/range/range_tree/range_tree_lock_manager.cc:183
183	  locktree->release_locks((TXNID)txn, &range_buf);
#8  0x000055556cf83c80 in rocksdb::AnyLockManagerTest_ReentrantSharedLock_Test::TestBody (this=0x55556d013fb0) at ./utilities/transactions/lock/point/any_lock_manager_test.h:58
58	  locker_->UnLock(txn, 1, "k", env_);
#9  0x00007fffa7410ddc in testing::internal::HandleSehExceptionsInMethodIfSupported<testing::Test, void> (location=0x7fffa74179c0 "the test body", method=<optimized out>, object=0x55556d013fb0) at third-party/gtest-1.8.1/fused-src/gtest/gtest-all.cc:3931
3931	  return (object->*method)();
#10 testing::internal::HandleExceptionsInMethodIfSupported<testing::Test, void> (object=object@entry=0x55556d013fb0, method=<optimized out>, location=location@entry=0x7fffa74179c0 "the test body") at third-party/gtest-1.8.1/fused-src/gtest/gtest-all.cc:3967
3967	      return HandleSehExceptionsInMethodIfSupported(object, method, location);
#11 0x00007fffa7408756 in testing::Test::Run (this=0x55556d013fb0) at third-party/gtest-1.8.1/fused-src/gtest/gtest-all.cc:4005
4005	    internal::HandleExceptionsInMethodIfSupported(
#12 testing::Test::Run (this=0x55556d013fb0) at third-party/gtest-1.8.1/fused-src/gtest/gtest-all.cc:3996
3996	void Test::Run() {
#13 0x00007fffa7408854 in testing::TestInfo::Run (this=0x55556d012190) at third-party/gtest-1.8.1/fused-src/gtest/gtest-all.cc:4181
4181	    test->Run();
#14 testing::TestInfo::Run (this=0x55556d012190) at third-party/gtest-1.8.1/fused-src/gtest/gtest-all.cc:4155
4155	void TestInfo::Run() {
#15 0x00007fffa74088ec in testing::TestCase::Run (this=0x55556d012030) at third-party/gtest-1.8.1/fused-src/gtest/gtest-all.cc:4299
4299	    GetMutableTestInfo(i)->Run();
#16 testing::TestCase::Run (this=0x55556d012030) at third-party/gtest-1.8.1/fused-src/gtest/gtest-all.cc:4284
4284	void TestCase::Run() {
#17 0x00007fffa7408ca4 in testing::internal::UnitTestImpl::RunAllTests (this=0x55556d00fd10) at third-party/gtest-1.8.1/fused-src/gtest/gtest-all.cc:6665
6665	          GetMutableTestCase(test_index)->Run();
#18 0x00007fffa741132c in testing::internal::HandleSehExceptionsInMethodIfSupported<testing::internal::UnitTestImpl, bool> (location=0x7fffa7417bc8 "auxiliary test code (environments or event listeners)", method=<optimized out>, object=0x55556d00fd10) at third-party/gtest-1.8.1/fused-src/gtest/gtest-all.cc:3931
3931	  return (object->*method)();
#19 testing::internal::HandleExceptionsInMethodIfSupported<testing::internal::UnitTestImpl, bool> (object=0x55556d00fd10, method=<optimized out>, location=location@entry=0x7fffa7417bc8 "auxiliary test code (environments or event listeners)") at third-party/gtest-1.8.1/fused-src/gtest/gtest-all.cc:3967
3967	      return HandleSehExceptionsInMethodIfSupported(object, method, location);
#20 0x00007fffa7408e0a in testing::UnitTest::Run (this=0x7fffa744a728 <testing::UnitTest::GetInstance()::instance>) at third-party/gtest-1.8.1/fused-src/gtest/gtest-all.cc:6274
6274	  return internal::HandleExceptionsInMethodIfSupported(
#21 0x000055556cf81f66 in RUN_ALL_TESTS () at third-party/gtest-1.8.1/fused-src/gtest/gtest.h:22090
22090	  return ::testing::UnitTest::GetInstance()->Run();
#22 main (argc=<optimized out>, argv=0x7ffff54b1858) at utilities/transactions/lock/range/range_locking_test.cc:433
433	  return RUN_ALL_TESTS();
[Inferior 1 (process 2222972) detached]
Illegal instruction (core dumped)
Note: Google Test filter = RangeLockManager/AnyLockManagerTest.GetWaitingTxns_MultipleTxns/0
[==========] Running 1 test from 1 test case.
[----------] Global test environment set-up.
[----------] 1 test from RangeLockManager/AnyLockManagerTest
[ RUN      ] RangeLockManager/AnyLockManagerTest.GetWaitingTxns_MultipleTxns/0
Received signal 4 (Illegal instruction)
Invoking GDB for stack trace...
[New LWP 2222659]
[New LWP 2222641]
[New LWP 2222640]
[Thread debugging using libthread_db enabled]
Using host libthread_db library "/lib/riscv64-linux-gnu/libthread_db.so.1".
0x00007fffb23bfbda in __GI___wait4 (pid=<optimized out>, stat_loc=0x7fffc8874f04, options=<optimized out>, usage=0x0) at ../sysdeps/unix/sysv/linux/wait4.c:30

warning: 30	../sysdeps/unix/sysv/linux/wait4.c: No such file or directory
#4  toku_time_now () at utilities/transactions/lock/range/range_tree/lib/locktree/../portability/toku_time.h:155
155	  asm volatile("rdcycle %0" : "=r"(cycles));
#5  toku::locktree::sto_end_early (this=this@entry=0x55555f7f1ca0, prepared_lkr=prepared_lkr@entry=0x7fffc8875790) at utilities/transactions/lock/range/range_tree/lib/locktree/locktree.cc:285
285	  tokutime_t t0 = toku_time_now();
#6  0x00007fffb1fa6248 in toku::locktree::sto_try_acquire (this=this@entry=0x55555f7f1ca0, prepared_lkr=prepared_lkr@entry=0x7fffc8875790, txnid=txnid@entry=93825162742688, left_key=left_key@entry=0x7fffc88759a0, right_key=right_key@entry=0x7fffc88759c0, is_write_request=is_write_request@entry=false) at utilities/transactions/lock/range/range_tree/lib/locktree/locktree.cc:350
350	      sto_end_early(prepared_lkr);
#7  0x00007fffb1fa6370 in toku::locktree::acquire_lock (this=0x55555f7f1ca0, is_write_request=is_write_request@entry=false, txnid=93825162742688, left_key=0x7fffc88759a0, right_key=0x7fffc88759c0, conflicts=conflicts@entry=0x7fffc8875870) at utilities/transactions/lock/range/range_tree/lib/locktree/locktree.cc:521
521	  bool acquired =
#8  0x00007fffb1fa643a in toku::locktree::try_acquire_lock (this=<optimized out>, is_write_request=is_write_request@entry=false, txnid=<optimized out>, left_key=<optimized out>, right_key=<optimized out>, conflicts=conflicts@entry=0x7fffc8875870, big_txn=<optimized out>) at utilities/transactions/lock/range/range_tree/lib/locktree/locktree.cc:540
540	    r = acquire_lock(is_write_request, txnid, left_key, right_key, conflicts);
#9  0x00007fffb1fa6492 in toku::locktree::acquire_read_lock (this=<optimized out>, txnid=<optimized out>, left_key=<optimized out>, right_key=<optimized out>, conflicts=conflicts@entry=0x7fffc8875870, big_txn=<optimized out>) at utilities/transactions/lock/range/range_tree/lib/locktree/locktree.cc:549
549	  return try_acquire_lock(false, txnid, left_key, right_key, conflicts,
#10 0x00007fffb1fa39da in toku::lock_request::start (this=this@entry=0x7fffc8875ad8) at utilities/transactions/lock/range/range_tree/lib/locktree/lock_request.cc:203
203	    r = m_lt->acquire_read_lock(m_txnid, m_left_key, m_right_key, &conflicts,
#11 0x00007fffb1fb2e6c in rocksdb::RangeTreeLockManager::TryLock (this=0x55555f77aaf0, txn=0x55555f7f0ba0, column_family_id=<optimized out>, start_endp=..., end_endp=..., exclusive=false) at utilities/transactions/lock/range/range_tree/range_tree_lock_manager.cc:117
117	  request.start();
#12 0x00007fffb1f50534 in rocksdb::RangeLockManagerBase::TryLock (this=this@entry=0x55555f77aaf0, txn=txn@entry=0x55555f7f0ba0, column_family_id=column_family_id@entry=1, key="k", env=<optimized out>, exclusive=exclusive@entry=false) at ./utilities/transactions/lock/range/range_lock_manager.h:30
30	    return TryLock(txn, column_family_id, endp, endp, env, exclusive);
#13 0x000055555f6eebe4 in rocksdb::AnyLockManagerTest_GetWaitingTxns_MultipleTxns_Test::TestBody (this=0x55555f777fd0) at ./utilities/transactions/lock/point/any_lock_manager_test.h:208
208	  ASSERT_OK(locker_->TryLock(txn2, 1, "k", env_, false));
#14 0x00007fffb257addc in testing::internal::HandleSehExceptionsInMethodIfSupported<testing::Test, void> (location=0x7fffb25819c0 "the test body", method=<optimized out>, object=0x55555f777fd0) at third-party/gtest-1.8.1/fused-src/gtest/gtest-all.cc:3931
3931	  return (object->*method)();
#15 testing::internal::HandleExceptionsInMethodIfSupported<testing::Test, void> (object=object@entry=0x55555f777fd0, method=<optimized out>, location=location@entry=0x7fffb25819c0 "the test body") at third-party/gtest-1.8.1/fused-src/gtest/gtest-all.cc:3967
3967	      return HandleSehExceptionsInMethodIfSupported(object, method, location);
#16 0x00007fffb2572756 in testing::Test::Run (this=0x55555f777fd0) at third-party/gtest-1.8.1/fused-src/gtest/gtest-all.cc:4005
4005	    internal::HandleExceptionsInMethodIfSupported(
#17 testing::Test::Run (this=0x55555f777fd0) at third-party/gtest-1.8.1/fused-src/gtest/gtest-all.cc:3996
3996	void Test::Run() {
#18 0x00007fffb2572854 in testing::TestInfo::Run (this=0x55555f776db0) at third-party/gtest-1.8.1/fused-src/gtest/gtest-all.cc:4181
4181	    test->Run();
#19 testing::TestInfo::Run (this=0x55555f776db0) at third-party/gtest-1.8.1/fused-src/gtest/gtest-all.cc:4155
4155	void TestInfo::Run() {
#20 0x00007fffb25728ec in testing::TestCase::Run (this=0x55555f776050) at third-party/gtest-1.8.1/fused-src/gtest/gtest-all.cc:4299
4299	    GetMutableTestInfo(i)->Run();
#21 testing::TestCase::Run (this=0x55555f776050) at third-party/gtest-1.8.1/fused-src/gtest/gtest-all.cc:4284
4284	void TestCase::Run() {
#22 0x00007fffb2572ca4 in testing::internal::UnitTestImpl::RunAllTests (this=0x55555f773d10) at third-party/gtest-1.8.1/fused-src/gtest/gtest-all.cc:6665
6665	          GetMutableTestCase(test_index)->Run();
#23 0x00007fffb257b32c in testing::internal::HandleSehExceptionsInMethodIfSupported<testing::internal::UnitTestImpl, bool> (location=0x7fffb2581bc8 "auxiliary test code (environments or event listeners)", method=<optimized out>, object=0x55555f773d10) at third-party/gtest-1.8.1/fused-src/gtest/gtest-all.cc:3931
3931	  return (object->*method)();
#24 testing::internal::HandleExceptionsInMethodIfSupported<testing::internal::UnitTestImpl, bool> (object=0x55555f773d10, method=<optimized out>, location=location@entry=0x7fffb2581bc8 "auxiliary test code (environments or event listeners)") at third-party/gtest-1.8.1/fused-src/gtest/gtest-all.cc:3967
3967	      return HandleSehExceptionsInMethodIfSupported(object, method, location);
#25 0x00007fffb2572e0a in testing::UnitTest::Run (this=0x7fffb25b4728 <testing::UnitTest::GetInstance()::instance>) at third-party/gtest-1.8.1/fused-src/gtest/gtest-all.cc:6274
6274	  return internal::HandleExceptionsInMethodIfSupported(
#26 0x000055555f6e5f66 in RUN_ALL_TESTS () at third-party/gtest-1.8.1/fused-src/gtest/gtest.h:22090
22090	  return ::testing::UnitTest::GetInstance()->Run();
#27 main (argc=<optimized out>, argv=0x7fffc8876398) at utilities/transactions/lock/range/range_locking_test.cc:433
433	  return RUN_ALL_TESTS();
[Inferior 1 (process 2222637) detached]
Illegal instruction (core dumped)
Note: Google Test filter = RangeLockingTest.UpgradeLockAndGetConflict
[==========] Running 1 test from 1 test case.
[----------] Global test environment set-up.
[----------] 1 test from RangeLockingTest
[ RUN      ] RangeLockingTest.UpgradeLockAndGetConflict
Received signal 4 (Illegal instruction)
Invoking GDB for stack trace...
[New LWP 2222599]
[New LWP 2222578]
[New LWP 2222577]
[Thread debugging using libthread_db enabled]
Using host libthread_db library "/lib/riscv64-linux-gnu/libthread_db.so.1".
0x00007fffa4334bda in __GI___wait4 (pid=<optimized out>, stat_loc=0x7fffddfc5a84, options=<optimized out>, usage=0x0) at ../sysdeps/unix/sysv/linux/wait4.c:30

warning: 30	../sysdeps/unix/sysv/linux/wait4.c: No such file or directory
#4  toku_time_now () at utilities/transactions/lock/range/range_tree/lib/locktree/../portability/toku_time.h:155
155	  asm volatile("rdcycle %0" : "=r"(cycles));
#5  toku::locktree::sto_end_early (this=this@entry=0x555580eb6240, prepared_lkr=prepared_lkr@entry=0x7fffddfc6310) at utilities/transactions/lock/range/range_tree/lib/locktree/locktree.cc:285
285	  tokutime_t t0 = toku_time_now();
#6  0x00007fffa4da6248 in toku::locktree::sto_try_acquire (this=this@entry=0x555580eb6240, prepared_lkr=prepared_lkr@entry=0x7fffddfc6310, txnid=txnid@entry=93825723474176, left_key=left_key@entry=0x7fffddfc6520, right_key=right_key@entry=0x7fffddfc6540, is_write_request=is_write_request@entry=false) at utilities/transactions/lock/range/range_tree/lib/locktree/locktree.cc:350
350	      sto_end_early(prepared_lkr);
#7  0x00007fffa4da6370 in toku::locktree::acquire_lock (this=0x555580eb6240, is_write_request=is_write_request@entry=false, txnid=93825723474176, left_key=0x7fffddfc6520, right_key=0x7fffddfc6540, conflicts=conflicts@entry=0x7fffddfc63f0) at utilities/transactions/lock/range/range_tree/lib/locktree/locktree.cc:521
521	  bool acquired =
#8  0x00007fffa4da643a in toku::locktree::try_acquire_lock (this=<optimized out>, is_write_request=is_write_request@entry=false, txnid=<optimized out>, left_key=<optimized out>, right_key=<optimized out>, conflicts=conflicts@entry=0x7fffddfc63f0, big_txn=<optimized out>) at utilities/transactions/lock/range/range_tree/lib/locktree/locktree.cc:540
540	    r = acquire_lock(is_write_request, txnid, left_key, right_key, conflicts);
#9  0x00007fffa4da6492 in toku::locktree::acquire_read_lock (this=<optimized out>, txnid=<optimized out>, left_key=<optimized out>, right_key=<optimized out>, conflicts=conflicts@entry=0x7fffddfc63f0, big_txn=<optimized out>) at utilities/transactions/lock/range/range_tree/lib/locktree/locktree.cc:549
549	  return try_acquire_lock(false, txnid, left_key, right_key, conflicts,
#10 0x00007fffa4da39da in toku::lock_request::start (this=this@entry=0x7fffddfc6658) at utilities/transactions/lock/range/range_tree/lib/locktree/lock_request.cc:203
203	    r = m_lt->acquire_read_lock(m_txnid, m_left_key, m_right_key, &conflicts,
#11 0x00007fffa4db2e6c in rocksdb::RangeTreeLockManager::TryLock (this=0x555580e8d390, txn=0x555580eb2100, column_family_id=<optimized out>, start_endp=..., end_endp=..., exclusive=false) at utilities/transactions/lock/range/range_tree/range_tree_lock_manager.cc:117
117	  request.start();
#12 0x00007fffa4d4c19a in rocksdb::RangeLockManagerBase::TryLock (exclusive=false, env=<optimized out>, key="a", column_family_id=0, txn=0x555580eb2100, this=0x555580e8d390) at ./utilities/transactions/lock/range/range_lock_manager.h:30
30	    return TryLock(txn, column_family_id, endp, endp, env, exclusive);
#13 rocksdb::PessimisticTransactionDB::TryLock (this=<optimized out>, txn=txn@entry=0x555580eb2100, cfh_id=cfh_id@entry=0, key="a", exclusive=exclusive@entry=false) at utilities/transactions/pessimistic_transaction_db.cc:488
488	  return lock_manager_->TryLock(txn, cfh_id, key, GetEnv(), exclusive);
#14 0x00007fffa4d440f4 in rocksdb::PessimisticTransaction::TryLock (this=0x555580eb2100, column_family=0x555580e8e130, key=..., read_only=true, exclusive=false, do_validate=true, assume_tracked=false) at utilities/transactions/pessimistic_transaction.cc:1167
1167	    s = txn_db_impl_->TryLock(this, cfh_id, key_str, exclusive);
#15 0x00007fffa4d59378 in rocksdb::TransactionBaseImpl::GetForUpdate (this=this@entry=0x555580eb2100, read_options=..., column_family=column_family@entry=0x555580e8e130, key=..., value=value@entry=0x7fffddfc6c90, exclusive=exclusive@entry=false, do_validate=do_validate@entry=true) at utilities/transactions/transaction_base.cc:317
317	      TryLock(column_family, key, true /* read_only */, exclusive, do_validate);
#16 0x00007fffa4d4a18a in rocksdb::WriteCommittedTxn::GetForUpdateImpl<std::__cxx11::basic_string<char, std::char_traits<char>, std::allocator<char> > > (this=0x555580eb2100, read_options=..., column_family=<optimized out>, key=..., value=0x7fffddfc6c90, exclusive=false, do_validate=true) at utilities/transactions/pessimistic_transaction.cc:199
199	                                               value, exclusive, do_validate);
#17 0x00007fffa4d45a6e in rocksdb::WriteCommittedTxn::GetForUpdate (this=<optimized out>, read_options=..., column_family=<optimized out>, key=..., value=<optimized out>, exclusive=<optimized out>, do_validate=<optimized out>) at utilities/transactions/pessimistic_transaction.cc:169
169	                          do_validate);
#18 0x0000555580dfc354 in rocksdb::RangeLockingTest_UpgradeLockAndGetConflict_Test::TestBody (this=<optimized out>) at utilities/transactions/lock/range/range_locking_test.cc:152
152	  s = txn1->GetForUpdate(ReadOptions(), cf, Slice("a"), &value,
#19 0x00007fffa5302ddc in testing::internal::HandleSehExceptionsInMethodIfSupported<testing::Test, void> (location=0x7fffa53099c0 "the test body", method=<optimized out>, object=0x555580e89f20) at third-party/gtest-1.8.1/fused-src/gtest/gtest-all.cc:3931
3931	  return (object->*method)();
#20 testing::internal::HandleExceptionsInMethodIfSupported<testing::Test, void> (object=object@entry=0x555580e89f20, method=<optimized out>, location=location@entry=0x7fffa53099c0 "the test body") at third-party/gtest-1.8.1/fused-src/gtest/gtest-all.cc:3967
3967	      return HandleSehExceptionsInMethodIfSupported(object, method, location);
#21 0x00007fffa52fa756 in testing::Test::Run (this=0x555580e89f20) at third-party/gtest-1.8.1/fused-src/gtest/gtest-all.cc:4005
4005	    internal::HandleExceptionsInMethodIfSupported(
#22 testing::Test::Run (this=0x555580e89f20) at third-party/gtest-1.8.1/fused-src/gtest/gtest-all.cc:3996
3996	void Test::Run() {
#23 0x00007fffa52fa854 in testing::TestInfo::Run (this=0x555580e86bf0) at third-party/gtest-1.8.1/fused-src/gtest/gtest-all.cc:4181
4181	    test->Run();
#24 testing::TestInfo::Run (this=0x555580e86bf0) at third-party/gtest-1.8.1/fused-src/gtest/gtest-all.cc:4155
4155	void TestInfo::Run() {
#25 0x00007fffa52fa8ec in testing::TestCase::Run (this=0x555580e868e0) at third-party/gtest-1.8.1/fused-src/gtest/gtest-all.cc:4299
4299	    GetMutableTestInfo(i)->Run();
#26 testing::TestCase::Run (this=0x555580e868e0) at third-party/gtest-1.8.1/fused-src/gtest/gtest-all.cc:4284
4284	void TestCase::Run() {
#27 0x00007fffa52faca4 in testing::internal::UnitTestImpl::RunAllTests (this=0x555580e85d10) at third-party/gtest-1.8.1/fused-src/gtest/gtest-all.cc:6665
6665	          GetMutableTestCase(test_index)->Run();
#28 0x00007fffa530332c in testing::internal::HandleSehExceptionsInMethodIfSupported<testing::internal::UnitTestImpl, bool> (location=0x7fffa5309bc8 "auxiliary test code (environments or event listeners)", method=<optimized out>, object=0x555580e85d10) at third-party/gtest-1.8.1/fused-src/gtest/gtest-all.cc:3931
3931	  return (object->*method)();
#29 testing::internal::HandleExceptionsInMethodIfSupported<testing::internal::UnitTestImpl, bool> (object=0x555580e85d10, method=<optimized out>, location=location@entry=0x7fffa5309bc8 "auxiliary test code (environments or event listeners)") at third-party/gtest-1.8.1/fused-src/gtest/gtest-all.cc:3967
3967	      return HandleSehExceptionsInMethodIfSupported(object, method, location);
#30 0x00007fffa52fae0a in testing::UnitTest::Run (this=0x7fffa533c728 <testing::UnitTest::GetInstance()::instance>) at third-party/gtest-1.8.1/fused-src/gtest/gtest-all.cc:6274
6274	  return internal::HandleExceptionsInMethodIfSupported(
#31 0x0000555580df7f66 in RUN_ALL_TESTS () at third-party/gtest-1.8.1/fused-src/gtest/gtest.h:22090
22090	  return ::testing::UnitTest::GetInstance()->Run();
#32 main (argc=<optimized out>, argv=0x7fffddfc7308) at utilities/transactions/lock/range/range_locking_test.cc:433
433	  return RUN_ALL_TESTS();
[Inferior 1 (process 2222555) detached]
Illegal instruction (core dumped)
ETA: 340s Left: 10280 AVG: 0.03s  local:32/28652/100%/0.0s 
ETA: 266s Left: 8163 AVG: 0.03s  local:32/30769/100%/0.0s 
ETA: 157s Left: 4887 AVG: 0.03s  local:32/34045/100%/0.0s 
ETA: 0s Left: 10 AVG: 0.03s  local:10/38922/100%/0.0s 
ETA: 0s Left: 0 AVG: 0.03s  local:0/38932/100%/0.0s 
Seq	Host	Starttime	JobRuntime	Send	Receive	Exitval	Signal	Command
26474	:	1789281861.793	     8.648	0	0	132	0	t/run-range_locking_test-RangeLockManager-AnyLockManagerTest.Deadlock-0 >& t/log-run-range_locking_test-RangeLockManager-AnyLockManagerTest.Deadlock-0 || bash -c "cat t/log-run-range_locking_test-RangeLockManager-AnyLockManagerTest.Deadlock-0; exit $?"
26476	:	1789281862.613	     7.992	0	0	132	0	t/run-range_locking_test-RangeLockManager-AnyLockManagerTest.LockConflict-0 >& t/log-run-range_locking_test-RangeLockManager-AnyLockManagerTest.LockConflict-0 || bash -c "cat t/log-run-range_locking_test-RangeLockManager-AnyLockManagerTest.LockConflict-0; exit $?"
26470	:	1789281861.592	     9.150	0	0	132	0	t/run-range_locking_test-RangeLockingTest.MultipleTrxLockStatusData >& t/log-run-range_locking_test-RangeLockingTest.MultipleTrxLockStatusData || bash -c "cat t/log-run-range_locking_test-RangeLockingTest.MultipleTrxLockStatusData; exit $?"
26481	:	1789281864.241	     6.842	0	0	132	0	t/run-range_locking_test-RangeLockManager-AnyLockManagerTest.SharedLocks-0 >& t/log-run-range_locking_test-RangeLockManager-AnyLockManagerTest.SharedLocks-0 || bash -c "cat t/log-run-range_locking_test-RangeLockManager-AnyLockManagerTest.SharedLocks-0; exit $?"
26469	:	1789281861.564	    10.255	0	0	132	0	t/run-range_locking_test-RangeLockingTest.LockWaiteeAccess >& t/log-run-range_locking_test-RangeLockingTest.LockWaiteeAccess || bash -c "cat t/log-run-range_locking_test-RangeLockingTest.LockWaiteeAccess; exit $?"
26477	:	1789281863.090	     9.779	0	0	132	0	t/run-range_locking_test-RangeLockManager-AnyLockManagerTest.LockDowngrade-0 >& t/log-run-range_locking_test-RangeLockManager-AnyLockManagerTest.LockDowngrade-0 || bash -c "cat t/log-run-range_locking_test-RangeLockManager-AnyLockManagerTest.LockDowngrade-0; exit $?"
26472	:	1789281861.697	    12.218	0	0	132	0	t/run-range_locking_test-RangeLockingTest.SnapshotValidation >& t/log-run-range_locking_test-RangeLockingTest.SnapshotValidation || bash -c "cat t/log-run-range_locking_test-RangeLockingTest.SnapshotValidation; exit $?"
26468	:	1789281861.515	    13.452	0	0	132	0	t/run-range_locking_test-RangeLockingTest.LockWaitCount >& t/log-run-range_locking_test-RangeLockingTest.LockWaitCount || bash -c "cat t/log-run-range_locking_test-RangeLockingTest.LockWaitCount; exit $?"
26467	:	1789281861.480	    14.542	0	0	132	0	t/run-range_locking_test-RangeLockingTest.BasicRangeLocking >& t/log-run-range_locking_test-RangeLockingTest.BasicRangeLocking || bash -c "cat t/log-run-range_locking_test-RangeLockingTest.BasicRangeLocking; exit $?"
26479	:	1789281864.109	    12.980	0	0	132	0	t/run-range_locking_test-RangeLockManager-AnyLockManagerTest.ReentrantExclusiveLock-0 >& t/log-run-range_locking_test-RangeLockManager-AnyLockManagerTest.ReentrantExclusiveLock-0 || bash -c "cat t/log-run-range_locking_test-RangeLockManager-AnyLockManagerTest.ReentrantExclusiveLock-0; exit $?"
26478	:	1789281864.037	    14.097	0	0	132	0	t/run-range_locking_test-RangeLockManager-AnyLockManagerTest.LockUpgrade-0 >& t/log-run-range_locking_test-RangeLockManager-AnyLockManagerTest.LockUpgrade-0 || bash -c "cat t/log-run-range_locking_test-RangeLockManager-AnyLockManagerTest.LockUpgrade-0; exit $?"
26480	:	1789281864.165	    15.031	0	0	132	0	t/run-range_locking_test-RangeLockManager-AnyLockManagerTest.ReentrantSharedLock-0 >& t/log-run-range_locking_test-RangeLockManager-AnyLockManagerTest.ReentrantSharedLock-0 || bash -c "cat t/log-run-range_locking_test-RangeLockManager-AnyLockManagerTest.ReentrantSharedLock-0; exit $?"
26475	:	1789281861.846	    18.391	0	0	132	0	t/run-range_locking_test-RangeLockManager-AnyLockManagerTest.GetWaitingTxns_MultipleTxns-0 >& t/log-run-range_locking_test-RangeLockManager-AnyLockManagerTest.GetWaitingTxns_MultipleTxns-0 || bash -c "cat t/log-run-range_locking_test-RangeLockManager-AnyLockManagerTest.GetWaitingTxns_MultipleTxns-0; exit $?"
26473	:	1789281861.745	    19.552	0	0	132	0	t/run-range_locking_test-RangeLockingTest.UpgradeLockAndGetConflict >& t/log-run-range_locking_test-RangeLockingTest.UpgradeLockAndGetConflict || bash -c "cat t/log-run-range_locking_test-RangeLockingTest.UpgradeLockAndGetConflict; exit $?"
make[1]: *** [Makefile:958: check_0] Error 1
make[1]: Leaving directory '/home/rvspoc/rvspoc-baseline/src/rocksdb'
make: *** [Makefile:1020: check] Error 2
