$DEBUG_LEVEL is 1, $LIB_MODE is shared
Makefile:184: Warning: Compiling in debug mode. Don't use the resulting binary in production
$DEBUG_LEVEL is 1, $LIB_MODE is shared
Makefile:184: Warning: Compiling in debug mode. Don't use the resulting binary in production
  CC       cache/cache.o
  CC       cache/cache_entry_roles.o
  CC       cache/cache_key.o
  CC       cache/cache_helpers.o
  CC       cache/cache_reservation_manager.o
  CC       cache/charged_cache.o
  CC       cache/clock_cache.o
  CC       cache/lru_cache.o
  CC       cache/compressed_secondary_cache.o
  CC       cache/secondary_cache.o
  CC       cache/secondary_cache_adapter.o
  CC       cache/sharded_cache.o
  CC       cache/tiered_secondary_cache.o
  CC       db/arena_wrapped_db_iter.o
  CC       db/attribute_group_iterator_impl.o
  CC       db/blob/blob_contents.o
  CC       db/blob/blob_fetcher.o
  CC       db/blob/blob_file_addition.o
  CC       db/blob/blob_file_builder.o
  CC       db/blob/blob_file_cache.o
  CC       db/blob/blob_file_garbage.o
  CC       db/blob/blob_file_meta.o
  CC       db/blob/blob_file_reader.o
  CC       db/blob/blob_garbage_meter.o
  CC       db/blob/blob_log_format.o
  CC       db/blob/blob_log_sequential_reader.o
  CC       db/blob/blob_log_writer.o
  CC       db/blob/blob_source.o
  CC       db/blob/prefetch_buffer_collection.o
  CC       db/builder.o
  CC       db/c.o
  CC       db/coalescing_iterator.o
  CC       db/column_family.o
  CC       db/compaction/compaction.o
  CC       db/compaction/compaction_iterator.o
  CC       db/compaction/compaction_job.o
  CC       db/compaction/compaction_picker.o
  CC       db/compaction/compaction_picker_fifo.o
  CC       db/compaction/compaction_picker_level.o
  CC       db/compaction/compaction_picker_universal.o
  CC       db/compaction/compaction_service_job.o
  CC       db/compaction/compaction_state.o
  CC       db/compaction/compaction_outputs.o
  CC       db/compaction/sst_partitioner.o
  CC       db/compaction/subcompaction_state.o
  CC       db/convenience.o
  CC       db/db_filesnapshot.o
  CC       db/db_impl/compacted_db_impl.o
  CC       db/db_impl/db_impl.o
  CC       db/db_impl/db_impl_compaction_flush.o
  CC       db/db_impl/db_impl_debug.o
  CC       db/db_impl/db_impl_experimental.o
  CC       db/db_impl/db_impl_files.o
  CC       db/db_impl/db_impl_follower.o
  CC       db/db_impl/db_impl_open.o
  CC       db/db_impl/db_impl_readonly.o
  CC       db/db_impl/db_impl_secondary.o
  CC       db/db_impl/db_impl_write.o
  CC       db/db_info_dumper.o
  CC       db/db_iter.o
  CC       db/dbformat.o
  CC       db/error_handler.o
  CC       db/event_helpers.o
  CC       db/experimental.o
  CC       db/external_sst_file_ingestion_job.o
  CC       db/file_indexer.o
  CC       db/flush_job.o
  CC       db/flush_scheduler.o
  CC       db/forward_iterator.o
  CC       db/import_column_family_job.o
  CC       db/internal_stats.o
  CC       db/logs_with_prep_tracker.o
  CC       db/log_reader.o
  CC       db/log_writer.o
  CC       db/malloc_stats.o
  CC       db/manifest_ops.o
  CC       db/memtable.o
  CC       db/memtable_list.o
  CC       db/merge_helper.o
  CC       db/merge_operator.o
  CC       db/multi_scan.o
  CC       db/output_validator.o
  CC       db/periodic_task_scheduler.o
  CC       db/range_del_aggregator.o
  CC       db/range_tombstone_fragmenter.o
  CC       db/repair.o
  CC       db/seqno_to_time_mapping.o
  CC       db/snapshot_impl.o
  CC       db/table_cache.o
  CC       db/table_properties_collector.o
  CC       db/transaction_log_impl.o
  CC       db/trim_history_scheduler.o
  CC       db/version_builder.o
  CC       db/version_edit.o
  CC       db/version_edit_handler.o
  CC       db/version_set.o
  CC       db/version_util.o
  CC       db/wal_edit.o
  CC       db/wal_manager.o
  CC       db/wide/wide_column_serialization.o
  CC       db/wide/wide_columns.o
  CC       db/wide/wide_columns_helper.o
  CC       db/write_batch.o
  CC       db/write_batch_base.o
  CC       db/write_controller.o
  CC       db/write_stall_stats.o
  CC       db/write_thread.o
  CC       env/composite_env.o
  CC       env/env.o
  CC       env/env_chroot.o
  CC       env/env_encryption.o
  CC       env/env_posix.o
  CC       env/file_system.o
  CC       env/fs_on_demand.o
  CC       env/fs_posix.o
  CC       env/fs_remap.o
  CC       env/file_system_tracer.o
  CC       env/io_posix.o
  CC       env/mock_env.o
  CC       env/unique_id_gen.o
  CC       file/delete_scheduler.o
  CC       file/file_prefetch_buffer.o
  CC       file/file_util.o
  CC       file/filename.o
  CC       file/line_file_reader.o
  CC       file/random_access_file_reader.o
  CC       file/read_write_util.o
  CC       file/readahead_raf.o
  CC       file/sequence_file_reader.o
  CC       file/sst_file_manager_impl.o
  CC       file/writable_file_writer.o
  CC       logging/auto_roll_logger.o
  CC       logging/event_logger.o
  CC       logging/log_buffer.o
  CC       memory/arena.o
  CC       memory/concurrent_arena.o
  CC       memory/jemalloc_nodump_allocator.o
  CC       memory/memkind_kmem_allocator.o
  CC       memory/memory_allocator.o
  CC       memtable/alloc_tracker.o
  CC       memtable/hash_linklist_rep.o
  CC       memtable/hash_skiplist_rep.o
  CC       memtable/skiplistrep.o
  CC       memtable/vectorrep.o
  CC       memtable/wbwi_memtable.o
  CC       memtable/write_buffer_manager.o
  CC       monitoring/histogram.o
  CC       monitoring/histogram_windowing.o
  CC       monitoring/in_memory_stats_history.o
  CC       monitoring/instrumented_mutex.o
  CC       monitoring/iostats_context.o
  CC       monitoring/perf_context.o
  CC       monitoring/perf_level.o
  CC       monitoring/persistent_stats_history.o
  CC       monitoring/statistics.o
  CC       monitoring/thread_status_impl.o
  CC       monitoring/thread_status_updater.o
  CC       monitoring/thread_status_updater_debug.o
  CC       monitoring/thread_status_util.o
  CC       monitoring/thread_status_util_debug.o
  CC       options/cf_options.o
  CC       options/configurable.o
  CC       options/customizable.o
  CC       options/db_options.o
  CC       options/offpeak_time_info.o
  CC       options/options.o
  CC       options/options_helper.o
  CC       options/options_parser.o
  CC       port/mmap.o
  CC       port/port_posix.o
  CC       port/win/env_default.o
  CC       port/win/env_win.o
  CC       port/win/io_win.o
  CC       port/win/port_win.o
  CC       port/win/win_logger.o
  CC       port/win/win_thread.o
  CC       port/stack_trace.o
  CC       table/adaptive/adaptive_table_factory.o
  CC       table/block_based/binary_search_index_reader.o
  CC       table/block_based/block.o
  CC       table/block_based/block_based_table_builder.o
  CC       table/block_based/block_based_table_factory.o
  CC       table/block_based/block_based_table_iterator.o
  CC       table/block_based/multi_scan_index_iterator.o
  CC       table/block_based/block_based_table_reader.o
  CC       table/block_based/block_builder.o
  CC       table/block_based/block_cache.o
  CC       table/block_based/block_prefetcher.o
  CC       table/block_based/block_prefix_index.o
  CC       table/block_based/data_block_hash_index.o
  CC       table/block_based/data_block_footer.o
  CC       table/block_based/filter_block_reader_common.o
  CC       table/block_based/filter_policy.o
  CC       table/block_based/flush_block_policy.o
  CC       table/block_based/full_filter_block.o
  CC       table/block_based/hash_index_reader.o
  CC       table/block_based/index_builder.o
  CC       table/block_based/index_reader_common.o
  CC       table/block_based/parsed_full_filter_block.o
  CC       table/block_based/partitioned_filter_block.o
  CC       table/block_based/partitioned_index_iterator.o
  CC       table/block_based/partitioned_index_reader.o
  CC       table/block_based/reader_common.o
  CC       table/block_based/uncompression_dict_reader.o
  CC       table/block_fetcher.o
  CC       table/cuckoo/cuckoo_table_builder.o
  CC       table/cuckoo/cuckoo_table_factory.o
  CC       table/cuckoo/cuckoo_table_reader.o
  CC       table/external_table.o
  CC       table/format.o
  CC       table/get_context.o
  CC       table/iterator.o
  CC       table/merging_iterator.o
  CC       table/compaction_merging_iterator.o
  CC       table/meta_blocks.o
  CC       table/persistent_cache_helper.o
  CC       table/plain/plain_table_bloom.o
  CC       table/plain/plain_table_builder.o
  CC       table/plain/plain_table_factory.o
  CC       table/plain/plain_table_index.o
  CC       table/plain/plain_table_key_coding.o
  CC       table/plain/plain_table_reader.o
  CC       table/sst_file_dumper.o
  CC       table/sst_file_reader.o
  CC       table/sst_file_writer.o
  CC       table/table_factory.o
  CC       table/table_properties.o
  CC       table/two_level_iterator.o
  CC       table/unique_id.o
  CC       test_util/sync_point.o
  CC       test_util/sync_point_impl.o
  CC       test_util/transaction_test_util.o
  CC       tools/dump/db_dump_tool.o
  CC       trace_replay/trace_record_handler.o
  CC       trace_replay/trace_record_result.o
  CC       trace_replay/trace_record.o
  CC       trace_replay/trace_replay.o
  CC       trace_replay/block_cache_tracer.o
  CC       trace_replay/io_tracer.o
  CC       util/async_file_reader.o
  CC       util/auto_tune_compressor.o
  CC       util/cleanable.o
  CC       util/coding.o
  CC       util/compaction_job_stats_impl.o
  CC       util/comparator.o
  CC       util/compression.o
  CC       util/compression_context_cache.o
  CC       util/concurrent_task_limiter_impl.o
  CC       util/crc32c.o
  CC       util/crc32c_arm64.o
  CC       util/data_structure.o
  CC       util/dynamic_bloom.o
  CC       util/hash.o
  CC       util/murmurhash.o
  CC       util/random.o
  CC       util/rate_limiter.o
  CC       util/ribbon_config.o
  CC       util/slice.o
  CC       util/file_checksum_helper.o
  CC       util/simple_mixed_compressor.o
  CC       util/status.o
  CC       util/stderr_logger.o
  CC       util/string_util.o
  CC       util/thread_local.o
  CC       util/threadpool_imp.o
  CC       util/io_dispatcher_imp.o
  CC       util/udt_util.o
  CC       util/write_batch_util.o
  CC       util/xxhash.o
  CC       utilities/agg_merge/agg_merge.o
  CC       utilities/backup/backup_engine.o
  CC       utilities/blob_db/blob_compaction_filter.o
  CC       utilities/blob_db/blob_db.o
  CC       utilities/blob_db/blob_db_impl.o
  CC       utilities/blob_db/blob_db_impl_filesnapshot.o
  CC       utilities/blob_db/blob_file.o
  CC       utilities/cache_dump_load.o
  CC       utilities/cache_dump_load_impl.o
  CC       utilities/cassandra/cassandra_compaction_filter.o
  CC       utilities/cassandra/format.o
  CC       utilities/cassandra/merge_operator.o
  CC       utilities/checkpoint/checkpoint_impl.o
  CC       utilities/compaction_filters.o
  CC       utilities/compaction_filters/remove_emptyvalue_compactionfilter.o
  CC       utilities/convenience/info_log_finder.o
  CC       utilities/counted_fs.o
  CC       utilities/debug.o
  CC       utilities/env_mirror.o
  CC       utilities/env_timed.o
  CC       utilities/fault_injection_env.o
  CC       utilities/fault_injection_fs.o
  CC       utilities/fault_injection_secondary_cache.o
  CC       utilities/leveldb_options/leveldb_options.o
  CC       utilities/memory/memory_util.o
  CC       utilities/merge_operators.o
  CC       utilities/merge_operators/max.o
  CC       utilities/merge_operators/put.o
  CC       utilities/merge_operators/sortlist.o
  CC       utilities/merge_operators/string_append/stringappend.o
  CC       utilities/merge_operators/string_append/stringappend2.o
  CC       utilities/merge_operators/uint64add.o
  CC       utilities/merge_operators/bytesxor.o
  CC       utilities/object_registry.o
  CC       utilities/option_change_migration/option_change_migration.o
  CC       utilities/options/options_util.o
  CC       utilities/persistent_cache/block_cache_tier.o
  CC       utilities/persistent_cache/block_cache_tier_file.o
  CC       utilities/persistent_cache/block_cache_tier_metadata.o
  CC       utilities/persistent_cache/persistent_cache_tier.o
  CC       utilities/persistent_cache/volatile_tier_impl.o
  CC       utilities/secondary_index/secondary_index_iterator.o
  CC       utilities/secondary_index/simple_secondary_index.o
  CC       utilities/simulator_cache/cache_simulator.o
  CC       utilities/simulator_cache/sim_cache.o
  CC       utilities/table_properties_collectors/compact_for_tiering_collector.o
  CC       utilities/table_properties_collectors/compact_on_deletion_collector.o
  CC       utilities/trace/file_trace_reader_writer.o
  CC       utilities/trace/replayer_impl.o
  CC       utilities/transactions/lock/lock_manager.o
  CC       utilities/transactions/lock/point/point_lock_tracker.o
  CC       utilities/transactions/lock/point/point_lock_manager.o
  CC       utilities/transactions/optimistic_transaction.o
  CC       utilities/transactions/optimistic_transaction_db_impl.o
  CC       utilities/transactions/pessimistic_transaction.o
  CC       utilities/transactions/pessimistic_transaction_db.o
  CC       utilities/transactions/snapshot_checker.o
  CC       utilities/transactions/transaction_base.o
  CC       utilities/transactions/transaction_db_mutex_impl.o
  CC       utilities/transactions/transaction_util.o
  CC       utilities/transactions/write_prepared_txn.o
  CC       utilities/transactions/write_prepared_txn_db.o
  CC       utilities/transactions/write_unprepared_txn.o
  CC       utilities/transactions/write_unprepared_txn_db.o
  CC       utilities/ttl/db_ttl_impl.o
  CC       utilities/trie_index/bitvector.o
  CC       utilities/trie_index/louds_trie.o
  CC       utilities/trie_index/trie_index_factory.o
  CC       utilities/types_util.o
  CC       utilities/wal_filter.o
  CC       utilities/write_batch_with_index/write_batch_with_index.o
  CC       utilities/write_batch_with_index/write_batch_with_index_internal.o
  CC       utilities/transactions/lock/range/range_tree/lib/locktree/concurrent_tree.o
  CC       utilities/transactions/lock/range/range_tree/lib/locktree/keyrange.o
  CC       utilities/transactions/lock/range/range_tree/lib/locktree/lock_request.o
  CC       utilities/transactions/lock/range/range_tree/lib/locktree/locktree.o
  CC       utilities/transactions/lock/range/range_tree/lib/locktree/manager.o
  CC       utilities/transactions/lock/range/range_tree/lib/locktree/range_buffer.o
  CC       utilities/transactions/lock/range/range_tree/lib/locktree/treenode.o
  CC       utilities/transactions/lock/range/range_tree/lib/locktree/txnid_set.o
  CC       utilities/transactions/lock/range/range_tree/lib/locktree/wfg.o
  CC       utilities/transactions/lock/range/range_tree/lib/standalone_port.o
  CC       utilities/transactions/lock/range/range_tree/lib/util/dbt.o
  CC       utilities/transactions/lock/range/range_tree/lib/util/memarena.o
  CC       utilities/transactions/lock/range/range_tree/range_tree_lock_manager.o
  CC       utilities/transactions/lock/range/range_tree/range_tree_lock_tracker.o
  CC       cache/cache_bench.o
  CC       cache/cache_bench_tool.o
  CC       db/range_del_aggregator_bench.o
  CC       memtable/memtablerep_bench.o
  CC       table/table_reader_bench.o
  CC       db/db_test_util.o
  CC       db/db_with_timestamp_test_util.o
  CC       test_util/mock_time_env.o
  CC       test_util/secondary_cache_test_util.o
  CC       test_util/testharness.o
  CC       test_util/testutil.o
  CC       utilities/agg_merge/test_agg_merge.o
  CC       utilities/cassandra/test_utils.o
  CC       table/mock_table.o
  CC       third-party/gtest-1.8.1/fused-src/gtest/gtest-all.o
  CC       tools/db_bench.o
  CC       tools/db_bench_tool.o
  CC       tools/tool_hooks.o
  CC       tools/simulated_hybrid_file_system.o
  CC       util/filter_bench.o
  CC       utilities/persistent_cache/persistent_cache_bench.o
  CC       db_stress_tool/db_stress.o
  CC       tools/block_cache_analyzer/block_cache_trace_analyzer.o
  CC       tools/trace_analyzer_tool.o
  CC       db_stress_tool/batched_ops_stress.o
  CC       db_stress_tool/cf_consistency_stress.o
  CC       db_stress_tool/db_stress_common.o
  CC       db_stress_tool/db_stress_compaction_service.o
  CC       db_stress_tool/db_stress_compression_manager.o
  CC       db_stress_tool/db_stress_driver.o
  CC       db_stress_tool/db_stress_filters.o
  CC       db_stress_tool/db_stress_gflags.o
  CC       db_stress_tool/db_stress_listener.o
  CC       db_stress_tool/db_stress_shared_state.o
  CC       db_stress_tool/db_stress_test_base.o
  CC       db_stress_tool/db_stress_tool.o
  CC       db_stress_tool/db_stress_wide_merge_operator.o
  CC       db_stress_tool/expected_state.o
  CC       db_stress_tool/expected_value.o
  CC       db_stress_tool/no_batched_ops_stress.o
  CC       db_stress_tool/multi_ops_txns_stress.o
  CC       tools/io_tracer_parser_tool.o
  CC       tools/ldb_cmd.o
  CC       tools/ldb_tool.o
  CC       tools/sst_dump_tool.o
  CC       utilities/blob_db/blob_dump_tool.o
  CC       tools/blob_dump.o
  CC       tools/block_cache_analyzer/block_cache_trace_analyzer_tool.o
  CC       tools/db_repl_stress.o
  CC       tools/db_sanity_test.o
  CC       tools/ldb.o
  CC       tools/io_tracer_parser.o
  CC       tools/sst_dump.o
  CC       tools/write_stress.o
  CC       tools/dump/rocksdb_dump.o
  CC       tools/dump/rocksdb_undump.o
  CC       tools/trace_analyzer.o
  CC       env/env_basic_test.o
  CC       cache/cache_test.o
  CC       cache/cache_reservation_manager_test.o
  CC       cache/compressed_secondary_cache_test.o
  CC       cache/lru_cache_test.o
  CC       cache/tiered_secondary_cache_test.o
  CC       db/blob/blob_counting_iterator_test.o
  CC       db/blob/blob_file_addition_test.o
  CC       db/blob/blob_file_builder_test.o
  CC       db/blob/blob_file_cache_test.o
  CC       db/blob/blob_file_garbage_test.o
  CC       db/blob/blob_file_reader_test.o
  CC       db/blob/blob_garbage_meter_test.o
  CC       db/blob/blob_source_test.o
  CC       db/blob/db_blob_basic_test.o
  CC       db/blob/db_blob_compaction_test.o
  CC       db/blob/db_blob_corruption_test.o
  CC       db/blob/db_blob_index_test.o
  CC       db/column_family_test.o
  CC       db/compact_files_test.o
  CC       db/compaction/clipping_iterator_test.o
  CC       db/compaction/compaction_iterator_test.o
  CC       db/compaction/compaction_job_test.o
  CC       db/compaction/compaction_job_stats_test.o
  CC       db/compaction/compaction_picker_test.o
  CC       db/compaction/compaction_service_test.o
  CC       db/compaction/tiered_compaction_test.o
  CC       db/comparator_db_test.o
  CC       db/corruption_test.o
  CC       db/cuckoo_table_db_test.o
  CC       db/db_basic_test.o
  CC       db/db_block_cache_test.o
  CC       db/db_bloom_filter_test.o
  CC       db/db_compaction_abort_test.o
  CC       db/db_compaction_filter_test.o
  CC       db/db_compaction_test.o
  CC       db/db_clip_test.o
  CC       db/db_dynamic_level_test.o
  CC       db/db_encryption_test.o
  CC       db/db_etc3_test.o
  CC       db/db_flush_test.o
  CC       db/db_follower_test.o
  CC       db/db_readonly_with_timestamp_test.o
  CC       db/db_with_timestamp_basic_test.o
  CC       db/import_column_family_test.o
  CC       db/db_inplace_update_test.o
  CC       db/db_io_failure_test.o
  CC       db/db_iter_test.o
  CC       db/db_iter_stress_test.o
  CC       db/db_iterator_test.o
  CC       db/db_kv_checksum_test.o
  CC       db/db_log_iter_test.o
  CC       db/db_memtable_test.o
  CC       db/db_merge_operator_test.o
  CC       db/db_merge_operand_test.o
  CC       db/db_options_test.o
  CC       db/db_properties_test.o
  CC       db/db_range_del_test.o
  CC       db/db_rate_limiter_test.o
  CC       db/db_secondary_test.o
  CC       db/db_sst_test.o
  CC       db/db_statistics_test.o
  CC       db/db_table_properties_test.o
  CC       db/db_tailing_iter_test.o
  CC       db/db_test.o
  CC       db/db_test2.o
  CC       db/db_logical_block_size_cache_test.o
  CC       db/db_universal_compaction_test.o
  CC       db/db_wal_test.o
  CC       db/db_with_timestamp_compaction_test.o
  CC       db/db_write_buffer_manager_test.o
  CC       db/db_write_test.o
  CC       db/dbformat_test.o
  CC       db/deletefile_test.o
  CC       db/error_handler_fs_test.o
  CC       db/external_sst_file_basic_test.o
  CC       db/external_sst_file_test.o
  CC       db/fault_injection_test.o
  CC       db/file_indexer_test.o
  CC       db/filename_test.o
  CC       db/flush_job_test.o
  CC       db/listener_test.o
  CC       db/log_test.o
  CC       db/manual_compaction_test.o
  CC       db/memtable_list_test.o
  CC       db/merge_helper_test.o
  CC       db/merge_test.o
  CC       db/multi_cf_iterator_test.o
  CC       db/obsolete_files_test.o
  CC       db/options_file_test.o
  CC       db/perf_context_test.o
  CC       db/periodic_task_scheduler_test.o
  CC       db/plain_table_db_test.o
  CC       db/prefix_test.o
  CC       db/repair_test.o
  CC       db/range_del_aggregator_test.o
  CC       db/range_tombstone_fragmenter_test.o
  CC       db/seqno_time_test.o
  CC       db/table_properties_collector_test.o
  CC       db/version_builder_test.o
  CC       db/version_edit_test.o
  CC       db/version_set_test.o
  CC       db/wal_manager_test.o
  CC       db/wide/db_wide_basic_test.o
  CC       db/wide/wide_column_serialization_test.o
  CC       db/wide/wide_columns_helper_test.o
  CC       db/write_batch_test.o
  CC       db/write_callback_test.o
  CC       db/write_controller_test.o
  CC       env/env_test.o
  CC       env/io_posix_test.o
  CC       env/mock_env_test.o
  CC       file/delete_scheduler_test.o
  CC       file/prefetch_test.o
  CC       file/random_access_file_reader_test.o
  CC       logging/auto_roll_logger_test.o
  CC       logging/env_logger_test.o
  CC       logging/event_logger_test.o
  CC       memory/arena_test.o
  CC       memory/memory_allocator_test.o
  CC       memtable/inlineskiplist_test.o
  CC       memtable/skiplist_test.o
  CC       memtable/write_buffer_manager_test.o
  CC       monitoring/histogram_test.o
  CC       monitoring/iostats_context_test.o
  CC       monitoring/statistics_test.o
  CC       monitoring/stats_history_test.o
  CC       options/configurable_test.o
  CC       options/customizable_test.o
  CC       options/options_settable_test.o
  CC       options/options_test.o
  CC       table/block_based/block_based_table_reader_test.o
  CC       table/block_based/block_test.o
  CC       table/block_based/data_block_hash_index_test.o
  CC       table/block_based/full_filter_block_test.o
  CC       table/block_based/partitioned_filter_block_test.o
  CC       table/cleanable_test.o
  CC       table/cuckoo/cuckoo_table_builder_test.o
  CC       table/cuckoo/cuckoo_table_reader_test.o
  CC       table/merger_test.o
  CC       table/sst_file_reader_test.o
  CC       table/table_test.o
  CC       table/block_fetcher_test.o
  CC       test_util/testutil_test.o
  CC       util/compression_test.o
  CC       tools/block_cache_analyzer/block_cache_trace_analyzer_test.o
  CC       tools/io_tracer_parser_test.o
  CC       tools/ldb_cmd_test.o
  CC       tools/reduce_levels_test.o
  CC       tools/sst_dump_test.o
  CC       tools/trace_analyzer_test.o
  CC       trace_replay/block_cache_tracer_test.o
  CC       trace_replay/io_tracer_test.o
  CC       util/autovector_test.o
  CC       util/bloom_test.o
  CC       util/coding_test.o
  CC       util/crc32c_test.o
  CC       util/defer_test.o
  CC       util/dynamic_bloom_test.o
  CC       util/filelock_test.o
  CC       util/file_reader_writer_test.o
  CC       util/hash_test.o
  CC       util/heap_test.o
  CC       util/interval_test.o
  CC       util/io_dispatcher_test.o
  CC       util/random_test.o
  CC       util/rate_limiter_test.o
  CC       util/repeatable_thread_test.o
  CC       util/ribbon_test.o
  CC       util/slice_test.o
  CC       util/slice_transform_test.o
  CC       util/timer_queue_test.o
  CC       util/timer_test.o
  CC       util/thread_list_test.o
  CC       util/thread_local_test.o
  CC       util/udt_util_test.o
  CC       util/work_queue_test.o
  CC       utilities/agg_merge/agg_merge_test.o
  CC       utilities/backup/backup_engine_test.o
  CC       utilities/blob_db/blob_db_test.o
  CC       utilities/cassandra/cassandra_format_test.o
  CC       utilities/cassandra/cassandra_functional_test.o
  CC       utilities/cassandra/cassandra_row_merge_test.o
  CC       utilities/cassandra/cassandra_serialize_test.o
  CC       utilities/checkpoint/checkpoint_test.o
  CC       utilities/env_timed_test.o
  CC       utilities/fault_injection_fs_test.o
  CC       utilities/memory/memory_test.o
  CC       utilities/merge_operators/string_append/stringappend_test.o
  CC       utilities/object_registry_test.o
  CC       utilities/option_change_migration/option_change_migration_test.o
  CC       utilities/options/options_util_test.o
  CC       utilities/persistent_cache/hash_table_test.o
  CC       utilities/persistent_cache/persistent_cache_test.o
  CC       utilities/simulator_cache/cache_simulator_test.o
  CC       utilities/simulator_cache/sim_cache_test.o
  CC       utilities/table_properties_collectors/compact_for_tiering_collector_test.o
  CC       utilities/table_properties_collectors/compact_on_deletion_collector_test.o
  CC       utilities/transactions/optimistic_transaction_test.o
  CC       utilities/transactions/lock/range/range_locking_test.o
  CC       utilities/transactions/transaction_test.o
  CC       utilities/transactions/lock/point/point_lock_manager_test.o
  CC       utilities/transactions/lock/point/point_lock_manager_stress_test.o
  CC       utilities/transactions/write_prepared_transaction_test.o
  CC       utilities/transactions/write_prepared_transaction_seqno_test.o
  CC       utilities/transactions/write_unprepared_transaction_test.o
  CC       utilities/transactions/write_committed_transaction_ts_test.o
  CC       utilities/transactions/timestamped_snapshot_test.o
  CC       utilities/ttl/ttl_test.o
  CC       utilities/trie_index/trie_index_db_test.o
  CC       utilities/trie_index/trie_index_test.o
  CC       utilities/types_util_test.o
  CC       utilities/util_merge_operators_test.o
  CC       utilities/write_batch_with_index/write_batch_with_index_test.o
  CC       db/c_test.o
  GEN      util/build_version.cc
  AR       librocksdb_stress_debug.a
/usr/bin/ar: creating librocksdb_stress_debug.a
  CC       util/build_version.o
  CCLD     librocksdb.so.11.1.1
  AR       librocksdb_env_basic_test.a
/usr/bin/ar: creating librocksdb_env_basic_test.a
ln -fs librocksdb.so.11.1.1 librocksdb.so.11.1
ln -fs librocksdb.so.11.1.1 librocksdb.so.11
ln -fs librocksdb.so.11.1.1 librocksdb.so
  CCLD     cache_bench
  CCLD     range_del_aggregator_bench
  CCLD     memtablerep_bench
  AR       librocksdb_test_debug.so
  CCLD     db_bench
  CCLD     filter_bench
  CCLD     persistent_cache_bench
  AR       librocksdb_tools_debug.so
  CCLD     db_repl_stress
  CCLD     db_sanity_test
  CCLD     write_stress
  CCLD     librocksdb_test_debug.so
  CCLD     librocksdb_tools_debug.so
  CCLD     rocksdb_dump
  CCLD     rocksdb_undump
  CCLD     cache_test
  CCLD     compressed_secondary_cache_test
  CCLD     table_reader_bench
  CCLD     cache_reservation_manager_test
  CCLD     lru_cache_test
  CCLD     tiered_secondary_cache_test
  CCLD     blob_counting_iterator_test
  CCLD     blob_file_builder_test
  CCLD     blob_file_addition_test
  CCLD     blob_file_cache_test
  CCLD     blob_file_garbage_test
  CCLD     blob_file_reader_test
  CCLD     blob_garbage_meter_test
  CCLD     blob_source_test
  CCLD     db_blob_basic_test
  CCLD     db_blob_compaction_test
  CCLD     db_blob_corruption_test
  CCLD     db_blob_index_test
  CCLD     column_family_test
  CCLD     compact_files_test
  CCLD     clipping_iterator_test
  CCLD     compaction_iterator_test
  CCLD     compaction_job_test
  CCLD     compaction_job_stats_test
  CCLD     compaction_picker_test
  CCLD     compaction_service_test
  CCLD     tiered_compaction_test
  CCLD     comparator_db_test
  CCLD     corruption_test
  CCLD     cuckoo_table_db_test
  CCLD     db_basic_test
  CCLD     db_block_cache_test
  CCLD     db_bloom_filter_test
  CCLD     db_compaction_abort_test
  CCLD     db_compaction_filter_test
  CCLD     db_clip_test
  CCLD     db_dynamic_level_test
  CCLD     db_encryption_test
  CCLD     db_etc3_test
  CCLD     db_flush_test
  CCLD     db_follower_test
  CCLD     db_readonly_with_timestamp_test
  CCLD     db_with_timestamp_basic_test
  CCLD     import_column_family_test
  CCLD     db_inplace_update_test
  CCLD     db_io_failure_test
  CCLD     db_iter_test
  CCLD     db_iter_stress_test
  CCLD     db_iterator_test
  CCLD     db_kv_checksum_test
  CCLD     db_log_iter_test
  CCLD     db_memtable_test
  CCLD     db_merge_operator_test
  CCLD     db_merge_operand_test
  CCLD     db_options_test
  CCLD     db_properties_test
  CCLD     db_range_del_test
  CCLD     db_rate_limiter_test
  CCLD     db_secondary_test
  CCLD     db_sst_test
  CCLD     db_statistics_test
  CCLD     db_table_properties_test
  CCLD     db_tailing_iter_test
  CCLD     db_test
  CCLD     db_logical_block_size_cache_test
  CCLD     db_universal_compaction_test
  CCLD     db_wal_test
  CCLD     db_with_timestamp_compaction_test
  CCLD     db_write_buffer_manager_test
  CCLD     db_write_test
  CCLD     dbformat_test
  CCLD     deletefile_test
  CCLD     error_handler_fs_test
  CCLD     external_sst_file_basic_test
  CCLD     external_sst_file_test
  CCLD     fault_injection_test
  CCLD     file_indexer_test
  CCLD     filename_test
  CCLD     flush_job_test
  CCLD     listener_test
  CCLD     log_test
  CCLD     manual_compaction_test
  CCLD     memtable_list_test
  CCLD     merge_helper_test
  CCLD     merge_test
  CCLD     multi_cf_iterator_test
  CCLD     obsolete_files_test
  CCLD     options_file_test
  CCLD     perf_context_test
  CCLD     periodic_task_scheduler_test
  CCLD     plain_table_db_test
  CCLD     prefix_test
  CCLD     repair_test
  CCLD     range_del_aggregator_test
  CCLD     range_tombstone_fragmenter_test
  CCLD     seqno_time_test
  CCLD     table_properties_collector_test
  CCLD     version_builder_test
  CCLD     version_edit_test
  CCLD     version_set_test
  CCLD     wal_manager_test
  CCLD     db_wide_basic_test
  CCLD     wide_column_serialization_test
  CCLD     wide_columns_helper_test
  CCLD     write_batch_test
  CCLD     write_callback_test
  CCLD     write_controller_test
  CCLD     env_basic_test
  CCLD     env_test
  CCLD     io_posix_test
  CCLD     mock_env_test
  CCLD     delete_scheduler_test
  CCLD     prefetch_test
  CCLD     random_access_file_reader_test
  CCLD     auto_roll_logger_test
  CCLD     env_logger_test
  CCLD     event_logger_test
  CCLD     arena_test
  CCLD     memory_allocator_test
  CCLD     inlineskiplist_test
  CCLD     skiplist_test
  CCLD     write_buffer_manager_test
  CCLD     histogram_test
  CCLD     iostats_context_test
  CCLD     statistics_test
  CCLD     stats_history_test
  CCLD     configurable_test
  CCLD     customizable_test
  CCLD     options_settable_test
  CCLD     block_based_table_reader_test
  CCLD     block_test
  CCLD     data_block_hash_index_test
  CCLD     full_filter_block_test
  CCLD     partitioned_filter_block_test
  CCLD     cleanable_test
  CCLD     cuckoo_table_builder_test
  CCLD     cuckoo_table_reader_test
  CCLD     merger_test
  CCLD     sst_file_reader_test
  CCLD     block_fetcher_test
  CCLD     testutil_test
  CCLD     compression_test
  CCLD     block_cache_trace_analyzer_test
  CCLD     io_tracer_parser_test
  CCLD     ldb_cmd_test
  CCLD     reduce_levels_test
  CCLD     sst_dump_test
  CCLD     trace_analyzer_test
  CCLD     block_cache_tracer_test
  CCLD     io_tracer_test
  CCLD     autovector_test
  CCLD     bloom_test
  CCLD     coding_test
  CCLD     crc32c_test
  CCLD     defer_test
  CCLD     dynamic_bloom_test
  CCLD     filelock_test
  CCLD     file_reader_writer_test
  CCLD     hash_test
  CCLD     heap_test
  CCLD     interval_test
  CCLD     io_dispatcher_test
  CCLD     random_test
  CCLD     rate_limiter_test
  CCLD     repeatable_thread_test
  CCLD     slice_test
  CCLD     slice_transform_test
  CCLD     timer_queue_test
  CCLD     timer_test
  CCLD     thread_list_test
  CCLD     thread_local_test
  CCLD     udt_util_test
  CCLD     work_queue_test
  CCLD     agg_merge_test
  CCLD     backup_engine_test
  CCLD     blob_db_test
  CCLD     cassandra_format_test
  CCLD     cassandra_functional_test
  CCLD     cassandra_row_merge_test
  CCLD     cassandra_serialize_test
  CCLD     checkpoint_test
  CCLD     env_timed_test
  CCLD     fault_injection_fs_test
  CCLD     memory_test
  CCLD     stringappend_test
  CCLD     object_registry_test
  CCLD     option_change_migration_test
  CCLD     options_util_test
  CCLD     hash_table_test
  CCLD     persistent_cache_test
  CCLD     cache_simulator_test
  CCLD     sim_cache_test
  CCLD     compact_for_tiering_collector_test
  CCLD     compact_on_deletion_collector_test
  CCLD     range_locking_test
  CCLD     point_lock_manager_test
  CCLD     point_lock_manager_stress_test
  CCLD     write_prepared_transaction_seqno_test
  CCLD     write_unprepared_transaction_test
  CCLD     timestamped_snapshot_test
  CCLD     ttl_test
  CCLD     types_util_test
  CCLD     util_merge_operators_test
  CCLD     c_test
  CCLD     db_stress
  CCLD     blob_dump
  CCLD     block_cache_trace_analyzer
  CCLD     ldb
  CCLD     io_tracer_parser
  CCLD     sst_dump
  CCLD     trace_analyzer
  CCLD     db_compaction_test
  CCLD     db_test2
  CCLD     write_committed_transaction_ts_test
  CCLD     trie_index_db_test
  CCLD     optimistic_transaction_test
  CCLD     trie_index_test
  CCLD     write_prepared_transaction_test
  CCLD     options_test
  CCLD     write_batch_with_index_test
  CCLD     table_test
  CCLD     ribbon_test
  CCLD     transaction_test
Cleaning up stale test directories older than 3 hours...
make gen_parallel_tests
make[1]: Entering directory '/home/rvspoc/rvspoc-verify/src/rvspoc-S2605-rocksdb-pr4'
$DEBUG_LEVEL is 1, $LIB_MODE is shared
Makefile:184: Warning: Compiling in debug mode. Don't use the resulting binary in production
make parallel_cache_test parallel_cache_reservation_manager_test parallel_compressed_secondary_cache_test parallel_lru_cache_test parallel_tiered_secondary_cache_test parallel_blob_counting_iterator_test parallel_blob_file_addition_test parallel_blob_file_builder_test parallel_blob_file_cache_test parallel_blob_file_garbage_test parallel_blob_file_reader_test parallel_blob_garbage_meter_test parallel_blob_source_test parallel_db_blob_basic_test parallel_db_blob_compaction_test parallel_db_blob_corruption_test parallel_db_blob_index_test parallel_column_family_test parallel_compact_files_test parallel_clipping_iterator_test parallel_compaction_iterator_test parallel_compaction_job_test parallel_compaction_job_stats_test parallel_compaction_picker_test parallel_compaction_service_test parallel_tiered_compaction_test parallel_comparator_db_test parallel_corruption_test parallel_cuckoo_table_db_test parallel_db_basic_test parallel_db_block_cache_test parallel_db_compaction_abort_test parallel_db_compaction_filter_test parallel_db_compaction_test parallel_db_clip_test parallel_db_dynamic_level_test parallel_db_encryption_test parallel_db_etc3_test parallel_db_flush_test parallel_db_follower_test parallel_db_readonly_with_timestamp_test parallel_db_with_timestamp_basic_test parallel_import_column_family_test parallel_db_inplace_update_test parallel_db_iter_test parallel_db_iter_stress_test parallel_db_iterator_test parallel_db_kv_checksum_test parallel_db_log_iter_test parallel_db_memtable_test parallel_db_merge_operator_test parallel_db_merge_operand_test parallel_db_options_test parallel_db_properties_test parallel_db_range_del_test parallel_db_rate_limiter_test parallel_db_secondary_test parallel_db_sst_test parallel_db_statistics_test parallel_db_table_properties_test parallel_db_tailing_iter_test parallel_db_test parallel_db_test2 parallel_db_logical_block_size_cache_test parallel_db_universal_compaction_test parallel_db_wal_test parallel_db_with_timestamp_compaction_test parallel_db_write_buffer_manager_test parallel_db_write_test parallel_dbformat_test parallel_error_handler_fs_test parallel_external_sst_file_basic_test parallel_external_sst_file_test parallel_fault_injection_test parallel_file_indexer_test parallel_filename_test parallel_flush_job_test parallel_listener_test parallel_log_test parallel_manual_compaction_test parallel_memtable_list_test parallel_merge_helper_test parallel_merge_test parallel_multi_cf_iterator_test parallel_options_file_test parallel_periodic_task_scheduler_test parallel_plain_table_db_test parallel_prefix_test parallel_repair_test parallel_range_del_aggregator_test parallel_range_tombstone_fragmenter_test parallel_seqno_time_test parallel_table_properties_collector_test parallel_version_builder_test parallel_version_edit_test parallel_version_set_test parallel_wal_manager_test parallel_db_wide_basic_test parallel_wide_column_serialization_test parallel_wide_columns_helper_test parallel_write_batch_test parallel_write_callback_test parallel_write_controller_test parallel_env_basic_test parallel_io_posix_test parallel_mock_env_test parallel_delete_scheduler_test parallel_random_access_file_reader_test parallel_auto_roll_logger_test parallel_env_logger_test parallel_event_logger_test parallel_arena_test parallel_memory_allocator_test parallel_inlineskiplist_test parallel_skiplist_test parallel_write_buffer_manager_test parallel_histogram_test parallel_iostats_context_test parallel_statistics_test parallel_stats_history_test parallel_configurable_test parallel_customizable_test parallel_options_settable_test parallel_options_test parallel_block_based_table_reader_test parallel_block_test parallel_data_block_hash_index_test parallel_full_filter_block_test parallel_partitioned_filter_block_test parallel_cleanable_test parallel_cuckoo_table_builder_test parallel_cuckoo_table_reader_test parallel_merger_test parallel_sst_file_reader_test parallel_table_test parallel_block_fetcher_test parallel_testutil_test parallel_compression_test parallel_block_cache_trace_analyzer_test parallel_io_tracer_parser_test parallel_ldb_cmd_test parallel_reduce_levels_test parallel_sst_dump_test parallel_trace_analyzer_test parallel_block_cache_tracer_test parallel_io_tracer_test parallel_autovector_test parallel_bloom_test parallel_coding_test parallel_crc32c_test parallel_defer_test parallel_dynamic_bloom_test parallel_filelock_test parallel_file_reader_writer_test parallel_hash_test parallel_heap_test parallel_interval_test parallel_io_dispatcher_test parallel_random_test parallel_rate_limiter_test parallel_repeatable_thread_test parallel_ribbon_test parallel_slice_test parallel_slice_transform_test parallel_timer_queue_test parallel_timer_test parallel_thread_list_test parallel_thread_local_test parallel_udt_util_test parallel_work_queue_test parallel_agg_merge_test parallel_blob_db_test parallel_cassandra_format_test parallel_cassandra_functional_test parallel_cassandra_row_merge_test parallel_cassandra_serialize_test parallel_checkpoint_test parallel_env_timed_test parallel_fault_injection_fs_test parallel_memory_test parallel_stringappend_test parallel_object_registry_test parallel_option_change_migration_test parallel_options_util_test parallel_hash_table_test parallel_persistent_cache_test parallel_cache_simulator_test parallel_sim_cache_test parallel_compact_for_tiering_collector_test parallel_compact_on_deletion_collector_test parallel_optimistic_transaction_test parallel_range_locking_test parallel_transaction_test parallel_point_lock_manager_test parallel_point_lock_manager_stress_test parallel_write_prepared_transaction_test parallel_write_prepared_transaction_seqno_test parallel_write_unprepared_transaction_test parallel_write_committed_transaction_ts_test parallel_timestamped_snapshot_test parallel_ttl_test parallel_trie_index_db_test parallel_trie_index_test parallel_types_util_test parallel_util_merge_operators_test parallel_write_batch_with_index_test
make[2]: Entering directory '/home/rvspoc/rvspoc-verify/src/rvspoc-S2605-rocksdb-pr4'
$DEBUG_LEVEL is 1, $LIB_MODE is shared
Makefile:184: Warning: Compiling in debug mode. Don't use the resulting binary in production
  Generating parallel test scripts for blob_file_addition_test
  Generating parallel test scripts for blob_counting_iterator_test
  Generating parallel test scripts for compressed_secondary_cache_test
  Generating parallel test scripts for blob_file_builder_test
  Generating parallel test scripts for blob_file_cache_test
  Generating parallel test scripts for lru_cache_test
  Generating parallel test scripts for blob_file_reader_test
  Generating parallel test scripts for cache_test
  Generating parallel test scripts for blob_garbage_meter_test
  Generating parallel test scripts for cache_reservation_manager_test
  Generating parallel test scripts for db_blob_corruption_test
  Generating parallel test scripts for blob_source_test
  Generating parallel test scripts for db_blob_basic_test
  Generating parallel test scripts for db_blob_compaction_test
  Generating parallel test scripts for db_blob_index_test
  Generating parallel test scripts for tiered_secondary_cache_test
  Generating parallel test scripts for blob_file_garbage_test
  Generating parallel test scripts for compact_files_test
  Generating parallel test scripts for column_family_test
  Generating parallel test scripts for compaction_picker_test
  Generating parallel test scripts for compaction_iterator_test
  Generating parallel test scripts for clipping_iterator_test
  Generating parallel test scripts for comparator_db_test
  Generating parallel test scripts for compaction_job_stats_test
  Generating parallel test scripts for tiered_compaction_test
  Generating parallel test scripts for compaction_job_test
  Generating parallel test scripts for compaction_service_test
  Generating parallel test scripts for cuckoo_table_db_test
  Generating parallel test scripts for corruption_test
  Generating parallel test scripts for db_block_cache_test
  Generating parallel test scripts for db_basic_test
  Generating parallel test scripts for db_compaction_abort_test
  Generating parallel test scripts for db_compaction_filter_test
  Generating parallel test scripts for db_clip_test
  Generating parallel test scripts for db_dynamic_level_test
  Generating parallel test scripts for db_compaction_test
  Generating parallel test scripts for db_encryption_test
  Generating parallel test scripts for db_etc3_test
  Generating parallel test scripts for db_follower_test
  Generating parallel test scripts for db_flush_test
  Generating parallel test scripts for db_readonly_with_timestamp_test
  Generating parallel test scripts for db_inplace_update_test
  Generating parallel test scripts for db_iter_stress_test
  Generating parallel test scripts for db_iter_test
  Generating parallel test scripts for import_column_family_test
  Generating parallel test scripts for db_iterator_test
  Generating parallel test scripts for db_memtable_test
  Generating parallel test scripts for db_log_iter_test
  Generating parallel test scripts for db_with_timestamp_basic_test
  Generating parallel test scripts for db_merge_operator_test
  Generating parallel test scripts for db_options_test
  Generating parallel test scripts for db_merge_operand_test
  Generating parallel test scripts for db_kv_checksum_test
  Generating parallel test scripts for db_range_del_test
  Generating parallel test scripts for db_properties_test
  Generating parallel test scripts for db_rate_limiter_test
  Generating parallel test scripts for db_secondary_test
  Generating parallel test scripts for db_sst_test
  Generating parallel test scripts for db_statistics_test
  Generating parallel test scripts for db_table_properties_test
  Generating parallel test scripts for db_tailing_iter_test
  Generating parallel test scripts for db_test2
  Generating parallel test scripts for db_test
  Generating parallel test scripts for db_logical_block_size_cache_test
  Generating parallel test scripts for db_universal_compaction_test
  Generating parallel test scripts for db_with_timestamp_compaction_test
  Generating parallel test scripts for db_write_buffer_manager_test
  Generating parallel test scripts for db_wal_test
  Generating parallel test scripts for db_write_test
  Generating parallel test scripts for dbformat_test
  Generating parallel test scripts for error_handler_fs_test
  Generating parallel test scripts for external_sst_file_basic_test
  Generating parallel test scripts for external_sst_file_test
  Generating parallel test scripts for fault_injection_test
  Generating parallel test scripts for file_indexer_test
  Generating parallel test scripts for filename_test
  Generating parallel test scripts for flush_job_test
  Generating parallel test scripts for listener_test
  Generating parallel test scripts for log_test
  Generating parallel test scripts for manual_compaction_test
  Generating parallel test scripts for memtable_list_test
  Generating parallel test scripts for merge_helper_test
  Generating parallel test scripts for merge_test
  Generating parallel test scripts for multi_cf_iterator_test
  Generating parallel test scripts for periodic_task_scheduler_test
  Generating parallel test scripts for options_file_test
  Generating parallel test scripts for plain_table_db_test
  Generating parallel test scripts for prefix_test
  Generating parallel test scripts for repair_test
  Generating parallel test scripts for range_del_aggregator_test
  Generating parallel test scripts for seqno_time_test
  Generating parallel test scripts for range_tombstone_fragmenter_test
  Generating parallel test scripts for version_builder_test
  Generating parallel test scripts for table_properties_collector_test
  Generating parallel test scripts for version_edit_test
  Generating parallel test scripts for wal_manager_test
  Generating parallel test scripts for wide_column_serialization_test
  Generating parallel test scripts for version_set_test
  Generating parallel test scripts for db_wide_basic_test
  Generating parallel test scripts for wide_columns_helper_test
  Generating parallel test scripts for write_batch_test
  Generating parallel test scripts for write_callback_test
  Generating parallel test scripts for write_controller_test
  Generating parallel test scripts for io_posix_test
  Generating parallel test scripts for env_basic_test
  Generating parallel test scripts for mock_env_test
  Generating parallel test scripts for delete_scheduler_test
  Generating parallel test scripts for auto_roll_logger_test
  Generating parallel test scripts for random_access_file_reader_test
  Generating parallel test scripts for env_logger_test
  Generating parallel test scripts for event_logger_test
  Generating parallel test scripts for arena_test
  Generating parallel test scripts for skiplist_test
  Generating parallel test scripts for memory_allocator_test
  Generating parallel test scripts for write_buffer_manager_test
  Generating parallel test scripts for inlineskiplist_test
  Generating parallel test scripts for iostats_context_test
  Generating parallel test scripts for histogram_test
  Generating parallel test scripts for stats_history_test
  Generating parallel test scripts for configurable_test
  Generating parallel test scripts for statistics_test
  Generating parallel test scripts for options_settable_test
  Generating parallel test scripts for options_test
  Generating parallel test scripts for customizable_test
  Generating parallel test scripts for data_block_hash_index_test
  Generating parallel test scripts for full_filter_block_test
  Generating parallel test scripts for cuckoo_table_builder_test
  Generating parallel test scripts for cleanable_test
  Generating parallel test scripts for partitioned_filter_block_test
  Generating parallel test scripts for cuckoo_table_reader_test
  Generating parallel test scripts for merger_test
  Generating parallel test scripts for sst_file_reader_test
  Generating parallel test scripts for block_fetcher_test
  Generating parallel test scripts for testutil_test
  Generating parallel test scripts for compression_test
  Generating parallel test scripts for block_cache_trace_analyzer_test
  Generating parallel test scripts for reduce_levels_test
  Generating parallel test scripts for ldb_cmd_test
  Generating parallel test scripts for io_tracer_parser_test
  Generating parallel test scripts for sst_dump_test
  Generating parallel test scripts for block_cache_tracer_test
  Generating parallel test scripts for io_tracer_test
  Generating parallel test scripts for autovector_test
  Generating parallel test scripts for trace_analyzer_test
  Generating parallel test scripts for bloom_test
  Generating parallel test scripts for coding_test
  Generating parallel test scripts for defer_test
  Generating parallel test scripts for table_test
NPHash64 id: 251012e7
  Generating parallel test scripts for dynamic_bloom_test
  Generating parallel test scripts for filelock_test
  Generating parallel test scripts for hash_test
  Generating parallel test scripts for heap_test
  Generating parallel test scripts for file_reader_writer_test
  Generating parallel test scripts for crc32c_test
  Generating parallel test scripts for block_test
  Generating parallel test scripts for interval_test
  Generating parallel test scripts for io_dispatcher_test
  Generating parallel test scripts for random_test
  Generating parallel test scripts for repeatable_thread_test
  Generating parallel test scripts for rate_limiter_test
  Generating parallel test scripts for ribbon_test
  Generating parallel test scripts for slice_transform_test
  Generating parallel test scripts for slice_test
  Generating parallel test scripts for timer_queue_test
  Generating parallel test scripts for timer_test
  Generating parallel test scripts for thread_list_test
  Generating parallel test scripts for thread_local_test
  Generating parallel test scripts for udt_util_test
  Generating parallel test scripts for work_queue_test
  Generating parallel test scripts for agg_merge_test
  Generating parallel test scripts for blob_db_test
  Generating parallel test scripts for cassandra_functional_test
  Generating parallel test scripts for cassandra_format_test
  Generating parallel test scripts for cassandra_row_merge_test
  Generating parallel test scripts for checkpoint_test
  Generating parallel test scripts for cassandra_serialize_test
  Generating parallel test scripts for fault_injection_fs_test
  Generating parallel test scripts for env_timed_test
  Generating parallel test scripts for block_based_table_reader_test
  Generating parallel test scripts for stringappend_test
  Generating parallel test scripts for memory_test
  Generating parallel test scripts for object_registry_test
  Generating parallel test scripts for options_util_test
  Generating parallel test scripts for option_change_migration_test
  Generating parallel test scripts for persistent_cache_test
  Generating parallel test scripts for hash_table_test
  Generating parallel test scripts for cache_simulator_test
  Generating parallel test scripts for sim_cache_test
  Generating parallel test scripts for compact_on_deletion_collector_test
  Generating parallel test scripts for optimistic_transaction_test
  Generating parallel test scripts for compact_for_tiering_collector_test
  Generating parallel test scripts for range_locking_test
  Generating parallel test scripts for point_lock_manager_stress_test
  Generating parallel test scripts for point_lock_manager_test
  Generating parallel test scripts for transaction_test
  Generating parallel test scripts for write_unprepared_transaction_test
  Generating parallel test scripts for write_prepared_transaction_test
  Generating parallel test scripts for write_prepared_transaction_seqno_test
  Generating parallel test scripts for write_committed_transaction_ts_test
  Generating parallel test scripts for timestamped_snapshot_test
  Generating parallel test scripts for ttl_test
  Generating parallel test scripts for trie_index_db_test
  Generating parallel test scripts for trie_index_test
  Generating parallel test scripts for types_util_test
  Generating parallel test scripts for write_batch_with_index_test
  Generating parallel test scripts for util_merge_operators_test
make[2]: Leaving directory '/home/rvspoc/rvspoc-verify/src/rvspoc-S2605-rocksdb-pr4'
make[1]: Leaving directory '/home/rvspoc/rvspoc-verify/src/rvspoc-S2605-rocksdb-pr4'
  GEN      check
make[1]: Entering directory '/home/rvspoc/rvspoc-verify/src/rvspoc-S2605-rocksdb-pr4'
$DEBUG_LEVEL is 1, $LIB_MODE is shared
Makefile:184: Warning: Compiling in debug mode. Don't use the resulting binary in production

To monitor subtest <duration,pass/fail,name>,
  run "make watch-log" in a separate window


Computers / CPU cores / Max jobs to run
1:local / 32 / 32

Computer:jobs running/jobs completed/%of started jobs/Average seconds to complete
ETA: 0s Left: 38935 AVG: 0.00s  local:32/0/100%/0.0s 
ETA: 0s Left: 38782 AVG: 0.00s  local:32/153/100%/0.3s 
ETA: 1085s Left: 35472 AVG: 0.03s  local:32/3463/100%/0.0s 
ETA: 868s Left: 29142 AVG: 0.03s  local:32/9793/100%/0.0s 
ETA: 592s Left: 20973 AVG: 0.03s  local:32/17962/100%/0.0s 
ETA: 553s Left: 20014 AVG: 0.03s  local:32/18921/100%/0.0s 
ETA: 518s Left: 18910 AVG: 0.03s  local:32/20025/100%/0.0s 
ETA: 490s Left: 17751 AVG: 0.03s  local:32/21184/100%/0.0s 
ETA: 500s Left: 17610 AVG: 0.03s  local:32/21325/100%/0.0s 
ETA: 421s Left: 14433 AVG: 0.03s  local:32/24502/100%/0.0s 
ETA: 415s Left: 13910 AVG: 0.03s  local:32/25025/100%/0.0s 
ETA: 427s Left: 13874 AVG: 0.03s  local:32/25061/100%/0.0s 
ETA: 441s Left: 13842 AVG: 0.03s  local:32/25093/100%/0.0s 
ETA: 443s Left: 13517 AVG: 0.03s  local:32/25418/100%/0.0s 
Note: Google Test filter = OptionsSettableTest.ColumnFamilyOptionsAllFieldsSettable
[==========] Running 1 test from 1 test case.
[----------] Global test environment set-up.
[----------] 1 test from OptionsSettableTest
[ RUN      ] OptionsSettableTest.ColumnFamilyOptionsAllFieldsSettable
options/options_settable_test.cc:704: Failure
Expected equality of these values:
  unset_bytes_base
    Which is: 95
  NumUnsetBytes(new_options_ptr, sizeof(ColumnFamilyOptions), kColumnFamilyOptionsExcluded)
    Which is: 119
terminate called after throwing an instance of 'testing::internal::GoogleTestFailureException'
  what():  options/options_settable_test.cc:704: Failure
Expected equality of these values:
  unset_bytes_base
    Which is: 95
  NumUnsetBytes(new_options_ptr, sizeof(ColumnFamilyOptions), kColumnFamilyOptionsExcluded)
    Which is: 119
Received signal 6 (Aborted)
Invoking GDB for stack trace...
[Thread debugging using libthread_db enabled]
Using host libthread_db library "/lib/riscv64-linux-gnu/libthread_db.so.1".
0x00007fff9a134ba0 in __GI___wait4 (pid=735509, stat_loc=0x7fffcd2a89f4, options=0, usage=0x0) at ../sysdeps/unix/sysv/linux/wait4.c:30

warning: 30	../sysdeps/unix/sysv/linux/wait4.c: No such file or directory
#4  0x00007fff9a0f2702 in __pthread_kill_implementation (threadid=<optimized out>, signo=signo@entry=6, no_tid=no_tid@entry=0) at ./nptl/pthread_kill.c:44
warning: 44	./nptl/pthread_kill.c: No such file or directory
#5  0x00007fff9a0f2756 in __pthread_kill_internal (signo=6, threadid=<optimized out>) at ./nptl/pthread_kill.c:78
78	in ./nptl/pthread_kill.c
#6  0x00007fff9a0b86f8 in __GI_raise (sig=sig@entry=6) at ../sysdeps/posix/raise.c:26
warning: 26	../sysdeps/posix/raise.c: No such file or directory
#7  0x00007fff9a0a7382 in __GI_abort () at ./stdlib/abort.c:79
warning: 79	./stdlib/abort.c: No such file or directory
#8  0x00007fff99eaaa0a in __gnu_cxx::__verbose_terminate_handler() () from /lib/riscv64-linux-gnu/libstdc++.so.6
#9  0x00007fff99ea887e in ?? () from /lib/riscv64-linux-gnu/libstdc++.so.6
#10 0x00007fff99ea14e8 in std::terminate() () from /lib/riscv64-linux-gnu/libstdc++.so.6
#11 0x00007fff99ea8b80 in __cxa_rethrow () from /lib/riscv64-linux-gnu/libstdc++.so.6
#12 0x00007fff9af7fba8 in testing::internal::HandleExceptionsInMethodIfSupported<testing::internal::UnitTestImpl, bool> (object=0x5555808e0d20, method=<optimized out>, location=location@entry=0x7fff9af865d8 "auxiliary test code (environments or event listeners)") at third-party/gtest-1.8.1/fused-src/gtest/gtest-all.cc:3974
3974	      throw;
#13 0x00007fff9af77ff4 in testing::UnitTest::Run (this=0x7fff9afb4720 <testing::UnitTest::GetInstance()::instance>) at third-party/gtest-1.8.1/fused-src/gtest/gtest-all.cc:6274
6274	  return internal::HandleExceptionsInMethodIfSupported(
#14 0x000055558085e13a in RUN_ALL_TESTS () at third-party/gtest-1.8.1/fused-src/gtest/gtest.h:22090
22090	  return ::testing::UnitTest::GetInstance()->Run();
#15 main (argc=<optimized out>, argv=<optimized out>) at options/options_settable_test.cc:802
802	  return RUN_ALL_TESTS();
[Inferior 1 (process 735471) detached]
Aborted (core dumped)
ETA: 414s Left: 12523 AVG: 0.03s  local:32/26412/100%/0.0s 
Note: Google Test filter = RangeLockManager/AnyLockManagerTest.ReentrantExclusiveLock/0
[==========] Running 1 test from 1 test case.
[----------] Global test environment set-up.
[----------] 1 test from RangeLockManager/AnyLockManagerTest
[ RUN      ] RangeLockManager/AnyLockManagerTest.ReentrantExclusiveLock/0
Received signal 4 (Illegal instruction)
Invoking GDB for stack trace...
[New LWP 746894]
[New LWP 746853]
[New LWP 746852]
[Thread debugging using libthread_db enabled]
Using host libthread_db library "/lib/riscv64-linux-gnu/libthread_db.so.1".
0x00007fff7e934bda in __GI___wait4 (pid=<optimized out>, stat_loc=0x7fffee468f74, options=<optimized out>, usage=0x0) at ../sysdeps/unix/sysv/linux/wait4.c:30

warning: 30	../sysdeps/unix/sysv/linux/wait4.c: No such file or directory
#4  toku_time_now () at utilities/transactions/lock/range/range_tree/lib/locktree/../portability/toku_time.h:155
155	  asm volatile("rdcycle %0" : "=r"(cycles));
#5  toku::locktree::sto_end_early (this=this@entry=0x555579deae80, prepared_lkr=prepared_lkr@entry=0x7fffee469a30) at utilities/transactions/lock/range/range_tree/lib/locktree/locktree.cc:285
285	  tokutime_t t0 = toku_time_now();
#6  0x00007fff7f36f40a in toku::locktree::release_locks (this=0x555579deae80, txnid=txnid@entry=93825604964352, ranges=ranges@entry=0x7fffee469b18, all_trx_locks_hint=all_trx_locks_hint@entry=false) at utilities/transactions/lock/range/range_tree/lib/locktree/locktree.cc:731
731	        sto_end_early(&lkr);
#7  0x00007fff7f3798b2 in rocksdb::RangeTreeLockManager::UnLock (this=this@entry=0x555579d77e50, txn=txn@entry=0x555579dad000, column_family_id=column_family_id@entry=1, key="k") at utilities/transactions/lock/range/range_tree/range_tree_lock_manager.cc:183
183	  locktree->release_locks((TXNID)txn, &range_buf);
#8  0x0000555579ce4f42 in rocksdb::AnyLockManagerTest_ReentrantExclusiveLock_Test::TestBody (this=0x555579d75360) at ./utilities/transactions/lock/point/any_lock_manager_test.h:38
38	  locker_->UnLock(txn, 1, "k", env_);
#9  0x00007fff7f7a953e in testing::internal::HandleSehExceptionsInMethodIfSupported<testing::Test, void> (location=0x7fff7f7b03d0 "the test body", object=0x555579d75360, method=<optimized out>) at third-party/gtest-1.8.1/fused-src/gtest/gtest-all.cc:3931
3931	  return (object->*method)();
#10 testing::internal::HandleExceptionsInMethodIfSupported<testing::Test, void> (object=object@entry=0x555579d75360, method=<optimized out>, location=location@entry=0x7fff7f7b03d0 "the test body") at third-party/gtest-1.8.1/fused-src/gtest/gtest-all.cc:3967
3967	      return HandleSehExceptionsInMethodIfSupported(object, method, location);
#11 0x00007fff7f7a1952 in testing::Test::Run (this=0x555579d75360) at third-party/gtest-1.8.1/fused-src/gtest/gtest-all.cc:4005
4005	    internal::HandleExceptionsInMethodIfSupported(
#12 testing::Test::Run (this=0x555579d75360) at third-party/gtest-1.8.1/fused-src/gtest/gtest-all.cc:3996
3996	void Test::Run() {
#13 0x00007fff7f7a1a4e in testing::TestInfo::Run (this=0x555579d73110) at third-party/gtest-1.8.1/fused-src/gtest/gtest-all.cc:4181
4181	    test->Run();
#14 testing::TestInfo::Run (this=0x555579d73110) at third-party/gtest-1.8.1/fused-src/gtest/gtest-all.cc:4155
4155	void TestInfo::Run() {
#15 0x00007fff7f7a1ae6 in testing::TestCase::Run (this=0x555579d733e0) at third-party/gtest-1.8.1/fused-src/gtest/gtest-all.cc:4299
4299	    GetMutableTestInfo(i)->Run();
#16 testing::TestCase::Run (this=0x555579d733e0) at third-party/gtest-1.8.1/fused-src/gtest/gtest-all.cc:4284
4284	void TestCase::Run() {
#17 0x00007fff7f7a1e98 in testing::internal::UnitTestImpl::RunAllTests (this=0x555579d70d00) at third-party/gtest-1.8.1/fused-src/gtest/gtest-all.cc:6665
6665	          GetMutableTestCase(test_index)->Run();
#18 0x00007fff7f7a9a8e in testing::internal::HandleSehExceptionsInMethodIfSupported<testing::internal::UnitTestImpl, bool> (location=0x7fff7f7b05d8 "auxiliary test code (environments or event listeners)", object=0x555579d70d00, method=<optimized out>) at third-party/gtest-1.8.1/fused-src/gtest/gtest-all.cc:3931
3931	  return (object->*method)();
#19 testing::internal::HandleExceptionsInMethodIfSupported<testing::internal::UnitTestImpl, bool> (object=0x555579d70d00, method=<optimized out>, location=location@entry=0x7fff7f7b05d8 "auxiliary test code (environments or event listeners)") at third-party/gtest-1.8.1/fused-src/gtest/gtest-all.cc:3967
3967	      return HandleSehExceptionsInMethodIfSupported(object, method, location);
#20 0x00007fff7f7a1ff4 in testing::UnitTest::Run (this=0x7fff7f7de720 <testing::UnitTest::GetInstance()::instance>) at third-party/gtest-1.8.1/fused-src/gtest/gtest-all.cc:6274
6274	  return internal::HandleExceptionsInMethodIfSupported(
#21 0x0000555579ce2b1e in RUN_ALL_TESTS () at third-party/gtest-1.8.1/fused-src/gtest/gtest.h:22090
22090	  return ::testing::UnitTest::GetInstance()->Run();
#22 main (argc=<optimized out>, argv=0x7fffee46a218) at utilities/transactions/lock/range/range_locking_test.cc:433
433	  return RUN_ALL_TESTS();
[Inferior 1 (process 746847) detached]
Illegal instruction
Note: Google Test filter = RangeLockingTest.LockWaiteeAccess
[==========] Running 1 test from 1 test case.
[----------] Global test environment set-up.
[----------] 1 test from RangeLockingTest
[ RUN      ] RangeLockingTest.LockWaiteeAccess
Received signal 4 (Illegal instruction)
Invoking GDB for stack trace...
[Thread debugging using libthread_db enabled]
Using host libthread_db library "/lib/riscv64-linux-gnu/libthread_db.so.1".
0x00007fffbcd34bda in __GI___wait4 (pid=<optimized out>, stat_loc=0x7fffa37fc274, options=<optimized out>, usage=0x0) at ../sysdeps/unix/sysv/linux/wait4.c:30

warning: 30	../sysdeps/unix/sysv/linux/wait4.c: No such file or directory
#4  toku_time_now () at utilities/transactions/lock/range/range_tree/lib/locktree/../portability/toku_time.h:155
155	  asm volatile("rdcycle %0" : "=r"(cycles));
#5  toku::locktree::sto_end_early (this=this@entry=0x55557a2c9210, prepared_lkr=prepared_lkr@entry=0x7fffa37fcd40) at utilities/transactions/lock/range/range_tree/lib/locktree/locktree.cc:285
285	  tokutime_t t0 = toku_time_now();
#6  0x00007fffbd76eb36 in toku::locktree::sto_try_acquire (this=this@entry=0x55557a2c9210, prepared_lkr=prepared_lkr@entry=0x7fffa37fcd40, txnid=txnid@entry=93825610325376, left_key=left_key@entry=0x7fffa37fcf20, right_key=right_key@entry=0x7fffa37fcf40, is_write_request=is_write_request@entry=true) at utilities/transactions/lock/range/range_tree/lib/locktree/locktree.cc:350
350	      sto_end_early(prepared_lkr);
#7  0x00007fffbd76ec52 in toku::locktree::acquire_lock (this=0x55557a2c9210, is_write_request=is_write_request@entry=true, txnid=93825610325376, left_key=0x7fffa37fcf20, right_key=0x7fffa37fcf40, conflicts=conflicts@entry=0x7fffa37fce10) at utilities/transactions/lock/range/range_tree/lib/locktree/locktree.cc:521
521	  bool acquired =
#8  0x00007fffbd76ed14 in toku::locktree::try_acquire_lock (this=<optimized out>, is_write_request=is_write_request@entry=true, txnid=<optimized out>, left_key=<optimized out>, right_key=<optimized out>, conflicts=conflicts@entry=0x7fffa37fce10, big_txn=<optimized out>) at utilities/transactions/lock/range/range_tree/lib/locktree/locktree.cc:540
540	    r = acquire_lock(is_write_request, txnid, left_key, right_key, conflicts);
#9  0x00007fffbd76ed80 in toku::locktree::acquire_write_lock (this=<optimized out>, txnid=<optimized out>, left_key=<optimized out>, right_key=<optimized out>, conflicts=conflicts@entry=0x7fffa37fce10, big_txn=<optimized out>) at utilities/transactions/lock/range/range_tree/lib/locktree/locktree.cc:556
556	  return try_acquire_lock(true, txnid, left_key, right_key, conflicts, big_txn);
#10 0x00007fffbd76cb9a in toku::lock_request::start (this=this@entry=0x7fffa37fd058) at utilities/transactions/lock/range/range_tree/lib/locktree/lock_request.cc:199
199	    r = m_lt->acquire_write_lock(m_txnid, m_left_key, m_right_key, &conflicts,
#11 0x00007fffbd778d3a in rocksdb::RangeTreeLockManager::TryLock (this=0x55557a2a0750, txn=0x55557a2c9d80, column_family_id=<optimized out>, start_endp=..., end_endp=..., exclusive=<optimized out>) at utilities/transactions/lock/range/range_tree/range_tree_lock_manager.cc:117
117	  request.start();
#12 0x00007fffbd7176bc in rocksdb::PessimisticTransactionDB::TryRangeLock (this=<optimized out>, txn=txn@entry=0x55557a2c9d80, cfh_id=cfh_id@entry=0, start_endp=..., end_endp=...) at utilities/transactions/pessimistic_transaction_db.cc:496
496	                                /*exclusive=*/true);
#13 0x00007fffbd70d928 in rocksdb::PessimisticTransaction::GetRangeLock (this=0x55557a2c9d80, column_family=<optimized out>, start_endp=..., end_endp=...) at utilities/transactions/pessimistic_transaction.cc:1264
1264	  Status s = txn_db_impl_->TryRangeLock(this, cfh_id, start_endp, end_endp);
#14 0x000055557a20f948 in operator() (__closure=0x55557a31a4e8) at utilities/transactions/lock/range/range_locking_test.cc:385
385	    auto s = txn1->GetRangeLock(cf, Endpoint("b"), Endpoint("z"));
#15 std::__invoke_impl<void, rocksdb::RangeLockingTest_LockWaiteeAccess_Test::TestBody()::<lambda()> > (__f=...) at /usr/include/c++/14/bits/invoke.h:61
61	    { return std::forward<_Fn>(__f)(std::forward<_Args>(__args)...); }
#16 std::__invoke<rocksdb::RangeLockingTest_LockWaiteeAccess_Test::TestBody()::<lambda()> > (__fn=...) at /usr/include/c++/14/bits/invoke.h:96
96	      return std::__invoke_impl<__type>(__tag{}, std::forward<_Callable>(__fn),
#17 std::thread::_Invoker<std::tuple<rocksdb::RangeLockingTest_LockWaiteeAccess_Test::TestBody()::<lambda()> > >::_M_invoke<0> (this=0x55557a31a4e8) at /usr/include/c++/14/bits/std_thread.h:301
301		  { return std::__invoke(std::get<_Ind>(std::move(_M_t))...); }
#18 std::thread::_Invoker<std::tuple<rocksdb::RangeLockingTest_LockWaiteeAccess_Test::TestBody()::<lambda()> > >::operator() (this=0x55557a31a4e8) at /usr/include/c++/14/bits/std_thread.h:308
308		  return _M_invoke(_Indices());
#19 std::thread::_State_impl<std::thread::_Invoker<std::tuple<rocksdb::RangeLockingTest_LockWaiteeAccess_Test::TestBody()::<lambda()> > > >::_M_run(void) (this=0x55557a31a4e0) at /usr/include/c++/14/bits/std_thread.h:253
253		_M_run() { _M_func(); }
#20 0x00007fffbcad1ce0 in ?? () from /lib/riscv64-linux-gnu/libstdc++.so.6
#21 0x00007fffbccf0d2e in start_thread (arg=<optimized out>) at ./nptl/pthread_create.c:447
warning: 447	./nptl/pthread_create.c: No such file or directory
#22 0x00007fffbcd4358c in __thread_start_clone3 () at ../sysdeps/unix/sysv/linux/riscv/clone3.S:71
warning: 71	../sysdeps/unix/sysv/linux/riscv/clone3.S: No such file or directory
[Inferior 1 (process 746349) detached]
Illegal instruction (core dumped)
Note: Google Test filter = RangeLockManager/AnyLockManagerTest.GetWaitingTxns_MultipleTxns/0
[==========] Running 1 test from 1 test case.
[----------] Global test environment set-up.
[----------] 1 test from RangeLockManager/AnyLockManagerTest
[ RUN      ] RangeLockManager/AnyLockManagerTest.GetWaitingTxns_MultipleTxns/0
Received signal 4 (Illegal instruction)
Invoking GDB for stack trace...
[New LWP 746742]
[New LWP 746715]
[New LWP 746714]
[Thread debugging using libthread_db enabled]
Using host libthread_db library "/lib/riscv64-linux-gnu/libthread_db.so.1".
0x00007fffae934bda in __GI___wait4 (pid=<optimized out>, stat_loc=0x7fffd15d4b94, options=<optimized out>, usage=0x0) at ../sysdeps/unix/sysv/linux/wait4.c:30

warning: 30	../sysdeps/unix/sysv/linux/wait4.c: No such file or directory
#4  toku_time_now () at utilities/transactions/lock/range/range_tree/lib/locktree/../portability/toku_time.h:155
155	  asm volatile("rdcycle %0" : "=r"(cycles));
#5  toku::locktree::sto_end_early (this=this@entry=0x55555f0fd040, prepared_lkr=prepared_lkr@entry=0x7fffd15d5660) at utilities/transactions/lock/range/range_tree/lib/locktree/locktree.cc:285
285	  tokutime_t t0 = toku_time_now();
#6  0x00007fffaf36eb36 in toku::locktree::sto_try_acquire (this=this@entry=0x55555f0fd040, prepared_lkr=prepared_lkr@entry=0x7fffd15d5660, txnid=txnid@entry=93825155449504, left_key=left_key@entry=0x7fffd15d5840, right_key=right_key@entry=0x7fffd15d5860, is_write_request=is_write_request@entry=false) at utilities/transactions/lock/range/range_tree/lib/locktree/locktree.cc:350
350	      sto_end_early(prepared_lkr);
#7  0x00007fffaf36ec52 in toku::locktree::acquire_lock (this=0x55555f0fd040, is_write_request=is_write_request@entry=false, txnid=93825155449504, left_key=0x7fffd15d5840, right_key=0x7fffd15d5860, conflicts=conflicts@entry=0x7fffd15d5730) at utilities/transactions/lock/range/range_tree/lib/locktree/locktree.cc:521
521	  bool acquired =
#8  0x00007fffaf36ed14 in toku::locktree::try_acquire_lock (this=<optimized out>, is_write_request=is_write_request@entry=false, txnid=<optimized out>, left_key=<optimized out>, right_key=<optimized out>, conflicts=conflicts@entry=0x7fffd15d5730, big_txn=<optimized out>) at utilities/transactions/lock/range/range_tree/lib/locktree/locktree.cc:540
540	    r = acquire_lock(is_write_request, txnid, left_key, right_key, conflicts);
#9  0x00007fffaf36ed66 in toku::locktree::acquire_read_lock (this=<optimized out>, txnid=<optimized out>, left_key=<optimized out>, right_key=<optimized out>, conflicts=conflicts@entry=0x7fffd15d5730, big_txn=<optimized out>) at utilities/transactions/lock/range/range_tree/lib/locktree/locktree.cc:549
549	  return try_acquire_lock(false, txnid, left_key, right_key, conflicts,
#10 0x00007fffaf36caa0 in toku::lock_request::start (this=this@entry=0x7fffd15d5978) at utilities/transactions/lock/range/range_tree/lib/locktree/lock_request.cc:203
203	    r = m_lt->acquire_read_lock(m_txnid, m_left_key, m_right_key, &conflicts,
#11 0x00007fffaf378d3a in rocksdb::RangeTreeLockManager::TryLock (this=0x55555f086e80, txn=0x55555f0fc2a0, column_family_id=<optimized out>, start_endp=..., end_endp=..., exclusive=<optimized out>) at utilities/transactions/lock/range/range_tree/range_tree_lock_manager.cc:117
117	  request.start();
#12 0x00007fffaf31baba in rocksdb::RangeLockManagerBase::TryLock (this=this@entry=0x55555f086e80, txn=txn@entry=0x55555f0fc2a0, column_family_id=column_family_id@entry=1, key="k", env=<optimized out>, exclusive=exclusive@entry=false) at ./utilities/transactions/lock/range/range_lock_manager.h:30
30	    return TryLock(txn, column_family_id, endp, endp, env, exclusive);
#13 0x000055555effc23e in rocksdb::AnyLockManagerTest_GetWaitingTxns_MultipleTxns_Test::TestBody (this=0x55555f084380) at ./utilities/transactions/lock/point/any_lock_manager_test.h:208
208	  ASSERT_OK(locker_->TryLock(txn2, 1, "k", env_, false));
#14 0x00007fffaf84953e in testing::internal::HandleSehExceptionsInMethodIfSupported<testing::Test, void> (location=0x7fffaf8503d0 "the test body", object=0x55555f084380, method=<optimized out>) at third-party/gtest-1.8.1/fused-src/gtest/gtest-all.cc:3931
3931	  return (object->*method)();
#15 testing::internal::HandleExceptionsInMethodIfSupported<testing::Test, void> (object=object@entry=0x55555f084380, method=<optimized out>, location=location@entry=0x7fffaf8503d0 "the test body") at third-party/gtest-1.8.1/fused-src/gtest/gtest-all.cc:3967
3967	      return HandleSehExceptionsInMethodIfSupported(object, method, location);
#16 0x00007fffaf841952 in testing::Test::Run (this=0x55555f084380) at third-party/gtest-1.8.1/fused-src/gtest/gtest-all.cc:4005
4005	    internal::HandleExceptionsInMethodIfSupported(
#17 testing::Test::Run (this=0x55555f084380) at third-party/gtest-1.8.1/fused-src/gtest/gtest-all.cc:3996
3996	void Test::Run() {
#18 0x00007fffaf841a4e in testing::TestInfo::Run (this=0x55555f083160) at third-party/gtest-1.8.1/fused-src/gtest/gtest-all.cc:4181
4181	    test->Run();
#19 testing::TestInfo::Run (this=0x55555f083160) at third-party/gtest-1.8.1/fused-src/gtest/gtest-all.cc:4155
4155	void TestInfo::Run() {
#20 0x00007fffaf841ae6 in testing::TestCase::Run (this=0x55555f082400) at third-party/gtest-1.8.1/fused-src/gtest/gtest-all.cc:4299
4299	    GetMutableTestInfo(i)->Run();
#21 testing::TestCase::Run (this=0x55555f082400) at third-party/gtest-1.8.1/fused-src/gtest/gtest-all.cc:4284
4284	void TestCase::Run() {
#22 0x00007fffaf841e98 in testing::internal::UnitTestImpl::RunAllTests (this=0x55555f07fd00) at third-party/gtest-1.8.1/fused-src/gtest/gtest-all.cc:6665
6665	          GetMutableTestCase(test_index)->Run();
#23 0x00007fffaf849a8e in testing::internal::HandleSehExceptionsInMethodIfSupported<testing::internal::UnitTestImpl, bool> (location=0x7fffaf8505d8 "auxiliary test code (environments or event listeners)", object=0x55555f07fd00, method=<optimized out>) at third-party/gtest-1.8.1/fused-src/gtest/gtest-all.cc:3931
3931	  return (object->*method)();
#24 testing::internal::HandleExceptionsInMethodIfSupported<testing::internal::UnitTestImpl, bool> (object=0x55555f07fd00, method=<optimized out>, location=location@entry=0x7fffaf8505d8 "auxiliary test code (environments or event listeners)") at third-party/gtest-1.8.1/fused-src/gtest/gtest-all.cc:3967
3967	      return HandleSehExceptionsInMethodIfSupported(object, method, location);
#25 0x00007fffaf841ff4 in testing::UnitTest::Run (this=0x7fffaf87e720 <testing::UnitTest::GetInstance()::instance>) at third-party/gtest-1.8.1/fused-src/gtest/gtest-all.cc:6274
6274	  return internal::HandleExceptionsInMethodIfSupported(
#26 0x000055555eff1b1e in RUN_ALL_TESTS () at third-party/gtest-1.8.1/fused-src/gtest/gtest.h:22090
22090	  return ::testing::UnitTest::GetInstance()->Run();
#27 main (argc=<optimized out>, argv=0x7fffd15d6238) at utilities/transactions/lock/range/range_locking_test.cc:433
433	  return RUN_ALL_TESTS();
[Inferior 1 (process 746708) detached]
Illegal instruction
Note: Google Test filter = RangeLockManager/AnyLockManagerTest.LockConflict/0
[==========] Running 1 test from 1 test case.
[----------] Global test environment set-up.
[----------] 1 test from RangeLockManager/AnyLockManagerTest
[ RUN      ] RangeLockManager/AnyLockManagerTest.LockConflict/0
Received signal 4 (Illegal instruction)
Invoking GDB for stack trace...
[New LWP 746762]
[New LWP 746745]
[New LWP 746744]
[Thread debugging using libthread_db enabled]
Using host libthread_db library "/lib/riscv64-linux-gnu/libthread_db.so.1".
0x00007fff82916bda in __GI___wait4 (pid=<optimized out>, stat_loc=0x7fffff06d4b4, options=<optimized out>, usage=0x0) at ../sysdeps/unix/sysv/linux/wait4.c:30

warning: 30	../sysdeps/unix/sysv/linux/wait4.c: No such file or directory
#4  toku_time_now () at utilities/transactions/lock/range/range_tree/lib/locktree/../portability/toku_time.h:155
155	  asm volatile("rdcycle %0" : "=r"(cycles));
#5  toku::locktree::sto_end_early (this=this@entry=0x5555583b9100, prepared_lkr=prepared_lkr@entry=0x7fffff06df80) at utilities/transactions/lock/range/range_tree/lib/locktree/locktree.cc:285
285	  tokutime_t t0 = toku_time_now();
#6  0x00007fff8336eb36 in toku::locktree::sto_try_acquire (this=this@entry=0x5555583b9100, prepared_lkr=prepared_lkr@entry=0x7fffff06df80, txnid=txnid@entry=93825040573808, left_key=left_key@entry=0x7fffff06e160, right_key=right_key@entry=0x7fffff06e180, is_write_request=is_write_request@entry=true) at utilities/transactions/lock/range/range_tree/lib/locktree/locktree.cc:350
350	      sto_end_early(prepared_lkr);
#7  0x00007fff8336ec52 in toku::locktree::acquire_lock (this=0x5555583b9100, is_write_request=is_write_request@entry=true, txnid=93825040573808, left_key=0x7fffff06e160, right_key=0x7fffff06e180, conflicts=conflicts@entry=0x7fffff06e050) at utilities/transactions/lock/range/range_tree/lib/locktree/locktree.cc:521
521	  bool acquired =
#8  0x00007fff8336ed14 in toku::locktree::try_acquire_lock (this=<optimized out>, is_write_request=is_write_request@entry=true, txnid=<optimized out>, left_key=<optimized out>, right_key=<optimized out>, conflicts=conflicts@entry=0x7fffff06e050, big_txn=<optimized out>) at utilities/transactions/lock/range/range_tree/lib/locktree/locktree.cc:540
540	    r = acquire_lock(is_write_request, txnid, left_key, right_key, conflicts);
#9  0x00007fff8336ed80 in toku::locktree::acquire_write_lock (this=<optimized out>, txnid=<optimized out>, left_key=<optimized out>, right_key=<optimized out>, conflicts=conflicts@entry=0x7fffff06e050, big_txn=<optimized out>) at utilities/transactions/lock/range/range_tree/lib/locktree/locktree.cc:556
556	  return try_acquire_lock(true, txnid, left_key, right_key, conflicts, big_txn);
#10 0x00007fff8336cb9a in toku::lock_request::start (this=this@entry=0x7fffff06e298) at utilities/transactions/lock/range/range_tree/lib/locktree/lock_request.cc:199
199	    r = m_lt->acquire_write_lock(m_txnid, m_left_key, m_right_key, &conflicts,
#11 0x00007fff83378d3a in rocksdb::RangeTreeLockManager::TryLock (this=0x555558344d10, txn=0x55555836e570, column_family_id=<optimized out>, start_endp=..., end_endp=..., exclusive=<optimized out>) at utilities/transactions/lock/range/range_tree/range_tree_lock_manager.cc:117
117	  request.start();
#12 0x00007fff8331baba in rocksdb::RangeLockManagerBase::TryLock (this=this@entry=0x555558344d10, txn=txn@entry=0x55555836e570, column_family_id=column_family_id@entry=1, key="k1", env=<optimized out>, exclusive=exclusive@entry=true) at ./utilities/transactions/lock/range/range_lock_manager.h:30
30	    return TryLock(txn, column_family_id, endp, endp, env, exclusive);
#13 0x00005555582b2c18 in rocksdb::AnyLockManagerTest_LockConflict_Test::TestBody (this=0x5555583422f0) at ./utilities/transactions/lock/point/any_lock_manager_test.h:100
100	    auto s = locker_->TryLock(txn2, 1, "k1", env_, true);
#14 0x00007fff8372753e in testing::internal::HandleSehExceptionsInMethodIfSupported<testing::Test, void> (location=0x7fff8372e3d0 "the test body", object=0x5555583422f0, method=<optimized out>) at third-party/gtest-1.8.1/fused-src/gtest/gtest-all.cc:3931
3931	  return (object->*method)();
#15 testing::internal::HandleExceptionsInMethodIfSupported<testing::Test, void> (object=object@entry=0x5555583422f0, method=<optimized out>, location=location@entry=0x7fff8372e3d0 "the test body") at third-party/gtest-1.8.1/fused-src/gtest/gtest-all.cc:3967
3967	      return HandleSehExceptionsInMethodIfSupported(object, method, location);
#16 0x00007fff8371f952 in testing::Test::Run (this=0x5555583422f0) at third-party/gtest-1.8.1/fused-src/gtest/gtest-all.cc:4005
4005	    internal::HandleExceptionsInMethodIfSupported(
#17 testing::Test::Run (this=0x5555583422f0) at third-party/gtest-1.8.1/fused-src/gtest/gtest-all.cc:3996
3996	void Test::Run() {
#18 0x00007fff8371fa4e in testing::TestInfo::Run (this=0x555558340b00) at third-party/gtest-1.8.1/fused-src/gtest/gtest-all.cc:4181
4181	    test->Run();
#19 testing::TestInfo::Run (this=0x555558340b00) at third-party/gtest-1.8.1/fused-src/gtest/gtest-all.cc:4155
4155	void TestInfo::Run() {
#20 0x00007fff8371fae6 in testing::TestCase::Run (this=0x555558340370) at third-party/gtest-1.8.1/fused-src/gtest/gtest-all.cc:4299
4299	    GetMutableTestInfo(i)->Run();
#21 testing::TestCase::Run (this=0x555558340370) at third-party/gtest-1.8.1/fused-src/gtest/gtest-all.cc:4284
4284	void TestCase::Run() {
#22 0x00007fff8371fe98 in testing::internal::UnitTestImpl::RunAllTests (this=0x55555833dd00) at third-party/gtest-1.8.1/fused-src/gtest/gtest-all.cc:6665
6665	          GetMutableTestCase(test_index)->Run();
#23 0x00007fff83727a8e in testing::internal::HandleSehExceptionsInMethodIfSupported<testing::internal::UnitTestImpl, bool> (location=0x7fff8372e5d8 "auxiliary test code (environments or event listeners)", object=0x55555833dd00, method=<optimized out>) at third-party/gtest-1.8.1/fused-src/gtest/gtest-all.cc:3931
3931	  return (object->*method)();
#24 testing::internal::HandleExceptionsInMethodIfSupported<testing::internal::UnitTestImpl, bool> (object=0x55555833dd00, method=<optimized out>, location=location@entry=0x7fff8372e5d8 "auxiliary test code (environments or event listeners)") at third-party/gtest-1.8.1/fused-src/gtest/gtest-all.cc:3967
3967	      return HandleSehExceptionsInMethodIfSupported(object, method, location);
#25 0x00007fff8371fff4 in testing::UnitTest::Run (this=0x7fff8375c720 <testing::UnitTest::GetInstance()::instance>) at third-party/gtest-1.8.1/fused-src/gtest/gtest-all.cc:6274
6274	  return internal::HandleExceptionsInMethodIfSupported(
#26 0x00005555582afb1e in RUN_ALL_TESTS () at third-party/gtest-1.8.1/fused-src/gtest/gtest.h:22090
22090	  return ::testing::UnitTest::GetInstance()->Run();
#27 main (argc=<optimized out>, argv=0x7fffff06ead8) at utilities/transactions/lock/range/range_locking_test.cc:433
433	  return RUN_ALL_TESTS();
[Inferior 1 (process 746716) detached]
Illegal instruction
Note: Google Test filter = RangeLockManager/AnyLockManagerTest.SharedLocks/0
[==========] Running 1 test from 1 test case.
[----------] Global test environment set-up.
[----------] 1 test from RangeLockManager/AnyLockManagerTest
[ RUN      ] RangeLockManager/AnyLockManagerTest.SharedLocks/0
Received signal 4 (Illegal instruction)
Invoking GDB for stack trace...
[New LWP 746935]
[New LWP 746915]
[New LWP 746914]
[Thread debugging using libthread_db enabled]
Using host libthread_db library "/lib/riscv64-linux-gnu/libthread_db.so.1".
0x00007fff97b16bda in __GI___wait4 (pid=<optimized out>, stat_loc=0x7fffc36f36d4, options=<optimized out>, usage=0x0) at ../sysdeps/unix/sysv/linux/wait4.c:30

warning: 30	../sysdeps/unix/sysv/linux/wait4.c: No such file or directory
#4  toku_time_now () at utilities/transactions/lock/range/range_tree/lib/locktree/../portability/toku_time.h:155
155	  asm volatile("rdcycle %0" : "=r"(cycles));
#5  toku::locktree::sto_end_early (this=this@entry=0x55556a6c4060, prepared_lkr=prepared_lkr@entry=0x7fffc36f41a0) at utilities/transactions/lock/range/range_tree/lib/locktree/locktree.cc:285
285	  tokutime_t t0 = toku_time_now();
#6  0x00007fff9856eb36 in toku::locktree::sto_try_acquire (this=this@entry=0x55556a6c4060, prepared_lkr=prepared_lkr@entry=0x7fffc36f41a0, txnid=txnid@entry=93825345788640, left_key=left_key@entry=0x7fffc36f4380, right_key=right_key@entry=0x7fffc36f43a0, is_write_request=is_write_request@entry=false) at utilities/transactions/lock/range/range_tree/lib/locktree/locktree.cc:350
350	      sto_end_early(prepared_lkr);
#7  0x00007fff9856ec52 in toku::locktree::acquire_lock (this=0x55556a6c4060, is_write_request=is_write_request@entry=false, txnid=93825345788640, left_key=0x7fffc36f4380, right_key=0x7fffc36f43a0, conflicts=conflicts@entry=0x7fffc36f4270) at utilities/transactions/lock/range/range_tree/lib/locktree/locktree.cc:521
521	  bool acquired =
#8  0x00007fff9856ed14 in toku::locktree::try_acquire_lock (this=<optimized out>, is_write_request=is_write_request@entry=false, txnid=<optimized out>, left_key=<optimized out>, right_key=<optimized out>, conflicts=conflicts@entry=0x7fffc36f4270, big_txn=<optimized out>) at utilities/transactions/lock/range/range_tree/lib/locktree/locktree.cc:540
540	    r = acquire_lock(is_write_request, txnid, left_key, right_key, conflicts);
#9  0x00007fff9856ed66 in toku::locktree::acquire_read_lock (this=<optimized out>, txnid=<optimized out>, left_key=<optimized out>, right_key=<optimized out>, conflicts=conflicts@entry=0x7fffc36f4270, big_txn=<optimized out>) at utilities/transactions/lock/range/range_tree/lib/locktree/locktree.cc:549
549	  return try_acquire_lock(false, txnid, left_key, right_key, conflicts,
#10 0x00007fff9856caa0 in toku::lock_request::start (this=this@entry=0x7fffc36f44b8) at utilities/transactions/lock/range/range_tree/lib/locktree/lock_request.cc:203
203	    r = m_lt->acquire_read_lock(m_txnid, m_left_key, m_right_key, &conflicts,
#11 0x00007fff98578d3a in rocksdb::RangeTreeLockManager::TryLock (this=0x55556a64cd10, txn=0x55556a681ae0, column_family_id=<optimized out>, start_endp=..., end_endp=..., exclusive=<optimized out>) at utilities/transactions/lock/range/range_tree/range_tree_lock_manager.cc:117
117	  request.start();
#12 0x00007fff9851baba in rocksdb::RangeLockManagerBase::TryLock (this=this@entry=0x55556a64cd10, txn=txn@entry=0x55556a681ae0, column_family_id=column_family_id@entry=1, key="k", env=<optimized out>, exclusive=exclusive@entry=false) at ./utilities/transactions/lock/range/range_lock_manager.h:30
30	    return TryLock(txn, column_family_id, endp, endp, env, exclusive);
#13 0x000055556a5bb2de in rocksdb::AnyLockManagerTest_SharedLocks_Test::TestBody (this=0x55556a64a2f0) at ./utilities/transactions/lock/point/any_lock_manager_test.h:133
133	  ASSERT_OK(locker_->TryLock(txn2, 1, "k", env_, false));
#14 0x00007fff9892b53e in testing::internal::HandleSehExceptionsInMethodIfSupported<testing::Test, void> (location=0x7fff989323d0 "the test body", object=0x55556a64a2f0, method=<optimized out>) at third-party/gtest-1.8.1/fused-src/gtest/gtest-all.cc:3931
3931	  return (object->*method)();
#15 testing::internal::HandleExceptionsInMethodIfSupported<testing::Test, void> (object=object@entry=0x55556a64a2f0, method=<optimized out>, location=location@entry=0x7fff989323d0 "the test body") at third-party/gtest-1.8.1/fused-src/gtest/gtest-all.cc:3967
3967	      return HandleSehExceptionsInMethodIfSupported(object, method, location);
#16 0x00007fff98923952 in testing::Test::Run (this=0x55556a64a2f0) at third-party/gtest-1.8.1/fused-src/gtest/gtest-all.cc:4005
4005	    internal::HandleExceptionsInMethodIfSupported(
#17 testing::Test::Run (this=0x55556a64a2f0) at third-party/gtest-1.8.1/fused-src/gtest/gtest-all.cc:3996
3996	void Test::Run() {
#18 0x00007fff98923a4e in testing::TestInfo::Run (this=0x55556a648cc0) at third-party/gtest-1.8.1/fused-src/gtest/gtest-all.cc:4181
4181	    test->Run();
#19 testing::TestInfo::Run (this=0x55556a648cc0) at third-party/gtest-1.8.1/fused-src/gtest/gtest-all.cc:4155
4155	void TestInfo::Run() {
#20 0x00007fff98923ae6 in testing::TestCase::Run (this=0x55556a648370) at third-party/gtest-1.8.1/fused-src/gtest/gtest-all.cc:4299
4299	    GetMutableTestInfo(i)->Run();
#21 testing::TestCase::Run (this=0x55556a648370) at third-party/gtest-1.8.1/fused-src/gtest/gtest-all.cc:4284
4284	void TestCase::Run() {
#22 0x00007fff98923e98 in testing::internal::UnitTestImpl::RunAllTests (this=0x55556a645d00) at third-party/gtest-1.8.1/fused-src/gtest/gtest-all.cc:6665
6665	          GetMutableTestCase(test_index)->Run();
#23 0x00007fff9892ba8e in testing::internal::HandleSehExceptionsInMethodIfSupported<testing::internal::UnitTestImpl, bool> (location=0x7fff989325d8 "auxiliary test code (environments or event listeners)", object=0x55556a645d00, method=<optimized out>) at third-party/gtest-1.8.1/fused-src/gtest/gtest-all.cc:3931
3931	  return (object->*method)();
#24 testing::internal::HandleExceptionsInMethodIfSupported<testing::internal::UnitTestImpl, bool> (object=0x55556a645d00, method=<optimized out>, location=location@entry=0x7fff989325d8 "auxiliary test code (environments or event listeners)") at third-party/gtest-1.8.1/fused-src/gtest/gtest-all.cc:3967
3967	      return HandleSehExceptionsInMethodIfSupported(object, method, location);
#25 0x00007fff98923ff4 in testing::UnitTest::Run (this=0x7fff98960720 <testing::UnitTest::GetInstance()::instance>) at third-party/gtest-1.8.1/fused-src/gtest/gtest-all.cc:6274
6274	  return internal::HandleExceptionsInMethodIfSupported(
#26 0x000055556a5b7b1e in RUN_ALL_TESTS () at third-party/gtest-1.8.1/fused-src/gtest/gtest.h:22090
22090	  return ::testing::UnitTest::GetInstance()->Run();
#27 main (argc=<optimized out>, argv=0x7fffc36f4d38) at utilities/transactions/lock/range/range_locking_test.cc:433
433	  return RUN_ALL_TESTS();
[Inferior 1 (process 746895) detached]
Illegal instruction
Note: Google Test filter = RangeLockingTest.UpgradeLockAndGetConflict
[==========] Running 1 test from 1 test case.
[----------] Global test environment set-up.
[----------] 1 test from RangeLockingTest
[ RUN      ] RangeLockingTest.UpgradeLockAndGetConflict
Received signal 4 (Illegal instruction)
Invoking GDB for stack trace...
[New LWP 746632]
[New LWP 746616]
[New LWP 746615]
[Thread debugging using libthread_db enabled]
Using host libthread_db library "/lib/riscv64-linux-gnu/libthread_db.so.1".
0x00007fffa4d34bda in __GI___wait4 (pid=<optimized out>, stat_loc=0x7ffff09ae094, options=<optimized out>, usage=0x0) at ../sysdeps/unix/sysv/linux/wait4.c:30

warning: 30	../sysdeps/unix/sysv/linux/wait4.c: No such file or directory
#4  toku_time_now () at utilities/transactions/lock/range/range_tree/lib/locktree/../portability/toku_time.h:155
155	  asm volatile("rdcycle %0" : "=r"(cycles));
#5  toku::locktree::sto_end_early (this=this@entry=0x555593ddc280, prepared_lkr=prepared_lkr@entry=0x7ffff09aeb60) at utilities/transactions/lock/range/range_tree/lib/locktree/locktree.cc:285
285	  tokutime_t t0 = toku_time_now();
#6  0x00007fffa576eb36 in toku::locktree::sto_try_acquire (this=this@entry=0x555593ddc280, prepared_lkr=prepared_lkr@entry=0x7ffff09aeb60, txnid=txnid@entry=93826041370560, left_key=left_key@entry=0x7ffff09aed40, right_key=right_key@entry=0x7ffff09aed60, is_write_request=is_write_request@entry=false) at utilities/transactions/lock/range/range_tree/lib/locktree/locktree.cc:350
350	      sto_end_early(prepared_lkr);
#7  0x00007fffa576ec52 in toku::locktree::acquire_lock (this=0x555593ddc280, is_write_request=is_write_request@entry=false, txnid=93826041370560, left_key=0x7ffff09aed40, right_key=0x7ffff09aed60, conflicts=conflicts@entry=0x7ffff09aec30) at utilities/transactions/lock/range/range_tree/lib/locktree/locktree.cc:521
521	  bool acquired =
#8  0x00007fffa576ed14 in toku::locktree::try_acquire_lock (this=<optimized out>, is_write_request=is_write_request@entry=false, txnid=<optimized out>, left_key=<optimized out>, right_key=<optimized out>, conflicts=conflicts@entry=0x7ffff09aec30, big_txn=<optimized out>) at utilities/transactions/lock/range/range_tree/lib/locktree/locktree.cc:540
540	    r = acquire_lock(is_write_request, txnid, left_key, right_key, conflicts);
#9  0x00007fffa576ed66 in toku::locktree::acquire_read_lock (this=<optimized out>, txnid=<optimized out>, left_key=<optimized out>, right_key=<optimized out>, conflicts=conflicts@entry=0x7ffff09aec30, big_txn=<optimized out>) at utilities/transactions/lock/range/range_tree/lib/locktree/locktree.cc:549
549	  return try_acquire_lock(false, txnid, left_key, right_key, conflicts,
#10 0x00007fffa576caa0 in toku::lock_request::start (this=this@entry=0x7ffff09aee78) at utilities/transactions/lock/range/range_tree/lib/locktree/lock_request.cc:203
203	    r = m_lt->acquire_read_lock(m_txnid, m_left_key, m_right_key, &conflicts,
#11 0x00007fffa5778d3a in rocksdb::RangeTreeLockManager::TryLock (this=0x555593db3720, txn=0x555593ddd7c0, column_family_id=<optimized out>, start_endp=..., end_endp=..., exclusive=<optimized out>) at utilities/transactions/lock/range/range_tree/range_tree_lock_manager.cc:117
117	  request.start();
#12 0x00007fffa5717602 in rocksdb::RangeLockManagerBase::TryLock (this=0x555593db3720, txn=0x555593ddd7c0, column_family_id=0, key="a", env=<optimized out>, exclusive=false) at ./utilities/transactions/lock/range/range_lock_manager.h:30
30	    return TryLock(txn, column_family_id, endp, endp, env, exclusive);
#13 rocksdb::PessimisticTransactionDB::TryLock (this=<optimized out>, txn=txn@entry=0x555593ddd7c0, cfh_id=cfh_id@entry=0, key="a", exclusive=exclusive@entry=false) at utilities/transactions/pessimistic_transaction_db.cc:488
488	  return lock_manager_->TryLock(txn, cfh_id, key, GetEnv(), exclusive);
#14 0x00007fffa570f212 in rocksdb::PessimisticTransaction::TryLock (this=0x555593ddd7c0, column_family=0x555593ddfb70, key=..., read_only=true, exclusive=false, do_validate=true, assume_tracked=false) at utilities/transactions/pessimistic_transaction.cc:1167
1167	    s = txn_db_impl_->TryLock(this, cfh_id, key_str, exclusive);
#15 0x00007fffa5724a18 in rocksdb::TransactionBaseImpl::GetForUpdate (this=this@entry=0x555593ddd7c0, read_options=..., column_family=column_family@entry=0x555593ddfb70, key=..., value=value@entry=0x7ffff09af4c0, exclusive=exclusive@entry=false, do_validate=do_validate@entry=true) at utilities/transactions/transaction_base.cc:317
317	      TryLock(column_family, key, true /* read_only */, exclusive, do_validate);
#16 0x00007fffa57150b6 in rocksdb::WriteCommittedTxn::GetForUpdateImpl<std::__cxx11::basic_string<char, std::char_traits<char>, std::allocator<char> > > (this=0x555593ddd7c0, read_options=..., column_family=<optimized out>, key=..., value=0x7ffff09af4c0, exclusive=false, do_validate=true) at utilities/transactions/pessimistic_transaction.cc:199
199	                                               value, exclusive, do_validate);
#17 0x00007fffa5710fd0 in rocksdb::WriteCommittedTxn::GetForUpdate (this=<optimized out>, read_options=..., column_family=<optimized out>, key=..., value=<optimized out>, exclusive=<optimized out>, do_validate=<optimized out>) at utilities/transactions/pessimistic_transaction.cc:169
169	                          do_validate);
#18 0x0000555593d22654 in rocksdb::RangeLockingTest_UpgradeLockAndGetConflict_Test::TestBody (this=<optimized out>) at ./include/rocksdb/slice.h:166
166	  Slice(const char* s) : data_(s) { size_ = (s == nullptr) ? 0 : strlen(s); }
#19 0x00007fffa5c1a53e in testing::internal::HandleSehExceptionsInMethodIfSupported<testing::Test, void> (location=0x7fffa5c213d0 "the test body", object=0x555593db02d0, method=<optimized out>) at third-party/gtest-1.8.1/fused-src/gtest/gtest-all.cc:3931
3931	  return (object->*method)();
#20 testing::internal::HandleExceptionsInMethodIfSupported<testing::Test, void> (object=object@entry=0x555593db02d0, method=<optimized out>, location=location@entry=0x7fffa5c213d0 "the test body") at third-party/gtest-1.8.1/fused-src/gtest/gtest-all.cc:3967
3967	      return HandleSehExceptionsInMethodIfSupported(object, method, location);
#21 0x00007fffa5c12952 in testing::Test::Run (this=0x555593db02d0) at third-party/gtest-1.8.1/fused-src/gtest/gtest-all.cc:4005
4005	    internal::HandleExceptionsInMethodIfSupported(
#22 testing::Test::Run (this=0x555593db02d0) at third-party/gtest-1.8.1/fused-src/gtest/gtest-all.cc:3996
3996	void Test::Run() {
#23 0x00007fffa5c12a4e in testing::TestInfo::Run (this=0x555593dacbe0) at third-party/gtest-1.8.1/fused-src/gtest/gtest-all.cc:4181
4181	    test->Run();
#24 testing::TestInfo::Run (this=0x555593dacbe0) at third-party/gtest-1.8.1/fused-src/gtest/gtest-all.cc:4155
4155	void TestInfo::Run() {
#25 0x00007fffa5c12ae6 in testing::TestCase::Run (this=0x555593dac8d0) at third-party/gtest-1.8.1/fused-src/gtest/gtest-all.cc:4299
4299	    GetMutableTestInfo(i)->Run();
#26 testing::TestCase::Run (this=0x555593dac8d0) at third-party/gtest-1.8.1/fused-src/gtest/gtest-all.cc:4284
4284	void TestCase::Run() {
#27 0x00007fffa5c12e98 in testing::internal::UnitTestImpl::RunAllTests (this=0x555593dabd00) at third-party/gtest-1.8.1/fused-src/gtest/gtest-all.cc:6665
6665	          GetMutableTestCase(test_index)->Run();
#28 0x00007fffa5c1aa8e in testing::internal::HandleSehExceptionsInMethodIfSupported<testing::internal::UnitTestImpl, bool> (location=0x7fffa5c215d8 "auxiliary test code (environments or event listeners)", object=0x555593dabd00, method=<optimized out>) at third-party/gtest-1.8.1/fused-src/gtest/gtest-all.cc:3931
3931	  return (object->*method)();
#29 testing::internal::HandleExceptionsInMethodIfSupported<testing::internal::UnitTestImpl, bool> (object=0x555593dabd00, method=<optimized out>, location=location@entry=0x7fffa5c215d8 "auxiliary test code (environments or event listeners)") at third-party/gtest-1.8.1/fused-src/gtest/gtest-all.cc:3967
3967	      return HandleSehExceptionsInMethodIfSupported(object, method, location);
#30 0x00007fffa5c12ff4 in testing::UnitTest::Run (this=0x7fffa5c4f720 <testing::UnitTest::GetInstance()::instance>) at third-party/gtest-1.8.1/fused-src/gtest/gtest-all.cc:6274
6274	  return internal::HandleExceptionsInMethodIfSupported(
#31 0x0000555593d1db1e in RUN_ALL_TESTS () at third-party/gtest-1.8.1/fused-src/gtest/gtest.h:22090
22090	  return ::testing::UnitTest::GetInstance()->Run();
#32 main (argc=<optimized out>, argv=0x7ffff09afb38) at utilities/transactions/lock/range/range_locking_test.cc:433
433	  return RUN_ALL_TESTS();
[Inferior 1 (process 746614) detached]
Illegal instruction
Note: Google Test filter = RangeLockingTest.MultipleTrxLockStatusData
[==========] Running 1 test from 1 test case.
[----------] Global test environment set-up.
[----------] 1 test from RangeLockingTest
[ RUN      ] RangeLockingTest.MultipleTrxLockStatusData
Received signal 4 (Illegal instruction)
Invoking GDB for stack trace...
[New LWP 746390]
[New LWP 746355]
[New LWP 746354]
[Thread debugging using libthread_db enabled]
Using host libthread_db library "/lib/riscv64-linux-gnu/libthread_db.so.1".
0x00007fff88f34bda in __GI___wait4 (pid=<optimized out>, stat_loc=0x7ffff4aaca34, options=<optimized out>, usage=0x0) at ../sysdeps/unix/sysv/linux/wait4.c:30

warning: 30	../sysdeps/unix/sysv/linux/wait4.c: No such file or directory
#4  toku_time_now () at utilities/transactions/lock/range/range_tree/lib/locktree/../portability/toku_time.h:155
155	  asm volatile("rdcycle %0" : "=r"(cycles));
#5  toku::locktree::sto_end_early (this=this@entry=0x555580911340, prepared_lkr=prepared_lkr@entry=0x7ffff4aad500) at utilities/transactions/lock/range/range_tree/lib/locktree/locktree.cc:285
285	  tokutime_t t0 = toku_time_now();
#6  0x00007fff8996eb36 in toku::locktree::sto_try_acquire (this=this@entry=0x555580911340, prepared_lkr=prepared_lkr@entry=0x7ffff4aad500, txnid=txnid@entry=93825717903568, left_key=left_key@entry=0x7ffff4aad6e0, right_key=right_key@entry=0x7ffff4aad700, is_write_request=is_write_request@entry=true) at utilities/transactions/lock/range/range_tree/lib/locktree/locktree.cc:350
350	      sto_end_early(prepared_lkr);
#7  0x00007fff8996ec52 in toku::locktree::acquire_lock (this=0x555580911340, is_write_request=is_write_request@entry=true, txnid=93825717903568, left_key=0x7ffff4aad6e0, right_key=0x7ffff4aad700, conflicts=conflicts@entry=0x7ffff4aad5d0) at utilities/transactions/lock/range/range_tree/lib/locktree/locktree.cc:521
521	  bool acquired =
#8  0x00007fff8996ed14 in toku::locktree::try_acquire_lock (this=<optimized out>, is_write_request=is_write_request@entry=true, txnid=<optimized out>, left_key=<optimized out>, right_key=<optimized out>, conflicts=conflicts@entry=0x7ffff4aad5d0, big_txn=<optimized out>) at utilities/transactions/lock/range/range_tree/lib/locktree/locktree.cc:540
540	    r = acquire_lock(is_write_request, txnid, left_key, right_key, conflicts);
#9  0x00007fff8996ed80 in toku::locktree::acquire_write_lock (this=<optimized out>, txnid=<optimized out>, left_key=<optimized out>, right_key=<optimized out>, conflicts=conflicts@entry=0x7ffff4aad5d0, big_txn=<optimized out>) at utilities/transactions/lock/range/range_tree/lib/locktree/locktree.cc:556
556	  return try_acquire_lock(true, txnid, left_key, right_key, conflicts, big_txn);
#10 0x00007fff8996cb9a in toku::lock_request::start (this=this@entry=0x7ffff4aad818) at utilities/transactions/lock/range/range_tree/lib/locktree/lock_request.cc:199
199	    r = m_lt->acquire_write_lock(m_txnid, m_left_key, m_right_key, &conflicts,
#11 0x00007fff89978d3a in rocksdb::RangeTreeLockManager::TryLock (this=0x5555808e8720, txn=0x5555809620d0, column_family_id=<optimized out>, start_endp=..., end_endp=..., exclusive=<optimized out>) at utilities/transactions/lock/range/range_tree/range_tree_lock_manager.cc:117
117	  request.start();
#12 0x00007fff899176bc in rocksdb::PessimisticTransactionDB::TryRangeLock (this=<optimized out>, txn=txn@entry=0x5555809620d0, cfh_id=cfh_id@entry=0, start_endp=..., end_endp=...) at utilities/transactions/pessimistic_transaction_db.cc:496
496	                                /*exclusive=*/true);
#13 0x00007fff8990d928 in rocksdb::PessimisticTransaction::GetRangeLock (this=0x5555809620d0, column_family=<optimized out>, start_endp=..., end_endp=...) at utilities/transactions/pessimistic_transaction.cc:1264
1264	  Status s = txn_db_impl_->TryRangeLock(this, cfh_id, start_endp, end_endp);
#14 0x000055558085ba68 in rocksdb::RangeLockingTest_MultipleTrxLockStatusData_Test::TestBody (this=0x5555808e52d0) at utilities/transactions/lock/range/range_locking_test.cc:221
221	  ASSERT_OK(txn1->GetRangeLock(cf, Endpoint("b"), Endpoint("e")));
#15 0x00007fff89ea253e in testing::internal::HandleSehExceptionsInMethodIfSupported<testing::Test, void> (location=0x7fff89ea93d0 "the test body", object=0x5555808e52d0, method=<optimized out>) at third-party/gtest-1.8.1/fused-src/gtest/gtest-all.cc:3931
3931	  return (object->*method)();
#16 testing::internal::HandleExceptionsInMethodIfSupported<testing::Test, void> (object=object@entry=0x5555808e52d0, method=<optimized out>, location=location@entry=0x7fff89ea93d0 "the test body") at third-party/gtest-1.8.1/fused-src/gtest/gtest-all.cc:3967
3967	      return HandleSehExceptionsInMethodIfSupported(object, method, location);
#17 0x00007fff89e9a952 in testing::Test::Run (this=0x5555808e52d0) at third-party/gtest-1.8.1/fused-src/gtest/gtest-all.cc:4005
4005	    internal::HandleExceptionsInMethodIfSupported(
#18 testing::Test::Run (this=0x5555808e52d0) at third-party/gtest-1.8.1/fused-src/gtest/gtest-all.cc:3996
3996	void Test::Run() {
#19 0x00007fff89e9aa4e in testing::TestInfo::Run (this=0x5555808e1f60) at third-party/gtest-1.8.1/fused-src/gtest/gtest-all.cc:4181
4181	    test->Run();
#20 testing::TestInfo::Run (this=0x5555808e1f60) at third-party/gtest-1.8.1/fused-src/gtest/gtest-all.cc:4155
4155	void TestInfo::Run() {
#21 0x00007fff89e9aae6 in testing::TestCase::Run (this=0x5555808e18d0) at third-party/gtest-1.8.1/fused-src/gtest/gtest-all.cc:4299
4299	    GetMutableTestInfo(i)->Run();
#22 testing::TestCase::Run (this=0x5555808e18d0) at third-party/gtest-1.8.1/fused-src/gtest/gtest-all.cc:4284
4284	void TestCase::Run() {
#23 0x00007fff89e9ae98 in testing::internal::UnitTestImpl::RunAllTests (this=0x5555808e0d00) at third-party/gtest-1.8.1/fused-src/gtest/gtest-all.cc:6665
6665	          GetMutableTestCase(test_index)->Run();
#24 0x00007fff89ea2a8e in testing::internal::HandleSehExceptionsInMethodIfSupported<testing::internal::UnitTestImpl, bool> (location=0x7fff89ea95d8 "auxiliary test code (environments or event listeners)", object=0x5555808e0d00, method=<optimized out>) at third-party/gtest-1.8.1/fused-src/gtest/gtest-all.cc:3931
3931	  return (object->*method)();
#25 testing::internal::HandleExceptionsInMethodIfSupported<testing::internal::UnitTestImpl, bool> (object=0x5555808e0d00, method=<optimized out>, location=location@entry=0x7fff89ea95d8 "auxiliary test code (environments or event listeners)") at third-party/gtest-1.8.1/fused-src/gtest/gtest-all.cc:3967
3967	      return HandleSehExceptionsInMethodIfSupported(object, method, location);
#26 0x00007fff89e9aff4 in testing::UnitTest::Run (this=0x7fff89ed7720 <testing::UnitTest::GetInstance()::instance>) at third-party/gtest-1.8.1/fused-src/gtest/gtest-all.cc:6274
6274	  return internal::HandleExceptionsInMethodIfSupported(
#27 0x0000555580852b1e in RUN_ALL_TESTS () at third-party/gtest-1.8.1/fused-src/gtest/gtest.h:22090
22090	  return ::testing::UnitTest::GetInstance()->Run();
#28 main (argc=<optimized out>, argv=0x7ffff4aae178) at utilities/transactions/lock/range/range_locking_test.cc:433
433	  return RUN_ALL_TESTS();
[Inferior 1 (process 746331) detached]
Illegal instruction (core dumped)
Note: Google Test filter = RangeLockingTest.BasicRangeLocking
[==========] Running 1 test from 1 test case.
[----------] Global test environment set-up.
[----------] 1 test from RangeLockingTest
[ RUN      ] RangeLockingTest.BasicRangeLocking
Received signal 4 (Illegal instruction)
Invoking GDB for stack trace...
[New LWP 746244]
[New LWP 746225]
[New LWP 746224]
[Thread debugging using libthread_db enabled]
Using host libthread_db library "/lib/riscv64-linux-gnu/libthread_db.so.1".
0x00007fff92d34bda in __GI___wait4 (pid=<optimized out>, stat_loc=0x7fffc1a46984, options=<optimized out>, usage=0x0) at ../sysdeps/unix/sysv/linux/wait4.c:30

warning: 30	../sysdeps/unix/sysv/linux/wait4.c: No such file or directory
#4  toku_time_now () at utilities/transactions/lock/range/range_tree/lib/locktree/../portability/toku_time.h:155
155	  asm volatile("rdcycle %0" : "=r"(cycles));
#5  toku::locktree::sto_end_early (this=this@entry=0x55556746cd80, prepared_lkr=prepared_lkr@entry=0x7fffc1a47450) at utilities/transactions/lock/range/range_tree/lib/locktree/locktree.cc:285
285	  tokutime_t t0 = toku_time_now();
#6  0x00007fff9376eb36 in toku::locktree::sto_try_acquire (this=this@entry=0x55556746cd80, prepared_lkr=prepared_lkr@entry=0x7fffc1a47450, txnid=txnid@entry=93825293278240, left_key=left_key@entry=0x7fffc1a47630, right_key=right_key@entry=0x7fffc1a47650, is_write_request=is_write_request@entry=true) at utilities/transactions/lock/range/range_tree/lib/locktree/locktree.cc:350
350	      sto_end_early(prepared_lkr);
#7  0x00007fff9376ec52 in toku::locktree::acquire_lock (this=0x55556746cd80, is_write_request=is_write_request@entry=true, txnid=93825293278240, left_key=0x7fffc1a47630, right_key=0x7fffc1a47650, conflicts=conflicts@entry=0x7fffc1a47520) at utilities/transactions/lock/range/range_tree/lib/locktree/locktree.cc:521
521	  bool acquired =
#8  0x00007fff9376ed14 in toku::locktree::try_acquire_lock (this=<optimized out>, is_write_request=is_write_request@entry=true, txnid=<optimized out>, left_key=<optimized out>, right_key=<optimized out>, conflicts=conflicts@entry=0x7fffc1a47520, big_txn=<optimized out>) at utilities/transactions/lock/range/range_tree/lib/locktree/locktree.cc:540
540	    r = acquire_lock(is_write_request, txnid, left_key, right_key, conflicts);
#9  0x00007fff9376ed80 in toku::locktree::acquire_write_lock (this=<optimized out>, txnid=<optimized out>, left_key=<optimized out>, right_key=<optimized out>, conflicts=conflicts@entry=0x7fffc1a47520, big_txn=<optimized out>) at utilities/transactions/lock/range/range_tree/lib/locktree/locktree.cc:556
556	  return try_acquire_lock(true, txnid, left_key, right_key, conflicts, big_txn);
#10 0x00007fff9376cb9a in toku::lock_request::start (this=this@entry=0x7fffc1a47768) at utilities/transactions/lock/range/range_tree/lib/locktree/lock_request.cc:199
199	    r = m_lt->acquire_write_lock(m_txnid, m_left_key, m_right_key, &conflicts,
#11 0x00007fff93778d3a in rocksdb::RangeTreeLockManager::TryLock (this=0x555567444750, txn=0x55556746dc20, column_family_id=<optimized out>, start_endp=..., end_endp=..., exclusive=<optimized out>) at utilities/transactions/lock/range/range_tree/range_tree_lock_manager.cc:117
117	  request.start();
#12 0x00007fff937176bc in rocksdb::PessimisticTransactionDB::TryRangeLock (this=<optimized out>, txn=txn@entry=0x55556746dc20, cfh_id=cfh_id@entry=0, start_endp=..., end_endp=...) at utilities/transactions/pessimistic_transaction_db.cc:496
496	                                /*exclusive=*/true);
#13 0x00007fff9370d928 in rocksdb::PessimisticTransaction::GetRangeLock (this=0x55556746dc20, column_family=<optimized out>, start_endp=..., end_endp=...) at utilities/transactions/pessimistic_transaction.cc:1264
1264	  Status s = txn_db_impl_->TryRangeLock(this, cfh_id, start_endp, end_endp);
#14 0x00005555673b29c6 in rocksdb::RangeLockingTest_BasicRangeLocking_Test::TestBody (this=<optimized out>) at utilities/transactions/lock/range/range_locking_test.cc:80
80	    auto s = txn1->GetRangeLock(cf, Endpoint("b"), Endpoint("z"));
#15 0x00007fff93c7a53e in testing::internal::HandleSehExceptionsInMethodIfSupported<testing::Test, void> (location=0x7fff93c813d0 "the test body", object=0x5555674412e0, method=<optimized out>) at third-party/gtest-1.8.1/fused-src/gtest/gtest-all.cc:3931
3931	  return (object->*method)();
#16 testing::internal::HandleExceptionsInMethodIfSupported<testing::Test, void> (object=object@entry=0x5555674412e0, method=<optimized out>, location=location@entry=0x7fff93c813d0 "the test body") at third-party/gtest-1.8.1/fused-src/gtest/gtest-all.cc:3967
3967	      return HandleSehExceptionsInMethodIfSupported(object, method, location);
#17 0x00007fff93c72952 in testing::Test::Run (this=0x5555674412e0) at third-party/gtest-1.8.1/fused-src/gtest/gtest-all.cc:4005
4005	    internal::HandleExceptionsInMethodIfSupported(
#18 testing::Test::Run (this=0x5555674412e0) at third-party/gtest-1.8.1/fused-src/gtest/gtest-all.cc:3996
3996	void Test::Run() {
#19 0x00007fff93c72a4e in testing::TestInfo::Run (this=0x5555674034a0) at third-party/gtest-1.8.1/fused-src/gtest/gtest-all.cc:4181
4181	    test->Run();
#20 testing::TestInfo::Run (this=0x5555674034a0) at third-party/gtest-1.8.1/fused-src/gtest/gtest-all.cc:4155
4155	void TestInfo::Run() {
#21 0x00007fff93c72ae6 in testing::TestCase::Run (this=0x55556743d8d0) at third-party/gtest-1.8.1/fused-src/gtest/gtest-all.cc:4299
4299	    GetMutableTestInfo(i)->Run();
#22 testing::TestCase::Run (this=0x55556743d8d0) at third-party/gtest-1.8.1/fused-src/gtest/gtest-all.cc:4284
4284	void TestCase::Run() {
#23 0x00007fff93c72e98 in testing::internal::UnitTestImpl::RunAllTests (this=0x55556743cd00) at third-party/gtest-1.8.1/fused-src/gtest/gtest-all.cc:6665
6665	          GetMutableTestCase(test_index)->Run();
#24 0x00007fff93c7aa8e in testing::internal::HandleSehExceptionsInMethodIfSupported<testing::internal::UnitTestImpl, bool> (location=0x7fff93c815d8 "auxiliary test code (environments or event listeners)", object=0x55556743cd00, method=<optimized out>) at third-party/gtest-1.8.1/fused-src/gtest/gtest-all.cc:3931
3931	  return (object->*method)();
#25 testing::internal::HandleExceptionsInMethodIfSupported<testing::internal::UnitTestImpl, bool> (object=0x55556743cd00, method=<optimized out>, location=location@entry=0x7fff93c815d8 "auxiliary test code (environments or event listeners)") at third-party/gtest-1.8.1/fused-src/gtest/gtest-all.cc:3967
3967	      return HandleSehExceptionsInMethodIfSupported(object, method, location);
#26 0x00007fff93c72ff4 in testing::UnitTest::Run (this=0x7fff93caf720 <testing::UnitTest::GetInstance()::instance>) at third-party/gtest-1.8.1/fused-src/gtest/gtest-all.cc:6274
6274	  return internal::HandleExceptionsInMethodIfSupported(
#27 0x00005555673aeb1e in RUN_ALL_TESTS () at third-party/gtest-1.8.1/fused-src/gtest/gtest.h:22090
22090	  return ::testing::UnitTest::GetInstance()->Run();
#28 main (argc=<optimized out>, argv=0x7fffc1a480f8) at utilities/transactions/lock/range/range_locking_test.cc:433
433	  return RUN_ALL_TESTS();
[Inferior 1 (process 746204) detached]
Illegal instruction (core dumped)
Note: Google Test filter = RangeLockingTest.LockEscalationBarrier
[==========] Running 1 test from 1 test case.
[----------] Global test environment set-up.
[----------] 1 test from RangeLockingTest
[ RUN      ] RangeLockingTest.LockEscalationBarrier
Received signal 4 (Illegal instruction)
Invoking GDB for stack trace...
[New LWP 746293]
[New LWP 746248]
[New LWP 746247]
[Thread debugging using libthread_db enabled]
Using host libthread_db library "/lib/riscv64-linux-gnu/libthread_db.so.1".
0x00007fffb1921bda in __GI___wait4 (pid=<optimized out>, stat_loc=0x7fffea1395a4, options=<optimized out>, usage=0x0) at ../sysdeps/unix/sysv/linux/wait4.c:30

warning: 30	../sysdeps/unix/sysv/linux/wait4.c: No such file or directory
#4  toku_time_now () at utilities/transactions/lock/range/range_tree/lib/locktree/../portability/toku_time.h:155
155	  asm volatile("rdcycle %0" : "=r"(cycles));
#5  toku::locktree_manager::escalate_locktrees (this=this@entry=0x55555feba710, locktrees=locktrees@entry=0x55555fee4920, num_locktrees=num_locktrees@entry=1) at utilities/transactions/lock/range/range_tree/lib/locktree/manager.cc:401
401	  tokutime_t t0 = toku_time_now();
#6  0x00007fffb1571d62 in toku::locktree_manager::escalate_all_locktrees (this=0x55555feba710) at utilities/transactions/lock/range/range_tree/lib/locktree/manager.cc:286
286	  escalate_locktrees(locktrees, num_locktrees);
#7  0x00007fffb1570ed4 in toku::locktree_manager::locktree_escalator::run (this=this@entry=0x55555feba828, mgr=mgr@entry=0x55555feba710, escalate_locktrees_fun=escalate_locktrees_fun@entry=0x7fffb1571e20 <escalation_fn::run(void*)>, extra=extra@entry=0x55555feba710) at utilities/transactions/lock/range/range_tree/lib/locktree/manager.cc:443
443	    escalate_locktrees_fun(extra);
#8  0x00007fffb1570f62 in toku::locktree_manager::run_escalation (this=this@entry=0x55555feba710) at utilities/transactions/lock/range/range_tree/lib/locktree/manager.cc:265
265	  m_escalator.run(this, escalation_fn::run, this);
#9  0x00007fffb1570f9e in toku::locktree_manager::check_current_lock_constraints (this=0x55555feba710, big_txn=big_txn@entry=false) at utilities/transactions/lock/range/range_tree/lib/locktree/manager.cc:354
354	    run_escalation();
#10 0x00007fffb156ecec in toku::locktree::try_acquire_lock (this=0x55555fee3610, is_write_request=is_write_request@entry=true, txnid=93825170028496, left_key=0x7fffea13a2b0, right_key=0x7fffea13a2d0, conflicts=conflicts@entry=0x7fffea13a1a0, big_txn=false) at utilities/transactions/lock/range/range_tree/lib/locktree/locktree.cc:538
538	  int r = m_mgr == nullptr ? 0 : m_mgr->check_current_lock_constraints(big_txn);
#11 0x00007fffb156ed80 in toku::locktree::acquire_write_lock (this=<optimized out>, txnid=<optimized out>, left_key=<optimized out>, right_key=<optimized out>, conflicts=conflicts@entry=0x7fffea13a1a0, big_txn=<optimized out>) at utilities/transactions/lock/range/range_tree/lib/locktree/locktree.cc:556
556	  return try_acquire_lock(true, txnid, left_key, right_key, conflicts, big_txn);
#12 0x00007fffb156cb9a in toku::lock_request::start (this=this@entry=0x7fffea13a3e8) at utilities/transactions/lock/range/range_tree/lib/locktree/lock_request.cc:199
199	    r = m_lt->acquire_write_lock(m_txnid, m_left_key, m_right_key, &conflicts,
#13 0x00007fffb1578d3a in rocksdb::RangeTreeLockManager::TryLock (this=0x55555feba700, txn=0x55555fee37d0, column_family_id=<optimized out>, start_endp=..., end_endp=..., exclusive=<optimized out>) at utilities/transactions/lock/range/range_tree/range_tree_lock_manager.cc:117
117	  request.start();
#14 0x00007fffb15176bc in rocksdb::PessimisticTransactionDB::TryRangeLock (this=<optimized out>, txn=txn@entry=0x55555fee37d0, cfh_id=cfh_id@entry=0, start_endp=..., end_endp=...) at utilities/transactions/pessimistic_transaction_db.cc:496
496	                                /*exclusive=*/true);
#15 0x00007fffb150d928 in rocksdb::PessimisticTransaction::GetRangeLock (this=0x55555fee37d0, column_family=<optimized out>, start_endp=..., end_endp=...) at utilities/transactions/pessimistic_transaction.cc:1264
1264	  Status s = txn_db_impl_->TryRangeLock(this, cfh_id, start_endp, end_endp);
#16 0x000055555fe2b5dc in rocksdb::RangeLockingTest_LockEscalationBarrier_Test::TestBody (this=<optimized out>) at utilities/transactions/lock/range/range_locking_test.cc:314
314	    ASSERT_OK(txn->GetRangeLock(cf, Endpoint(buf_str), Endpoint(buf_str)));
#17 0x00007fffb1ad953e in testing::internal::HandleSehExceptionsInMethodIfSupported<testing::Test, void> (location=0x7fffb1ae03d0 "the test body", object=0x55555feb7300, method=<optimized out>) at third-party/gtest-1.8.1/fused-src/gtest/gtest-all.cc:3931
3931	  return (object->*method)();
#18 testing::internal::HandleExceptionsInMethodIfSupported<testing::Test, void> (object=object@entry=0x55555feb7300, method=<optimized out>, location=location@entry=0x7fffb1ae03d0 "the test body") at third-party/gtest-1.8.1/fused-src/gtest/gtest-all.cc:3967
3967	      return HandleSehExceptionsInMethodIfSupported(object, method, location);
#19 0x00007fffb1ad1952 in testing::Test::Run (this=0x55555feb7300) at third-party/gtest-1.8.1/fused-src/gtest/gtest-all.cc:4005
4005	    internal::HandleExceptionsInMethodIfSupported(
#20 testing::Test::Run (this=0x55555feb7300) at third-party/gtest-1.8.1/fused-src/gtest/gtest-all.cc:3996
3996	void Test::Run() {
#21 0x00007fffb1ad1a4e in testing::TestInfo::Run (this=0x55555feb42e0) at third-party/gtest-1.8.1/fused-src/gtest/gtest-all.cc:4181
4181	    test->Run();
#22 testing::TestInfo::Run (this=0x55555feb42e0) at third-party/gtest-1.8.1/fused-src/gtest/gtest-all.cc:4155
4155	void TestInfo::Run() {
#23 0x00007fffb1ad1ae6 in testing::TestCase::Run (this=0x55555feb38d0) at third-party/gtest-1.8.1/fused-src/gtest/gtest-all.cc:4299
4299	    GetMutableTestInfo(i)->Run();
#24 testing::TestCase::Run (this=0x55555feb38d0) at third-party/gtest-1.8.1/fused-src/gtest/gtest-all.cc:4284
4284	void TestCase::Run() {
#25 0x00007fffb1ad1e98 in testing::internal::UnitTestImpl::RunAllTests (this=0x55555feb2d00) at third-party/gtest-1.8.1/fused-src/gtest/gtest-all.cc:6665
6665	          GetMutableTestCase(test_index)->Run();
#26 0x00007fffb1ad9a8e in testing::internal::HandleSehExceptionsInMethodIfSupported<testing::internal::UnitTestImpl, bool> (location=0x7fffb1ae05d8 "auxiliary test code (environments or event listeners)", object=0x55555feb2d00, method=<optimized out>) at third-party/gtest-1.8.1/fused-src/gtest/gtest-all.cc:3931
3931	  return (object->*method)();
#27 testing::internal::HandleExceptionsInMethodIfSupported<testing::internal::UnitTestImpl, bool> (object=0x55555feb2d00, method=<optimized out>, location=location@entry=0x7fffb1ae05d8 "auxiliary test code (environments or event listeners)") at third-party/gtest-1.8.1/fused-src/gtest/gtest-all.cc:3967
3967	      return HandleSehExceptionsInMethodIfSupported(object, method, location);
#28 0x00007fffb1ad1ff4 in testing::UnitTest::Run (this=0x7fffb1b0e720 <testing::UnitTest::GetInstance()::instance>) at third-party/gtest-1.8.1/fused-src/gtest/gtest-all.cc:6274
6274	  return internal::HandleExceptionsInMethodIfSupported(
#29 0x000055555fe24b1e in RUN_ALL_TESTS () at third-party/gtest-1.8.1/fused-src/gtest/gtest.h:22090
22090	  return ::testing::UnitTest::GetInstance()->Run();
#30 main (argc=<optimized out>, argv=0x7fffea13aeb8) at utilities/transactions/lock/range/range_locking_test.cc:433
433	  return RUN_ALL_TESTS();
[Inferior 1 (process 746227) detached]
Illegal instruction (core dumped)
Note: Google Test filter = RangeLockingTest.SnapshotValidation
[==========] Running 1 test from 1 test case.
[----------] Global test environment set-up.
[----------] 1 test from RangeLockingTest
[ RUN      ] RangeLockingTest.SnapshotValidation
Received signal 4 (Illegal instruction)
Invoking GDB for stack trace...
[New LWP 746467]
[New LWP 746449]
[New LWP 746448]
[Thread debugging using libthread_db enabled]
Using host libthread_db library "/lib/riscv64-linux-gnu/libthread_db.so.1".
0x00007fffaff0bbda in __GI___wait4 (pid=<optimized out>, stat_loc=0x7fffeeaa2014, options=<optimized out>, usage=0x0) at ../sysdeps/unix/sysv/linux/wait4.c:30

warning: 30	../sysdeps/unix/sysv/linux/wait4.c: No such file or directory
#4  toku_time_now () at utilities/transactions/lock/range/range_tree/lib/locktree/../portability/toku_time.h:155
155	  asm volatile("rdcycle %0" : "=r"(cycles));
#5  toku::locktree::sto_end_early (this=this@entry=0x555565663500, prepared_lkr=prepared_lkr@entry=0x7fffeeaa2ad0) at utilities/transactions/lock/range/range_tree/lib/locktree/locktree.cc:285
285	  tokutime_t t0 = toku_time_now();
#6  0x00007fffafb6f40a in toku::locktree::release_locks (this=0x555565663500, txnid=txnid@entry=93825261774480, ranges=ranges@entry=0x7fffeeaa2bb8, all_trx_locks_hint=all_trx_locks_hint@entry=false) at utilities/transactions/lock/range/range_tree/lib/locktree/locktree.cc:731
731	        sto_end_early(&lkr);
#7  0x00007fffafb798b2 in rocksdb::RangeTreeLockManager::UnLock (this=<optimized out>, txn=0x555565662690, column_family_id=<optimized out>, key=...) at utilities/transactions/lock/range/range_tree/range_tree_lock_manager.cc:183
183	  locktree->release_locks((TXNID)txn, &range_buf);
#8  0x00007fffafb0f4b6 in rocksdb::PessimisticTransaction::TryLock (this=0x555565662690, column_family=<optimized out>, key=..., read_only=false, exclusive=true, do_validate=true, assume_tracked=false) at utilities/transactions/pessimistic_transaction.cc:1221
1221	        txn_db_impl_->UnLock(this, cfh_id, key.ToString());
#9  0x00007fffafb114cc in rocksdb::WriteCommittedTxn::Operate<rocksdb::Slice, rocksdb::WriteCommittedTxn::Put(rocksdb::ColumnFamilyHandle*, const rocksdb::Slice&, const rocksdb::Slice&, bool)::<lambda()> > (this=0x555565662690, column_family=0x5555656393a0, key=..., do_validate=<optimized out>, assume_tracked=<optimized out>, operation=...) at utilities/transactions/pessimistic_transaction.cc:495
495	    s = TryLock(column_family, key, /*read_only=*/false, /*exclusive=*/true,
#10 rocksdb::WriteCommittedTxn::Put (this=0x555565662690, column_family=0x5555656393a0, key=..., value=..., assume_tracked=<optimized out>) at utilities/transactions/pessimistic_transaction.cc:334
334	                 });
#11 0x00005555655aca84 in rocksdb::RangeLockingTest_SnapshotValidation_Test::TestBody (this=<optimized out>) at utilities/transactions/lock/range/range_locking_test.cc:201
201	  s = txn2->Put(cfh, key_slice, Slice(val2));
#12 0x00007fffb00c353e in testing::internal::HandleSehExceptionsInMethodIfSupported<testing::Test, void> (location=0x7fffb00ca3d0 "the test body", object=0x5555656352e0, method=<optimized out>) at third-party/gtest-1.8.1/fused-src/gtest/gtest-all.cc:3931
3931	  return (object->*method)();
#13 testing::internal::HandleExceptionsInMethodIfSupported<testing::Test, void> (object=object@entry=0x5555656352e0, method=<optimized out>, location=location@entry=0x7fffb00ca3d0 "the test body") at third-party/gtest-1.8.1/fused-src/gtest/gtest-all.cc:3967
3967	      return HandleSehExceptionsInMethodIfSupported(object, method, location);
#14 0x00007fffb00bb952 in testing::Test::Run (this=0x5555656352e0) at third-party/gtest-1.8.1/fused-src/gtest/gtest-all.cc:4005
4005	    internal::HandleExceptionsInMethodIfSupported(
#15 testing::Test::Run (this=0x5555656352e0) at third-party/gtest-1.8.1/fused-src/gtest/gtest-all.cc:3996
3996	void Test::Run() {
#16 0x00007fffb00bba4e in testing::TestInfo::Run (this=0x555565631dd0) at third-party/gtest-1.8.1/fused-src/gtest/gtest-all.cc:4181
4181	    test->Run();
#17 testing::TestInfo::Run (this=0x555565631dd0) at third-party/gtest-1.8.1/fused-src/gtest/gtest-all.cc:4155
4155	void TestInfo::Run() {
#18 0x00007fffb00bbae6 in testing::TestCase::Run (this=0x5555656318d0) at third-party/gtest-1.8.1/fused-src/gtest/gtest-all.cc:4299
4299	    GetMutableTestInfo(i)->Run();
#19 testing::TestCase::Run (this=0x5555656318d0) at third-party/gtest-1.8.1/fused-src/gtest/gtest-all.cc:4284
4284	void TestCase::Run() {
#20 0x00007fffb00bbe98 in testing::internal::UnitTestImpl::RunAllTests (this=0x555565630d00) at third-party/gtest-1.8.1/fused-src/gtest/gtest-all.cc:6665
6665	          GetMutableTestCase(test_index)->Run();
#21 0x00007fffb00c3a8e in testing::internal::HandleSehExceptionsInMethodIfSupported<testing::internal::UnitTestImpl, bool> (location=0x7fffb00ca5d8 "auxiliary test code (environments or event listeners)", object=0x555565630d00, method=<optimized out>) at third-party/gtest-1.8.1/fused-src/gtest/gtest-all.cc:3931
3931	  return (object->*method)();
#22 testing::internal::HandleExceptionsInMethodIfSupported<testing::internal::UnitTestImpl, bool> (object=0x555565630d00, method=<optimized out>, location=location@entry=0x7fffb00ca5d8 "auxiliary test code (environments or event listeners)") at third-party/gtest-1.8.1/fused-src/gtest/gtest-all.cc:3967
3967	      return HandleSehExceptionsInMethodIfSupported(object, method, location);
#23 0x00007fffb00bbff4 in testing::UnitTest::Run (this=0x7fffb00f8720 <testing::UnitTest::GetInstance()::instance>) at third-party/gtest-1.8.1/fused-src/gtest/gtest-all.cc:6274
6274	  return internal::HandleExceptionsInMethodIfSupported(
#24 0x00005555655a2b1e in RUN_ALL_TESTS () at third-party/gtest-1.8.1/fused-src/gtest/gtest.h:22090
22090	  return ::testing::UnitTest::GetInstance()->Run();
#25 main (argc=<optimized out>, argv=0x7fffeeaa3648) at utilities/transactions/lock/range/range_locking_test.cc:433
433	  return RUN_ALL_TESTS();
[Inferior 1 (process 746447) detached]
Illegal instruction (core dumped)
Note: Google Test filter = RangeLockManager/AnyLockManagerTest.LockDowngrade/0
[==========] Running 1 test from 1 test case.
[----------] Global test environment set-up.
[----------] 1 test from RangeLockManager/AnyLockManagerTest
[ RUN      ] RangeLockManager/AnyLockManagerTest.LockDowngrade/0
Received signal 4 (Illegal instruction)
Invoking GDB for stack trace...
[New LWP 746803]
[New LWP 746779]
[New LWP 746778]
[Thread debugging using libthread_db enabled]
Using host libthread_db library "/lib/riscv64-linux-gnu/libthread_db.so.1".
0x00007fff83934bda in __GI___wait4 (pid=<optimized out>, stat_loc=0x7fffd64fd544, options=<optimized out>, usage=0x0) at ../sysdeps/unix/sysv/linux/wait4.c:30

warning: 30	../sysdeps/unix/sysv/linux/wait4.c: No such file or directory
#4  toku_time_now () at utilities/transactions/lock/range/range_tree/lib/locktree/../portability/toku_time.h:155
155	  asm volatile("rdcycle %0" : "=r"(cycles));
#5  toku::locktree::sto_end_early (this=this@entry=0x55555c603cb0, prepared_lkr=prepared_lkr@entry=0x7fffd64fe000) at utilities/transactions/lock/range/range_tree/lib/locktree/locktree.cc:285
285	  tokutime_t t0 = toku_time_now();
#6  0x00007fff8436f40a in toku::locktree::release_locks (this=0x55555c603cb0, txnid=txnid@entry=93825110065520, ranges=ranges@entry=0x7fffd64fe0e8, all_trx_locks_hint=all_trx_locks_hint@entry=false) at utilities/transactions/lock/range/range_tree/lib/locktree/locktree.cc:731
731	        sto_end_early(&lkr);
#7  0x00007fff843798b2 in rocksdb::RangeTreeLockManager::UnLock (this=this@entry=0x55555c58cd10, txn=txn@entry=0x55555c5b4170, column_family_id=column_family_id@entry=1, key="k") at utilities/transactions/lock/range/range_tree/range_tree_lock_manager.cc:183
183	  locktree->release_locks((TXNID)txn, &range_buf);
#8  0x000055555c4fa8d4 in rocksdb::AnyLockManagerTest_LockDowngrade_Test::TestBody (this=0x55555c58a2f0) at ./utilities/transactions/lock/point/any_lock_manager_test.h:86
86	  locker_->UnLock(txn, 1, "k", env_);
#9  0x00007fff8484553e in testing::internal::HandleSehExceptionsInMethodIfSupported<testing::Test, void> (location=0x7fff8484c3d0 "the test body", object=0x55555c58a2f0, method=<optimized out>) at third-party/gtest-1.8.1/fused-src/gtest/gtest-all.cc:3931
3931	  return (object->*method)();
#10 testing::internal::HandleExceptionsInMethodIfSupported<testing::Test, void> (object=object@entry=0x55555c58a2f0, method=<optimized out>, location=location@entry=0x7fff8484c3d0 "the test body") at third-party/gtest-1.8.1/fused-src/gtest/gtest-all.cc:3967
3967	      return HandleSehExceptionsInMethodIfSupported(object, method, location);
#11 0x00007fff8483d952 in testing::Test::Run (this=0x55555c58a2f0) at third-party/gtest-1.8.1/fused-src/gtest/gtest-all.cc:4005
4005	    internal::HandleExceptionsInMethodIfSupported(
#12 testing::Test::Run (this=0x55555c58a2f0) at third-party/gtest-1.8.1/fused-src/gtest/gtest-all.cc:3996
3996	void Test::Run() {
#13 0x00007fff8483da4e in testing::TestInfo::Run (this=0x55555c5888f0) at third-party/gtest-1.8.1/fused-src/gtest/gtest-all.cc:4181
4181	    test->Run();
#14 testing::TestInfo::Run (this=0x55555c5888f0) at third-party/gtest-1.8.1/fused-src/gtest/gtest-all.cc:4155
4155	void TestInfo::Run() {
#15 0x00007fff8483dae6 in testing::TestCase::Run (this=0x55555c588370) at third-party/gtest-1.8.1/fused-src/gtest/gtest-all.cc:4299
4299	    GetMutableTestInfo(i)->Run();
#16 testing::TestCase::Run (this=0x55555c588370) at third-party/gtest-1.8.1/fused-src/gtest/gtest-all.cc:4284
4284	void TestCase::Run() {
#17 0x00007fff8483de98 in testing::internal::UnitTestImpl::RunAllTests (this=0x55555c585d00) at third-party/gtest-1.8.1/fused-src/gtest/gtest-all.cc:6665
6665	          GetMutableTestCase(test_index)->Run();
#18 0x00007fff84845a8e in testing::internal::HandleSehExceptionsInMethodIfSupported<testing::internal::UnitTestImpl, bool> (location=0x7fff8484c5d8 "auxiliary test code (environments or event listeners)", object=0x55555c585d00, method=<optimized out>) at third-party/gtest-1.8.1/fused-src/gtest/gtest-all.cc:3931
3931	  return (object->*method)();
#19 testing::internal::HandleExceptionsInMethodIfSupported<testing::internal::UnitTestImpl, bool> (object=0x55555c585d00, method=<optimized out>, location=location@entry=0x7fff8484c5d8 "auxiliary test code (environments or event listeners)") at third-party/gtest-1.8.1/fused-src/gtest/gtest-all.cc:3967
3967	      return HandleSehExceptionsInMethodIfSupported(object, method, location);
#20 0x00007fff8483dff4 in testing::UnitTest::Run (this=0x7fff8487a720 <testing::UnitTest::GetInstance()::instance>) at third-party/gtest-1.8.1/fused-src/gtest/gtest-all.cc:6274
6274	  return internal::HandleExceptionsInMethodIfSupported(
#21 0x000055555c4f7b1e in RUN_ALL_TESTS () at third-party/gtest-1.8.1/fused-src/gtest/gtest.h:22090
22090	  return ::testing::UnitTest::GetInstance()->Run();
#22 main (argc=<optimized out>, argv=0x7fffd64fe7e8) at utilities/transactions/lock/range/range_locking_test.cc:433
433	  return RUN_ALL_TESTS();
[Inferior 1 (process 746766) detached]
Illegal instruction (core dumped)
Note: Google Test filter = RangeLockingTest.LockWaitCount
[==========] Running 1 test from 1 test case.
[----------] Global test environment set-up.
[----------] 1 test from RangeLockingTest
[ RUN      ] RangeLockingTest.LockWaitCount
Received signal 4 (Illegal instruction)
Invoking GDB for stack trace...
[New LWP 746324]
[New LWP 746297]
[New LWP 746296]
[Thread debugging using libthread_db enabled]
Using host libthread_db library "/lib/riscv64-linux-gnu/libthread_db.so.1".
0x00007fffa8d34bda in __GI___wait4 (pid=<optimized out>, stat_loc=0x7fffc11bee74, options=<optimized out>, usage=0x0) at ../sysdeps/unix/sysv/linux/wait4.c:30

warning: 30	../sysdeps/unix/sysv/linux/wait4.c: No such file or directory
#4  toku_time_now () at utilities/transactions/lock/range/range_tree/lib/locktree/../portability/toku_time.h:155
155	  asm volatile("rdcycle %0" : "=r"(cycles));
#5  toku::locktree::sto_end_early (this=this@entry=0x55558f590290, prepared_lkr=prepared_lkr@entry=0x7fffc11bf940) at utilities/transactions/lock/range/range_tree/lib/locktree/locktree.cc:285
285	  tokutime_t t0 = toku_time_now();
#6  0x00007fffa976eb36 in toku::locktree::sto_try_acquire (this=this@entry=0x55558f590290, prepared_lkr=prepared_lkr@entry=0x7fffc11bf940, txnid=txnid@entry=93825965865040, left_key=left_key@entry=0x7fffc11bfb20, right_key=right_key@entry=0x7fffc11bfb40, is_write_request=is_write_request@entry=true) at utilities/transactions/lock/range/range_tree/lib/locktree/locktree.cc:350
350	      sto_end_early(prepared_lkr);
#7  0x00007fffa976ec52 in toku::locktree::acquire_lock (this=0x55558f590290, is_write_request=is_write_request@entry=true, txnid=93825965865040, left_key=0x7fffc11bfb20, right_key=0x7fffc11bfb40, conflicts=conflicts@entry=0x7fffc11bfa10) at utilities/transactions/lock/range/range_tree/lib/locktree/locktree.cc:521
521	  bool acquired =
#8  0x00007fffa976ed14 in toku::locktree::try_acquire_lock (this=<optimized out>, is_write_request=is_write_request@entry=true, txnid=<optimized out>, left_key=<optimized out>, right_key=<optimized out>, conflicts=conflicts@entry=0x7fffc11bfa10, big_txn=<optimized out>) at utilities/transactions/lock/range/range_tree/lib/locktree/locktree.cc:540
540	    r = acquire_lock(is_write_request, txnid, left_key, right_key, conflicts);
#9  0x00007fffa976ed80 in toku::locktree::acquire_write_lock (this=<optimized out>, txnid=<optimized out>, left_key=<optimized out>, right_key=<optimized out>, conflicts=conflicts@entry=0x7fffc11bfa10, big_txn=<optimized out>) at utilities/transactions/lock/range/range_tree/lib/locktree/locktree.cc:556
556	  return try_acquire_lock(true, txnid, left_key, right_key, conflicts, big_txn);
#10 0x00007fffa976cb9a in toku::lock_request::start (this=this@entry=0x7fffc11bfc58) at utilities/transactions/lock/range/range_tree/lib/locktree/lock_request.cc:199
199	    r = m_lt->acquire_write_lock(m_txnid, m_left_key, m_right_key, &conflicts,
#11 0x00007fffa9778d3a in rocksdb::RangeTreeLockManager::TryLock (this=0x55558f567750, txn=0x55558f5db850, column_family_id=<optimized out>, start_endp=..., end_endp=..., exclusive=<optimized out>) at utilities/transactions/lock/range/range_tree/range_tree_lock_manager.cc:117
117	  request.start();
#12 0x00007fffa97176bc in rocksdb::PessimisticTransactionDB::TryRangeLock (this=<optimized out>, txn=txn@entry=0x55558f5db850, cfh_id=cfh_id@entry=0, start_endp=..., end_endp=...) at utilities/transactions/pessimistic_transaction_db.cc:496
496	                                /*exclusive=*/true);
#13 0x00007fffa970d928 in rocksdb::PessimisticTransaction::GetRangeLock (this=0x55558f5db850, column_family=<optimized out>, start_endp=..., end_endp=...) at utilities/transactions/pessimistic_transaction.cc:1264
1264	  Status s = txn_db_impl_->TryRangeLock(this, cfh_id, start_endp, end_endp);
#14 0x000055558f4d8058 in rocksdb::RangeLockingTest_LockWaitCount_Test::TestBody (this=0x55558f5642e0) at utilities/transactions/lock/range/range_locking_test.cc:351
351	  auto s = txn1->GetRangeLock(cf, Endpoint("b"), Endpoint("z"));
#15 0x00007fffa9b5753e in testing::internal::HandleSehExceptionsInMethodIfSupported<testing::Test, void> (location=0x7fffa9b5e3d0 "the test body", object=0x55558f5642e0, method=<optimized out>) at third-party/gtest-1.8.1/fused-src/gtest/gtest-all.cc:3931
3931	  return (object->*method)();
#16 testing::internal::HandleExceptionsInMethodIfSupported<testing::Test, void> (object=object@entry=0x55558f5642e0, method=<optimized out>, location=location@entry=0x7fffa9b5e3d0 "the test body") at third-party/gtest-1.8.1/fused-src/gtest/gtest-all.cc:3967
3967	      return HandleSehExceptionsInMethodIfSupported(object, method, location);
#17 0x00007fffa9b4f952 in testing::Test::Run (this=0x55558f5642e0) at third-party/gtest-1.8.1/fused-src/gtest/gtest-all.cc:4005
4005	    internal::HandleExceptionsInMethodIfSupported(
#18 testing::Test::Run (this=0x55558f5642e0) at third-party/gtest-1.8.1/fused-src/gtest/gtest-all.cc:3996
3996	void Test::Run() {
#19 0x00007fffa9b4fa4e in testing::TestInfo::Run (this=0x55558f561490) at third-party/gtest-1.8.1/fused-src/gtest/gtest-all.cc:4181
4181	    test->Run();
#20 testing::TestInfo::Run (this=0x55558f561490) at third-party/gtest-1.8.1/fused-src/gtest/gtest-all.cc:4155
4155	void TestInfo::Run() {
#21 0x00007fffa9b4fae6 in testing::TestCase::Run (this=0x55558f5608d0) at third-party/gtest-1.8.1/fused-src/gtest/gtest-all.cc:4299
4299	    GetMutableTestInfo(i)->Run();
#22 testing::TestCase::Run (this=0x55558f5608d0) at third-party/gtest-1.8.1/fused-src/gtest/gtest-all.cc:4284
4284	void TestCase::Run() {
#23 0x00007fffa9b4fe98 in testing::internal::UnitTestImpl::RunAllTests (this=0x55558f55fd00) at third-party/gtest-1.8.1/fused-src/gtest/gtest-all.cc:6665
6665	          GetMutableTestCase(test_index)->Run();
#24 0x00007fffa9b57a8e in testing::internal::HandleSehExceptionsInMethodIfSupported<testing::internal::UnitTestImpl, bool> (location=0x7fffa9b5e5d8 "auxiliary test code (environments or event listeners)", object=0x55558f55fd00, method=<optimized out>) at third-party/gtest-1.8.1/fused-src/gtest/gtest-all.cc:3931
3931	  return (object->*method)();
#25 testing::internal::HandleExceptionsInMethodIfSupported<testing::internal::UnitTestImpl, bool> (object=0x55558f55fd00, method=<optimized out>, location=location@entry=0x7fffa9b5e5d8 "auxiliary test code (environments or event listeners)") at third-party/gtest-1.8.1/fused-src/gtest/gtest-all.cc:3967
3967	      return HandleSehExceptionsInMethodIfSupported(object, method, location);
#26 0x00007fffa9b4fff4 in testing::UnitTest::Run (this=0x7fffa9b8c720 <testing::UnitTest::GetInstance()::instance>) at third-party/gtest-1.8.1/fused-src/gtest/gtest-all.cc:6274
6274	  return internal::HandleExceptionsInMethodIfSupported(
#27 0x000055558f4d1b1e in RUN_ALL_TESTS () at third-party/gtest-1.8.1/fused-src/gtest/gtest.h:22090
22090	  return ::testing::UnitTest::GetInstance()->Run();
#28 main (argc=<optimized out>, argv=0x7fffc11c04e8) at utilities/transactions/lock/range/range_locking_test.cc:433
433	  return RUN_ALL_TESTS();
[Inferior 1 (process 746266) detached]
Illegal instruction (core dumped)
Note: Google Test filter = RangeLockManager/AnyLockManagerTest.LockUpgrade/0
[==========] Running 1 test from 1 test case.
[----------] Global test environment set-up.
[----------] 1 test from RangeLockManager/AnyLockManagerTest
[ RUN      ] RangeLockManager/AnyLockManagerTest.LockUpgrade/0
Received signal 4 (Illegal instruction)
Invoking GDB for stack trace...
[New LWP 746848]
[New LWP 746818]
[New LWP 746817]
[Thread debugging using libthread_db enabled]
Using host libthread_db library "/lib/riscv64-linux-gnu/libthread_db.so.1".
0x00007fff96934bda in __GI___wait4 (pid=<optimized out>, stat_loc=0x7fffcab6dd24, options=<optimized out>, usage=0x0) at ../sysdeps/unix/sysv/linux/wait4.c:30

warning: 30	../sysdeps/unix/sysv/linux/wait4.c: No such file or directory
#4  toku_time_now () at utilities/transactions/lock/range/range_tree/lib/locktree/../portability/toku_time.h:155
155	  asm volatile("rdcycle %0" : "=r"(cycles));
#5  toku::locktree::sto_end_early (this=this@entry=0x555566d4c410, prepared_lkr=prepared_lkr@entry=0x7fffcab6e7e0) at utilities/transactions/lock/range/range_tree/lib/locktree/locktree.cc:285
285	  tokutime_t t0 = toku_time_now();
#6  0x00007fff9736f40a in toku::locktree::release_locks (this=0x555566d4c410, txnid=txnid@entry=93825285872960, ranges=ranges@entry=0x7fffcab6e8c8, all_trx_locks_hint=all_trx_locks_hint@entry=false) at utilities/transactions/lock/range/range_tree/lib/locktree/locktree.cc:731
731	        sto_end_early(&lkr);
#7  0x00007fff973798b2 in rocksdb::RangeTreeLockManager::UnLock (this=this@entry=0x555566d28d10, txn=txn@entry=0x555566d5dd40, column_family_id=column_family_id@entry=1, key="k") at utilities/transactions/lock/range/range_tree/range_tree_lock_manager.cc:183
183	  locktree->release_locks((TXNID)txn, &range_buf);
#8  0x0000555566c965c0 in rocksdb::AnyLockManagerTest_LockUpgrade_Test::TestBody (this=0x555566d262f0) at ./utilities/transactions/lock/point/any_lock_manager_test.h:72
72	  locker_->UnLock(txn, 1, "k", env_);
#9  0x00007fff9778d53e in testing::internal::HandleSehExceptionsInMethodIfSupported<testing::Test, void> (location=0x7fff977943d0 "the test body", object=0x555566d262f0, method=<optimized out>) at third-party/gtest-1.8.1/fused-src/gtest/gtest-all.cc:3931
3931	  return (object->*method)();
#10 testing::internal::HandleExceptionsInMethodIfSupported<testing::Test, void> (object=object@entry=0x555566d262f0, method=<optimized out>, location=location@entry=0x7fff977943d0 "the test body") at third-party/gtest-1.8.1/fused-src/gtest/gtest-all.cc:3967
3967	      return HandleSehExceptionsInMethodIfSupported(object, method, location);
#11 0x00007fff97785952 in testing::Test::Run (this=0x555566d262f0) at third-party/gtest-1.8.1/fused-src/gtest/gtest-all.cc:4005
4005	    internal::HandleExceptionsInMethodIfSupported(
#12 testing::Test::Run (this=0x555566d262f0) at third-party/gtest-1.8.1/fused-src/gtest/gtest-all.cc:3996
3996	void Test::Run() {
#13 0x00007fff97785a4e in testing::TestInfo::Run (this=0x555566d24700) at third-party/gtest-1.8.1/fused-src/gtest/gtest-all.cc:4181
4181	    test->Run();
#14 testing::TestInfo::Run (this=0x555566d24700) at third-party/gtest-1.8.1/fused-src/gtest/gtest-all.cc:4155
4155	void TestInfo::Run() {
#15 0x00007fff97785ae6 in testing::TestCase::Run (this=0x555566d24370) at third-party/gtest-1.8.1/fused-src/gtest/gtest-all.cc:4299
4299	    GetMutableTestInfo(i)->Run();
#16 testing::TestCase::Run (this=0x555566d24370) at third-party/gtest-1.8.1/fused-src/gtest/gtest-all.cc:4284
4284	void TestCase::Run() {
#17 0x00007fff97785e98 in testing::internal::UnitTestImpl::RunAllTests (this=0x555566d21d00) at third-party/gtest-1.8.1/fused-src/gtest/gtest-all.cc:6665
6665	          GetMutableTestCase(test_index)->Run();
#18 0x00007fff9778da8e in testing::internal::HandleSehExceptionsInMethodIfSupported<testing::internal::UnitTestImpl, bool> (location=0x7fff977945d8 "auxiliary test code (environments or event listeners)", object=0x555566d21d00, method=<optimized out>) at third-party/gtest-1.8.1/fused-src/gtest/gtest-all.cc:3931
3931	  return (object->*method)();
#19 testing::internal::HandleExceptionsInMethodIfSupported<testing::internal::UnitTestImpl, bool> (object=0x555566d21d00, method=<optimized out>, location=location@entry=0x7fff977945d8 "auxiliary test code (environments or event listeners)") at third-party/gtest-1.8.1/fused-src/gtest/gtest-all.cc:3967
3967	      return HandleSehExceptionsInMethodIfSupported(object, method, location);
#20 0x00007fff97785ff4 in testing::UnitTest::Run (this=0x7fff977c2720 <testing::UnitTest::GetInstance()::instance>) at third-party/gtest-1.8.1/fused-src/gtest/gtest-all.cc:6274
6274	  return internal::HandleExceptionsInMethodIfSupported(
#21 0x0000555566c93b1e in RUN_ALL_TESTS () at third-party/gtest-1.8.1/fused-src/gtest/gtest.h:22090
22090	  return ::testing::UnitTest::GetInstance()->Run();
#22 main (argc=<optimized out>, argv=0x7fffcab6efc8) at utilities/transactions/lock/range/range_locking_test.cc:433
433	  return RUN_ALL_TESTS();
[Inferior 1 (process 746797) detached]
Illegal instruction (core dumped)
Note: Google Test filter = RangeLockManager/AnyLockManagerTest.ReentrantSharedLock/0
[==========] Running 1 test from 1 test case.
[----------] Global test environment set-up.
[----------] 1 test from RangeLockManager/AnyLockManagerTest
[ RUN      ] RangeLockManager/AnyLockManagerTest.ReentrantSharedLock/0
Received signal 4 (Illegal instruction)
Invoking GDB for stack trace...
[New LWP 746916]
[New LWP 746883]
[New LWP 746880]
[Thread debugging using libthread_db enabled]
Using host libthread_db library "/lib/riscv64-linux-gnu/libthread_db.so.1".
0x00007fff81334bda in __GI___wait4 (pid=<optimized out>, stat_loc=0x7ffff2b18ff4, options=<optimized out>, usage=0x0) at ../sysdeps/unix/sysv/linux/wait4.c:30

warning: 30	../sysdeps/unix/sysv/linux/wait4.c: No such file or directory
#4  toku_time_now () at utilities/transactions/lock/range/range_tree/lib/locktree/../portability/toku_time.h:155
155	  asm volatile("rdcycle %0" : "=r"(cycles));
#5  toku::locktree::sto_end_early (this=this@entry=0x555557af4c50, prepared_lkr=prepared_lkr@entry=0x7ffff2b19ab0) at utilities/transactions/lock/range/range_tree/lib/locktree/locktree.cc:285
285	  tokutime_t t0 = toku_time_now();
#6  0x00007fff81d6f40a in toku::locktree::release_locks (this=0x555557af4c50, txnid=txnid@entry=93825031698512, ranges=ranges@entry=0x7ffff2b19b98, all_trx_locks_hint=all_trx_locks_hint@entry=false) at utilities/transactions/lock/range/range_tree/lib/locktree/locktree.cc:731
731	        sto_end_early(&lkr);
#7  0x00007fff81d798b2 in rocksdb::RangeTreeLockManager::UnLock (this=this@entry=0x555557a7de40, txn=txn@entry=0x555557af7850, column_family_id=column_family_id@entry=1, key="k") at utilities/transactions/lock/range/range_tree/range_tree_lock_manager.cc:183
183	  locktree->release_locks((TXNID)txn, &range_buf);
#8  0x00005555579eb28c in rocksdb::AnyLockManagerTest_ReentrantSharedLock_Test::TestBody (this=0x555557a7b360) at ./utilities/transactions/lock/point/any_lock_manager_test.h:58
58	  locker_->UnLock(txn, 1, "k", env_);
#9  0x00007fff8221853e in testing::internal::HandleSehExceptionsInMethodIfSupported<testing::Test, void> (location=0x7fff8221f3d0 "the test body", object=0x555557a7b360, method=<optimized out>) at third-party/gtest-1.8.1/fused-src/gtest/gtest-all.cc:3931
3931	  return (object->*method)();
#10 testing::internal::HandleExceptionsInMethodIfSupported<testing::Test, void> (object=object@entry=0x555557a7b360, method=<optimized out>, location=location@entry=0x7fff8221f3d0 "the test body") at third-party/gtest-1.8.1/fused-src/gtest/gtest-all.cc:3967
3967	      return HandleSehExceptionsInMethodIfSupported(object, method, location);
#11 0x00007fff82210952 in testing::Test::Run (this=0x555557a7b360) at third-party/gtest-1.8.1/fused-src/gtest/gtest-all.cc:4005
4005	    internal::HandleExceptionsInMethodIfSupported(
#12 testing::Test::Run (this=0x555557a7b360) at third-party/gtest-1.8.1/fused-src/gtest/gtest-all.cc:3996
3996	void Test::Run() {
#13 0x00007fff82210a4e in testing::TestInfo::Run (this=0x555557a79540) at third-party/gtest-1.8.1/fused-src/gtest/gtest-all.cc:4181
4181	    test->Run();
#14 testing::TestInfo::Run (this=0x555557a79540) at third-party/gtest-1.8.1/fused-src/gtest/gtest-all.cc:4155
4155	void TestInfo::Run() {
#15 0x00007fff82210ae6 in testing::TestCase::Run (this=0x555557a793e0) at third-party/gtest-1.8.1/fused-src/gtest/gtest-all.cc:4299
4299	    GetMutableTestInfo(i)->Run();
#16 testing::TestCase::Run (this=0x555557a793e0) at third-party/gtest-1.8.1/fused-src/gtest/gtest-all.cc:4284
4284	void TestCase::Run() {
#17 0x00007fff82210e98 in testing::internal::UnitTestImpl::RunAllTests (this=0x555557a76d00) at third-party/gtest-1.8.1/fused-src/gtest/gtest-all.cc:6665
6665	          GetMutableTestCase(test_index)->Run();
#18 0x00007fff82218a8e in testing::internal::HandleSehExceptionsInMethodIfSupported<testing::internal::UnitTestImpl, bool> (location=0x7fff8221f5d8 "auxiliary test code (environments or event listeners)", object=0x555557a76d00, method=<optimized out>) at third-party/gtest-1.8.1/fused-src/gtest/gtest-all.cc:3931
3931	  return (object->*method)();
#19 testing::internal::HandleExceptionsInMethodIfSupported<testing::internal::UnitTestImpl, bool> (object=0x555557a76d00, method=<optimized out>, location=location@entry=0x7fff8221f5d8 "auxiliary test code (environments or event listeners)") at third-party/gtest-1.8.1/fused-src/gtest/gtest-all.cc:3967
3967	      return HandleSehExceptionsInMethodIfSupported(object, method, location);
#20 0x00007fff82210ff4 in testing::UnitTest::Run (this=0x7fff8224d720 <testing::UnitTest::GetInstance()::instance>) at third-party/gtest-1.8.1/fused-src/gtest/gtest-all.cc:6274
6274	  return internal::HandleExceptionsInMethodIfSupported(
#21 0x00005555579e8b1e in RUN_ALL_TESTS () at third-party/gtest-1.8.1/fused-src/gtest/gtest.h:22090
22090	  return ::testing::UnitTest::GetInstance()->Run();
#22 main (argc=<optimized out>, argv=0x7ffff2b1a298) at utilities/transactions/lock/range/range_locking_test.cc:433
433	  return RUN_ALL_TESTS();
[Inferior 1 (process 746856) detached]
Illegal instruction (core dumped)
Note: Google Test filter = RangeLockingTest.BasicLockEscalation
[==========] Running 1 test from 1 test case.
[----------] Global test environment set-up.
[----------] 1 test from RangeLockingTest
[ RUN      ] RangeLockingTest.BasicLockEscalation
Received signal 4 (Illegal instruction)
Invoking GDB for stack trace...
[New LWP 746221]
[New LWP 746202]
[New LWP 746201]
[Thread debugging using libthread_db enabled]
Using host libthread_db library "/lib/riscv64-linux-gnu/libthread_db.so.1".
0x00007fff9e734bda in __GI___wait4 (pid=<optimized out>, stat_loc=0x7fffe219f374, options=<optimized out>, usage=0x0) at ../sysdeps/unix/sysv/linux/wait4.c:30

warning: 30	../sysdeps/unix/sysv/linux/wait4.c: No such file or directory
#4  toku_time_now () at utilities/transactions/lock/range/range_tree/lib/locktree/../portability/toku_time.h:155
155	  asm volatile("rdcycle %0" : "=r"(cycles));
#5  toku::locktree_manager::escalate_locktrees (this=this@entry=0x55556308b760, locktrees=locktrees@entry=0x5555630b56e0, num_locktrees=num_locktrees@entry=1) at utilities/transactions/lock/range/range_tree/lib/locktree/manager.cc:401
401	  tokutime_t t0 = toku_time_now();
#6  0x00007fff9f171d62 in toku::locktree_manager::escalate_all_locktrees (this=0x55556308b760) at utilities/transactions/lock/range/range_tree/lib/locktree/manager.cc:286
286	  escalate_locktrees(locktrees, num_locktrees);
#7  0x00007fff9f170ed4 in toku::locktree_manager::locktree_escalator::run (this=this@entry=0x55556308b878, mgr=mgr@entry=0x55556308b760, escalate_locktrees_fun=escalate_locktrees_fun@entry=0x7fff9f171e20 <escalation_fn::run(void*)>, extra=extra@entry=0x55556308b760) at utilities/transactions/lock/range/range_tree/lib/locktree/manager.cc:443
443	    escalate_locktrees_fun(extra);
#8  0x00007fff9f170f62 in toku::locktree_manager::run_escalation (this=this@entry=0x55556308b760) at utilities/transactions/lock/range/range_tree/lib/locktree/manager.cc:265
265	  m_escalator.run(this, escalation_fn::run, this);
#9  0x00007fff9f170f9e in toku::locktree_manager::check_current_lock_constraints (this=0x55556308b760, big_txn=big_txn@entry=false) at utilities/transactions/lock/range/range_tree/lib/locktree/manager.cc:354
354	    run_escalation();
#10 0x00007fff9f16ecec in toku::locktree::try_acquire_lock (this=0x5555630b4200, is_write_request=is_write_request@entry=true, txnid=93825222268736, left_key=0x7fffe21a0080, right_key=0x7fffe21a00a0, conflicts=conflicts@entry=0x7fffe219ff70, big_txn=false) at utilities/transactions/lock/range/range_tree/lib/locktree/locktree.cc:538
538	  int r = m_mgr == nullptr ? 0 : m_mgr->check_current_lock_constraints(big_txn);
#11 0x00007fff9f16ed80 in toku::locktree::acquire_write_lock (this=<optimized out>, txnid=<optimized out>, left_key=<optimized out>, right_key=<optimized out>, conflicts=conflicts@entry=0x7fffe219ff70, big_txn=<optimized out>) at utilities/transactions/lock/range/range_tree/lib/locktree/locktree.cc:556
556	  return try_acquire_lock(true, txnid, left_key, right_key, conflicts, big_txn);
#12 0x00007fff9f16cb9a in toku::lock_request::start (this=this@entry=0x7fffe21a01b8) at utilities/transactions/lock/range/range_tree/lib/locktree/lock_request.cc:199
199	    r = m_lt->acquire_write_lock(m_txnid, m_left_key, m_right_key, &conflicts,
#13 0x00007fff9f178d3a in rocksdb::RangeTreeLockManager::TryLock (this=0x55556308b750, txn=0x5555630b5740, column_family_id=<optimized out>, start_endp=..., end_endp=..., exclusive=<optimized out>) at utilities/transactions/lock/range/range_tree/range_tree_lock_manager.cc:117
117	  request.start();
#14 0x00007fff9f1176bc in rocksdb::PessimisticTransactionDB::TryRangeLock (this=<optimized out>, txn=txn@entry=0x5555630b5740, cfh_id=cfh_id@entry=0, start_endp=..., end_endp=...) at utilities/transactions/pessimistic_transaction_db.cc:496
496	                                /*exclusive=*/true);
#15 0x00007fff9f10d928 in rocksdb::PessimisticTransaction::GetRangeLock (this=0x5555630b5740, column_family=<optimized out>, start_endp=..., end_endp=...) at utilities/transactions/pessimistic_transaction.cc:1264
1264	  Status s = txn_db_impl_->TryRangeLock(this, cfh_id, start_endp, end_endp);
#16 0x0000555562ffd2ee in rocksdb::RangeLockingTest_BasicLockEscalation_Test::TestBody (this=<optimized out>) at utilities/transactions/lock/range/range_locking_test.cc:275
275	    ASSERT_OK(txn->GetRangeLock(cf, Endpoint(buf_str), Endpoint(buf_str)));
#17 0x00007fff9f63153e in testing::internal::HandleSehExceptionsInMethodIfSupported<testing::Test, void> (location=0x7fff9f6383d0 "the test body", object=0x5555630882e0, method=<optimized out>) at third-party/gtest-1.8.1/fused-src/gtest/gtest-all.cc:3931
3931	  return (object->*method)();
#18 testing::internal::HandleExceptionsInMethodIfSupported<testing::Test, void> (object=object@entry=0x5555630882e0, method=<optimized out>, location=location@entry=0x7fff9f6383d0 "the test body") at third-party/gtest-1.8.1/fused-src/gtest/gtest-all.cc:3967
3967	      return HandleSehExceptionsInMethodIfSupported(object, method, location);
#19 0x00007fff9f629952 in testing::Test::Run (this=0x5555630882e0) at third-party/gtest-1.8.1/fused-src/gtest/gtest-all.cc:4005
4005	    internal::HandleExceptionsInMethodIfSupported(
#20 testing::Test::Run (this=0x5555630882e0) at third-party/gtest-1.8.1/fused-src/gtest/gtest-all.cc:3996
3996	void Test::Run() {
#21 0x00007fff9f629a4e in testing::TestInfo::Run (this=0x555563085150) at third-party/gtest-1.8.1/fused-src/gtest/gtest-all.cc:4181
4181	    test->Run();
#22 testing::TestInfo::Run (this=0x555563085150) at third-party/gtest-1.8.1/fused-src/gtest/gtest-all.cc:4155
4155	void TestInfo::Run() {
#23 0x00007fff9f629ae6 in testing::TestCase::Run (this=0x5555630848d0) at third-party/gtest-1.8.1/fused-src/gtest/gtest-all.cc:4299
4299	    GetMutableTestInfo(i)->Run();
#24 testing::TestCase::Run (this=0x5555630848d0) at third-party/gtest-1.8.1/fused-src/gtest/gtest-all.cc:4284
4284	void TestCase::Run() {
#25 0x00007fff9f629e98 in testing::internal::UnitTestImpl::RunAllTests (this=0x555563083d00) at third-party/gtest-1.8.1/fused-src/gtest/gtest-all.cc:6665
6665	          GetMutableTestCase(test_index)->Run();
#26 0x00007fff9f631a8e in testing::internal::HandleSehExceptionsInMethodIfSupported<testing::internal::UnitTestImpl, bool> (location=0x7fff9f6385d8 "auxiliary test code (environments or event listeners)", object=0x555563083d00, method=<optimized out>) at third-party/gtest-1.8.1/fused-src/gtest/gtest-all.cc:3931
3931	  return (object->*method)();
#27 testing::internal::HandleExceptionsInMethodIfSupported<testing::internal::UnitTestImpl, bool> (object=0x555563083d00, method=<optimized out>, location=location@entry=0x7fff9f6385d8 "auxiliary test code (environments or event listeners)") at third-party/gtest-1.8.1/fused-src/gtest/gtest-all.cc:3967
3967	      return HandleSehExceptionsInMethodIfSupported(object, method, location);
#28 0x00007fff9f629ff4 in testing::UnitTest::Run (this=0x7fff9f666720 <testing::UnitTest::GetInstance()::instance>) at third-party/gtest-1.8.1/fused-src/gtest/gtest-all.cc:6274
6274	  return internal::HandleExceptionsInMethodIfSupported(
#29 0x0000555562ff5b1e in RUN_ALL_TESTS () at third-party/gtest-1.8.1/fused-src/gtest/gtest.h:22090
22090	  return ::testing::UnitTest::GetInstance()->Run();
#30 main (argc=<optimized out>, argv=0x7fffe21a0c58) at utilities/transactions/lock/range/range_locking_test.cc:433
433	  return RUN_ALL_TESTS();
[Inferior 1 (process 746197) detached]
Illegal instruction (core dumped)
Note: Google Test filter = RangeLockManager/AnyLockManagerTest.Deadlock/0
[==========] Running 1 test from 1 test case.
[----------] Global test environment set-up.
[----------] 1 test from RangeLockManager/AnyLockManagerTest
[ RUN      ] RangeLockManager/AnyLockManagerTest.Deadlock/0
Received signal 4 (Illegal instruction)
Invoking GDB for stack trace...
[New LWP 746701]
[New LWP 746685]
[New LWP 746684]
[Thread debugging using libthread_db enabled]
Using host libthread_db library "/lib/riscv64-linux-gnu/libthread_db.so.1".
0x00007fff81502bda in __GI___wait4 (pid=<optimized out>, stat_loc=0x7fffd2dab014, options=<optimized out>, usage=0x0) at ../sysdeps/unix/sysv/linux/wait4.c:30

warning: 30	../sysdeps/unix/sysv/linux/wait4.c: No such file or directory
#4  toku_time_now () at utilities/transactions/lock/range/range_tree/lib/locktree/../portability/toku_time.h:155
155	  asm volatile("rdcycle %0" : "=r"(cycles));
#5  toku::locktree::sto_end_early (this=this@entry=0x555582152210, prepared_lkr=prepared_lkr@entry=0x7fffd2dabae0) at utilities/transactions/lock/range/range_tree/lib/locktree/locktree.cc:285
285	  tokutime_t t0 = toku_time_now();
#6  0x00007fff8116eb36 in toku::locktree::sto_try_acquire (this=this@entry=0x555582152210, prepared_lkr=prepared_lkr@entry=0x7fffd2dabae0, txnid=txnid@entry=93825742728224, left_key=left_key@entry=0x7fffd2dabcc0, right_key=right_key@entry=0x7fffd2dabce0, is_write_request=is_write_request@entry=true) at utilities/transactions/lock/range/range_tree/lib/locktree/locktree.cc:350
350	      sto_end_early(prepared_lkr);
#7  0x00007fff8116ec52 in toku::locktree::acquire_lock (this=0x555582152210, is_write_request=is_write_request@entry=true, txnid=93825742728224, left_key=0x7fffd2dabcc0, right_key=0x7fffd2dabce0, conflicts=conflicts@entry=0x7fffd2dabbb0) at utilities/transactions/lock/range/range_tree/lib/locktree/locktree.cc:521
521	  bool acquired =
#8  0x00007fff8116ed14 in toku::locktree::try_acquire_lock (this=<optimized out>, is_write_request=is_write_request@entry=true, txnid=<optimized out>, left_key=<optimized out>, right_key=<optimized out>, conflicts=conflicts@entry=0x7fffd2dabbb0, big_txn=<optimized out>) at utilities/transactions/lock/range/range_tree/lib/locktree/locktree.cc:540
540	    r = acquire_lock(is_write_request, txnid, left_key, right_key, conflicts);
#9  0x00007fff8116ed80 in toku::locktree::acquire_write_lock (this=<optimized out>, txnid=<optimized out>, left_key=<optimized out>, right_key=<optimized out>, conflicts=conflicts@entry=0x7fffd2dabbb0, big_txn=<optimized out>) at utilities/transactions/lock/range/range_tree/lib/locktree/locktree.cc:556
556	  return try_acquire_lock(true, txnid, left_key, right_key, conflicts, big_txn);
#10 0x00007fff8116cb9a in toku::lock_request::start (this=this@entry=0x7fffd2dabdf8) at utilities/transactions/lock/range/range_tree/lib/locktree/lock_request.cc:199
199	    r = m_lt->acquire_write_lock(m_txnid, m_left_key, m_right_key, &conflicts,
#11 0x00007fff81178d3a in rocksdb::RangeTreeLockManager::TryLock (this=0x5555820dad10, txn=0x55558210ec20, column_family_id=<optimized out>, start_endp=..., end_endp=..., exclusive=<optimized out>) at utilities/transactions/lock/range/range_tree/range_tree_lock_manager.cc:117
117	  request.start();
#12 0x00007fff8111baba in rocksdb::RangeLockManagerBase::TryLock (this=this@entry=0x5555820dad10, txn=txn@entry=0x55558210ec20, column_family_id=column_family_id@entry=1, key="k2", env=<optimized out>, exclusive=exclusive@entry=true) at ./utilities/transactions/lock/range/range_lock_manager.h:30
30	    return TryLock(txn, column_family_id, endp, endp, env, exclusive);
#13 0x000055558204dc8e in rocksdb::AnyLockManagerTest_Deadlock_Test::TestBody (this=0x5555820d82f0) at ./utilities/transactions/lock/point/any_lock_manager_test.h:160
160	  ASSERT_OK(locker_->TryLock(txn2, 1, "k2", env_, true));
#14 0x00007fff816ba53e in testing::internal::HandleSehExceptionsInMethodIfSupported<testing::Test, void> (location=0x7fff816c13d0 "the test body", object=0x5555820d82f0, method=<optimized out>) at third-party/gtest-1.8.1/fused-src/gtest/gtest-all.cc:3931
3931	  return (object->*method)();
#15 testing::internal::HandleExceptionsInMethodIfSupported<testing::Test, void> (object=object@entry=0x5555820d82f0, method=<optimized out>, location=location@entry=0x7fff816c13d0 "the test body") at third-party/gtest-1.8.1/fused-src/gtest/gtest-all.cc:3967
3967	      return HandleSehExceptionsInMethodIfSupported(object, method, location);
#16 0x00007fff816b2952 in testing::Test::Run (this=0x5555820d82f0) at third-party/gtest-1.8.1/fused-src/gtest/gtest-all.cc:4005
4005	    internal::HandleExceptionsInMethodIfSupported(
#17 testing::Test::Run (this=0x5555820d82f0) at third-party/gtest-1.8.1/fused-src/gtest/gtest-all.cc:3996
3996	void Test::Run() {
#18 0x00007fff816b2a4e in testing::TestInfo::Run (this=0x5555820d6ef0) at third-party/gtest-1.8.1/fused-src/gtest/gtest-all.cc:4181
4181	    test->Run();
#19 testing::TestInfo::Run (this=0x5555820d6ef0) at third-party/gtest-1.8.1/fused-src/gtest/gtest-all.cc:4155
4155	void TestInfo::Run() {
#20 0x00007fff816b2ae6 in testing::TestCase::Run (this=0x5555820d6370) at third-party/gtest-1.8.1/fused-src/gtest/gtest-all.cc:4299
4299	    GetMutableTestInfo(i)->Run();
#21 testing::TestCase::Run (this=0x5555820d6370) at third-party/gtest-1.8.1/fused-src/gtest/gtest-all.cc:4284
4284	void TestCase::Run() {
#22 0x00007fff816b2e98 in testing::internal::UnitTestImpl::RunAllTests (this=0x5555820d3d00) at third-party/gtest-1.8.1/fused-src/gtest/gtest-all.cc:6665
6665	          GetMutableTestCase(test_index)->Run();
#23 0x00007fff816baa8e in testing::internal::HandleSehExceptionsInMethodIfSupported<testing::internal::UnitTestImpl, bool> (location=0x7fff816c15d8 "auxiliary test code (environments or event listeners)", object=0x5555820d3d00, method=<optimized out>) at third-party/gtest-1.8.1/fused-src/gtest/gtest-all.cc:3931
3931	  return (object->*method)();
#24 testing::internal::HandleExceptionsInMethodIfSupported<testing::internal::UnitTestImpl, bool> (object=0x5555820d3d00, method=<optimized out>, location=location@entry=0x7fff816c15d8 "auxiliary test code (environments or event listeners)") at third-party/gtest-1.8.1/fused-src/gtest/gtest-all.cc:3967
3967	      return HandleSehExceptionsInMethodIfSupported(object, method, location);
#25 0x00007fff816b2ff4 in testing::UnitTest::Run (this=0x7fff816ef720 <testing::UnitTest::GetInstance()::instance>) at third-party/gtest-1.8.1/fused-src/gtest/gtest-all.cc:6274
6274	  return internal::HandleExceptionsInMethodIfSupported(
#26 0x0000555582045b1e in RUN_ALL_TESTS () at third-party/gtest-1.8.1/fused-src/gtest/gtest.h:22090
22090	  return ::testing::UnitTest::GetInstance()->Run();
#27 main (argc=<optimized out>, argv=0x7fffd2dac6e8) at utilities/transactions/lock/range/range_locking_test.cc:433
433	  return RUN_ALL_TESTS();
[Inferior 1 (process 746681) detached]
Illegal instruction (core dumped)
ETA: 264s Left: 8163 AVG: 0.03s  local:32/30772/100%/0.0s 
ETA: 155s Left: 4887 AVG: 0.03s  local:32/34048/100%/0.0s 
ETA: 0s Left: 10 AVG: 0.03s  local:10/38925/100%/0.0s 
ETA: 0s Left: 0 AVG: 0.03s  local:0/38935/100%/0.0s 
Seq	Host	Starttime	JobRuntime	Send	Receive	Exitval	Signal	Command
25973	:	1789287985.748	     3.631	0	0	134	0	t/run-options_settable_test-OptionsSettableTest.ColumnFamilyOptionsAllFieldsSettable >& t/log-run-options_settable_test-OptionsSettableTest.ColumnFamilyOptionsAllFieldsSettable || bash -c "cat t/log-run-options_settable_test-OptionsSettableTest.ColumnFamilyOptionsAllFieldsSettable; exit $?"
26481	:	1789288004.905	     6.884	0	0	132	0	t/run-range_locking_test-RangeLockManager-AnyLockManagerTest.ReentrantExclusiveLock-0 >& t/log-run-range_locking_test-RangeLockManager-AnyLockManagerTest.ReentrantExclusiveLock-0 || bash -c "cat t/log-run-range_locking_test-RangeLockManager-AnyLockManagerTest.ReentrantExclusiveLock-0; exit $?"
26471	:	1789288002.435	    10.115	0	0	132	0	t/run-range_locking_test-RangeLockingTest.LockWaiteeAccess >& t/log-run-range_locking_test-RangeLockingTest.LockWaiteeAccess || bash -c "cat t/log-run-range_locking_test-RangeLockingTest.LockWaiteeAccess; exit $?"
26477	:	1789288004.712	     7.872	0	0	132	0	t/run-range_locking_test-RangeLockManager-AnyLockManagerTest.GetWaitingTxns_MultipleTxns-0 >& t/log-run-range_locking_test-RangeLockManager-AnyLockManagerTest.GetWaitingTxns_MultipleTxns-0 || bash -c "cat t/log-run-range_locking_test-RangeLockManager-AnyLockManagerTest.GetWaitingTxns_MultipleTxns-0; exit $?"
26478	:	1789288004.766	     7.879	0	0	132	0	t/run-range_locking_test-RangeLockManager-AnyLockManagerTest.LockConflict-0 >& t/log-run-range_locking_test-RangeLockManager-AnyLockManagerTest.LockConflict-0 || bash -c "cat t/log-run-range_locking_test-RangeLockManager-AnyLockManagerTest.LockConflict-0; exit $?"
26483	:	1789288005.001	     7.731	0	0	132	0	t/run-range_locking_test-RangeLockManager-AnyLockManagerTest.SharedLocks-0 >& t/log-run-range_locking_test-RangeLockManager-AnyLockManagerTest.SharedLocks-0 || bash -c "cat t/log-run-range_locking_test-RangeLockManager-AnyLockManagerTest.SharedLocks-0; exit $?"
26475	:	1789288004.203	     8.555	0	0	132	0	t/run-range_locking_test-RangeLockingTest.UpgradeLockAndGetConflict >& t/log-run-range_locking_test-RangeLockingTest.UpgradeLockAndGetConflict || bash -c "cat t/log-run-range_locking_test-RangeLockingTest.UpgradeLockAndGetConflict; exit $?"
26472	:	1789288002.469	    11.135	0	0	132	0	t/run-range_locking_test-RangeLockingTest.MultipleTrxLockStatusData >& t/log-run-range_locking_test-RangeLockingTest.MultipleTrxLockStatusData || bash -c "cat t/log-run-range_locking_test-RangeLockingTest.MultipleTrxLockStatusData; exit $?"
26468	:	1789288002.311	    12.350	0	0	132	0	t/run-range_locking_test-RangeLockingTest.BasicRangeLocking >& t/log-run-range_locking_test-RangeLockingTest.BasicRangeLocking || bash -c "cat t/log-run-range_locking_test-RangeLockingTest.BasicRangeLocking; exit $?"
26469	:	1789288002.360	    13.353	0	0	132	0	t/run-range_locking_test-RangeLockingTest.LockEscalationBarrier >& t/log-run-range_locking_test-RangeLockingTest.LockEscalationBarrier || bash -c "cat t/log-run-range_locking_test-RangeLockingTest.LockEscalationBarrier; exit $?"
26474	:	1789288002.653	    14.112	0	0	132	0	t/run-range_locking_test-RangeLockingTest.SnapshotValidation >& t/log-run-range_locking_test-RangeLockingTest.SnapshotValidation || bash -c "cat t/log-run-range_locking_test-RangeLockingTest.SnapshotValidation; exit $?"
26479	:	1789288004.826	    12.986	0	0	132	0	t/run-range_locking_test-RangeLockManager-AnyLockManagerTest.LockDowngrade-0 >& t/log-run-range_locking_test-RangeLockManager-AnyLockManagerTest.LockDowngrade-0 || bash -c "cat t/log-run-range_locking_test-RangeLockManager-AnyLockManagerTest.LockDowngrade-0; exit $?"
26470	:	1789288002.403	    16.448	0	0	132	0	t/run-range_locking_test-RangeLockingTest.LockWaitCount >& t/log-run-range_locking_test-RangeLockingTest.LockWaitCount || bash -c "cat t/log-run-range_locking_test-RangeLockingTest.LockWaitCount; exit $?"
26480	:	1789288004.868	    15.055	0	0	132	0	t/run-range_locking_test-RangeLockManager-AnyLockManagerTest.LockUpgrade-0 >& t/log-run-range_locking_test-RangeLockManager-AnyLockManagerTest.LockUpgrade-0 || bash -c "cat t/log-run-range_locking_test-RangeLockManager-AnyLockManagerTest.LockUpgrade-0; exit $?"
26482	:	1789288004.960	    16.022	0	0	132	0	t/run-range_locking_test-RangeLockManager-AnyLockManagerTest.ReentrantSharedLock-0 >& t/log-run-range_locking_test-RangeLockManager-AnyLockManagerTest.ReentrantSharedLock-0 || bash -c "cat t/log-run-range_locking_test-RangeLockManager-AnyLockManagerTest.ReentrantSharedLock-0; exit $?"
26467	:	1789288002.268	    19.743	0	0	132	0	t/run-range_locking_test-RangeLockingTest.BasicLockEscalation >& t/log-run-range_locking_test-RangeLockingTest.BasicLockEscalation || bash -c "cat t/log-run-range_locking_test-RangeLockingTest.BasicLockEscalation; exit $?"
26476	:	1789288004.638	    18.444	0	0	132	0	t/run-range_locking_test-RangeLockManager-AnyLockManagerTest.Deadlock-0 >& t/log-run-range_locking_test-RangeLockManager-AnyLockManagerTest.Deadlock-0 || bash -c "cat t/log-run-range_locking_test-RangeLockManager-AnyLockManagerTest.Deadlock-0; exit $?"
make[1]: *** [Makefile:958: check_0] Error 1
make[1]: Leaving directory '/home/rvspoc/rvspoc-verify/src/rvspoc-S2605-rocksdb-pr4'
make: *** [Makefile:1020: check] Error 2
