Cleanup: may take some time... OK
Starting test server at port 21079
[ready]: 570344
Testing unit/acl-v2
[ready]: 570345
Testing unit/acl
[ready]: 570346
Testing unit/aofrw
[ready]: 570347
Testing unit/auth
[ok]: AUTH fails if there is no password configured server side (0 ms)
[ok]: Arity check for auth command (0 ms)
[ok]: Connections start with the default user (1 ms)
[ok]: It is possible to create new users (0 ms)
[ok]: Coverage: ACL USERS (0 ms)
[ok]: Usernames can not contain spaces or null characters (0 ms)
[ok]: New users start disabled (0 ms)
[ok]: Test basic multiple selectors (2 ms)
[ok]: Enabling the user allows the login (1 ms)
[ok]: Only the set of correct passwords work (1 ms)
[ok]: Test ACL selectors by default have no permissions (1 ms)
[ok]: It is possible to remove passwords from the set of valid ones (0 ms)
[ok]: Test password hashes can be added (0 ms)
[ok]: Test deleting selectors (0 ms)
[ok]: Test password hashes validate input (1 ms)
[ok]: ACL GETUSER returns the password hash instead of the actual password (0 ms)
[ok]: Test selector syntax error reports the error in the selector context (0 ms)
[ok]: Test hashed passwords removal (1 ms)
[ok]: By default users are not able to access any command (0 ms)
[ok]: By default users are not able to access any key (0 ms)
[ok]: Test flexible selector definition (1 ms)
[ok]: It's possible to allow the access of a subset of keys (1 ms)
[ok]: Test separate read permission (1 ms)
[ok]: By default, only default user is able to publish to any channel (0 ms)
[ok]: By default, only default user is not able to publish to any shard channel (1 ms)
[ok]: Test separate write permission (1 ms)
[ok]: Test separate read and write permissions (1 ms)
[ok]: Validate read and write permissions format - empty permission (0 ms)
[ok]: Validate read and write permissions format - empty selector (1 ms)
[ok]: By default, only default user is able to subscribe to any channel (2 ms)
[ok]: Validate read and write permissions format - empty pattern (0 ms)
[ok]: Validate read and write permissions format - no pattern (0 ms)
[ok]: By default, only default user is able to subscribe to any shard channel (1 ms)
[ok]: Test separate read and write permissions on different selectors are not additive (1 ms)
[ok]: By default, only default user is able to subscribe to any pattern (1 ms)
[ok]: It's possible to allow publishing to a subset of channels (1 ms)
[ok]: Test SET with separate read permission (1 ms)
[ok]: It's possible to allow publishing to a subset of shard channels (0 ms)
[ok]: Validate subset of channels is prefixed with resetchannels flag (1 ms)
[ok]: Test SET with separate write permission (2 ms)
[ok]: In transaction queue publish/subscribe/psubscribe to unauthorized channel will fail (1 ms)
[ok]: Test SET with read and write permissions (1 ms)
[ok]: It's possible to allow subscribing to a subset of channels (1 ms)
[ok]: Test BITFIELD with separate read permission (2 ms)
[ok]: It's possible to allow subscribing to a subset of shard channels (1 ms)
[ok]: Test BITFIELD with separate write permission (1 ms)
[ok]: It's possible to allow subscribing to a subset of channel patterns (1 ms)
[ok]: Test BITFIELD with read and write permissions (1 ms)
[ok]: Subscribers are killed when revoked of channel permission (2 ms)
[ok]: Test ACL log correctly identifies the relevant item when selectors are used (2 ms)
[ok]: Subscribers are killed when revoked of channel permission (1 ms)
[ok]: Test ACL GETUSER response information (1 ms)
[ok]: Test ACL list idempotency (1 ms)
[ok]: Subscribers are killed when revoked of channel permission (1 ms)
[ok]: Test R+W is the same as all permissions (0 ms)
[ok]: Test basic dry run functionality (1 ms)
[ok]: Subscribers are killed when revoked of pattern permission (1 ms)
[ok]: Test various commands for command permissions (0 ms)
[ok]: Subscribers are killed when revoked of allchannels permission (1 ms)
[ok]: Subscribers are pardoned if literal permissions are retained and/or gaining allchannels (1 ms)
[ok]: Test various odd commands for key permissions (3 ms)
[ok]: Existence test commands are not marked as access (1 ms)
[ok]: blocked command gets rejected when reprocessed after permission change (3 ms)
[ok]: Users can be configured to authenticate with any password (0 ms)
[ok]: Intersection cardinaltiy commands are access commands (1 ms)
[ok]: ACLs can exclude single commands (0 ms)
[ok]: ACLs can include or exclude whole classes of commands (0 ms)
[ok]: Test general keyspace commands require some type of permission to execute (2 ms)
[ok]: ACLs can include single subcommands (1 ms)
[ok]: ACLs can exclude single subcommands, case 1 (0 ms)
[ok]: ACLs can exclude single subcommands, case 2 (1 ms)
[ok]: ACLs cannot include a subcommand with a specific arg (0 ms)
[ok]: Cardinality commands require some type of permission to execute (2 ms)
[ok]: ACLs cannot exclude or include a container commands with a specific arg (1 ms)
[ok]: ACLs cannot exclude or include a container command with two args (0 ms)
[ok]: Test sharded channel permissions (1 ms)
[ok]: ACLs including of a type includes also subcommands (0 ms)
[ok]: ACLs can block SELECT of all but a specific DB (1 ms)
[ok]: Test sort with ACL permissions (2 ms)
[ok]: ACLs can block all DEBUG subcommands except one (1 ms)
[ok]: Test DRYRUN with wrong number of arguments (0 ms)
[ok]: ACLs set can include subcommands, if already full command exists (2 ms)
[ok]: ACLs set can exclude subcommands, if already full command exists (3 ms)
[ok]: ACL SETUSER RESET reverting to default newly created user (1 ms)
[ok]: ACL GETUSER is able to translate back command permissions (1 ms)
[ok]: ACL GETUSER provides reasonable results (15 ms)
[ok]: ACL GETUSER provides correct results (5 ms)
[ok]: ACL CAT with illegal arguments (1 ms)
[ok]: ACL CAT without category - list all categories (0 ms)
[ok]: ACL CAT category - list all commands/subcommands that belong to category (1 ms)
[ok]: ACL requires explicit permission for scripting for EVAL_RO, EVALSHA_RO and FCALL_RO (0 ms)
[ok]: ACL #5998 regression: memory leaks adding / removing subcommands (1 ms)
[ok]: ACL LOG aggregates similar errors together and assigns unique entry-id to new errors (5 ms)
[ok]: ACL LOG shows failed command executions at toplevel (1 ms)
[ok]: ACL LOG shows failed subcommand executions at toplevel (1 ms)
[ok]: ACL LOG is able to test similar events (1 ms)
[ok]: ACL LOG is able to log keys access violations and key name (1 ms)
[ok]: ACL LOG is able to log channel access violations and channel name (1 ms)
[ok]: ACL LOG RESET is able to flush the entries in the log (1 ms)
[ok]: ACL LOG can distinguish the transaction context (1) (1 ms)
[ok]: ACL LOG can distinguish the transaction context (2) (2 ms)
[ok]: ACL can log errors in the context of Lua scripting (1 ms)
[ok]: ACL LOG can accept a numerical argument to show less entries (2 ms)
[ok]: ACL LOG can log failed auth attempts (1 ms)
[ok]: ACLLOG - zero max length is correctly handled (1 ms)
[ok]: ACL LOG entries are limited to a maximum amount (2 ms)
[ok]: ACL LOG entries are still present on update of max len config (1 ms)
[ok]: When default user is off, new connections are not authenticated (1 ms)
[ok]: When default user has no command permission, hello command still works for other users (1 ms)
[ok]: When an authentication chain is used in the HELLO cmd, the last auth cmd has precedence (1 ms)
[ok]: When a setname chain is used in the HELLO cmd, the last setname cmd has precedence (1 ms)
[ok]: When authentication fails in the HELLO cmd, the client setname should not be applied (0 ms)
[ok]: ACL HELP should not have unexpected options (0 ms)
[ok]: Delete a user that the client doesn't use (0 ms)
[ok]: Delete a user that the client is using (1 ms)
[ok]: ACL GENPASS command failed test (1 ms)
[ok]: Default user can not be removed (0 ms)
[ok]: ACL load non-existing configured ACL file (0 ms)
[ok]: ACL-Metrics user AUTH failure (5 ms)
[ok]: ACL-Metrics invalid command accesses (2 ms)
[ok]: ACL-Metrics invalid key accesses (2 ms)
[ok]: ACL-Metrics invalid channels accesses (3 ms)
[ok]: AUTH fails when a wrong password is given (1 ms)
[ok]: Arbitrary command gives an error when AUTH is required (0 ms)
[ok]: AUTH succeeds when the right password is given (0 ms)
[ok]: Once AUTH succeeded we can actually send commands to the server (0 ms)
[ok]: For unauthenticated clients multibulk and bulk length are limited (1 ms)
[ok]: Test behavior of loading ACLs (1 ms)
[ok]: default: load from include file, can access any channels (1 ms)
[ok]: default: with config acl-pubsub-default allchannels after reset, can access any channels (0 ms)
[ok]: default: with config acl-pubsub-default resetchannels after reset, can not access any channels (0 ms)
[ok]: Alice: can execute all command (0 ms)
[ok]: Bob: just execute @set and acl command (1 ms)
[ok]: ACL LOAD only disconnects affected clients (2 ms)
[ok]: ACL LOAD disconnects affected subscriber (1 ms)
[1/149 done]: unit/acl-v2 (0 seconds)
Testing unit/bitfield
[ok]: ACL LOAD disconnects clients of deleted users (2 ms)
[ok]: ACL load and save (4 ms)
[ok]: ACL load and save with restricted channels (3 ms)
[ok]: For unauthenticated clients output buffer is limited (166 ms)
[ok]: BITFIELD signed SET and GET basics (1 ms)
[ok]: BITFIELD unsigned SET and GET basics (0 ms)
[ok]: BITFIELD signed SET and GET together (1 ms)
[ok]: BITFIELD unsigned with SET, GET and INCRBY arguments (0 ms)
[ok]: BITFIELD with only key as argument (0 ms)
[ok]: BITFIELD #<idx> form (0 ms)
[ok]: BITFIELD basic INCRBY form (1 ms)
[ok]: BITFIELD chaining of multiple commands (0 ms)
[ok]: BITFIELD unsigned overflow wrap (1 ms)
[ok]: BITFIELD unsigned overflow sat (1 ms)
[ok]: BITFIELD signed overflow wrap (1 ms)
[ok]: BITFIELD signed overflow sat (0 ms)
[ok]: AUTH fails when binary password is wrong (0 ms)
[ok]: AUTH succeeds when binary password is correct (0 ms)
[ok]: First server should have role slave after SLAVEOF (103 ms)
[ok]: ACL load on replica when connected to replica (1 ms)
[ok]: BITFIELD overflow detection fuzzing (324 ms)
[ok]: Default user has access to all channels irrespective of flag (0 ms)
[ok]: Update acl-pubsub-default, existing users shouldn't get affected (1 ms)
[ok]: Single channel is valid (0 ms)
[ok]: Single channel is not valid with allchannels (0 ms)
[ok]: Only default user has access to all channels irrespective of flag (0 ms)
[ok]: BITFIELD overflow wrap fuzzing (430 ms)
[ok]: BITFIELD regression for #3221 (0 ms)
[ok]: BITFIELD regression for #3564 (3 ms)
[ok]: BITFIELD_RO with only key as argument (0 ms)
[ok]: BITFIELD_RO fails when write option is used (0 ms)
[ok]: default: load from config file, without channel permission default user can't access any channels (0 ms)
[ok]: default: load from config file with all channels permissions (1 ms)
[ok]: MASTERAUTH test with binary password rdbchannel=yes (912 ms)
[ok]: BITFIELD: setup slave (101 ms)
[ok]: BITFIELD: write on master, read on slave (2 ms)
[ok]: BITFIELD_RO with only key as argument on read-only replica (0 ms)
[ok]: BITFIELD_RO fails when write option is used on read-only replica (0 ms)
[2/149 done]: unit/bitfield (2 seconds)
Testing unit/bitops
[ok]: Test loading an ACL file with duplicate users (5 ms)
[ok]: Test loading an ACL file with duplicate default user (5 ms)
[ok]: Test loading duplicate users in config on startup (10 ms)
[ok]: Test loading an ACL file with comments (5 ms)
[ok]: BITCOUNT against wrong type (1 ms)
[ok]: BITCOUNT returns 0 against non existing key (0 ms)
[ok]: BITCOUNT returns 0 with out of range indexes (0 ms)
[ok]: BITCOUNT returns 0 with negative indexes where start > end (0 ms)
[ok]: BITCOUNT against test vector #1 (1 ms)
[ok]: BITCOUNT against test vector #2 (0 ms)
[ok]: BITCOUNT against test vector #3 (1 ms)
[ok]: BITCOUNT against test vector #4 (0 ms)
[ok]: BITCOUNT against test vector #5 (0 ms)
[ok]: BITCOUNT fuzzing without start/end (257 ms)
[ok]: ACL from config file and config rewrite (215 ms)
[3/149 done]: unit/acl (2 seconds)
Testing unit/client-eviction
[ok]: client evicted due to large argv (49 ms)
[ok]: client evicted due to large query buf (34 ms)
[ok]: client evicted due to percentage of maxmemory (11 ms)
[ok]: MASTERAUTH test with binary password rdbchannel=no (1011 ms)
[ok]: BITCOUNT fuzzing with start/end (427 ms)
[ok]: BITCOUNT with start, end (2 ms)
[ok]: BITCOUNT with illegal arguments (1 ms)
[ok]: BITCOUNT against non-integer value (1 ms)
[ok]: BITCOUNT regression test for github issue #582 (1 ms)
[ok]: BITCOUNT misaligned prefix (0 ms)
[ok]: BITCOUNT misaligned prefix + full words + remainder (1 ms)
[ok]: client evicted due to large multi buf (50 ms)
[ok]: BITCOUNT handles large aligned and unaligned ranges (42 ms)
[ok]: BITCOUNT handles the RVV u16 reduction boundary (44 ms)
[4/149 done]: unit/auth (3 seconds)
Testing unit/dump
[ok]: BITPOS handles large full-byte runs (132 ms)
[ok]: DUMP / RESTORE are able to serialize / unserialize a simple key (1 ms)
[ok]: RESTORE can set an arbitrary expire to the materialized key (1 ms)
[ok]: RESTORE can set an expire that overflows a 32 bit integer (1 ms)
[ok]: RESTORE can set an absolute expire (0 ms)
[ok]: RESTORE with ABSTTL in the past (1 ms)
[ok]: RESTORE can set LRU (1 ms)
[ok]: client evicted due to watched key list (266 ms)
[ok]: RESTORE with TTL maintain valid object (29 ms)
[ok]: RESTORE can set LFU (25 ms)
[ok]: RESTORE returns an error of the key already exists (0 ms)
[ok]: RESTORE can overwrite an existing key with REPLACE (1 ms)
[ok]: RESTORE can detect a syntax error for unrecognized options (1 ms)
[ok]: BITOP vector-sized common prefixes preserve all operations (140 ms)
[ok]: BITOP NOT (empty string) (0 ms)
[ok]: BITOP NOT (known string) (1 ms)
[ok]: BITOP NOT with multiple source keys (0 ms)
[ok]: BITOP where dest and target are the same key (1 ms)
[ok]: BITOP AND|OR|XOR|ONE don't change the string with single input key (1 ms)
[ok]: BITOP DIFF|DIFF1|ANDOR with one source key (0 ms)
[ok]: BITOP missing key is considered a stream of zero (2 ms)
[ok]: RESTORE should not store key that are already expired, with REPLACE will propagate it as DEL or UNLINK (29 ms)
[ok]: BITOP shorter keys are zero-padded to the key with max length (2 ms)
[ok]: RESTORE fail with invalid payload size (1 ms)
[ok]: DUMP of non existing key returns nil (0 ms)
[ok]: BITOP and fuzzing (180 ms)
[ok]: MIGRATE is caching connections (231 ms)
[ok]: BITOP or fuzzing (263 ms)
[ok]: BITOP xor fuzzing (208 ms)
[ok]: BITOP diff fuzzing (298 ms)
[ok]: BITOP diff1 fuzzing (287 ms)
[ok]: client evicted due to pubsub subscriptions (1380 ms)
[ok]: client evicted due to tracking redirection (37 ms)
[ok]: BITOP andor fuzzing (354 ms)
[ok]: BITOP one fuzzing (882 ms)
[ok]: BITOP NOT fuzzing (33 ms)
[ok]: client evicted due to client tracking prefixes (1771 ms)
[ok]: BITOP and with large values (AVX-512 path) (2792 ms)
[ok]: BITOP or with large values (AVX-512 path) (2778 ms)
[ok]: AOF rewrite during write load: RDB preamble=yes (11182 ms)
[ok]: BITOP xor with large values (AVX-512 path) (2761 ms)
[ok]: BITOP diff with large values (AVX-512 path) (2724 ms)
[ok]: MIGRATE cached connections are released after some time (15001 ms)
[ok]: MIGRATE is able to migrate a key between two instances (231 ms)
[ok]: MIGRATE is able to copy a key between two instances (232 ms)
[ok]: MIGRATE will not overwrite existing keys, unless REPLACE is used (230 ms)
[ok]: MIGRATE propagates TTL correctly (230 ms)
[ok]: BITOP diff1 with large values (AVX-512 path) (2778 ms)
[ok]: BITOP andor with large values (AVX-512 path) (2793 ms)
[ok]: MIGRATE can correctly transfer large values (8953 ms)
[ok]: MIGRATE can correctly transfer hashes (230 ms)
[ok]: BITOP one with large values (AVX-512 path) (6632 ms)
[ok]: BITOP with integer encoded source objects (1 ms)
[ok]: BITOP with non string source key (1 ms)
[ok]: BITOP with empty string after non empty string (issue #529) (1 ms)
[ok]: BITPOS against wrong type (1 ms)
[ok]: BITPOS will illegal arguments (0 ms)
[ok]: BITPOS against non-integer value (1 ms)
[ok]: BITPOS bit=0 with empty key returns 0 (0 ms)
[ok]: BITPOS bit=1 with empty key returns -1 (1 ms)
[ok]: BITPOS bit=0 with string less than 1 word works (0 ms)
[ok]: BITPOS bit=1 with string less than 1 word works (1 ms)
[ok]: BITPOS bit=0 starting at unaligned address (0 ms)
[ok]: BITPOS bit=1 starting at unaligned address (1 ms)
[ok]: BITPOS bit=0 unaligned+full word+reminder (3 ms)
[ok]: BITPOS bit=1 unaligned+full word+reminder (2 ms)
[ok]: BITPOS bit=1 returns -1 if string is all 0 bits (6 ms)
[ok]: BITPOS bit=0 works with intervals (2 ms)
[ok]: BITPOS bit=1 works with intervals (1 ms)
[ok]: BITPOS bit=0 changes behavior if end is given (1 ms)
[ok]: SETBIT/BITFIELD only increase dirty when the value changed (4 ms)
[ok]: MIGRATE timeout actually works (651 ms)
[ok]: BITPOS bit=1 fuzzy testing using SETBIT (305 ms)
[ok]: MIGRATE can migrate multiple keys at once (232 ms)
[ok]: MIGRATE with multiple keys must have empty key arg (1 ms)
[ok]: BITPOS bit=0 fuzzy testing using SETBIT (310 ms)
[ok]: MIGRATE with multiple keys migrate just existing ones (231 ms)
[ok]: MIGRATE with multiple keys: stress command rewriting (233 ms)
[ok]: BITPOS/BITCOUNT fuzzy testing using SETBIT (320 ms)
[5/149 done]: unit/bitops (28 seconds)
Testing unit/expire
[ok]: MIGRATE with multiple keys: delete just ack keys (231 ms)
[ok]: EXPIRE - set timeouts multiple times (1 ms)
[ok]: EXPIRE - It should be still possible to read 'x' (0 ms)
[ok]: MIGRATE AUTH: correct and wrong password cases (231 ms)
[6/149 done]: unit/dump (27 seconds)
Testing unit/functions
[ok]: FUNCTION - Basic usage (1 ms)
[ok]: FUNCTION - Load with unknown argument (0 ms)
[ok]: FUNCTION - Create an already exiting library raise error (1 ms)
[ok]: FUNCTION - Create an already exiting library raise error (case insensitive) (0 ms)
[ok]: FUNCTION - Create a library with wrong name format (0 ms)
[ok]: FUNCTION - Create library with unexisting engine (0 ms)
[ok]: FUNCTION - Test uncompiled script (0 ms)
[ok]: FUNCTION - test replace argument (0 ms)
[ok]: FUNCTION - test function case insensitive (1 ms)
[ok]: FUNCTION - test replace argument with failure keeps old libraries (0 ms)
[ok]: FUNCTION - test function delete (0 ms)
[ok]: FUNCTION - test fcall bad arguments (1 ms)
[ok]: FUNCTION - test fcall bad number of keys arguments (0 ms)
[ok]: FUNCTION - test fcall negative number of keys (0 ms)
[ok]: FUNCTION - test delete on not exiting library (1 ms)
[ok]: FUNCTION - test function kill when function is not running (0 ms)
[ok]: FUNCTION - test wrong subcommand (0 ms)
[ok]: FUNCTION - test loading from rdb (6 ms)
[ok]: FUNCTION - test debug reload different options (4 ms)
[ok]: FUNCTION - test debug reload with nosave and noflush (5 ms)
[ok]: FUNCTION - test flushall and flushdb do not clean functions (2 ms)
[ok]: FUNCTION - test function dump and restore (2 ms)
[ok]: FUNCTION - test function dump and restore with flush argument (1 ms)
[ok]: FUNCTION - test function dump and restore with append argument (2 ms)
[ok]: FUNCTION - test function dump and restore with replace argument (3 ms)
[ok]: FUNCTION - test function restore with bad payload do not drop existing functions (2 ms)
[ok]: FUNCTION - test function restore with wrong number of arguments (0 ms)
[ok]: FUNCTION - test fcall_ro with write command (1 ms)
[ok]: FUNCTION - test fcall_ro with read only commands (0 ms)
[ok]: FUNCTION - test keys and argv (1 ms)
[ok]: FUNCTION - test command get keys on fcall (0 ms)
[ok]: FUNCTION - test command get keys on fcall_ro (0 ms)
[ok]: FUNCTION - test function kill (404 ms)
[ok]: FUNCTION - test script kill not working on function (403 ms)
[ok]: AOF rewrite during write load: RDB preamble=no (19867 ms)
[ok]: Turning off AOF kills the background writing child if any (111 ms)
[ok]: FUNCTION - test function kill not working on eval (404 ms)
[ok]: FUNCTION - test function flush (4 ms)
[ok]: AOF rewrite of list with listpack encoding, string data (108 ms)
[ok]: FUNCTION - async function flush rebuilds Lua VM without causing race condition between main and lazyfree thread (137 ms)
[ok]: FUNCTION - test function wrong argument (1 ms)
[ok]: AOF rewrite of list with quicklist encoding, string data (219 ms)
[ok]: AOF rewrite of list with listpack encoding, int data (106 ms)
[ok]: EXPIRE - After 2.1 seconds the key should no longer be here (2101 ms)
[ok]: EXPIRE - write on expire should work (1 ms)
[ok]: EXPIREAT - Check for EXPIRE alike behavior (1 ms)
[ok]: SETEX - Set + Expire combo operation. Check for TTL (0 ms)
[ok]: SETEX - Check value (0 ms)
[ok]: SETEX - Overwrite old key (0 ms)
[ok]: Connect a replica to the master instance (103 ms)
[ok]: FUNCTION - creation is replicated to replica (1 ms)
[ok]: FUNCTION - call on replica (0 ms)
[ok]: FUNCTION - restore is replicated to replica (2 ms)
[ok]: FUNCTION - delete is replicated to replica (0 ms)
[ok]: FUNCTION - flush is replicated to replica (3 ms)
[ok]: AOF rewrite of list with quicklist encoding, int data (207 ms)
[ok]: Disconnecting the replica from master instance (102 ms)
[ok]: FUNCTION - test replication to replica on rdb phase (0 ms)
[ok]: FUNCTION - test replication to replica on rdb phase info command (1 ms)
[ok]: FUNCTION - create on read only replica (0 ms)
[ok]: FUNCTION - delete on read only replica (0 ms)
[ok]: FUNCTION - function effect is replicated to replica (0 ms)
[ok]: FUNCTION - modify key space of read only replica (0 ms)
[ok]: AOF rewrite of set with intset encoding, string data (106 ms)
[ok]: AOF rewrite of set with hashtable encoding, string data (167 ms)
[ok]: AOF rewrite of set with intset encoding, int data (108 ms)
[ok]: AOF rewrite of set with hashtable encoding, int data (205 ms)
[ok]: AOF rewrite of hash with listpack encoding, string data (107 ms)
[ok]: AOF rewrite of hash with hashtable encoding, string data (228 ms)
[ok]: SETEX - Wait for the key to expire (1100 ms)
[ok]: SETEX - Wrong time parameter (0 ms)
[ok]: PERSIST can undo an EXPIRE (1 ms)
[ok]: PERSIST returns 0 against non existing or non volatile keys (0 ms)
[ok]: AOF rewrite of hash with listpack encoding, int data (107 ms)
[ok]: FUNCTION can processes create, delete and flush commands in AOF when doing "debug loadaof" in read-only slaves (331 ms)
[ok]: LIBRARIES - test shared function can access default globals (1 ms)
[ok]: LIBRARIES - usage and code sharing (0 ms)
[ok]: LIBRARIES - test registration failure revert the entire load (0 ms)
[ok]: LIBRARIES - test registration function name collision (1 ms)
[ok]: LIBRARIES - test registration function name collision on same library (0 ms)
[ok]: LIBRARIES - test registration with no argument (0 ms)
[ok]: LIBRARIES - test registration with only name (1 ms)
[ok]: LIBRARIES - test registration with to many arguments (0 ms)
[ok]: LIBRARIES - test registration with no string name (0 ms)
[ok]: LIBRARIES - test registration with wrong name format (1 ms)
[ok]: LIBRARIES - test registration with empty name (0 ms)
[ok]: LIBRARIES - math.random from function load (0 ms)
[ok]: LIBRARIES - redis.call from function load (1 ms)
[ok]: LIBRARIES - redis.setresp from function load (0 ms)
[ok]: LIBRARIES - redis.set_repl from function load (0 ms)
[ok]: LIBRARIES - redis.acl_check_cmd from function load (0 ms)
[ok]: LIBRARIES - malicious access test (0 ms)
[ok]: LIBRARIES - delete removed all functions on library (1 ms)
[ok]: LIBRARIES - register function inside a function (0 ms)
[ok]: LIBRARIES - register library with no functions (2 ms)
[ok]: AOF rewrite of hash with hashtable encoding, int data (216 ms)
[ok]: AOF rewrite of zset with listpack encoding, string data (108 ms)
[ok]: AOF rewrite of zset with skiplist encoding, string data (176 ms)
[ok]: AOF rewrite of zset with listpack encoding, int data (106 ms)
[ok]: LIBRARIES - load timeout (502 ms)
[ok]: LIBRARIES - verify global protection on the load run (0 ms)
[ok]: LIBRARIES - named arguments (1 ms)
[ok]: LIBRARIES - named arguments, bad function name (0 ms)
[ok]: LIBRARIES - named arguments, bad callback type (0 ms)
[ok]: LIBRARIES - named arguments, bad description (0 ms)
[ok]: LIBRARIES - named arguments, unknown argument (0 ms)
[ok]: LIBRARIES - named arguments, missing function name (0 ms)
[ok]: LIBRARIES - named arguments, missing callback (0 ms)
[ok]: FUNCTION - test function restore with function name collision (4 ms)
[ok]: FUNCTION - test function list with code (2 ms)
[ok]: FUNCTION - test function list with pattern (0 ms)
[ok]: FUNCTION - test function list wrong argument (1 ms)
[ok]: FUNCTION - test function list with bad argument to library name (0 ms)
[ok]: FUNCTION - test function list withcode multiple times (0 ms)
[ok]: FUNCTION - test function list libraryname multiple times (0 ms)
[ok]: FUNCTION - verify OOM on function load and function restore (3 ms)
[ok]: FUNCTION - verify allow-omm allows running any command (1 ms)
[ok]: AOF rewrite of zset with skiplist encoding, int data (215 ms)
[ok]: FUNCTION - wrong flags type named arguments (1 ms)
[ok]: FUNCTION - wrong flag type (0 ms)
[ok]: FUNCTION - unknown flag (1 ms)
[ok]: FUNCTION - write script on fcall_ro (0 ms)
[ok]: FUNCTION - write script with no-writes flag (1 ms)
[ok]: FUNCTION - deny oom (0 ms)
[ok]: FUNCTION - deny oom on no-writes function (0 ms)
[ok]: FUNCTION - allow stale (2 ms)
[ok]: FUNCTION - redis version api (1 ms)
[ok]: FUNCTION - function stats (1 ms)
[ok]: FUNCTION - function stats reloaded correctly from rdb (3 ms)
[ok]: FUNCTION - function stats delete library (0 ms)
[ok]: FUNCTION - test function stats on loading failure (2 ms)
[ok]: FUNCTION - function stats cleaned after flush (1 ms)
[ok]: FUNCTION - function test empty engine (0 ms)
[ok]: FUNCTION - function test unknown metadata value (0 ms)
[ok]: FUNCTION - function test no name (1 ms)
[ok]: FUNCTION - function test multiple names (0 ms)
[ok]: FUNCTION - function test name with quotes (0 ms)
[ok]: FUNCTION - trick global protection 1 (2 ms)
[ok]: FUNCTION - test getmetatable on script load (1 ms)
[ok]: AOF rewrite functions (106 ms)
[7/149 done]: unit/functions (4 seconds)
Testing unit/gcra
[ok]: EXPIRE precision is now the millisecond (1102 ms)
[ok]: AOF rewrite of array with mixed value types (91 ms)
[ok]: PSETEX can set sub-second expires (102 ms)
[ok]: AOF rewrite of array with insert_idx (circular buffer) (109 ms)
[ok]: PEXPIRE can set sub-second expires (102 ms)
[ok]: AOF rewrite of array spanning multiple slices (128 ms)
[ok]: PEXPIREAT can set sub-second expires (203 ms)
[ok]: TTL returns time to live in seconds (1 ms)
[ok]: PTTL returns time to live in milliseconds (0 ms)
[ok]: TTL / PTTL / EXPIRETIME / PEXPIRETIME return -1 if key has no expire (1 ms)
[ok]: TTL / PTTL / EXPIRETIME / PEXPIRETIME return -2 if key does not exit (1 ms)
[ok]: EXPIRETIME returns absolute expiration time in seconds (0 ms)
[ok]: PEXPIRETIME returns absolute expiration time in milliseconds (1 ms)
[ok]: BGREWRITEAOF is delayed if BGSAVE is in progress (254 ms)
[ok]: BGREWRITEAOF is refused if already in progress (50 ms)
[8/149 done]: unit/aofrw (35 seconds)
Testing unit/geo
[9/149 done]: unit/gcra (1 seconds)
Testing unit/hotkeys
[ok]: GEO with wrong type src key (2 ms)
[ok]: GEO with non existing src key (1 ms)
[ok]: GEO BYLONLAT with empty search (1 ms)
[ok]: GEO BYMEMBER with non existing member (1 ms)
[ok]: GEOADD create (0 ms)
[ok]: GEOADD update (0 ms)
[ok]: GEOADD update with CH option (0 ms)
[ok]: GEOADD update with NX option (0 ms)
[ok]: GEOADD update with XX option (1 ms)
[ok]: GEOADD update with CH NX option (0 ms)
[ok]: GEOADD update with CH XX option (0 ms)
[ok]: GEOADD update with XX NX option will return syntax error (0 ms)
[ok]: GEOADD update with invalid option (0 ms)
[ok]: GEOADD invalid coordinates (0 ms)
[ok]: GEOADD out-of-range longitude/latitude error reply is well-formed (0 ms)
[ok]: GEOADD multi add (1 ms)
[ok]: Check geoset values (0 ms)
[ok]: GEORADIUS simple (sorted) (0 ms)
[ok]: GEORADIUS_RO simple (sorted) (1 ms)
[ok]: GEOSEARCH simple (sorted) (0 ms)
[ok]: GEOSEARCH FROMLONLAT and FROMMEMBER cannot exist at the same time (0 ms)
[ok]: GEOSEARCH FROMLONLAT and FROMMEMBER one must exist (0 ms)
[ok]: GEOSEARCH BYRADIUS and BYBOX cannot exist at the same time (1 ms)
[ok]: GEOSEARCH BYRADIUS and BYBOX one must exist (0 ms)
[ok]: GEOSEARCH with STOREDIST option (0 ms)
[ok]: GEORADIUS withdist (sorted) (1 ms)
[ok]: GEOSEARCH withdist (sorted) (0 ms)
[ok]: GEORADIUS with COUNT (0 ms)
[ok]: GEORADIUS with multiple WITH* tokens (1 ms)
[ok]: GEORADIUS with ANY not sorted by default (0 ms)
[ok]: GEORADIUS with ANY sorted by ASC (0 ms)
[ok]: GEORADIUS with ANY but no COUNT (0 ms)
[ok]: GEORADIUS with COUNT but missing integer argument (0 ms)
[ok]: GEORADIUS with COUNT DESC (0 ms)
[ok]: GEORADIUS HUGE, issue #2767 (1 ms)
[ok]: GEORADIUSBYMEMBER simple (sorted) (0 ms)
[ok]: GEORADIUSBYMEMBER_RO simple (sorted) (0 ms)
[ok]: GEORADIUSBYMEMBER search areas contain satisfied points in oblique direction (2 ms)
[ok]: GEORADIUSBYMEMBER crossing pole search (0 ms)
[ok]: GEOSEARCH FROMMEMBER simple (sorted) (0 ms)
[ok]: GEOSEARCH vs GEORADIUS (1 ms)
[ok]: GEOSEARCH non square, long and narrow (1 ms)
[ok]: GEOSEARCH corner point test (1 ms)
[ok]: GEORADIUSBYMEMBER withdist (sorted) (0 ms)
[ok]: GEOHASH is able to return geohash strings (0 ms)
[ok]: GEOHASH with only key as argument (0 ms)
[ok]: GEOPOS simple (1 ms)
[ok]: GEOPOS missing element (0 ms)
[ok]: GEOPOS with only key as argument (1 ms)
[ok]: GEODIST simple & unit (0 ms)
[ok]: GEODIST missing elements (1 ms)
[ok]: GEORADIUS STORE option: syntax error (1 ms)
[ok]: GEOSEARCHSTORE STORE option: syntax error (0 ms)
[ok]: GEORANGE STORE option: incompatible options (1 ms)
[ok]: GEORANGE STORE option: plain usage (0 ms)
[ok]: GEORADIUSBYMEMBER STORE/STOREDIST option: plain usage (0 ms)
[ok]: GEOSEARCHSTORE STORE option: plain usage (0 ms)
[ok]: GEORANGE STOREDIST option: plain usage (1 ms)
[ok]: GEOSEARCHSTORE STOREDIST option: plain usage (0 ms)
[ok]: GEORANGE STOREDIST option: COUNT ASC and DESC (1 ms)
[ok]: GEOSEARCH the box spans -180° or 180° (1 ms)
[ok]: GEOSEARCH with small distance (0 ms)
[ok]: HOTKEYS START - METRICS required (0 ms)
[ok]: HOTKEYS START - METRICS with CPU only (1 ms)
[ok]: HOTKEYS START - METRICS with NET only (1 ms)
[ok]: HOTKEYS START - METRICS with both CPU and NET (1 ms)
[ok]: HOTKEYS START - Error: session already started (0 ms)
[ok]: HOTKEYS START - Error: invalid METRICS count (1 ms)
[ok]: HOTKEYS START - Error: METRICS count mismatch (0 ms)
[ok]: HOTKEYS START - Error: METRICS invalid metrics (1 ms)
[ok]: HOTKEYS START - Error: METRICS same parameter (1 ms)
[ok]: HOTKEYS START - with COUNT parameter (4 ms)
[ok]: HOTKEYS START - Error: COUNT out of range (0 ms)
[ok]: Redis should actively expire keys incrementally (703 ms)
[ok]: Redis should lazy expire keys (1003 ms)
[ok]: HOTKEYS START - with DURATION parameter (1503 ms)
[ok]: HOTKEYS START - with SAMPLE parameter (0 ms)
[ok]: HOTKEYS START - Error: SAMPLE ratio invalid (0 ms)
[ok]: HOTKEYS START - Error: SLOTS not allowed in non-cluster mode (0 ms)
[ok]: HOTKEYS STOP - basic functionality (1 ms)
[ok]: HOTKEYS RESET - basic functionality (1 ms)
[ok]: HOTKEYS RESET - Error: session in progress (1 ms)
[ok]: HOTKEYS GET - returns nil when not started (0 ms)
[ok]: HOTKEYS GET - sample-ratio field (1 ms)
[ok]: HOTKEYS - nested commands (1 ms)
[ok]: HOTKEYS - commands inside MULTI/EXEC (13 ms)
[ok]: HOTKEYS - EVAL inside MULTI/EXEC with nested calls (2 ms)
[ok]: HOTKEYS GET - no conditional fields without selected slots (1 ms)
[ok]: EXPIRE should not resurrect keys (issue #1026) (1002 ms)
[ok]: 5 keys in, 5 keys out (1 ms)
[ok]: EXPIRE with empty string as TTL should report an error (0 ms)
[ok]: SET with EX with big integer should report an error (0 ms)
[ok]: SET with EX with smallest integer should report an error (0 ms)
[ok]: GETEX with big integer should report an error (0 ms)
[ok]: GETEX with smallest integer should report an error (0 ms)
[ok]: EXPIRE with big integer overflows when converted to milliseconds (1 ms)
[ok]: PEXPIRE with big integer overflow when basetime is added (1 ms)
[ok]: EXPIRE with big negative integer (0 ms)
[ok]: PEXPIREAT with big integer works (1 ms)
[ok]: PEXPIREAT with big negative integer works (0 ms)
[ok]: All time-to-live(TTL) in commands are propagated as absolute timestamp in milliseconds in AOF (2024 ms)
[ok]: All TTL in commands are propagated as absolute timestamp in replication stream (48 ms)
[ok]: First server should have role slave after REPLICAOF (1 ms)
[ok]: For all replicated TTL-related commands, absolute expire times are identical on primary and replica (10 ms)
[ok]: expired key which is created in writeable replicas should be deleted by active expiry (285 ms)
[ok]: SET command will remove expire (1 ms)
[ok]: SET command will remove expire with large string (optimization path) (1 ms)
[ok]: SET - use KEEPTTL option, TTL should not be removed (0 ms)
[ok]: HOTKEYS detection with biased key access, sample ratio = 1 (5130 ms)
[ok]: SET - use KEEPTTL option, TTL should not be removed after loadaof (2006 ms)
[ok]: GETEX use of PERSIST option should remove TTL (0 ms)
[ok]: GETEX use of PERSIST option should remove TTL after loadaof (2 ms)
[ok]: GETEX propagate as to replica as PERSIST, DEL, or nothing (56 ms)
[ok]: EXPIRE with NX option on a key with ttl (1 ms)
[ok]: EXPIRE with NX option on a key without ttl (0 ms)
[ok]: EXPIRE with XX option on a key with ttl (1 ms)
[ok]: EXPIRE with XX option on a key without ttl (0 ms)
[ok]: EXPIRE with GT option on a key with lower ttl (1 ms)
[ok]: EXPIRE with GT option on a key with higher ttl (0 ms)
[ok]: EXPIRE with GT option on a key without ttl (1 ms)
[ok]: EXPIRE with LT option on a key with higher ttl (0 ms)
[ok]: EXPIRE with LT option on a key with lower ttl (1 ms)
[ok]: EXPIRE with LT option on a key without ttl (0 ms)
[ok]: EXPIRE with LT and XX option on a key with ttl (1 ms)
[ok]: EXPIRE with LT and XX option on a key without ttl (0 ms)
[ok]: EXPIRE with conflicting options: LT GT (0 ms)
[ok]: EXPIRE with conflicting options: NX GT (1 ms)
[ok]: EXPIRE with conflicting options: NX LT (0 ms)
[ok]: EXPIRE with conflicting options: NX XX (0 ms)
[ok]: EXPIRE with unsupported options (0 ms)
[ok]: EXPIRE with unsupported options (1 ms)
[ok]: EXPIRE with negative expiry (0 ms)
[ok]: EXPIRE with negative expiry on a non-valitale key (1 ms)
[ok]: EXPIRE with non-existed key (0 ms)
[ok]: Redis should not propagate the read command on lazy expire (92 ms)
[ok]: SCAN: Lazy-expire should not be wrapped in MULTI/EXEC (101 ms)
[ok]: RANDOMKEY: Lazy-expire should not be wrapped in MULTI/EXEC (100 ms)
[ok]: Lazy expire should increment expired_keys but not expired_keys_active (4 ms)
[ok]: Active expire should increment both expired_keys and expired_keys_active (103 ms)
[ok]: expire scan should skip dictionaries with lot's of empty buckets (1226 ms)
[ok]: Config lazyexpire-nested-arbitrary-keys (yes, direct) (93 ms)
[ok]: HOTKEYS detection with biased key access, sample ratio = 100 (4961 ms)
[ok]: Config lazyexpire-nested-arbitrary-keys (yes, multi) (92 ms)
[ok]: Config lazyexpire-nested-arbitrary-keys (yes, lua) (93 ms)
[ok]: Config lazyexpire-nested-arbitrary-keys (no, direct) (93 ms)
[ok]: Config lazyexpire-nested-arbitrary-keys (no, multi) (92 ms)
[ok]: Config lazyexpire-nested-arbitrary-keys (no, lua) (93 ms)
[10/149 done]: unit/expire (18 seconds)
Testing unit/hyperloglog
[ok]: HyperLogLog self test passes (1145 ms)
[ok]: PFADD without arguments creates an HLL value (0 ms)
[ok]: Approximated cardinality after creation is zero (1 ms)
[ok]: PFADD returns 1 when at least 1 reg was modified (0 ms)
[ok]: PFADD returns 0 when no reg was modified (0 ms)
[ok]: PFADD works with empty string (regression) (0 ms)
[ok]: PFCOUNT returns approximated cardinality of set (0 ms)
[ok]: HyperLogLogs are promote from sparse to dense (534 ms)
[ok]: Change hll-sparse-max-bytes (1 ms)
[ok]: Hyperloglog promote to dense well in different hll-sparse-max-bytes (63 ms)
[ok]: HyperLogLog sparse encoding stress test (1162 ms)
[ok]: Corrupted sparse HyperLogLogs are detected: Additional at tail (1 ms)
[ok]: Corrupted sparse HyperLogLogs are detected: Broken magic (0 ms)
[ok]: Corrupted sparse HyperLogLogs are detected: Invalid encoding (1 ms)
[ok]: Corrupted sparse HyperLogLogs doesn't cause overflow and out-of-bounds with XZERO opcode (123 ms)
[ok]: HOTKEYS detection with biased key access, sample ratio = 500 (4967 ms)
[ok]: HOTKEYS detection with biased key access, sample ratio = 1000 (5005 ms)
[ok]: HOTKEYS GET - RESP3 returns map with flat array values for hotkeys (2 ms)
[ok]: HOTKEYS GET - selected-slots returns full range in non-cluster mode (1 ms)
[ok]: HOTKEYS START - with SLOTS parameter in cluster mode (0 ms)
[ok]: HOTKEYS START - Error: SLOTS count mismatch (0 ms)
[ok]: HOTKEYS START - Error: duplicate slots (0 ms)
[ok]: HOTKEYS START - Error: SLOTS already specified (0 ms)
[ok]: HOTKEYS START - Error: invalid slot - negative value (0 ms)
[ok]: HOTKEYS START - Error: invalid slot - out of range (0 ms)
[ok]: HOTKEYS START - Error: invalid slot - non-integer (0 ms)
[ok]: HOTKEYS GET - selected-slots field with individual slots (0 ms)
[ok]: HOTKEYS GET - selected-slots with unordered input slots are sorted (0 ms)
[ok]: HOTKEYS GET - selected-slots returns node's slot ranges when no SLOTS specified in cluster mode (0 ms)
[ok]: HOTKEYS GET - conditional fields with sample_ratio > 1 and selected slots (2 ms)
[ok]: HOTKEYS GET - no conditional fields with sample_ratio = 1 (1 ms)
[ok]: HOTKEYS - tracks only keys in selected slots (22 ms)
[ok]: HOTKEYS - multiple selected slots (18 ms)
[ok]: HOTKEYS START - Error: slot not handled by this node (1 ms)
[ok]: HOTKEYS GET - selected-slots returns each node's slot ranges in multi-node cluster (2 ms)
[11/149 done]: unit/hotkeys (26 seconds)
Testing unit/info-command
[ok]: info command with at most one sub command (2 ms)
[ok]: info command with one sub-section (1 ms)
[ok]: info command with multiple sub-sections (1 ms)
[12/149 done]: unit/info-command (1 seconds)
Testing unit/info-keysizes
[ok]: KEYSIZES - Test i'th bin counts keysizes between (2^i) and (2^(i+1)-1) as expected  (5 ms)
[ok]: KEYSIZES - Histogram values of Bytes, Kilo and Mega  (330 ms)
[ok]: KEYSIZES - Test hyperloglog  (9100 ms)
[ok]: KEYSIZES - Test List  (99 ms)
[ok]: KEYSIZES - Test SET  (98 ms)
[ok]: KEYSIZES - Test ZSET  (105 ms)
[ok]: Corrupted sparse HyperLogLogs doesn't cause overflow and out-of-bounds with ZERO opcode (20304 ms)
[ok]: KEYSIZES - Test STRING  (97 ms)
[ok]: Corrupted dense HyperLogLogs are detected: Wrong length (8 ms)
[ok]: KEYSIZES - Test UNLINK (async deletion)  (9 ms)
[ok]: client evicted due to output buf (65960 ms)
[ok]: client no-evict on (73 ms)
[ok]: client no-evict off (38 ms)
[ok]: avoid client eviction when client is freed by output buffer limit (378 ms)
[ok]: KEYSIZES - Test complex dataset  (1560 ms)
[ok]: decrease maxmemory-clients causes client eviction (453 ms)
[ok]: KEYSIZES - Test DEBUG KEYSIZES-HIST-ASSERT command (149 ms)
[ok]: evict clients only until below limit (104 ms)
[ok]: evict clients in right order (large to small) (123 ms)
[ok]: KEYSIZES - Test HASH (listpackex)  (607 ms)
[ok]: KEYSIZES - Test Hash field lazy expiration (listpackex)  (101 ms)
[ok]: KEYSIZES - Test HASH (hashtable)  (587 ms)
[ok]: KEYSIZES - Test Hash field lazy expiration (hashtable)  (101 ms)
[ok]: KEYSIZES - Test STRING BITS  (6 ms)
[ok]: KEYSIZES - Test RESTORE  (2 ms)
[ok]: KEYSIZES - Test RENAME  (1 ms)
[ok]: KEYSIZES - Test MOVE  (1 ms)
[ok]: KEYSIZES - Test SWAPDB  (2 ms)
[ok]: KEYSIZES - DEBUG RELOAD reset keysizes  (9 ms)
[ok]: KEYSIZES - Test RDB  (194 ms)
[ok]: KEYSIZES - Test i'th bin counts keysizes between (2^i) and (2^(i+1)-1) as expected (replica) (11 ms)
[ok]: KEYSIZES - Histogram values of Bytes, Kilo and Mega (replica) (261 ms)
[ok]: KEYSIZES - Test hyperloglog (replica) (15182 ms)
[ok]: KEYSIZES - Test List (replica) (104 ms)
[ok]: KEYSIZES - Test SET (replica) (102 ms)
[ok]: KEYSIZES - Test ZSET (replica) (111 ms)
[ok]: KEYSIZES - Test STRING (replica) (98 ms)
[ok]: KEYSIZES - Test UNLINK (async deletion) (replica) (11 ms)
[ok]: KEYSIZES - Test complex dataset (replica) (1864 ms)
[ok]: KEYSIZES - Test DEBUG KEYSIZES-HIST-ASSERT command (136 ms)
[ok]: KEYSIZES - Test HASH (listpackex) (replica) (594 ms)
[ok]: KEYSIZES - Test Hash field lazy expiration (listpackex) (replica) (110 ms)
[ok]: KEYSIZES - Test HASH (hashtable) (replica) (593 ms)
[ok]: KEYSIZES - Test Hash field lazy expiration (hashtable) (replica) (110 ms)
[ok]: KEYSIZES - Test STRING BITS (replica) (8 ms)
[ok]: KEYSIZES - Test RESTORE (replica) (2 ms)
[ok]: KEYSIZES - Test RENAME (replica) (2 ms)
[ok]: KEYSIZES - Test MOVE (replica) (2 ms)
[ok]: KEYSIZES - Test SWAPDB (replica) (2 ms)
[ok]: KEYSIZES - DEBUG RELOAD reset keysizes (replica) (11 ms)
[ok]: KEYSIZES - Test RDB (replica) (199 ms)
[ok]: KEY-MEMORY-STATS - Empty database should have empty key memory histogram (1 ms)
[ok]: KEY-MEMORY-STATS - List keys should appear in key memory histogram (2 ms)
[ok]: KEY-MEMORY-STATS - All data types should appear in key memory histogram (1 ms)
[ok]: KEY-MEMORY-STATS - Histogram bins should use power-of-2 labels (1 ms)
[ok]: KEY-MEMORY-STATS - DEL should remove key from key memory histogram (1 ms)
[ok]: KEY-MEMORY-STATS - Modifying a list should update key memory histogram (99 ms)
[ok]: KEY-MEMORY-STATS - FLUSHALL clears key memory histogram (1 ms)
[ok]: KEY-MEMORY-STATS - Larger allocations go to higher bins (106 ms)
[ok]: KEY-MEMORY-STATS - EXPIRE eventually removes from histogram (103 ms)
[ok]: KEY-MEMORY-STATS - Test RESTORE adds to histogram (1 ms)
[ok]: KEY-MEMORY-STATS - DEBUG RELOAD preserves key memory histogram (9 ms)
[ok]: KEY-MEMORY-STATS - RENAME should preserve key memory histogram (1 ms)
[ok]: KEY-MEMORY-STATS - Test DEBUG KEYSIZES-HIST-ASSERT command (145 ms)
[ok]: KEY-MEMORY-STATS - RDB save and restart preserves key memory histogram (138 ms)
[ok]: KEY-MEMORY-STATS - Hash field lazy expiration (listpackex) (8 ms)
[ok]: KEY-MEMORY-STATS - Hash field lazy expiration (hashtable) (7 ms)
[ok]: KEY-MEMORY-STATS disabled - key memory histogram should not appear (2 ms)
[ok]: KEY-MEMORY-STATS - cannot enable key-memory-histograms at runtime when disabled at startup (0 ms)
[ok]: KEY-MEMORY-STATS - can disable key-memory-histograms at runtime and distrib_*_sizes disappear (1 ms)
[ok]: KEY-MEMORY-STATS - cannot re-enable key-memory-histograms at runtime after disabling (1 ms)
[ok]: SLOT-ALLOCSIZE - Test DEBUG ALLOCSIZE-SLOTS-ASSERT command (200 ms)
[ok]: KEY-MEMORY-STATS - Test DEBUG KEYSIZES-HIST-ASSERT command (135 ms)
[ok]: KEY-MEMORY-STATS - key memory histogram should appear (2 ms)
[ok]: KEY-MEMORY-STATS - All data types should appear in key memory histogram (1 ms)
[ok]: client total memory grows during client no-evict (26601 ms)
[ok]: KEY-MEMORY-STATS - Replication updates key memory stats on replica (4 ms)
[ok]: KEY-MEMORY-STATS - DEL on primary updates key memory stats on replica (3 ms)
[13/149 done]: unit/info-keysizes (40 seconds)
Testing unit/info
[ok]: latencystats: disable/enable (2 ms)
[ok]: latencystats: configure percentiles (3 ms)
[ok]: latencystats: bad configure percentiles (2 ms)
[ok]: latencystats: blocking commands (3 ms)
[ok]: latencystats: subcommands (1 ms)
[ok]: latencystats: measure latency (51 ms)
[ok]: errorstats: failed call authentication error (2 ms)
[ok]: errorstats: failed call within MULTI/EXEC (3 ms)
[ok]: errorstats: failed call within LUA (3 ms)
[ok]: errorstats: failed call NOSCRIPT error (2 ms)
[ok]: errorstats: failed call NOGROUP error (2 ms)
[ok]: errorstats: rejected call unknown command (1 ms)
[ok]: errorstats: rejected call within MULTI/EXEC (3 ms)
[ok]: errorstats: rejected call due to wrong arity (2 ms)
[ok]: errorstats: rejected call by OOM error (2 ms)
[ok]: errorstats: rejected call by authorization error (2 ms)
[ok]: errorstats: blocking commands (2 ms)
[ok]: errorstats: limit errors will not increase indefinitely (155 ms)
[ok]: stats: eventloop metrics (111 ms)
[ok]: stats: instantaneous metrics (1603 ms)
[ok]: stats: debug metrics (112 ms)
[ok]: stats: client input and output buffer limit disconnections (19 ms)
[ok]: clients: pubsub clients (3 ms)
[ok]: clients: watching clients (10 ms)
[ok]: clients: active_clients (505 ms)
[ok]: stats: client processing and pipeline metrics (2 ms)
[ok]: stats: client processing metrics reset with CONFIG RESETSTAT (3 ms)
[ok]: clients: active_clients with io-thread one-by-one commands (20 ms)
[ok]: memory: database and pubsub overhead and rehashing dict count (5 ms)
[ok]: memory: used_memory_peak_time is updated when used_memory_peak is updated (18 ms)
[ok]: Verify that LUT overhead is properly updated when dicts are emptied or reused (issue #13973) (104 ms)
[14/149 done]: unit/info (6 seconds)
Testing unit/introspection-2
[ok]: The microsecond part of the TIME command will not overflow (0 ms)
[ok]: TTL, TYPE and EXISTS do not alter the last access time of a key (3004 ms)
[ok]: TOUCH alters the last access time of a key (3003 ms)
[ok]: Fuzzing dense/sparse encoding: Redis should always detect errors (42634 ms)
[ok]: PFADD, PFCOUNT, PFMERGE type checking works (1 ms)
[ok]: PFMERGE results on the cardinality of union of sets (1 ms)
[ok]: PFMERGE on missing source keys will create an empty destkey (1 ms)
[ok]: PFMERGE with one empty input key, create an empty destkey (0 ms)
[ok]: PFMERGE with one non-empty input key, dest key is actually one of the source keys (0 ms)
[ok]: Operations in no-touch mode do not alter the last access time of a key (1102 ms)
[ok]: PFMERGE results with simd (1372 ms)
[ok]: Operations in no-touch mode TOUCH alters the last access time of a key (1100 ms)
[ok]: Operations in no-touch mode TOUCH from script alters the last access time of a key (1101 ms)
[ok]: TOUCH returns the number of existing keys specified (1 ms)
[ok]: command stats for GEOADD (1 ms)
[ok]: errors stats for GEOADD (1 ms)
[ok]: command stats for EXPIRE (0 ms)
[ok]: command stats for BRPOP (1 ms)
[ok]: command stats for MULTI (2 ms)
[ok]: command stats for scripts (2 ms)
[ok]: COMMAND COUNT get total number of Redis commands (0 ms)
[ok]: COMMAND GETKEYS GET (0 ms)
[ok]: COMMAND GETKEYSANDFLAGS (1 ms)
[ok]: COMMAND GETKEYSANDFLAGS invalid args (0 ms)
[ok]: COMMAND GETKEYSANDFLAGS MSETEX (1 ms)
[ok]: COMMAND GETKEYS MEMORY USAGE (1 ms)
[ok]: COMMAND GETKEYS XGROUP (0 ms)
[ok]: COMMAND GETKEYS EVAL with keys (0 ms)
[ok]: COMMAND GETKEYS EVAL without keys (0 ms)
[ok]: COMMAND GETKEYS LCS (1 ms)
[ok]: COMMAND GETKEYS PFMERGE with and without source keys (0 ms)
[ok]: COMMAND GETKEYS MORE THAN 256 KEYS (3 ms)
[ok]: COMMAND LIST syntax error (1 ms)
[ok]: COMMAND LIST WITHOUT FILTERBY (4 ms)
[ok]: COMMAND LIST FILTERBY ACLCAT against non existing category (0 ms)
[ok]: COMMAND LIST FILTERBY ACLCAT - list all commands/subcommands (1 ms)
[ok]: COMMAND LIST FILTERBY PATTERN - list all commands/subcommands (1 ms)
[ok]: COMMAND LIST FILTERBY MODULE against non existing module (0 ms)
[ok]: COMMAND INFO of invalid subcommands (1 ms)
[ok]: SET command will not be marked with movablekeys (0 ms)
[ok]: GET command will not be marked with movablekeys (1 ms)
[ok]: MSET command will not be marked with movablekeys (0 ms)
[ok]: BITFIELD command will not be marked with movablekeys (1 ms)
[ok]: LMOVE command will not be marked with movablekeys (0 ms)
[ok]: LPOP command will not be marked with movablekeys (1 ms)
[ok]: BLPOP command will not be marked with movablekeys (0 ms)
[ok]: PING command will not be marked with movablekeys (1 ms)
[ok]: MEMORY command will not be marked with movablekeys (1 ms)
[ok]: MEMORY|USAGE command will not be marked with movablekeys (0 ms)
[ok]: RENAME command will not be marked with movablekeys (1 ms)
[ok]: GEORADIUS_RO command will not be marked with movablekeys (0 ms)
[ok]: ZUNIONSTORE command is marked with movablekeys (1 ms)
[ok]: XREAD command is marked with movablekeys (0 ms)
[ok]: EVAL command is marked with movablekeys (0 ms)
[ok]: SORT command is marked with movablekeys (1 ms)
[ok]: SORT_RO command is marked with movablekeys (0 ms)
[ok]: MIGRATE command is marked with movablekeys (1 ms)
[ok]: GEORADIUS command is marked with movablekeys (1 ms)
[15/149 done]: unit/introspection-2 (9 seconds)
Testing unit/introspection
[ok]: PING (1 ms)
[ok]: CLIENT LIST (0 ms)
[ok]: CLIENT LIST with IDs (0 ms)
[ok]: CLIENT INFO (0 ms)
[ok]: CLIENT INFO input/output/cmds-processed stats (1 ms)
[ok]: CLIENT INFO input/output/cmds-processed stats for blocking command (2 ms)
[ok]: CLIENT INFO cmds-processed stats for recursive command (1 ms)
[ok]: CLIENT INFO read-events and pipeline-length stats (2 ms)
[ok]: CLIENT INFO pipeline-length stats for pipelined commands (1 ms)
[ok]: CLIENT KILL with illegal arguments (2 ms)
[ok]: CLIENT KILL maxAGE will kill old clients (2003 ms)
[ok]: CLIENT KILL SKIPME YES/NO will kill all clients (4 ms)
[ok]: CLIENT command unhappy path coverage (2 ms)
[ok]: CLIENT KILL close the client connection during bgsave (99 ms)
[ok]: CLIENT REPLY OFF/ON: disable all commands reply (41 ms)
[ok]: CLIENT REPLY SKIP: skip the next command reply (44 ms)
[ok]: CLIENT REPLY ON: unset SKIP flag (44 ms)
[ok]: MONITOR can log executed commands (1 ms)
[ok]: MONITOR can log commands issued by the scripting engine (1 ms)
[ok]: MONITOR can log commands issued by functions (1 ms)
[ok]: MONITOR supports redacting command arguments (2 ms)
[ok]: MONITOR correctly handles multi-exec cases (2 ms)
[ok]: MONITOR log blocked command only once (103 ms)
[ok]: CLIENT GETNAME should return NIL if name is not assigned (0 ms)
[ok]: CLIENT GETNAME check if name set correctly (0 ms)
[ok]: CLIENT LIST shows empty fields for unassigned names (0 ms)
[ok]: CLIENT SETNAME does not accept spaces (0 ms)
[ok]: CLIENT SETNAME can assign a name to this connection (0 ms)
[ok]: CLIENT SETNAME can change the name of an existing connection (0 ms)
[ok]: After CLIENT SETNAME, connection can still be closed (1 ms)
[ok]: CLIENT SETINFO can set a library name to this connection (0 ms)
[ok]: CLIENT SETINFO invalid args (1 ms)
[ok]: RESET does NOT clean library name (0 ms)
[ok]: CLIENT SETINFO can clear library name (1 ms)
[ok]: PFCOUNT multiple-keys merge returns cardinality of union #1 (4900 ms)
[ok]: CONFIG save params special case handled properly (927 ms)
[ok]: CONFIG sanity (26 ms)
[ok]: CONFIG REWRITE sanity (247 ms)
[ok]: CONFIG REWRITE handles save and shutdown properly (877 ms)
[ok]: CONFIG SET with multiple args (1 ms)
[ok]: CONFIG SET rollback on set error (2 ms)
[ok]: CONFIG SET rollback on apply error (4 ms)
[ok]: CONFIG SET duplicate configs (0 ms)
[ok]: CONFIG SET set immutable (0 ms)
[ok]: CONFIG GET hidden configs (4 ms)
[ok]: CONFIG GET multiple args (1 ms)
[ok]: redis-server command line arguments - error cases (59 ms)
[ok]: redis-server command line arguments - allow passing option name and option value in the same arg (233 ms)
[ok]: redis-server command line arguments - wrong usage that we support anyway (230 ms)
[ok]: redis-server command line arguments - allow option value to use the `--` prefix (231 ms)
[ok]: redis-server command line arguments - option name and option value in the same arg and `--` prefix (232 ms)
[ok]: PFCOUNT multiple-keys merge returns cardinality of union #2 (2935 ms)
[ok]: redis-server command line arguments - save with empty input (1157 ms)
[ok]: redis-server command line arguments - take one bulk string with spaces for MULTI_ARG configs parsing (231 ms)
[ok]: PFDEBUG GETREG returns the HyperLogLog raw registers (1023 ms)
[ok]: PFADD / PFCOUNT cache invalidation works (1 ms)
[ignore]: PFADD with 2GB entry should not crash server due to overflow in MurmurHash64A: large memory flag not provided
[ok]: cannot modify protected configuration - no (1 ms)
[16/149 done]: unit/hyperloglog (77 seconds)
Testing unit/keyspace
[ok]: DEL against a single item (1 ms)
[ok]: Vararg DEL (1 ms)
[ok]: Untagged multi-key commands (0 ms)
[ok]: KEYS with pattern (0 ms)
[ok]: KEYS to get all keys (0 ms)
[ok]: DBSIZE (0 ms)
[ok]: KEYS with hashtag (1 ms)
[ok]: DEL all keys (2 ms)
[ok]: cannot modify protected configuration - local (5 ms)
[ok]: DEL against expired key (1101 ms)
[ok]: EXISTS (0 ms)
[ok]: Zero length value in key. SET/GET/EXISTS (0 ms)
[ok]: Commands pipelining (1 ms)
[ok]: Non existing command (0 ms)
[ok]: RENAME basic usage (1 ms)
[ok]: RENAME source key should no longer exist (0 ms)
[ok]: RENAME against already existing key (1 ms)
[ok]: RENAMENX basic usage (1 ms)
[ok]: RENAMENX against already existing key (0 ms)
[ok]: RENAMENX against already existing key (2) (0 ms)
[ok]: RENAME against non existing source key (0 ms)
[ok]: RENAME where source and dest key are the same (existing) (0 ms)
[ok]: RENAMENX where source and dest key are the same (existing) (0 ms)
[ok]: RENAME where source and dest key are the same (non existing) (0 ms)
[ok]: RENAME with volatile key, should move the TTL as well (1 ms)
[ok]: RENAME with volatile key, should not inherit TTL of target key (1 ms)
[ok]: DEL all keys again (DB 0) (0 ms)
[ok]: DEL all keys again (DB 1) (0 ms)
[ok]: COPY basic usage for string (1 ms)
[ok]: COPY for string does not replace an existing key without REPLACE option (1 ms)
[ok]: COPY for string can replace an existing key with REPLACE option (0 ms)
[ok]: COPY for string ensures that copied data is independent of copying data (2 ms)
[ok]: COPY for string does not copy data to no-integer DB (0 ms)
[ok]: COPY can copy key expire metadata as well (0 ms)
[ok]: COPY does not create an expire if it does not exist (1 ms)
[ok]: COPY basic usage for list - quicklist (42 ms)
[ok]: COPY basic usage for list - listpack (1 ms)
[ok]: COPY basic usage for intset set (2 ms)
[ok]: COPY basic usage for listpack set (1 ms)
[ok]: COPY basic usage for hashtable set (21 ms)
[ok]: COPY basic usage for listpack sorted set (2 ms)
[ok]: COPY basic usage for skiplist sorted set (15 ms)
[ok]: COPY basic usage for listpack hash (1 ms)
[ok]: COPY basic usage for hashtable hash (16 ms)
[ok]: COPY basic usage for stream (132 ms)
[ok]: COPY basic usage for stream-cgroups (8 ms)
[ok]: MOVE basic usage (1 ms)
[ok]: MOVE against key existing in the target DB (0 ms)
[ok]: MOVE against non-integer DB (#1428) (1 ms)
[ok]: MOVE can move key expire metadata as well (1 ms)
[ok]: MOVE does not create an expire if it does not exist (1 ms)
[ok]: SET/GET keys in different DBs (2 ms)
[ok]: RANDOMKEY (10 ms)
[ok]: RANDOMKEY against empty DB (1 ms)
[ok]: RANDOMKEY regression 1 (0 ms)
[ok]: config during loading (1206 ms)
[ok]: KEYS * two times with long key, Github issue #1208 (1 ms)
[ok]: Regression for pattern matching long nested loops (0 ms)
[ok]: Regression for pattern matching very long nested loops (87 ms)
[ok]: Coverage: basic SWAPDB test and unhappy path (3 ms)
[ok]: Coverage: SWAPDB and FLUSHDB (3 ms)
[17/149 done]: unit/keyspace (1 seconds)
Testing unit/latency-monitor
[ok]: LATENCY HISTOGRAM with empty histogram (1 ms)
[ok]: LATENCY HISTOGRAM all commands (1 ms)
[ok]: LATENCY HISTOGRAM sub commands (1 ms)
[ok]: LATENCY HISTOGRAM with a subset of commands (1 ms)
[ok]: LATENCY HISTOGRAM command (1 ms)
[ok]: LATENCY HISTOGRAM with wrong command name skips the invalid one (1 ms)
[ok]: CONFIG REWRITE handles rename-command properly (450 ms)
[ok]: client total memory grows during maxmemory-clients disabled (26485 ms)
[ok]: CONFIG REWRITE handles alias config properly (902 ms)
[ok]: Verify blocked client eviction during unblock does not cause use-after-free (106 ms)
[ok]: IO threads client number (224 ms)
[18/149 done]: unit/client-eviction (126 seconds)
Testing unit/lazyfree
[ok]: Clients are evenly distributed among io threads (228 ms)
[ok]: Warning shown when no auth and binding all interfaces (2 ms)
[ok]: UNLINK can reclaim memory in background (303 ms)
[ok]: Warning shown for configured interface when binding specific address (2 ms)
[ok]: FLUSHDB ASYNC can reclaim memory in background (299 ms)
[ok]: Warning shown for local clients when protected mode is on (2 ms)
[ok]: lazy free a stream with all types of metadata (109 ms)
[ok]: lazy free a stream with deleted cgroup (1 ms)
[ok]: FLUSHALL SYNC optimized to run in bg as blocking FLUSHALL ASYNC (65 ms)
[ok]: Run consecutive blocking FLUSHALL ASYNC successfully (2 ms)
[ok]: FLUSHALL SYNC in MULTI not optimized to run as blocking FLUSHALL ASYNC (1 ms)
[ok]: No warning shown when password is set (1 ms)
[19/149 done]: unit/introspection (12 seconds)
Testing unit/limits
[ok]: Test latency events logging (3403 ms)
[ok]: LATENCY HISTORY output is ok (1 ms)
[ok]: LATENCY LATEST output is ok (0 ms)
[ok]: LATENCY GRAPH can output the event graph (1 ms)
[ok]: Check if maxclients works refusing connections (909 ms)
[20/149 done]: unit/limits (1 seconds)
Testing unit/maxmemory
[ok]: SET and RESTORE key nearly as large as the memory limit (183 ms)
[ok]: LATENCY GRAPH can output the expire event graph (0 ms)
[ok]: LATENCY of expire events are correctly collected (2305 ms)
[ok]: LATENCY HISTORY / RESET with wrong event name is fine (0 ms)
[ok]: LATENCY DOCTOR produces some output (2 ms)
[ok]: LATENCY RESET is able to reset events (0 ms)
[ok]: LATENCY HELP should not have unexpected options (1 ms)
[21/149 done]: unit/latency-monitor (6 seconds)
Testing unit/memefficiency
[ok]: eviction due to output buffers of many MGET clients, client eviction: false (1995 ms)
[ok]: eviction due to input buffer of a dead client, client eviction: false (418 ms)
[ok]: Memory efficiency with values in range 32 (499 ms)
[ok]: eviction due to output buffers of pubsub, client eviction: false (413 ms)
[ok]: Memory efficiency with values in range 64 (501 ms)
[ok]: Memory efficiency with values in range 128 (493 ms)
[ok]: eviction due to output buffers of many MGET clients, client eviction: true (832 ms)
[ok]: Memory efficiency with values in range 1024 (514 ms)
[ok]: eviction due to input buffer of a dead client, client eviction: true (419 ms)
[ok]: eviction due to output buffers of pubsub, client eviction: true (582 ms)
[ok]: Client closed in the middle of blocking FLUSHALL ASYNC (6424 ms)
[ok]: Pending commands in querybuf processed once unblocking FLUSHALL ASYNC (2 ms)
[ok]: maxmemory - is the memory limit honoured? (policy allkeys-random) (108 ms)
[ok]: maxmemory - is the memory limit honoured? (policy allkeys-lru) (547 ms)
[ok]: Memory efficiency with values in range 16384 (1872 ms)
[22/149 done]: unit/memefficiency (4 seconds)
Testing unit/multi
[ok]: maxmemory - is the memory limit honoured? (policy allkeys-lfu) (515 ms)
[ok]: MULTI / EXEC basics (2 ms)
[ok]: DISCARD (1 ms)
[ok]: Nested MULTI are not allowed (0 ms)
[ok]: MULTI where commands alter argc/argv (1 ms)
[ok]: WATCH inside MULTI is not allowed (0 ms)
[ok]: EXEC fails if there are errors while queueing commands #1 (1 ms)
[ok]: EXEC fails if there are errors while queueing commands #2 (2 ms)
[ok]: If EXEC aborts, the client MULTI state is cleared (1 ms)
[ok]: EXEC works on WATCHed key not modified (1 ms)
[ok]: EXEC fail on WATCHed key modified (1 key of 1 watched) (0 ms)
[ok]: EXEC fail on WATCHed key modified (1 key of 5 watched) (0 ms)
[ok]: EXEC fail on WATCHed key modified by SORT with STORE even if the result is empty (1 ms)
[ok]: EXEC fail on lazy expired WATCHed key (102 ms)
[ok]: WATCH stale keys should not fail EXEC (3 ms)
[ok]: Delete WATCHed stale keys should not fail EXEC (3 ms)
[ok]: FLUSHDB while watching stale keys should not fail EXEC (3 ms)
[ok]: After successful EXEC key is no longer watched (0 ms)
[ok]: After failed EXEC key is no longer watched (1 ms)
[ok]: It is possible to UNWATCH (0 ms)
[ok]: UNWATCH when there is nothing watched works as expected (0 ms)
[ok]: FLUSHALL is able to touch the watched keys (1 ms)
[ok]: FLUSHALL does not touch non affected keys (1 ms)
[ok]: FLUSHDB is able to touch the watched keys (1 ms)
[ok]: FLUSHDB does not touch non affected keys (0 ms)
[ok]: SWAPDB is able to touch the watched keys that exist (1 ms)
[ok]: SWAPDB is able to touch the watched keys that do not exist (1 ms)
[ok]: SWAPDB does not touch watched stale keys (3 ms)
[ok]: SWAPDB does not touch non-existing key replaced with stale key (3 ms)
[ok]: SWAPDB does not touch stale key replaced with another stale key (4 ms)
[ok]: WATCH is able to remember the DB a key belongs to (1 ms)
[ok]: WATCH will consider touched keys target of EXPIRE (1 ms)
[ok]: maxmemory - is the memory limit honoured? (policy allkeys-lrm) (508 ms)
[ok]: maxmemory - is the memory limit honoured? (policy volatile-lru) (502 ms)
[ok]: WATCH will consider touched expired keys (1107 ms)
[ok]: DISCARD should clear the WATCH dirty flag on the client (1 ms)
[ok]: DISCARD should UNWATCH all the keys (1 ms)
[ok]: MULTI / EXEC is not propagated (single write command) (42 ms)
[ok]: MULTI / EXEC is propagated correctly (multiple commands) (101 ms)
[ok]: maxmemory - is the memory limit honoured? (policy volatile-lfu) (509 ms)
[ok]: MULTI / EXEC is propagated correctly (multiple commands with SELECT) (102 ms)
[ok]: MULTI / EXEC is propagated correctly (empty transaction) (100 ms)
[ok]: MULTI / EXEC is propagated correctly (read-only commands) (101 ms)
[ok]: MULTI / EXEC is propagated correctly (write command, no effect) (101 ms)
[ok]: Unblocks client blocked on lazyfree via REPLICAOF command (3146 ms)
[ok]: MULTI / EXEC with REPLICAOF (102 ms)
[ok]: DISCARD should not fail during OOM (1 ms)
[23/149 done]: unit/lazyfree (10 seconds)
Testing unit/networking
[ok]: maxmemory - is the memory limit honoured? (policy volatile-random) (516 ms)
[ok]: CONFIG SET port number (232 ms)
[ok]: MULTI and script timeout (405 ms)
[ok]: CONFIG SET bind address (231 ms)
[ok]: maxmemory - is the memory limit honoured? (policy volatile-ttl) (527 ms)
[ok]: EXEC and script timeout (403 ms)
[ok]: CONFIG SET bind-source-addr (531 ms)
[ok]: maxmemory - is the memory limit honoured? (policy volatile-lrm) (525 ms)
[ok]: MULTI-EXEC body and script timeout (403 ms)
[ok]: Default bind address configuration handling (219 ms)
[ok]: Protected mode works as expected (8 ms)
[ok]: maxmemory - only allkeys-* should remove non-volatile keys (allkeys-random) (467 ms)
[ok]: just EXEC and script timeout (405 ms)
[ok]: exec with write commands and state change (1 ms)
[ok]: exec with read commands and stale replica state change (4 ms)
[ok]: EXEC with only read commands should not be rejected when OOM (1 ms)
[ok]: EXEC with at least one use-memory command should fail (1 ms)
[ok]: Blocking commands ignores the timeout (2 ms)
[ok]: MULTI propagation of PUBLISH (93 ms)
[ok]: MULTI propagation of SCRIPT LOAD (101 ms)
[err]: prefetch works as expected when killing a client from the middle of prefetch commands batch in tests/unit/networking.tcl
Expected '0' to be between to '2' and '15' (context: type eval line 44 cmd {assert_range $prefetch_entries 2 15} proc ::test)
[ok]: MULTI propagation of EVAL (100 ms)
[ok]: MULTI propagation of SCRIPT FLUSH (103 ms)
[ok]: MULTI propagation of XREADGROUP (101 ms)
[ok]: MULTI with SAVE (1 ms)
[ok]: MULTI with SHUTDOWN (1 ms)
[ok]: maxmemory - only allkeys-* should remove non-volatile keys (allkeys-lru) (566 ms)
[ok]: prefetch works as expected when changing the batch size while executing the commands batch (265 ms)
[ok]: MULTI with BGREWRITEAOF (204 ms)
[ok]: no prefetch when the batch size is set to 0 (263 ms)
[ok]: MULTI with config set appendonly (207 ms)
[ok]: MULTI with config error (1 ms)
[ok]: Flushall while watching several keys by one client (1 ms)
[err]: Prefetch can resume working when the configuration option is set to a non-zero value in tests/unit/networking.tcl
Expected '0' to be between to '2' and '16' (context: type eval line 14 cmd {assert_range $new_prefetch_entries [expr {$prefetch_entries + 2}] [expr {$prefetch_entries + 16}]} proc ::test)
[ok]: maxmemory - only allkeys-* should remove non-volatile keys (allkeys-lrm) (572 ms)
[ok]: MULTI with FLUSHALL and AOF (3 ms)
[24/149 done]: unit/multi (5 seconds)
Testing unit/obuf-limits
[ok]: CONFIG SET client-output-buffer-limit (1 ms)
[err]: Prefetch works with batch size greater than 16 (buffer overflow regression test) in tests/unit/networking.tcl
Expected '0' to be between to '2' and '64' (context: type eval line 15 cmd {assert_range $new_prefetch_entries [expr {$prefetch_entries + 2}] [expr {$prefetch_entries + 64}]} proc ::test)
[ok]: maxmemory - only allkeys-* should remove non-volatile keys (volatile-lru) (572 ms)
[err]: Prefetch works with maximum batch size of 128 and client number larger than batch size in tests/unit/networking.tcl
Expected '0' to be between to '2' and '300' (context: type eval line 15 cmd {assert_range $new_prefetch_entries [expr {$prefetch_entries + 2}] [expr {$prefetch_entries + 300}]} proc ::test)
[ok]: maxmemory - only allkeys-* should remove non-volatile keys (volatile-random) (643 ms)
[ok]: maxmemory - only allkeys-* should remove non-volatile keys (volatile-ttl) (649 ms)
[ok]: maxmemory - only allkeys-* should remove non-volatile keys (volatile-lrm) (657 ms)
[ok]: Client output buffer hard limit is enforced (2867 ms)
[ok]: maxmemory - policy volatile-lru should only remove volatile keys. (823 ms)
[ok]: Multiple clients idle timeout test (2510 ms)
[ok]: maxmemory - policy volatile-lfu should only remove volatile keys. (831 ms)
[ok]: maxmemory - policy volatile-random should only remove volatile keys. (828 ms)
[ok]: maxmemory - policy volatile-ttl should only remove volatile keys. (827 ms)
[ok]: maxmemory - policy volatile-lrm should only remove volatile keys. (826 ms)
[ok]: Client output buffer soft limit is enforced if time is overreached (4457 ms)
[ok]: Pending command pool expansion and shrinking (4234 ms)
[25/149 done]: unit/networking (11 seconds)
Testing unit/oom-score-adj
[ok]: CONFIG SET oom-score-adj works as expected (57 ms)
[ok]: CONFIG SET oom-score-adj handles configuration failures (2 ms)
[ok]: CONFIG SET oom-score-adj-values doesn't touch proc when disabled (1 ms)
[ok]: CONFIG SET oom score restored on disable (0 ms)
[ok]: CONFIG SET oom score relative and absolute (0 ms)
[ok]: CONFIG SET out-of-range oom score (1 ms)
[26/149 done]: unit/oom-score-adj (0 seconds)
Testing unit/other
[ok]: Coverage: HELP commands (3 ms)
[ok]: Coverage: MEMORY MALLOC-STATS (4 ms)
[ok]: Coverage: MEMORY PURGE (1 ms)
[ok]: je_malloc_conf compile-time tuning is active (1 ms)
[ok]: SAVE - make sure there are all the types as values (4 ms)
[ok]: Client output buffer soft limit is not enforced too early and is enforced when no traffic (4930 ms)
[ok]: No response for single command if client output buffer hard limit is enforced (117 ms)
[ok]: No response for multi commands in pipeline if client output buffer limit is enforced (297 ms)
[ok]: Execute transactions completely even if client output buffer limit is enforced (18 ms)
[ok]: Obuf limit, HRANDFIELD with huge count stopped mid-run (21 ms)
[ok]: Obuf limit, KEYS stopped mid-run (68 ms)
[ok]: zero-copy referenced reply bytes are reflected in memory stats (5 ms)
[ok]: shared reply bytes are tracked as unshared after the key is deleted (933 ms)
[ok]: FUZZ stresser with data model binary (5615 ms)
[27/149 done]: unit/obuf-limits (14 seconds)
Testing unit/pause
[ok]: Test read commands are not blocked by client pause (1 ms)
[ok]: Test old pause-all takes precedence over new pause-write (less restrictive) (339 ms)
[ok]: Test new pause time is smaller than old one, then old time preserved (102 ms)
[ok]: Test write commands are paused by RO (1 ms)
[ok]: Test special commands are paused by RO (3 ms)
[ok]: Test read/admin multi-execs are not blocked by pause RO (1 ms)
[ok]: Test write multi-execs are blocked by pause RO (1 ms)
[ok]: Test scripts are blocked by pause RO (2 ms)
[ok]: Test RO scripts are not blocked by pause RO (2 ms)
[ok]: Test read-only scripts in multi-exec are not blocked by pause RO (2 ms)
[ok]: Test write scripts in multi-exec are blocked by pause RO (2 ms)
[ok]: Test may-replicate commands are rejected in RO scripts (1 ms)
[ok]: Test multiple clients can be queued up and unblocked (2 ms)
[ok]: Test clients with syntax errors will get responses immediately (0 ms)
[ok]: Test both active and passive expires are skipped during client pause (102 ms)
[ok]: Test that client pause starts at the end of a transaction (2 ms)
[ok]: Test when replica paused, offset would not grow (3 ms)
[ok]: Test replica offset would grow after unpause (1 ms)
[ok]: Test the randomkey command will not cause the server to get into an infinite loop during the client pause write (7 ms)
[ok]: CLIENT UNBLOCK is not allow to unblock client blocked by CLIENT PAUSE (2 ms)
[28/149 done]: unit/pause (1 seconds)
Testing unit/printver
[ok]: GEOSEARCH fuzzy test - byradius (121296 ms)
Testing Redis version 8.8.0 (82647349)
[29/149 done]: unit/printver (0 seconds)
Testing unit/protocol
[ok]: Handle an empty query (48 ms)
[ok]: Inline protocol accepts a fragmented long line (48 ms)
[ok]: Multibulk count accepts CRLF split across writes (48 ms)
[ok]: Multibulk bulk length accepts CRLF split across writes (44 ms)
[ok]: Multibulk pipeline accepts many buffered commands (4 ms)
[ok]: Bulk payload containing CRLF and NUL is length-delimited (1 ms)
[ok]: Bulk payload with CRLF survives a pipelined batch (2 ms)
[ok]: Long multibulk length remains bounded (1 ms)
[ok]: Negative multibulk length (48 ms)
[ok]: Out of range multibulk length (1 ms)
[ok]: Wrong multibulk payload header (0 ms)
[ok]: Negative multibulk payload length (0 ms)
[ok]: Out of range multibulk payload length (1 ms)
[ok]: Non-number multibulk payload length (1 ms)
[ok]: Multi bulk request not followed by bulk arguments (1 ms)
[ok]: Generic wrong number of args (1 ms)
[ok]: Unbalanced number of quotes (0 ms)
[ok]: Protocol desync regression test #1 (54 ms)
[ok]: Protocol desync regression test #2 (54 ms)
[ok]: Protocol desync regression test #3 (54 ms)
[ok]: raw protocol response (0 ms)
[ok]: raw protocol response - deferred (0 ms)
[ok]: raw protocol response - multiline (0 ms)
[ok]: bulk reply protocol (1 ms)
[ok]: RESP3 attributes (2 ms)
[ok]: RESP3 attributes readraw (1 ms)
[ok]: RESP3 attributes on RESP2 (0 ms)
[ok]: test big number parsing (1 ms)
[ok]: test bool parsing (1 ms)
[ok]: test verbatim str parsing (0 ms)
[ok]: test large number of args (26 ms)
[ok]: test argument rewriting - issue 9598 (2 ms)
[ok]: Regression for a crash with blocking ops and pipelining (1 ms)
[ok]: Regression for a crash with cron release of client arguments (3002 ms)
[30/149 done]: unit/protocol (5 seconds)
Testing unit/pubsub
[ok]: Pub/Sub PING on RESP2 (1 ms)
[ok]: Pub/Sub PING on RESP3 (0 ms)
[ok]: PUBLISH/SUBSCRIBE basics (2 ms)
[ok]: PUBLISH/SUBSCRIBE with two clients (2 ms)
[ok]: PUBLISH/SUBSCRIBE after UNSUBSCRIBE without arguments (1 ms)
[ok]: SUBSCRIBE to one channel more than once (1 ms)
[ok]: UNSUBSCRIBE from non-subscribed channels (0 ms)
[ok]: PUBLISH/PSUBSCRIBE basics (2 ms)
[ok]: PUBLISH/PSUBSCRIBE with two clients (1 ms)
[ok]: PUBLISH/PSUBSCRIBE after PUNSUBSCRIBE without arguments (1 ms)
[ok]: FUZZ stresser with data model alpha (5798 ms)
[ok]: PubSub messages with CLIENT REPLY OFF (94 ms)
[ok]: PUNSUBSCRIBE from non-subscribed channels (1 ms)
[ok]: NUMSUB returns numbers, not strings (#1561) (0 ms)
[ok]: NUMPATs returns the number of unique patterns (2 ms)
[ok]: Mix SUBSCRIBE and PSUBSCRIBE (1 ms)
[ok]: PUNSUBSCRIBE and UNSUBSCRIBE should always reply (1 ms)
[ok]: Keyspace notifications: we receive keyspace notifications (47 ms)
[ok]: Keyspace notifications: we receive keyevent notifications (44 ms)
[ok]: Keyspace notifications: we can receive both kind of events (1 ms)
[ok]: Keyspace notifications: we are able to mask events (1 ms)
[ok]: Keyspace notifications: general events test (1 ms)
[ok]: Keyspace notifications: list events test (2 ms)
[ok]: Keyspace notifications: set events test (2 ms)
[ok]: Keyspace notifications: zset events test (1 ms)
[ok]: Keyspace notifications: hash events test (listpackex) (401 ms)
[ok]: Keyspace notifications: hash events test (hashtable) (402 ms)
[ok]: Keyspace notifications: stream events test (2 ms)
[ok]: Keyspace notifications:FXX/FNX with HSETEX cmd (65 ms)
[ok]: Keyspace notifications: expired events (triggered expire) (102 ms)
[ok]: Keyspace notifications: expired events (background expire) (108 ms)
[ok]: Keyspace notifications: evicted events (2 ms)
[ok]: Keyspace notifications: test CONFIG GET/SET of event flags (1 ms)
[ok]: Keyspace notifications: new key test (1 ms)
[ok]: Keyspace notifications: overwritten events - string to string (1 ms)
[ok]: Keyspace notifications: type_changed events - hash to string (2 ms)
[ok]: Keyspace notifications: both overwritten and type_changed events (1 ms)
[ok]: Keyspace notifications: configuration flags work correctly (1 ms)
[ok]: Keyspace notifications: RESTORE REPLACE different type - restore, overwritten and type_changed events (2 ms)
[ok]: Keyspace notifications: SET on existing string key - overwritten event (1 ms)
[ok]: Keyspace notifications: setKey on existing different type key - overwritten and type_changed events (4 ms)
[ok]: Keyspace notifications: overwritten and type_changed events for RENAME and COPY commands (2 ms)
[ok]: Keyspace notifications: overwritten and type_changed for *STORE* commands (6 ms)
[ok]: Subkey notifications: subkeyspace - HSET single field (listpackex) (1 ms)
[ok]: Subkey notifications: subkeyspace - HINCRBY (listpackex) (0 ms)
[ok]: Subkey notifications: subkeyspace - HSETNX (listpackex) (0 ms)
[ok]: Subkey notifications: subkeyspace - HINCRBYFLOAT (listpackex) (1 ms)
[ok]: Subkey notifications: HSET 3 fields (listpackex, stack) (0 ms)
[ok]: Subkey notifications: HDEL 3 fields (listpackex, stack) (1 ms)
[ok]: Subkey notifications: HGETDEL 3 fields (listpackex, stack) (1 ms)
[ok]: Subkey notifications: HEXPIRE 3 fields (listpackex, stack) (0 ms)
[ok]: Subkey notifications: HEXPIRE past timestamp 3 fields (listpackex, stack) (1 ms)
[ok]: Subkey notifications: HPERSIST 3 fields (listpackex, stack) (1 ms)
[ok]: Subkey notifications: HGETEX with expire 3 fields (listpackex, stack) (1 ms)
[ok]: Subkey notifications: HGETEX with persist 3 fields (listpackex, stack) (0 ms)
[ok]: Subkey notifications: HGETEX past timestamp 3 fields (listpackex, stack) (1 ms)
[ok]: Subkey notifications: HSETEX 3 fields (listpackex, stack) (1 ms)
[ok]: Subkey notifications: HSETEX past timestamp 3 fields (listpackex, stack) (0 ms)
[ok]: Subkey notifications: lazy field expiry triggers hexpired 3 fields (listpackex, stack) (101 ms)
[ok]: Subkey notifications: active field expiry triggers hexpired 3 fields (listpackex, stack) (63 ms)
[ok]: Subkey notifications: HSET 32 fields (listpackex, heap) (0 ms)
[ok]: Subkey notifications: HDEL 32 fields (listpackex, heap) (1 ms)
[ok]: Subkey notifications: HGETDEL 32 fields (listpackex, heap) (1 ms)
[ok]: Subkey notifications: HEXPIRE 32 fields (listpackex, heap) (1 ms)
[ok]: Subkey notifications: HEXPIRE past timestamp 32 fields (listpackex, heap) (1 ms)
[ok]: Subkey notifications: HPERSIST 32 fields (listpackex, heap) (1 ms)
[ok]: Subkey notifications: HGETEX with expire 32 fields (listpackex, heap) (1 ms)
[ok]: Subkey notifications: HGETEX with persist 32 fields (listpackex, heap) (2 ms)
[ok]: Subkey notifications: HGETEX past timestamp 32 fields (listpackex, heap) (1 ms)
[ok]: Subkey notifications: HSETEX 32 fields (listpackex, heap) (0 ms)
[ok]: Subkey notifications: HSETEX past timestamp 32 fields (listpackex, heap) (0 ms)
[ok]: Subkey notifications: lazy field expiry triggers hexpired 32 fields (listpackex, heap) (102 ms)
[ok]: Subkey notifications: active field expiry triggers hexpired 32 fields (listpackex, heap) (89 ms)
[ok]: Subkey notifications: subkeyspace - HSET single field (hashtable) (1 ms)
[ok]: Subkey notifications: subkeyspace - HINCRBY (hashtable) (0 ms)
[ok]: Subkey notifications: subkeyspace - HSETNX (hashtable) (1 ms)
[ok]: Subkey notifications: subkeyspace - HINCRBYFLOAT (hashtable) (0 ms)
[ok]: Subkey notifications: HSET 3 fields (hashtable, stack) (1 ms)
[ok]: Subkey notifications: HDEL 3 fields (hashtable, stack) (0 ms)
[ok]: Subkey notifications: HGETDEL 3 fields (hashtable, stack) (1 ms)
[ok]: Subkey notifications: HEXPIRE 3 fields (hashtable, stack) (0 ms)
[ok]: Subkey notifications: HEXPIRE past timestamp 3 fields (hashtable, stack) (0 ms)
[ok]: Subkey notifications: HPERSIST 3 fields (hashtable, stack) (1 ms)
[ok]: Subkey notifications: HGETEX with expire 3 fields (hashtable, stack) (1 ms)
[ok]: Subkey notifications: HGETEX with persist 3 fields (hashtable, stack) (0 ms)
[ok]: Subkey notifications: HGETEX past timestamp 3 fields (hashtable, stack) (1 ms)
[ok]: Subkey notifications: HSETEX 3 fields (hashtable, stack) (0 ms)
[ok]: Subkey notifications: HSETEX past timestamp 3 fields (hashtable, stack) (0 ms)
[ok]: Subkey notifications: lazy field expiry triggers hexpired 3 fields (hashtable, stack) (102 ms)
[ok]: Subkey notifications: active field expiry triggers hexpired 3 fields (hashtable, stack) (90 ms)
[ok]: Subkey notifications: HSET 32 fields (hashtable, heap) (1 ms)
[ok]: Subkey notifications: HDEL 32 fields (hashtable, heap) (1 ms)
[ok]: Subkey notifications: HGETDEL 32 fields (hashtable, heap) (1 ms)
[ok]: Subkey notifications: HEXPIRE 32 fields (hashtable, heap) (0 ms)
[ok]: Subkey notifications: HEXPIRE past timestamp 32 fields (hashtable, heap) (0 ms)
[ok]: Subkey notifications: HPERSIST 32 fields (hashtable, heap) (1 ms)
[ok]: Subkey notifications: HGETEX with expire 32 fields (hashtable, heap) (1 ms)
[ok]: Subkey notifications: HGETEX with persist 32 fields (hashtable, heap) (1 ms)
[ok]: Subkey notifications: HGETEX past timestamp 32 fields (hashtable, heap) (1 ms)
[ok]: Subkey notifications: HSETEX 32 fields (hashtable, heap) (1 ms)
[ok]: Subkey notifications: HSETEX past timestamp 32 fields (hashtable, heap) (0 ms)
[ok]: Subkey notifications: lazy field expiry triggers hexpired 32 fields (hashtable, heap) (102 ms)
[ok]: Subkey notifications: active field expiry triggers hexpired 32 fields (hashtable, heap) (90 ms)
[ok]: Subkey notifications: subkeyevent format (listpackex) (2 ms)
[ok]: Subkey notifications: subkeyspaceitem format (listpackex) (1 ms)
[ok]: Subkey notifications: subkeyspaceitem per-subkey delivery with psubscribe (listpackex) (1 ms)
[ok]: Subkey notifications: subkeyspaceitem skips key with newline (listpackex) (2 ms)
[ok]: Subkey notifications: subkeyspaceevent format (listpackex) (1 ms)
[ok]: Subkey notifications: subkeyevent format (hashtable) (1 ms)
[ok]: Subkey notifications: subkeyspaceitem format (hashtable) (1 ms)
[ok]: Subkey notifications: subkeyspaceitem per-subkey delivery with psubscribe (hashtable) (1 ms)
[ok]: Subkey notifications: subkeyspaceitem skips key with newline (hashtable) (1 ms)
[ok]: Subkey notifications: subkeyspaceevent format (hashtable) (1 ms)
[ok]: Subkey notifications: all 4 channels enabled simultaneously (3 ms)
[ok]: Subkey notifications: replica receives subkey notifications after replication (436 ms)
[ok]: publish to self inside multi (1 ms)
[ok]: publish to self inside script (1 ms)
[ok]: unsubscribe inside multi, and publish to self (2 ms)
[ok]: subscribe  fails with OOM when memory limit exceeded (491 ms)
[ok]: ssubscribe  fails with OOM when memory limit exceeded (503 ms)
[ok]: psubscribe  fails with OOM when memory limit exceeded (507 ms)
[ok]: subscribe with 2 clients fails with OOM when memory limit exceeded (510 ms)
[ok]: ssubscribe with 2 clients fails with OOM when memory limit exceeded (510 ms)
[ok]: FUZZ stresser with data model compr (5466 ms)
[ok]: FLUSHALL should not reset the dirty counter if we disable save (1 ms)
[ok]: FLUSHALL should reset the dirty counter to 0 if we enable save (3 ms)
[ok]: psubscribe with 2 clients fails with OOM when memory limit exceeded (520 ms)
[ok]: subscribe with large channel name fails due to OOM (58 ms)
[ok]: psubscribe with large pattern name fails due to OOM (68 ms)
[ok]: ssubscribe with large shard channel name fails due to OOM (71 ms)
[ok]: subscribe succeeds with small channel but fails with large channel due to OOM (135 ms)
[ok]: psubscribe succeeds with small pattern but fails with large pattern due to OOM (146 ms)
[ok]: ssubscribe succeeds with small channel but fails with large channel due to OOM (143 ms)
[31/149 done]: unit/pubsub (6 seconds)
Testing unit/pubsubshard
[ok]: SPUBLISH/SSUBSCRIBE basics (2 ms)
[ok]: SPUBLISH/SSUBSCRIBE with two clients (2 ms)
[ok]: SPUBLISH/SSUBSCRIBE after UNSUBSCRIBE without arguments (1 ms)
[ok]: SSUBSCRIBE to one channel more than once (1 ms)
[ok]: SUNSUBSCRIBE from non-subscribed channels (1 ms)
[ok]: PUBSUB command basics (0 ms)
[ok]: SPUBLISH/SSUBSCRIBE with two clients (2 ms)
[ok]: SPUBLISH/SSUBSCRIBE with PUBLISH/SUBSCRIBE (2 ms)
[ok]: FLUSHALL and bgsave (1008 ms)
[ok]: PubSubShard with CLIENT REPLY OFF (90 ms)
[ok]: BGSAVE (60 ms)
[ok]: SELECT an out of range DB (0 ms)
[ok]: setup replication for following tests (101 ms)
[ok]: publish message to master and receive on replica (1 ms)
[32/149 done]: unit/pubsubshard (2 seconds)
Testing unit/querybuf
[ok]: query buffer resized correctly (2748 ms)
[ok]: query buffer resized correctly when not idle (70 ms)
[ok]: query buffer resized correctly with fat argv (2928 ms)
[ok]: Client executes small argv commands using reusable query buffer (1 ms)
[33/149 done]: unit/querybuf (6 seconds)
Testing unit/quit
[ok]: QUIT returns OK (1 ms)
[ok]: Pipelined commands after QUIT must not be executed (1 ms)
[ok]: Pipelined commands after QUIT that exceed read buffer size (2 ms)
[34/149 done]: unit/quit (0 seconds)
Testing unit/replybufsize
[ok]: Check consistency of different data types after a reload (8224 ms)
[err]: verify reply buffer limits in tests/unit/replybufsize.tcl
reply buffer of busy client is 1024 after 1 seconds
[35/149 done]: unit/replybufsize (1 seconds)
Testing unit/scan
[ok]: {standalone} SCAN basic (83 ms)
[ok]: {standalone} SCAN COUNT (93 ms)
[ok]: {standalone} SCAN MATCH (77 ms)
[ok]: {standalone} SCAN TYPE (114 ms)
[ok]: {standalone} SCAN unknown type (80 ms)
[ok]: {standalone} SCAN with expired keys (86 ms)
[ok]: {standalone} SCAN with expired keys with TYPE filter and PATTERN filter (87 ms)
[ok]: {standalone} SSCAN with encoding intset (2 ms)
[ok]: {standalone} SSCAN with encoding listpack (2 ms)
[ok]: {standalone} SSCAN with encoding hashtable (5 ms)
[ok]: {standalone} HSCAN with encoding listpack (2 ms)
[ok]: {standalone} HSCAN with large value listpack (1 ms)
[ok]: {standalone} HSCAN with encoding hashtable (82 ms)
[ok]: {standalone} HSCAN with large value hashtable (1 ms)
[ok]: {standalone} ZSCAN with encoding listpack (2 ms)
[ok]: Same dataset digest if saving/reloading as AOF? (1547 ms)
[ok]: {standalone} ZSCAN with encoding skiplist (77 ms)
[ok]: {standalone} SCAN guarantees check under write load (28 ms)
[ok]: {standalone} SSCAN with integer encoded object (issue #1345) (1 ms)
[ok]: {standalone} SSCAN with PATTERN (0 ms)
[ok]: {standalone} HSCAN with PATTERN (1 ms)
[ok]: {standalone} HSCAN with NOVALUES (0 ms)
[ok]: {standalone} ZSCAN with PATTERN (0 ms)
[ok]: EXPIRES after a reload (snapshot + append only file rewrite) (63 ms)
[ok]: {standalone} ZSCAN scores: regression test for issue #2175 (50 ms)
[ok]: EXPIRES after AOF reload (without rewrite) (2113 ms)
[ok]: PIPELINING stresser (also a regression for the old epoll bug) (666 ms)
[ok]: APPEND basics (1 ms)
[ok]: APPEND basics, integer encoded values (0 ms)
[ok]: APPEND fuzzing (344 ms)
[ok]: FLUSHDB (23 ms)
[ok]: Perform a final SAVE to leave a clean DB on disk (3 ms)
[ok]: RESET clears client state (1 ms)
[ok]: RESET clears MONITOR state (1 ms)
[ok]: RESET clears and discards MULTI state (1 ms)
[ok]: RESET clears Pub/Sub state (0 ms)
[ok]: RESET clears authenticated state (1 ms)
[ok]: Subcommand syntax error crash (issue #10070) (1 ms)
[ok]: Don't rehash if redis has child process (519 ms)
[ok]: Process title set as expected (2 ms)
[ok]: Redis can trigger resizing (1819 ms)
[ok]: Redis can rewind and trigger smaller slot resizing (689 ms)
[ok]: Redis can resize empty dict (128 ms)
[ok]: Cross DB command is incompatible with cluster mode (4 ms)
[ok]: Function no-cluster flag is incompatible with cluster mode (2 ms)
[ok]: Script no-cluster flag is incompatible with cluster mode (1 ms)
[ok]: SORT command incompatible operations with cluster mode (4 ms)
[ok]: Normal cross slot commands are incompatible with cluster mode (1 ms)
[ok]: Transaction is incompatible with cluster mode (1 ms)
[ok]: Lua scripts are incompatible with cluster mode (3 ms)
[ok]: Shard subscribe commands are incompatible with cluster mode (1 ms)
[ok]: cluster-compatibility-sample-ratio configuration can work (116 ms)
[36/149 done]: unit/other (38 seconds)
Testing unit/scripting
[ok]: {standalone} SCAN regression test for issue #4906 (9385 ms)
[ok]: {standalone} SCAN COUNT overflow (2 ms)
[ok]: {standalone} SCAN MATCH pattern implies cluster slot (33 ms)
[ok]: EVAL - Does Lua interpreter replies to our requests? (0 ms)
[ok]: EVAL - Return _G (1 ms)
[ok]: EVAL - Return table with a metatable that raise error (0 ms)
[ok]: EVAL - Return table with a metatable that call redis (1 ms)
[ok]: EVAL - Lua integer -> Redis protocol type conversion (0 ms)
[ok]: EVAL - Lua string -> Redis protocol type conversion (1 ms)
[ok]: EVAL - Lua true boolean -> Redis protocol type conversion (0 ms)
[ok]: EVAL - Lua false boolean -> Redis protocol type conversion (0 ms)
[ok]: EVAL - Lua status code reply -> Redis protocol type conversion (1 ms)
[ok]: EVAL - Lua error reply -> Redis protocol type conversion (0 ms)
[ok]: EVAL - Lua table -> Redis protocol type conversion (1 ms)
[ok]: EVAL - Are the KEYS and ARGV arrays populated correctly? (0 ms)
[ok]: EVAL - is Lua able to call Redis API? (1 ms)
[ok]: EVAL - Redis integer -> Lua type conversion (0 ms)
[ok]: EVAL - Lua number -> Redis integer conversion (1 ms)
[ok]: EVAL - Redis bulk -> Lua type conversion (0 ms)
[ok]: EVAL - Redis multi bulk -> Lua type conversion (0 ms)
[ok]: EVAL - Redis status reply -> Lua type conversion (1 ms)
[ok]: EVAL - Redis error reply -> Lua type conversion (0 ms)
[ok]: EVAL - Redis nil bulk reply -> Lua type conversion (0 ms)
[ok]: EVAL - Is the Lua client using the currently selected DB? (1 ms)
[ok]: EVAL - SELECT inside Lua should not affect the caller (0 ms)
[ok]: EVAL - Scripts do not block on blpop command (1 ms)
[ok]: EVAL - Scripts do not block on brpop command (1 ms)
[ok]: EVAL - Scripts do not block on brpoplpush command (0 ms)
[ok]: EVAL - Scripts do not block on blmove command (0 ms)
[ok]: EVAL - Scripts do not block on bzpopmin command (1 ms)
[ok]: EVAL - Scripts do not block on bzpopmax command (0 ms)
[ok]: EVAL - Scripts do not block on wait (0 ms)
[ok]: EVAL - Scripts do not block on waitaof (0 ms)
[ok]: EVAL - Scripts do not block on XREAD with BLOCK option (0 ms)
[ok]: EVAL - Scripts do not block on XREADGROUP with BLOCK option (1 ms)
[ok]: EVAL - Scripts do not block on XREAD with BLOCK option -- non empty stream (1 ms)
[ok]: EVAL - Scripts do not block on XREADGROUP with BLOCK option -- non empty stream (1 ms)
[ok]: EVAL - Scripts can run non-deterministic commands (0 ms)
[ok]: EVAL - No arguments to redis.call/pcall is considered an error (1 ms)
[ok]: EVAL - redis.call variant raises a Lua error on Redis cmd error (1) (0 ms)
[ok]: EVAL - redis.call variant raises a Lua error on Redis cmd error (1) (0 ms)
[ok]: EVAL - redis.call variant raises a Lua error on Redis cmd error (1) (0 ms)
[ok]: EVAL - Test table unpack with invalid indexes (2 ms)
[ok]: EVAL - JSON numeric decoding (1 ms)
[ok]: EVAL - JSON string decoding (0 ms)
[ok]: EVAL - JSON empty array decoding (2 ms)
[ok]: EVAL - JSON empty array decoding after element removal (0 ms)
[ok]: EVAL - cjson array metatable modification should be readonly (1 ms)
[ok]: EVAL - JSON smoke test (0 ms)
[ok]: EVAL - cmsgpack can pack double? (1 ms)
[ok]: EVAL - cmsgpack can pack negative int64? (0 ms)
[ok]: EVAL - cmsgpack pack/unpack smoke test (274 ms)
[ok]: EVAL - cmsgpack can pack and unpack circular references? (1 ms)
[ok]: EVAL - Numerical sanity check from bitop (1 ms)
[ok]: EVAL - Verify minimal bitop functionality (0 ms)
[ok]: EVAL - Able to parse trailing comments (1 ms)
[ok]: EVAL_RO - Successful case (0 ms)
[ok]: EVAL_RO - Cannot run write commands (1 ms)
[ok]: redis.sha1hex() implementation (1 ms)
[ok]: Measures elapsed time os.clock() (1000 ms)
[ok]: Prohibit dangerous lua methods in sandbox (0 ms)
[ok]: Verify execution of prohibit dangerous Lua methods will fail (5 ms)
[ok]: Globals protection reading an undeclared global variable (0 ms)
[ok]: Globals protection setting an undeclared global* (0 ms)
[ok]: lua bit.tohex bug (1 ms)
[ok]: Test an example script DECR_IF_GT (2 ms)
[ok]: {cluster} SCAN basic (85 ms)
[ok]: {cluster} SCAN COUNT (95 ms)
[ok]: EVAL does not leak in the Lua stack (892 ms)
[ok]: Call Redis command with many args from Lua (issue #1764) (1 ms)
[ok]: Number conversion precision test (issue #1118) (0 ms)
[ok]: String containing number precision test (regression of issue #1118) (0 ms)
[ok]: Verify negative arg count is error instead of crash (issue #1842) (0 ms)
[ok]: Scripts can handle commands with incorrect arity (1 ms)
[ok]: Correct handling of reused argv (issue #1939) (0 ms)
[ok]: Functions in the Redis namespace are able to report errors (0 ms)
[ok]: CLUSTER RESET can not be invoke from within a script (0 ms)
[ok]: Script with RESP3 map (2 ms)
[ok]: {cluster} SCAN MATCH (79 ms)
[ok]: Script return recursive object (131 ms)
[ok]: Script check unpack with massive arguments (7 ms)
[ok]: Script read key with expiration set (1 ms)
[ok]: Script del key with expiration set (1 ms)
[ok]: Script ACL check (1 ms)
[ok]: Binary code loading failed (0 ms)
[ok]: Try trick global protection 1 (0 ms)
[ok]: Try trick global protection 2 (0 ms)
[ok]: Try trick global protection 3 (0 ms)
[ok]: Try trick global protection 4 (0 ms)
[ok]: Try trick readonly table on redis table (0 ms)
[ok]: Try trick readonly table on json table (1 ms)
[ok]: Try trick readonly table on cmsgpack table (0 ms)
[ok]: Try trick readonly table on bit table (1 ms)
[ok]: Try trick readonly table on basic types metatable (2 ms)
[ok]: Test loadfile are not available (0 ms)
[ok]: Test dofile are not available (1 ms)
[ok]: Test print are not available (0 ms)
[ok]: {cluster} SCAN TYPE (117 ms)
[ignore]: large memory flag not provided
[ok]: {cluster} SCAN unknown type (81 ms)
[ok]: {cluster} SCAN with expired keys (88 ms)
[ok]: Test setfenv availability lua-enable-deprecated-api=no (0 ms)
[ok]: Test getfenv availability lua-enable-deprecated-api=no (0 ms)
[ok]: Test newproxy availability lua-enable-deprecated-api=no (1 ms)
[ok]: {cluster} SCAN with expired keys with TYPE filter and PATTERN filter (89 ms)
[ok]: {cluster} SSCAN with encoding intset (2 ms)
[ok]: {cluster} SSCAN with encoding listpack (2 ms)
[ok]: {cluster} SSCAN with encoding hashtable (4 ms)
[ok]: {cluster} HSCAN with encoding listpack (1 ms)
[ok]: {cluster} HSCAN with large value listpack (1 ms)
[ok]: {cluster} HSCAN with encoding hashtable (85 ms)
[ok]: {cluster} HSCAN with large value hashtable (1 ms)
[ok]: {cluster} ZSCAN with encoding listpack (3 ms)
[ok]: Test setfenv availability lua-enable-deprecated-api=yes (1 ms)
[ok]: Test getfenv availability lua-enable-deprecated-api=yes (0 ms)
[ok]: Test newproxy availability lua-enable-deprecated-api=yes (1 ms)
[ok]: {cluster} ZSCAN with encoding skiplist (76 ms)
[ok]: {cluster} SCAN guarantees check under write load (27 ms)
[ok]: {cluster} SSCAN with integer encoded object (issue #1345) (0 ms)
[ok]: {cluster} SSCAN with PATTERN (1 ms)
[ok]: {cluster} HSCAN with PATTERN (0 ms)
[ok]: {cluster} HSCAN with NOVALUES (1 ms)
[ok]: {cluster} ZSCAN with PATTERN (0 ms)
[ok]: {cluster} ZSCAN scores: regression test for issue #2175 (53 ms)
[ok]: Timedout read-only scripts can be killed by SCRIPT KILL (402 ms)
[ok]: Timedout read-only scripts can be killed by SCRIPT KILL even when use pcall (57 ms)
[ok]: Timedout script does not cause a false dead client (57 ms)
[ok]: Timedout script link is still usable after Lua returns (94 ms)
[ok]: Timedout scripts and unblocked command (566 ms)
[ok]: Timedout scripts that modified data can't be killed by SCRIPT KILL (203 ms)
[ok]: SHUTDOWN NOSAVE can kill a timedout script anyway (6 ms)
[ok]: Before the replica connects we issue two EVAL commands (1 ms)
[ok]: Connect a replica to the master instance (102 ms)
[ok]: Replication of script multiple pushes to list with BLPOP (2 ms)
[ok]: Lua scripts using SELECT are replicated correctly (2 ms)
[ok]: Connect a replica to the master instance (102 ms)
[ok]: Redis.replicate_commands() can be issued anywhere now (0 ms)
[ok]: Redis.set_repl() can be issued before replicate_commands() now (0 ms)
[ok]: Redis.set_repl() don't accept invalid values (0 ms)
[ok]: Test selective replication of certain Redis commands from Lua (3 ms)
[ok]: PRNG is seeded randomly for command replication (1 ms)
[ok]: Using side effects is not a problem with command replication (1 ms)
[ok]: test RESP2/2 big number protocol parsing (1 ms)
[ok]: test RESP2/2 malformed big number protocol parsing (0 ms)
[ok]: test RESP2/2 map protocol parsing (1 ms)
[ok]: test RESP2/2 set protocol parsing (0 ms)
[ok]: test RESP2/2 double protocol parsing (0 ms)
[ok]: test RESP2/2 null protocol parsing (0 ms)
[ok]: test RESP2/2 verbatim protocol parsing (0 ms)
[ok]: test RESP2/2 true protocol parsing (0 ms)
[ok]: test RESP2/2 false protocol parsing (1 ms)
[ok]: test RESP2/3 big number protocol parsing (1 ms)
[ok]: test RESP2/3 malformed big number protocol parsing (0 ms)
[ok]: test RESP2/3 map protocol parsing (1 ms)
[ok]: test RESP2/3 set protocol parsing (0 ms)
[ok]: test RESP2/3 double protocol parsing (1 ms)
[ok]: test RESP2/3 null protocol parsing (0 ms)
[ok]: test RESP2/3 verbatim protocol parsing (0 ms)
[ok]: test RESP2/3 true protocol parsing (0 ms)
[ok]: test RESP2/3 false protocol parsing (0 ms)
[ok]: test RESP3/2 big number protocol parsing (0 ms)
[ok]: test RESP3/2 malformed big number protocol parsing (1 ms)
[ok]: test RESP3/2 map protocol parsing (0 ms)
[ok]: test RESP3/2 set protocol parsing (1 ms)
[ok]: test RESP3/2 double protocol parsing (0 ms)
[ok]: test RESP3/2 null protocol parsing (0 ms)
[ok]: test RESP3/2 verbatim protocol parsing (0 ms)
[ok]: test RESP3/2 true protocol parsing (0 ms)
[ok]: test RESP3/2 false protocol parsing (1 ms)
[ok]: test RESP3/3 big number protocol parsing (1 ms)
[ok]: test RESP3/3 malformed big number protocol parsing (0 ms)
[ok]: test RESP3/3 map protocol parsing (1 ms)
[ok]: test RESP3/3 set protocol parsing (0 ms)
[ok]: test RESP3/3 double protocol parsing (0 ms)
[ok]: test RESP3/3 null protocol parsing (0 ms)
[ok]: test RESP3/3 verbatim protocol parsing (0 ms)
[ok]: test RESP3/3 true protocol parsing (1 ms)
[ok]: test RESP3/3 false protocol parsing (0 ms)
[ok]: test resp3 attribute protocol parsing (1 ms)
[ok]: Script block the time during execution (11 ms)
[ok]: Script delete the expired key (3 ms)
[ok]: TIME command using cached time (10 ms)
[ok]: Script block the time in some expiration related commands (82 ms)
[ok]: RESTORE expired keys with expiration time (10 ms)
[ok]: Test script flush will not leak memory - script:0 (336 ms)
[ok]: slave buffer are counted correctly (47675 ms)
[ok]: {cluster} SCAN regression test for issue #4906 (8798 ms)
[ok]: {cluster} SCAN COUNT overflow (2 ms)
[ok]: {cluster} SCAN MATCH pattern implies cluster slot (31 ms)
[37/149 done]: unit/scan (23 seconds)
Testing unit/shutdown
[ok]: Temp rdb will be deleted if we use bg_unlink when shutdown (161 ms)
[ok]: SHUTDOWN ABORT can cancel SIGTERM (15 ms)
[ok]: Temp rdb will be deleted in signal handle (77 ms)
[ok]: RDB save will be failed in shutdown (4 ms)
[ok]: SHUTDOWN will abort if rdb save failed on signal (98 ms)
[ok]: SHUTDOWN will abort if rdb save failed on shutdown command (2 ms)
[ok]: SHUTDOWN can proceed if shutdown command was with nosave (3 ms)
[ok]: Clean up rdb same named folder (1 ms)
[ok]: SHUTDOWN SIGTERM will abort if there's an initial AOFRW - default (101 ms)
[38/149 done]: unit/shutdown (1 seconds)
Testing unit/slowlog
[ok]: SLOWLOG - check that it starts with an empty log (0 ms)
[ok]: SLOWLOG - only logs commands taking more time than specified (201 ms)
[ok]: SLOWLOG - zero max length is correctly handled (9 ms)
[ok]: SLOWLOG - max entries is correctly handled (9 ms)
[ok]: SLOWLOG - GET optional argument to limit output len works (1 ms)
[ok]: SLOWLOG - RESET subcommand works (1 ms)
[ok]: SLOWLOG - logged entry sanity check (201 ms)
[ok]: SLOWLOG - Certain commands are omitted that contain sensitive information (3 ms)
[ok]: SLOWLOG - Some commands can redact sensitive fields (1 ms)
[ok]: SLOWLOG - Rewritten commands are logged as their original command (5 ms)
[ok]: SLOWLOG - commands with too many arguments are trimmed (1 ms)
[ok]: SLOWLOG - too long arguments are trimmed (1 ms)
[ok]: SLOWLOG - EXEC is not logged, just executed commands (201 ms)
[ok]: SLOWLOG - can clean older entries (201 ms)
[ok]: SLOWLOG - can be disabled (402 ms)
[ok]: SLOWLOG - count must be >= -1 (0 ms)
[ok]: SLOWLOG - get all slow logs (2 ms)
[ok]: SLOWLOG - blocking command is reported only after unblocked (3 ms)
[ok]: SLOWLOG - INFO STATS slowlog metrics with no slowlog entries (1 ms)
[ok]: Verify Lua performs GC correctly after script loading (6937 ms)
[ok]: Script - disallow write on OOM (1 ms)
[ok]: EVAL - Does Lua interpreter replies to our requests? (0 ms)
[ok]: EVAL - Return _G (1 ms)
[ok]: EVAL - Return table with a metatable that raise error (0 ms)
[ok]: EVAL - Return table with a metatable that call redis (0 ms)
[ok]: EVAL - Lua integer -> Redis protocol type conversion (0 ms)
[ok]: EVAL - Lua string -> Redis protocol type conversion (0 ms)
[ok]: EVAL - Lua true boolean -> Redis protocol type conversion (0 ms)
[ok]: EVAL - Lua false boolean -> Redis protocol type conversion (1 ms)
[ok]: EVAL - Lua status code reply -> Redis protocol type conversion (0 ms)
[ok]: EVAL - Lua error reply -> Redis protocol type conversion (0 ms)
[ok]: EVAL - Lua table -> Redis protocol type conversion (0 ms)
[ok]: EVAL - Are the KEYS and ARGV arrays populated correctly? (0 ms)
[ok]: EVAL - is Lua able to call Redis API? (0 ms)
[ok]: EVALSHA - Can we call a SHA1 if already defined? (0 ms)
[ok]: EVALSHA_RO - Can we call a SHA1 if already defined? (0 ms)
[ok]: EVALSHA - Can we call a SHA1 in uppercase? (0 ms)
[ok]: EVALSHA - Do we get an error on invalid SHA1? (0 ms)
[ok]: EVALSHA - Do we get an error on non defined SHA1? (1 ms)
[ok]: EVAL - Redis integer -> Lua type conversion (0 ms)
[ok]: EVAL - Lua number -> Redis integer conversion (1 ms)
[ok]: EVAL - Redis bulk -> Lua type conversion (0 ms)
[ok]: EVAL - Redis multi bulk -> Lua type conversion (1 ms)
[ok]: EVAL - Redis status reply -> Lua type conversion (0 ms)
[ok]: EVAL - Redis error reply -> Lua type conversion (0 ms)
[ok]: EVAL - Redis nil bulk reply -> Lua type conversion (0 ms)
[ok]: EVAL - Is the Lua client using the currently selected DB? (0 ms)
[ok]: EVAL - SELECT inside Lua should not affect the caller (0 ms)
[ok]: EVAL - Scripts do not block on blpop command (1 ms)
[ok]: EVAL - Scripts do not block on brpop command (0 ms)
[ok]: EVAL - Scripts do not block on brpoplpush command (1 ms)
[ok]: EVAL - Scripts do not block on blmove command (0 ms)
[ok]: EVAL - Scripts do not block on bzpopmin command (1 ms)
[ok]: EVAL - Scripts do not block on bzpopmax command (0 ms)
[ok]: EVAL - Scripts do not block on wait (1 ms)
[ok]: EVAL - Scripts do not block on waitaof (0 ms)
[ok]: EVAL - Scripts do not block on XREAD with BLOCK option (1 ms)
[ok]: EVAL - Scripts do not block on XREADGROUP with BLOCK option (0 ms)
[ok]: EVAL - Scripts do not block on XREAD with BLOCK option -- non empty stream (1 ms)
[ok]: EVAL - Scripts do not block on XREADGROUP with BLOCK option -- non empty stream (0 ms)
[ok]: EVAL - Scripts can run non-deterministic commands (0 ms)
[ok]: EVAL - No arguments to redis.call/pcall is considered an error (0 ms)
[ok]: EVAL - redis.call variant raises a Lua error on Redis cmd error (1) (0 ms)
[ok]: EVAL - redis.call variant raises a Lua error on Redis cmd error (1) (0 ms)
[ok]: EVAL - redis.call variant raises a Lua error on Redis cmd error (1) (0 ms)
[ok]: EVAL - Test table unpack with invalid indexes (1 ms)
[ok]: EVAL - JSON numeric decoding (1 ms)
[ok]: EVAL - JSON string decoding (0 ms)
[ok]: EVAL - JSON empty array decoding (1 ms)
[ok]: EVAL - JSON empty array decoding after element removal (0 ms)
[ok]: EVAL - cjson array metatable modification should be readonly (0 ms)
[ok]: EVAL - JSON smoke test (0 ms)
[ok]: EVAL - cmsgpack can pack double? (0 ms)
[ok]: EVAL - cmsgpack can pack negative int64? (1 ms)
[ok]: SLOWLOG - INFO STATS slowlog metrics accumulate with slow commands (502 ms)
[ok]: EVAL - cmsgpack pack/unpack smoke test (281 ms)
[ok]: EVAL - cmsgpack can pack and unpack circular references? (0 ms)
[ok]: EVAL - Numerical sanity check from bitop (1 ms)
[ok]: EVAL - Verify minimal bitop functionality (0 ms)
[ok]: EVAL - Able to parse trailing comments (0 ms)
[ok]: EVAL_RO - Successful case (1 ms)
[ok]: EVAL_RO - Cannot run write commands (0 ms)
[ok]: SLOWLOG - INFO STATS slowlog metrics survive SLOWLOG RESET (201 ms)
[ok]: SCRIPTING FLUSH - is able to clear the scripts cache? (20 ms)
[ok]: SCRIPTING FLUSH ASYNC (13 ms)
[ok]: SCRIPT EXISTS - can detect already defined scripts? (1 ms)
[ok]: SCRIPT LOAD - is able to register scripts in the scripting cache (0 ms)
[ok]: SORT is normally not alpha re-ordered for the scripting engine (1 ms)
[ok]: SORT BY <constant> output gets ordered for scripting (1 ms)
[ok]: SORT BY <constant> with GET gets ordered for scripting (0 ms)
[ok]: redis.sha1hex() implementation (0 ms)
[ok]: SLOWLOG - INFO STATS slowlog metrics reset with CONFIG RESETSTAT (201 ms)
[ok]: SLOWLOG - INFO COMMANDSTATS shows slowlog metrics for slow commands (502 ms)
[ok]: SLOWLOG - INFO COMMANDSTATS slowlog metrics only on commands that are slow (202 ms)
[ok]: SLOWLOG - slowlog-entry-max-argc and slowlog-entry-max-string-len defaults (1 ms)
[ok]: SLOWLOG - slowlog-entry-max-argc enforces minimum value of 2 (0 ms)
[ok]: SLOWLOG - slowlog-entry-max-string-len enforces minimum value of 1 (0 ms)
[ok]: SLOWLOG - slowlog-entry-max-argc=2 preserves command name and adds trim marker (1 ms)
[ok]: SLOWLOG - custom slowlog-entry-max-argc trims correctly (2 ms)
[ok]: SLOWLOG - custom slowlog-entry-max-string-len trims string args (2 ms)
[ok]: SLOWLOG - runtime config change applies only to subsequent entries (2 ms)
[ok]: Measures elapsed time os.clock() (1001 ms)
[39/149 done]: unit/slowlog (3 seconds)
Testing unit/sort
[ok]: Prohibit dangerous lua methods in sandbox (0 ms)
[ok]: Verify execution of prohibit dangerous Lua methods will fail (2 ms)
[ok]: Globals protection reading an undeclared global variable (0 ms)
[ok]: Globals protection setting an undeclared global* (0 ms)
[ok]: lua bit.tohex bug (1 ms)
[ok]: Test an example script DECR_IF_GT (1 ms)
[ok]: random numbers are random now (0 ms)
[ok]: Scripting engine PRNG can be seeded correctly (1 ms)
[ok]: Listpack: SORT BY key (1 ms)
[ok]: Listpack: SORT BY key with limit (0 ms)
[ok]: Listpack: SORT BY hash field (1 ms)
[ok]: EVAL does not leak in the Lua stack (429 ms)
[ok]: Quicklist: SORT BY key (9 ms)
[ok]: Quicklist: SORT BY key with limit (0 ms)
[ok]: Quicklist: SORT BY hash field (9 ms)
[ok]: SPOP: We can call scripts rewriting client->argv from Lua (71 ms)
[ok]: MGET: mget shouldn't be propagated in Lua (100 ms)
[ok]: EXPIRE: We can call scripts rewriting client->argv from Lua (101 ms)
[ok]: INCRBYFLOAT: We can call scripts expanding client->argv from Lua (335 ms)
[ok]: Call Redis command with many args from Lua (issue #1764) (1 ms)
[ok]: Number conversion precision test (issue #1118) (1 ms)
[ok]: String containing number precision test (regression of issue #1118) (0 ms)
[ok]: Verify negative arg count is error instead of crash (issue #1842) (0 ms)
[ok]: Scripts can handle commands with incorrect arity (0 ms)
[ok]: Correct handling of reused argv (issue #1939) (1 ms)
[ok]: Functions in the Redis namespace are able to report errors (0 ms)
[ok]: CLUSTER RESET can not be invoke from within a script (0 ms)
[ok]: Script with RESP3 map (2 ms)
[ok]: Script return recursive object (130 ms)
[ok]: Script check unpack with massive arguments (8 ms)
[ok]: Script read key with expiration set (0 ms)
[ok]: Script del key with expiration set (1 ms)
[ok]: Script ACL check (1 ms)
[ok]: Binary code loading failed (0 ms)
[ok]: Try trick global protection 1 (0 ms)
[ok]: Try trick global protection 2 (0 ms)
[ok]: Try trick global protection 3 (1 ms)
[ok]: Try trick global protection 4 (0 ms)
[ok]: Try trick readonly table on redis table (0 ms)
[ok]: Try trick readonly table on json table (1 ms)
[ok]: Try trick readonly table on cmsgpack table (0 ms)
[ok]: Try trick readonly table on bit table (0 ms)
[ok]: Try trick readonly table on basic types metatable (1 ms)
[ok]: Test loadfile are not available (1 ms)
[ok]: Test dofile are not available (0 ms)
[ok]: Test print are not available (0 ms)
[ignore]: large memory flag not provided
[ok]: Test setfenv availability lua-enable-deprecated-api=no (0 ms)
[ok]: Test getfenv availability lua-enable-deprecated-api=no (0 ms)
[ok]: Test newproxy availability lua-enable-deprecated-api=no (1 ms)
[ok]: Test setfenv availability lua-enable-deprecated-api=yes (0 ms)
[ok]: Test getfenv availability lua-enable-deprecated-api=yes (0 ms)
[ok]: Test newproxy availability lua-enable-deprecated-api=yes (1 ms)
[ok]: Timedout read-only scripts can be killed by SCRIPT KILL (402 ms)
[ok]: Timedout read-only scripts can be killed by SCRIPT KILL even when use pcall (157 ms)
[ok]: Timedout script does not cause a false dead client (56 ms)
[ok]: Timedout script link is still usable after Lua returns (91 ms)
[ok]: Timedout scripts and unblocked command (565 ms)
[ok]: replica buffer don't induce eviction (9935 ms)
[ok]: Timedout scripts that modified data can't be killed by SCRIPT KILL (203 ms)
[ok]: SHUTDOWN NOSAVE can kill a timedout script anyway (5 ms)
[ok]: Before the replica connects we issue two EVAL commands (0 ms)
[ok]: Connect a replica to the master instance (102 ms)
[ok]: Now use EVALSHA against the master, with both SHAs (0 ms)
[ok]: 'x' should be '4' for EVALSHA being replicated by effects (1 ms)
[ok]: Replication of script multiple pushes to list with BLPOP (1 ms)
[ok]: EVALSHA replication when first call is readonly (1 ms)
[ok]: Lua scripts using SELECT are replicated correctly (1 ms)
[ok]: Don't rehash if used memory exceeds maxmemory after rehash (273 ms)
[ok]: Big Quicklist: SORT BY key (591 ms)
[ok]: Big Quicklist: SORT BY key with limit (6 ms)
[ok]: Big Quicklist: SORT BY hash field (625 ms)
[ok]: Intset: SORT BY key (0 ms)
[ok]: Intset: SORT BY key with limit (1 ms)
[ok]: Intset: SORT BY hash field (0 ms)
[ok]: Connect a replica to the master instance (102 ms)
[ok]: Redis.replicate_commands() can be issued anywhere now (0 ms)
[ok]: Redis.set_repl() can be issued before replicate_commands() now (0 ms)
[ok]: Redis.set_repl() don't accept invalid values (0 ms)
[ok]: Test selective replication of certain Redis commands from Lua (3 ms)
[ok]: PRNG is seeded randomly for command replication (0 ms)
[ok]: Using side effects is not a problem with command replication (1 ms)
[ok]: Hash table: SORT BY key (10 ms)
[ok]: Hash table: SORT BY key with limit (1 ms)
[ok]: Hash table: SORT BY hash field (11 ms)
[ok]: client tracking don't cause eviction feedback loop (1683 ms)
[ok]: Test scripting debug protocol parsing (1 ms)
[ok]: Test scripting debug lua stack overflow (1 ms)
[ok]: propagation with eviction (91 ms)
[ok]: Lua scripts eviction does not generate many scripts (118 ms)
[ok]: Lua scripts eviction is plain LRU (60 ms)
[ok]: propagation with eviction in MULTI (92 ms)
[ok]: Lua scripts eviction does not affect script load (237 ms)
[ok]: lru/lfu value of the key just added (2 ms)
[ok]: test RESP2/2 big number protocol parsing (0 ms)
[ok]: test RESP2/2 malformed big number protocol parsing (0 ms)
[ok]: test RESP2/2 map protocol parsing (0 ms)
[ok]: test RESP2/2 set protocol parsing (0 ms)
[ok]: test RESP2/2 double protocol parsing (1 ms)
[ok]: test RESP2/2 null protocol parsing (0 ms)
[ok]: test RESP2/2 verbatim protocol parsing (0 ms)
[ok]: test RESP2/2 true protocol parsing (0 ms)
[ok]: test RESP2/2 false protocol parsing (0 ms)
[ok]: test RESP2/3 big number protocol parsing (1 ms)
[ok]: test RESP2/3 malformed big number protocol parsing (0 ms)
[ok]: test RESP2/3 map protocol parsing (0 ms)
[ok]: test RESP2/3 set protocol parsing (1 ms)
[ok]: test RESP2/3 double protocol parsing (0 ms)
[ok]: test RESP2/3 null protocol parsing (0 ms)
[ok]: test RESP2/3 verbatim protocol parsing (0 ms)
[ok]: test RESP2/3 true protocol parsing (1 ms)
[ok]: test RESP2/3 false protocol parsing (0 ms)
[ok]: test RESP3/2 big number protocol parsing (1 ms)
[ok]: test RESP3/2 malformed big number protocol parsing (0 ms)
[ok]: test RESP3/2 map protocol parsing (0 ms)
[ok]: test RESP3/2 set protocol parsing (1 ms)
[ok]: test RESP3/2 double protocol parsing (0 ms)
[ok]: test RESP3/2 null protocol parsing (0 ms)
[ok]: test RESP3/2 verbatim protocol parsing (0 ms)
[ok]: test RESP3/2 true protocol parsing (0 ms)
[ok]: test RESP3/2 false protocol parsing (0 ms)
[ok]: test RESP3/3 big number protocol parsing (0 ms)
[ok]: test RESP3/3 malformed big number protocol parsing (0 ms)
[ok]: test RESP3/3 map protocol parsing (0 ms)
[ok]: test RESP3/3 set protocol parsing (1 ms)
[ok]: test RESP3/3 double protocol parsing (0 ms)
[ok]: test RESP3/3 null protocol parsing (0 ms)
[ok]: test RESP3/3 verbatim protocol parsing (0 ms)
[ok]: test RESP3/3 true protocol parsing (1 ms)
[ok]: test RESP3/3 false protocol parsing (0 ms)
[ok]: test resp3 attribute protocol parsing (0 ms)
[ok]: Script block the time during execution (10 ms)
[ok]: Script delete the expired key (3 ms)
[ok]: TIME command using cached time (10 ms)
[ok]: Script block the time in some expiration related commands (81 ms)
[ok]: RESTORE expired keys with expiration time (11 ms)
[ok]: Test script flush will not leak memory - script:1 (319 ms)
[ok]: Big Hash table: SORT BY key (552 ms)
[ok]: Big Hash table: SORT BY key with limit (8 ms)
[ok]: LRM: Basic write updates idle time (2004 ms)
[ok]: Big Hash table: SORT BY hash field (572 ms)
[ok]: SORT GET # (0 ms)
[ok]: SORT GET <const> (0 ms)
[ok]: SORT_RO GET <const> (1 ms)
[ok]: SORT GET (key and hash) with sanity check (4 ms)
[ok]: SORT BY key STORE (1 ms)
[ok]: SORT BY hash field STORE (1 ms)
[ok]: SORT extracts STORE correctly (0 ms)
[ok]: SORT_RO get keys (1 ms)
[ok]: SORT extracts multiple STORE correctly (0 ms)
[ok]: SORT DESC (0 ms)
[ok]: SORT ALPHA against integer encoded strings (1 ms)
[ok]: SORT sorted set (1 ms)
[ok]: SORT sorted set BY nosort should retain ordering (1 ms)
[ok]: SORT sorted set BY nosort + LIMIT (2 ms)
[ok]: SORT sorted set BY nosort works as expected from scripts (1 ms)
[ok]: SORT sorted set: +inf and -inf handling (1 ms)
[ok]: SORT regression for issue #19, sorting floats (7 ms)
[ok]: SORT BY with smallest normal double 2.2250738585072012e-308 (1 ms)
[ok]: SORT with STORE returns zero if result is empty (github issue 224) (0 ms)
[ok]: SORT with STORE does not create empty lists (github issue 224) (1 ms)
[ok]: SORT with STORE removes key if result is empty (github issue 227) (1 ms)
[ok]: SORT with BY <constant> and STORE should still order output (0 ms)
[ok]: SORT will complain with numerical sorting and bad doubles (1) (0 ms)
[ok]: SORT will complain with numerical sorting and bad doubles (2) (1 ms)
[ok]: SORT BY sub-sorts lexicographically if score is the same (0 ms)
[ok]: SORT GET with pattern ending with just -> does not get hash field (0 ms)
[ok]: SORT by nosort retains native order for lists (1 ms)
[ok]: SORT by nosort plus store retains native order for lists (0 ms)
[ok]: SORT by nosort with limit returns based on original list order (1 ms)
[ok]: SORT_RO - Successful case (0 ms)
[ok]: SORT_RO - Cannot run with STORE arg (0 ms)
[ok]: SORT speed, 100 element list BY key, 100 times (21 ms)
[ok]: SORT speed, 100 element list BY hash field, 100 times (23 ms)
[ok]: SORT speed, 100 element list directly, 100 times (18 ms)
[ok]: SORT speed, 100 element list BY <const>, 100 times (17 ms)
[ok]: SETRANGE with huge offset (3 ms)
[ok]: SORT STORE quicklist with the right options (52 ms)
[ok]: LRM: RENAME updates destination key LRM (2003 ms)
[ok]: sort by in cluster mode (0 ms)
[ok]: sort get in cluster mode (0 ms)
[ok]: sort get # in cluster mode (0 ms)
[ok]: sort_ro by in cluster mode (0 ms)
[ok]: sort_ro get in cluster mode (0 ms)
[ok]: sort_ro get # in cluster mode (1 ms)
[40/149 done]: unit/sort (12 seconds)
Testing unit/tls
[41/149 done]: unit/tls (0 seconds)
Testing unit/tracking
[ok]: Clients are able to enable tracking and redirect it (0 ms)
[ok]: The other connection is able to get invalidations (1 ms)
[ok]: The client is now able to disable tracking (1 ms)
[ok]: Clients can enable the BCAST mode with the empty prefix (0 ms)
[ok]: The connection gets invalidation messages about all the keys (0 ms)
[ok]: Clients can enable the BCAST mode with prefixes (2 ms)
[ok]: Adding prefixes to BCAST mode works (0 ms)
[ok]: Tracking NOLOOP mode in standard mode works (1 ms)
[ok]: Tracking NOLOOP mode in BCAST mode works (1 ms)
[ok]: LRM: XREADGROUP updates stream LRM (2004 ms)
[ok]: Tracking gets notification of expired keys (1002 ms)
[ok]: Tracking gets notification of lazy expired keys (202 ms)
[ok]: HELLO 3 reply is correct (1 ms)
[ok]: HELLO without protover (1 ms)
[ok]: RESP3 based basic invalidation (1 ms)
[ok]: RESP3 tracking redirection (1 ms)
[ok]: Invalidations of previous keys can be redirected after switching to RESP3 (1 ms)
[ok]: Invalidations of new keys can be redirected after switching to RESP3 (1 ms)
[ok]: Invalid keys should not be tracked for scripts in NOLOOP mode (1 ms)
[ok]: Tracking only occurs for scripts when a command calls a read-only command (2 ms)
[ok]: RESP3 Client gets tracking-redir-broken push message after cached key changed when rediretion client is terminated (2 ms)
[ok]: Different clients can redirect to the same connection (1 ms)
[ok]: Different clients using different protocols can track the same key (1 ms)
[ok]: No invalidation message when using OPTIN option (1 ms)
[ok]: Invalidation message sent when using OPTIN option with CLIENT CACHING yes (0 ms)
[ok]: Invalidation message sent when using OPTOUT option (1 ms)
[ok]: No invalidation message when using OPTOUT option with CLIENT CACHING no (1 ms)
[ok]: Able to redirect to a RESP3 client (1 ms)
[ok]: After switching from normal tracking to BCAST mode, no invalidation message is produced for pre-BCAST keys (1 ms)
[ok]: BCAST with prefix collisions throw errors (1 ms)
[ok]: BCAST prefix self-overlap past first index reports error without enabling (1 ms)
[ok]: hdel deliver invalidate message after response in the same connection (1 ms)
[ok]: Tracking invalidation message is not interleaved with multiple keys response (112 ms)
[ok]: Tracking invalidation message is not interleaved with transaction response (1 ms)
[ok]: Tracking invalidation message of eviction keys should be before response (4 ms)
[ok]: Unblocked BLMOVE gets notification after response (1 ms)
[ok]: Tracking gets notification on tracking table key eviction (61 ms)
[ok]: Invalidation message received for flushall (3 ms)
[ok]: Invalidation message received for flushdb (2 ms)
[ok]: Test ASYNC flushall (4 ms)
[ok]: flushdb tracking invalidation message is not interleaved with transaction response (3 ms)
[ok]: Server is able to evacuate enough keys when num of keys surpasses limit by more than defined initial effort (194 ms)
[ok]: Tracking info is correct (4 ms)
[ok]: CLIENT GETREDIR provides correct client id (0 ms)
[ok]: CLIENT TRACKINGINFO provides reasonable results when tracking off (0 ms)
[ok]: CLIENT TRACKINGINFO provides reasonable results when tracking on (0 ms)
[ok]: CLIENT TRACKINGINFO provides reasonable results when tracking on with options (1 ms)
[ok]: CLIENT TRACKINGINFO provides reasonable results when tracking optin (1 ms)
[ok]: CLIENT TRACKINGINFO provides reasonable results when tracking optout (0 ms)
[ok]: CLIENT TRACKINGINFO provides reasonable results when tracking bcast mode (0 ms)
[ok]: CLIENT TRACKINGINFO provides reasonable results when tracking redir broken (3 ms)
[ok]: Regression test for #11715 (3 ms)
[ok]: RESP3 based basic invalidation with client reply off (3 ms)
[ok]: RESP2 based basic invalidation with client reply off (45 ms)
[ok]: RESP3 based basic redirect invalidation with client reply off (4 ms)
[ok]: RESP3 based basic tracking-redir-broken with client reply off (3 ms)
[ok]: Verify Lua performs GC correctly after script loading (6282 ms)
[ok]: Coverage: Basic CLIENT CACHING (1 ms)
[ok]: Coverage: Basic CLIENT REPLY (0 ms)
[ok]: Coverage: Basic CLIENT TRACKINGINFO (0 ms)
[ok]: Coverage: Basic CLIENT GETREDIR (0 ms)
[42/149 done]: unit/tracking (2 seconds)
Testing unit/violations
[ok]: Shebang support for lua engine (0 ms)
[ok]: Unknown shebang option (1 ms)
[ok]: Unknown shebang flag (0 ms)
[ok]: allow-oom shebang flag (2 ms)
[ok]: no-writes shebang flag (0 ms)
[ok]: SORT adds integer field to list (1 ms)
[43/149 done]: unit/violations (0 seconds)
Testing unit/wait
[ok]: no-writes shebang flag on replica (207 ms)
[ok]: not enough good replicas (2 ms)
[ok]: Setup slave (102 ms)
[ok]: WAIT out of range timeout (milliseconds) (1 ms)
[ok]: WAIT should acknowledge 1 additional copy of the data (1 ms)
[ok]: not enough good replicas state change during long script (728 ms)
[ok]: allow-stale shebang flag (2 ms)
[ok]: reject script do not cause a Lua stack leak (7 ms)
[ok]: Consistent eval error reporting (11 ms)
[ok]: LUA redis.error_reply API (0 ms)
[ok]: LUA redis.error_reply API with empty string (0 ms)
[ok]: LUA redis.status_reply API (1 ms)
[ok]: LUA test pcall (0 ms)
[ok]: LUA test pcall with error (0 ms)
[ok]: LUA test pcall with non string/integer arg (1 ms)
[ok]: LUA test trim string as expected (1 ms)
[ok]: EVAL - explicit error() call handling (1 ms)
[ok]: Wrong arity EVAL in acl_check_cmd returns error not crash (0 ms)
[ok]: WAIT should not acknowledge 2 additional copies of the data (1067 ms)
[44/149 done]: unit/scripting (32 seconds)
Testing unit/type/array
[ok]: ARSET and ARGET basics (1 ms)
[ok]: ARSET overwrites existing value (0 ms)
[ok]: ARGET non-existing key (1 ms)
[ok]: ARGET validates index even on non-existing key (0 ms)
[ok]: ARSET/ARGET with integer values (1 ms)
[ok]: ARSET/ARGET with float values (0 ms)
[ok]: ARSET/ARGET with small strings (0 ms)
[ok]: ARSET/ARGET with large string (0 ms)
[ok]: ARSET/ARGET with empty string (0 ms)
[ok]: ARLEN and ARCOUNT basics (1 ms)
[ok]: ARDEL basics (1 ms)
[ok]: ARDEL multiple indices (1 ms)
[ok]: ARDEL last element deletes key (0 ms)
[ok]: ARDEL notifies array event before del when key is removed (1 ms)
[ok]: ARDELRANGE basics (1 ms)
[ok]: ARDELRANGE reverse order (2 ms)
[ok]: ARDELRANGE notifies array event before del when key is removed (1 ms)
[ok]: ARMSET basics (0 ms)
[ok]: ARMSET returns only newly filled slots (1 ms)
[ok]: ARMGET basics (1 ms)
[ok]: ARGETRANGE basics (0 ms)
[ok]: ARGETRANGE reverse (1 ms)
[ok]: ARGETRANGE errors when requested range exceeds the hard limit (0 ms)
[ok]: ARGETRANGE reverse errors when requested range exceeds the hard limit (0 ms)
[ok]: ARSCAN returns only existing elements with indices (1 ms)
[ok]: ARSCAN on empty range returns empty array (0 ms)
[ok]: ARSCAN reversed range (0 ms)
[ok]: ARSCAN on non-existent key returns empty array (0 ms)
[ok]: ARSCAN with mixed value types (0 ms)
[ok]: ARGREP MATCH returns matching indexes (1 ms)
[ok]: ARGREP supports WITHVALUES and reverse ranges (0 ms)
[ok]: ARGREP supports AND, GLOB, and NOCASE (1 ms)
[ok]: ARGREP supports RE predicates (0 ms)
[ok]: ARGREP RE literal alternation forms still match correctly (1 ms)
[ok]: ARGREP RE grouped alternation smoke test (0 ms)
[ok]: ARGREP enforces RE length and rejects backreferences (3 ms)
[ok]: ARGREP LIMIT stops after enough matches (0 ms)
[ok]: ARGREP allows mixed predicate and option order, last wins (0 ms)
[ok]: ARGREP enforces the predicate limit (85 ms)
[ok]: ARGREP handles missing keys and syntax errors (1 ms)
[ok]: ARGREP rejects malformed braced hex regex escapes (0 ms)
[ok]: ARSET contiguous write basics (0 ms)
[ok]: ARINSERT basics (1 ms)
[ok]: ARRING creates ring buffer (2 ms)
[ok]: ARNEXT tracks insert position (1 ms)
[ok]: ARSEEK (1 ms)
[ok]: ARNEXT returns null when insert cursor is exhausted (1 ms)
[ok]: ARLASTITEMS basics (1 ms)
[ok]: ARLASTITEMS after ARSEEK 0 uses array tail (1 ms)
[ok]: AROP SUM (0 ms)
[ok]: AROP MIN (0 ms)
[ok]: AROP MAX (0 ms)
[ok]: AROP MATCH (0 ms)
[ok]: AROP USED (1 ms)
[ok]: AROP AND/OR/XOR (0 ms)
[ok]: AROP AND/OR/XOR truncates floats toward zero (1 ms)
[ok]: ARINFO basics (1 ms)
[ok]: Array commands on wrong type (1 ms)
[ok]: TYPE returns array (0 ms)
[ok]: OBJECT ENCODING returns sliced-array (1 ms)
[ok]: Sparse array with large gaps (1 ms)
[ok]: Array survives RDB save and load (108 ms)
[ok]: Directory resize - many slices (5 ms)
[ok]: Directory resize - very large index jump (1 ms)
[ok]: Dense window growth - right expansion (20 ms)
[ok]: Dense window growth - left expansion (21 ms)
[ok]: Dense window growth - bidirectional expansion (21 ms)
[ok]: Sparse to dense promotion - exceed kmax threshold (4 ms)
[ok]: Sparse to dense promotion - then continue adding (5 ms)
[ok]: Dense to sparse demotion - delete below kmin threshold (11 ms)
[ok]: Dense to sparse demotion - then add again (8 ms)
[ok]: Stress test - mixed operations across multiple slices (21 ms)
[ok]: Stress test - rapid insert/delete cycles (57 ms)
[ok]: RDB persistence with sparse and dense slices (117 ms)
[ok]: Regression - dense window growth must not exceed slice boundary (23 ms)
[ok]: Regression - sparse to dense promotion with high offset boundary (5 ms)
[ok]: WAIT should not acknowledge 1 additional copy if slave is blocked (1332 ms)
[ok]: Random testing - staged write/delete workload with verification (1065 ms)
[ok]: LRM: Keys with only read operations should be removed first (4772 ms)
[45/149 done]: unit/maxmemory (91 seconds)
Testing unit/type/hash-field-expire
[ok]: HEXPIRE/HEXPIREAT/HPEXPIRE/HPEXPIREAT - Returns array if the key does not exist (1 ms)
[ok]: HEXPIRE/HEXPIREAT/HPEXPIRE/HPEXPIREAT - Verify that the expire time does not overflow (1 ms)
[ok]: HPEXPIRE(AT) - Test 'NX' flag (listpackex) (1 ms)
[ok]: HPEXPIRE(AT) - Test 'XX' flag (listpackex) (1 ms)
[ok]: HPEXPIRE(AT) - Test 'GT' flag (listpackex) (1 ms)
[ok]: HPEXPIRE(AT) - Test 'LT' flag (listpackex) (1 ms)
[ok]: HPEXPIREAT - field not exists or TTL is in the past (listpackex) (1 ms)
[ok]: HPEXPIRE - wrong number of arguments (listpackex) (1 ms)
[ok]: HPEXPIRE - parameter expire-time near limit of  2^46 (listpackex) (0 ms)
[ok]: Lazy Expire - fields are lazy deleted (listpackex) (6 ms)
[ok]: Random testing - large scale with RDB verification (676 ms)
[ok]: Active Expire - deletes hash that all its fields got expired (listpackex) (294 ms)
[ok]: HPEXPIRE - Flushall deletes all pending expired fields (listpackex) (2 ms)
[ok]: HTTL/HPTTL - Returns array if the key does not exist (1 ms)
[ok]: HTTL/HPTTL - Input validation gets failed on nonexists field or field without expire (listpackex) (1 ms)
[ok]: HTTL/HPTTL - returns time to live in seconds/msillisec (listpackex) (1 ms)
[ok]: HEXPIRETIME/HPEXPIRETIME - Returns array if the key does not exist (0 ms)
[ok]: HEXPIRETIME - returns TTL in Unix timestamp (listpackex) (0 ms)
[ok]: WAIT implicitly blocks on client pause since ACKs aren't sent (1308 ms)
[ok]: WAIT replica multiple clients unblock - reuse last result (261 ms)
[ok]: HPEXPIRETIME persists after RDB reload (listpackex) (594 ms)
[ok]: WAITAOF local copy before fsync (93 ms)
[ok]: Verify hash that had HFEs won't be counted in INFO keyspace also after reload (listpackex) (107 ms)
[ok]: Verify hash with PERSIST'd field won't be counted in INFO keyspace after reload (listpackex) (4 ms)
[ok]: Random testing - iterator model stress across dense sparse and superdir (957 ms)
[ok]: Circular buffer - ARRING basic wraparound (4 ms)
[ok]: Circular buffer - ARRING with size 1 (10 ms)
[ok]: Circular buffer - ARRING preserves insert_idx through RDB (58 ms)
[ok]: Circular buffer - ARLASTITEMS with wraparound (2 ms)
[ok]: Circular buffer - ARLASTITEMS handles empty and partial cases (0 ms)
[ok]: Circular buffer - ARNEXT tracks correctly with ARRING (1 ms)
[ok]: Circular buffer - ARSEEK followed by ARRING (1 ms)
[ok]: Circular buffer - ARSEEK 0 is honored on ARRING grow (2 ms)
[ok]: Circular buffer - ARRING growth uses new capacity after wrap (2 ms)
[ok]: Circular buffer - Mixed ARSET and ARRING immediately restores ring size (1 ms)
[ok]: Circular buffer - insert_idx survives RDB with complex state (71 ms)
[ok]: Circular buffer - ARLASTITEMS reverse order (2 ms)
[ok]: Circular buffer - ARRING truncation when size decreases (2 ms)
[ok]: Circular buffer - ARRING shrink stops at first hole (1 ms)
[ok]: Circular buffer - ARRING grow stops at first hole (2 ms)
[ok]: Circular buffer - ARLASTITEMS with various counts and REV (3 ms)
[ok]: Circular buffer - ARLASTITEMS edge cases (1 ms)
[ok]: Regression #3 - arTruncate must decrement count correctly (3 ms)
[ok]: Regression #5 - AROP MATCH with large strings (>256 bytes) (1 ms)
[ok]: Regression #6 - DEBUG DIGEST with large strings (>256 bytes) (2 ms)
[ok]: Regression #7 - RDB with negative integers including -1 (108 ms)
[ok]: Regression #10 - ARSEEK on non-existent key should not create it (1 ms)
[ok]: Regression #12 - ARMGET/ARGETRANGE return WRONGTYPE on wrong type (1 ms)
[ok]: Regression - RDB preserves exact numeric string forms (108 ms)
[ok]: Whole-number floats with .0 suffix encode as inline floats (58 ms)
[ok]: Integer values without .0 still encode as integers, not floats (108 ms)
[ok]: AROP on whole-number floats works correctly (1 ms)
[ok]: Exact string recovery survives AOF rewrite (109 ms)
[ok]: Regression - CONFIG GET/SET for array settings (1 ms)
[ok]: Arrays created with different slice sizes work after config change (2 ms)
[ok]: WAITAOF local copy everysec (903 ms)
[ok]: WAITAOF local copy with appendfsync always (2 ms)
[ok]: WAITAOF local wait and then stop aof (4 ms)
[ok]: WAITAOF local on server with aof disabled (0 ms)
[ok]: WAITAOF local client unblock with timeout and error (5 ms)
[ok]: Regression - AOF rewrite with superdir mode (high indices) (107 ms)
[ok]: ARGETRANGE works across a superdir slice boundary (1 ms)
[ok]: ARSET pre-promotes sparse slice in superdir mode (2 ms)
[ok]: ARDELRANGE triggers dense to sparse demotion (6 ms)
[ok]: ARDELRANGE partial delete preserves dense then demotes (6 ms)
[ok]: ARDELRANGE deletes full slices within superdir block (1 ms)
[ok]: ARDELRANGE spanning multiple superdir blocks (2 ms)
[ok]: ARDELRANGE superdir middle range with missing upper block (1 ms)
[ok]: ARDELRANGE superdir with empty middle block interval (2 ms)
[ok]: ARDELRANGE with multiple ranges in single call (3 ms)
[ok]: ARDELRANGE with overlapping ranges (3 ms)
[ok]: ARDELRANGE sparse slice middle-span deletion (2 ms)
[ok]: ARDELRANGE sparse with non-contiguous deletions (1 ms)
[ok]: ARDELRANGE sparse prefix span deletion (1 ms)
[ok]: ARDELRANGE sparse suffix span deletion (1 ms)
[ok]: ARDELRANGE sparse whole-slice deletion (0 ms)
[ok]: ARDELRANGE sparse no-hit range (1 ms)
[ok]: ARDELRANGE sparse single edge deletions (2 ms)
[ok]: HTTL/HPTTL - Verify TTL progress until expiration (listpackex) (1013 ms)
[ok]: HPEXPIRE - DEL hash with non expired fields (valgrind test) (listpackex) (1 ms)
[ok]: HEXPIREAT - Set time in the past (listpackex) (0 ms)
[ok]: HEXPIREAT - Set time and then get TTL (listpackex) (0 ms)
[ok]: Lazy Expire - delete hash with expired fields (listpackex) (5 ms)
[ok]: Test HRANDFIELD deletes all expired fields (listpackex) (29 ms)
[ok]: Lazy Expire - HLEN does count expired fields (listpackex) (12 ms)
[ok]: Lazy Expire - HSCAN does not report expired fields (listpackex) (13 ms)
[ok]: Random testing - blackbox ARDELRANGE model stress (88 ms)
[ok]: ARSCAN after ARDELRANGE with demotion (3 ms)
[ok]: ARSCAN with LIMIT after range delete (2 ms)
[ok]: AROP after ARDELRANGE across multiple slices (3 ms)
[ok]: AROP MATCH after dense demotion (4 ms)
[ok]: ARSCAN over superdir blocks (1 ms)
[ok]: Iterator commands do not rescan exhausted superdir blocks (1 ms)
[ok]: AROP over superdir with partial range (1 ms)
[ok]: ARDELRANGE delete entire slice then verify iteration (3 ms)
[ok]: WAITAOF local if AOFRW was postponed (298 ms)
[ok]: Load 32-bit RDB - integer encodings (2 ms)
[ok]: Load 32-bit RDB - float encodings (2 ms)
[ok]: Load 32-bit RDB - string encodings (2 ms)
[ok]: Load 32-bit RDB - mixed type encodings (2 ms)
[ok]: Load 32-bit RDB - sparse indices across slices (1 ms)
[ok]: Load 32-bit RDB - insert_idx preservation (1 ms)
[ok]: WAITAOF on demoted master gets unblocked with an error (2 ms)
[ok]: Load 32-bit RDB - re-save and reload cycle (16 ms)
[ok]: Test HSCAN with mostly expired fields return empty result (listpackex) (230 ms)
[ok]: Lazy Expire - verify various HASH commands handling expired fields (listpackex) (11 ms)
[ok]: A field with TTL overridden with another value (TTL discarded) (listpackex) (7 ms)
[ok]: Modify TTL of a field (listpackex) (15 ms)
[ok]: Test return value of set operation (listpackex) (1 ms)
[46/149 done]: unit/type/array (4 seconds)
Testing unit/type/hash
[ok]: WAITAOF replica copy before fsync (71 ms)
[ok]: Test HGETALL not return expired fields (listpackex) (164 ms)
[ok]: HSET/HLEN - Small hash creation (1 ms)
[ok]: Is the small hash encoded with a listpack? (0 ms)
[ok]: HRANDFIELD - listpack (10 ms)
[ok]: HRANDFIELD - hashtable (10 ms)
[ok]: HRANDFIELD with RESP3 (1 ms)
[ok]: HRANDFIELD count of 0 is handled correctly (0 ms)
[ok]: HRANDFIELD count overflow (1 ms)
[ok]: HRANDFIELD with <count> against non existing key (0 ms)
[ok]: HRANDFIELD count of 0 is handled correctly - emptyarray (1 ms)
[ok]: HRANDFIELD with <count> against non existing key - emptyarray (0 ms)
[ok]: Test RENAME hash with fields to be expired (listpackex) (77 ms)
[ok]: HRANDFIELD with <count> - hashtable (148 ms)
[ok]: Test RENAME hash that had HFEs but not during the rename (listpackex) (104 ms)
[ok]: MOVE to another DB hash with fields to be expired (listpackex) (105 ms)
[ok]: HRANDFIELD with <count> - listpack (149 ms)
[ok]: HSET/HLEN - Big hash creation (133 ms)
[ok]: Is the big hash encoded with an hash table? (0 ms)
[ok]: HGET against the small hash (1 ms)
[ok]: Test COPY hash with fields to be expired (listpackex) (199 ms)
[ok]: HGET against the big hash (108 ms)
[ok]: HGET against non existing key (1 ms)
[ok]: HSET in update and insert mode (1 ms)
[ok]: HSETNX target key missing - small hash (0 ms)
[ok]: HSETNX target key exists - small hash (0 ms)
[ok]: HSETNX target key missing - big hash (0 ms)
[ok]: HSETNX target key exists - big hash (1 ms)
[ok]: HSET/HMSET wrong number of args (0 ms)
[ok]: HMSET - small hash (1 ms)
[ok]: Test COPY hash that had HFEs but not during the copy (listpackex) (93 ms)
[ok]: HMSET - big hash (56 ms)
[ok]: HMGET against non existing key and fields (1 ms)
[ok]: Hash commands against wrong type (3 ms)
[ok]: HMGET - small hash (0 ms)
[ok]: Test SWAPDB hash-fields to be expired (listpackex) (103 ms)
[ok]: HMGET - big hash (57 ms)
[ok]: HKEYS - small hash (0 ms)
[ok]: HKEYS - big hash (10 ms)
[ok]: HVALS - small hash (0 ms)
[ok]: HVALS - big hash (2 ms)
[ok]: HGETALL - small hash (0 ms)
[ok]: HGETALL - big hash (26 ms)
[ok]: HGETALL against non-existing key (0 ms)
[ok]: HDEL and return value (1 ms)
[ok]: HDEL - more than a single value (1 ms)
[ok]: HDEL - hash becomes empty before deleting all specified fields (1 ms)
[ok]: HEXISTS (1 ms)
[ok]: Is a ziplist encoded Hash promoted on big payload? (0 ms)
[ok]: HINCRBY against non existing database key (1 ms)
[ok]: HINCRBY HINCRBYFLOAT against non-integer increment value (0 ms)
[ok]: HINCRBY against non existing hash key (0 ms)
[ok]: HINCRBY against hash key created by hincrby itself (1 ms)
[ok]: HINCRBY against hash key originally set with HSET (0 ms)
[ok]: HINCRBY over 32bit value (0 ms)
[ok]: HINCRBY over 32bit value with over 32bit increment (1 ms)
[ok]: HINCRBY fails against hash value with spaces (left) (0 ms)
[ok]: HINCRBY fails against hash value with spaces (right) (1 ms)
[ok]: HINCRBY can detect overflows (1 ms)
[ok]: HINCRBYFLOAT against non existing database key (0 ms)
[ok]: HINCRBYFLOAT against non existing hash key (1 ms)
[ok]: HINCRBYFLOAT against hash key created by hincrby itself (0 ms)
[ok]: HINCRBYFLOAT against hash key originally set with HSET (0 ms)
[ok]: HINCRBYFLOAT over 32bit value (1 ms)
[ok]: HINCRBYFLOAT over 32bit value with over 32bit increment (0 ms)
[ok]: HINCRBYFLOAT fails against hash value with spaces (left) (1 ms)
[ok]: HINCRBYFLOAT fails against hash value with spaces (right) (1 ms)
[ok]: HINCRBYFLOAT fails against hash value that contains a null-terminator in the middle (0 ms)
[ok]: HSTRLEN against the small hash (1 ms)
[ok]: Test SWAPDB hash that had HFEs but not during the swap (listpackex) (104 ms)
[ok]: HMGET - returns empty entries if fields or hash expired (listpackex) (6 ms)
[ok]: HPERSIST - Returns array if the key does not exist (listpackex) (1 ms)
[ok]: HPERSIST - input validation (listpackex) (1 ms)
[ok]: HPERSIST - verify fields with TTL are persisted (listpackex) (26 ms)
[ok]: HTTL/HPERSIST - Test expiry commands with non-volatile hash (listpackex) (1 ms)
[ok]: DUMP / RESTORE are able to serialize / unserialize a hash (2 ms)
[ok]: HSTRLEN against the big hash (104 ms)
[ok]: HSTRLEN against non existing field (1 ms)
[ok]: HSTRLEN corner cases (3 ms)
[ok]: HINCRBYFLOAT over hash-max-listpack-value encoded with a listpack (2 ms)
[ok]: HGETDEL input validation (2 ms)
[ok]: HGETDEL basic test (2 ms)
[ok]: HGETDEL test with non existing fields (1 ms)
[ok]: HGETDEL basic test (1 ms)
[ok]: HGETDEL test with non existing fields (1 ms)
[ok]: RESTORE hash that had in the past HFEs but not during the dump (62 ms)
[ok]: DUMP / RESTORE are able to serialize / unserialize a hash with TTL 0 for all fields (1 ms)
[ok]: HGETDEL propagated as HDEL command to replica (15 ms)
[ok]: Hash ziplist regression test for large keys (0 ms)
[ok]: HINCRBY - discards pending expired field and reset its value (17 ms)
[ok]: HINCRBY - preserve expiration time of the field (0 ms)
[ok]: HINCRBYFLOAT - discards pending expired field and reset its value (16 ms)
[ok]: HINCRBYFLOAT - preserve expiration time of the field (1 ms)
[ok]: Hash fuzzing #1 - 10 fields (32 ms)
[ok]: HGETDEL - delete field with ttl (listpackex) (31 ms)
[ok]: Hash fuzzing #2 - 10 fields (24 ms)
[ok]: HGETEX - input validation (listpackex) (2 ms)
[ok]: HGETEX - input validation (expire time) (listpackex) (2 ms)
[ok]: HGETEX - get without setting ttl (listpackex) (1 ms)
[ok]: HGETEX - get and set the ttl (listpackex) (1 ms)
[ok]: HGETEX - Test 'EX' flag (listpackex) (1 ms)
[ok]: HGETEX - Test 'EXAT' flag (listpackex) (0 ms)
[ok]: HGETEX - Test 'PX' flag (listpackex) (0 ms)
[ok]: HGETEX - Test 'PXAT' flag (listpackex) (1 ms)
[ok]: HGETEX - Test 'PERSIST' flag (listpackex) (2 ms)
[ok]: HGETEX - Test setting ttl in the past will delete the key (listpackex) (1 ms)
[ok]: HGETEX - Test active expiry (listpackex) (1 ms)
[ok]: HGETEX - A field with TTL overridden with another value (TTL discarded) (listpackex) (1 ms)
[ok]: HGETEX - Test with lazy expiry (listpackex) (6 ms)
[ok]: HSETEX - input validation (listpackex) (8 ms)
[ok]: HSETEX - Basic test (listpackex) (1 ms)
[ok]: HSETEX - Test FXX flag (listpackex) (2 ms)
[ok]: HSETEX - Test FXX flag with lazy expire (listpackex) (16 ms)
[ok]: HSETEX - Test FNX flag (listpackex) (2 ms)
[ok]: HSETEX EX - field appears twice in FIELDS list with EX is allowed (listpackex) (0 ms)
[ok]: HSETEX FNX - field appears twice in FIELDS list with EX is allowed (listpackex) (1 ms)
[ok]: HSETEX - Test 'EX' flag (listpackex) (0 ms)
[ok]: HSETEX - Test 'EXAT' flag (listpackex) (1 ms)
[ok]: HSETEX - Test 'PX' flag (listpackex) (0 ms)
[ok]: HSETEX - Test 'PXAT' flag (listpackex) (0 ms)
[ok]: HSETEX - Test 'KEEPTTL' flag (listpackex) (2 ms)
[ok]: HSETEX - Test multiple 'FIELDS' arguments raise error (listpackex) (0 ms)
[ok]: HSETEX - Test no expiry flag discards TTL (listpackex) (1 ms)
[ok]: HSETEX - Test with active expiry (82 ms)
[ok]: HSETEX - Set time in the past (listpackex) (1 ms)
[ok]: Hash field expire - test allow-access-expired parameter enabled (4 ms)
[ok]: HEXPIRE/HEXPIREAT/HPEXPIRE/HPEXPIREAT - Returns array if the key does not exist (1 ms)
[ok]: HEXPIRE/HEXPIREAT/HPEXPIRE/HPEXPIREAT - Verify that the expire time does not overflow (1 ms)
[ok]: HPEXPIRE(AT) - Test 'NX' flag (hashtable) (1 ms)
[ok]: HPEXPIRE(AT) - Test 'XX' flag (hashtable) (1 ms)
[ok]: HPEXPIRE(AT) - Test 'GT' flag (hashtable) (1 ms)
[ok]: HPEXPIRE(AT) - Test 'LT' flag (hashtable) (1 ms)
[ok]: HPEXPIREAT - field not exists or TTL is in the past (hashtable) (0 ms)
[ok]: HPEXPIRE - wrong number of arguments (hashtable) (0 ms)
[ok]: HPEXPIRE - parameter expire-time near limit of  2^46 (hashtable) (1 ms)
[ok]: Lazy Expire - fields are lazy deleted (hashtable) (6 ms)
[ok]: Active Expire - deletes hash that all its fields got expired (hashtable) (397 ms)
[ok]: HPEXPIRE - Flushall deletes all pending expired fields (hashtable) (2 ms)
[ok]: HTTL/HPTTL - Returns array if the key does not exist (0 ms)
[ok]: HTTL/HPTTL - Input validation gets failed on nonexists field or field without expire (hashtable) (1 ms)
[ok]: HTTL/HPTTL - returns time to live in seconds/msillisec (hashtable) (0 ms)
[ok]: HEXPIRETIME/HPEXPIRETIME - Returns array if the key does not exist (1 ms)
[ok]: HEXPIRETIME - returns TTL in Unix timestamp (hashtable) (1 ms)
[ok]: WAITAOF replica copy everysec (1726 ms)
[ok]: HPEXPIRETIME persists after RDB reload (hashtable) (591 ms)
[ok]: Verify hash that had HFEs won't be counted in INFO keyspace also after reload (hashtable) (107 ms)
[ok]: Verify hash with PERSIST'd field won't be counted in INFO keyspace after reload (hashtable) (4 ms)
[ok]: Hash fuzzing #1 - 512 fields (1611 ms)
[ok]: HTTL/HPTTL - Verify TTL progress until expiration (hashtable) (1013 ms)
[ok]: HPEXPIRE - DEL hash with non expired fields (valgrind test) (hashtable) (0 ms)
[ok]: HEXPIREAT - Set time in the past (hashtable) (0 ms)
[ok]: HEXPIREAT - Set time and then get TTL (hashtable) (1 ms)
[ok]: Lazy Expire - delete hash with expired fields (hashtable) (6 ms)
[ok]: Test HRANDFIELD deletes all expired fields (hashtable) (29 ms)
[ok]: Lazy Expire - HLEN does count expired fields (hashtable) (12 ms)
[ok]: Lazy Expire - HSCAN does not report expired fields (hashtable) (12 ms)
[ok]: Test HSCAN with mostly expired fields return empty result (hashtable) (226 ms)
[ok]: Lazy Expire - verify various HASH commands handling expired fields (hashtable) (12 ms)
[ok]: A field with TTL overridden with another value (TTL discarded) (hashtable) (6 ms)
[ok]: Modify TTL of a field (hashtable) (16 ms)
[ok]: Test return value of set operation (hashtable) (1 ms)
[ok]: Hash fuzzing #2 - 512 fields (1110 ms)
[ok]: WAITAOF replica copy everysec with AOFRW (2009 ms)
[ok]: Test HGETALL not return expired fields (hashtable) (160 ms)
[ok]: Test RENAME hash with fields to be expired (hashtable) (87 ms)
[ok]: Test RENAME hash that had HFEs but not during the rename (hashtable) (103 ms)
[ok]: MOVE to another DB hash with fields to be expired (hashtable) (104 ms)
[ok]: Test COPY hash with fields to be expired (hashtable) (200 ms)
[ok]: Test COPY hash that had HFEs but not during the copy (hashtable) (93 ms)
[ok]: Test SWAPDB hash-fields to be expired (hashtable) (103 ms)
[ok]: Test SWAPDB hash that had HFEs but not during the swap (hashtable) (104 ms)
[ok]: HMGET - returns empty entries if fields or hash expired (hashtable) (6 ms)
[ok]: HPERSIST - Returns array if the key does not exist (hashtable) (1 ms)
[ok]: HPERSIST - input validation (hashtable) (1 ms)
[ok]: HPERSIST - verify fields with TTL are persisted (hashtable) (26 ms)
[ok]: HTTL/HPERSIST - Test expiry commands with non-volatile hash (hashtable) (1 ms)
[ok]: DUMP / RESTORE are able to serialize / unserialize a hash (1 ms)
[ok]: RESTORE hash that had in the past HFEs but not during the dump (62 ms)
[ok]: DUMP / RESTORE are able to serialize / unserialize a hash with TTL 0 for all fields (1 ms)
[ok]: HINCRBY - discards pending expired field and reset its value (17 ms)
[ok]: HINCRBY - preserve expiration time of the field (0 ms)
[ok]: HINCRBYFLOAT - discards pending expired field and reset its value (17 ms)
[ok]: HINCRBYFLOAT - preserve expiration time of the field (1 ms)
[ok]: HGETDEL - delete field with ttl (hashtable) (31 ms)
[ok]: HGETEX - input validation (hashtable) (2 ms)
[ok]: HGETEX - input validation (expire time) (hashtable) (2 ms)
[ok]: HGETEX - get without setting ttl (hashtable) (1 ms)
[ok]: HGETEX - get and set the ttl (hashtable) (1 ms)
[ok]: HGETEX - Test 'EX' flag (hashtable) (0 ms)
[ok]: HGETEX - Test 'EXAT' flag (hashtable) (0 ms)
[ok]: HGETEX - Test 'PX' flag (hashtable) (1 ms)
[ok]: HGETEX - Test 'PXAT' flag (hashtable) (0 ms)
[ok]: HGETEX - Test 'PERSIST' flag (hashtable) (2 ms)
[ok]: HGETEX - Test setting ttl in the past will delete the key (hashtable) (1 ms)
[ok]: HGETEX - Test active expiry (hashtable) (1 ms)
[ok]: HGETEX - A field with TTL overridden with another value (TTL discarded) (hashtable) (1 ms)
[ok]: HGETEX - Test with lazy expiry (hashtable) (6 ms)
[ok]: HSETEX - input validation (hashtable) (7 ms)
[ok]: HSETEX - Basic test (hashtable) (1 ms)
[ok]: HSETEX - Test FXX flag (hashtable) (3 ms)
[ok]: HSETEX - Test FXX flag with lazy expire (hashtable) (16 ms)
[ok]: HSETEX - Test FNX flag (hashtable) (2 ms)
[ok]: HSETEX EX - field appears twice in FIELDS list with EX is allowed (hashtable) (0 ms)
[ok]: HSETEX FNX - field appears twice in FIELDS list with EX is allowed (hashtable) (0 ms)
[ok]: HSETEX - Test 'EX' flag (hashtable) (1 ms)
[ok]: HSETEX - Test 'EXAT' flag (hashtable) (0 ms)
[ok]: HSETEX - Test 'PX' flag (hashtable) (1 ms)
[ok]: HSETEX - Test 'PXAT' flag (hashtable) (0 ms)
[ok]: HSETEX - Test 'KEEPTTL' flag (hashtable) (2 ms)
[ok]: HSETEX - Test multiple 'FIELDS' arguments raise error (hashtable) (1 ms)
[ok]: HSETEX - Test no expiry flag discards TTL (hashtable) (0 ms)
[ok]: HSETEX - Test with active expiry (81 ms)
[ok]: HSETEX - Set time in the past (hashtable) (1 ms)
[ok]: Hash field expire - test allow-access-expired parameter enabled (4 ms)
[ok]: Stress test the hash ziplist -> hashtable encoding conversion (1323 ms)
[ok]: Statistics - Hashes with HFEs (hashtable) (205 ms)
[ok]: Statistics - Lazy expire increments expired_subkeys but not expired_subkeys_active (hashtable) (4 ms)
[ok]: Hash ziplist of various encodings (102 ms)
[ok]: Hash ziplist of various encodings - sanitize dump (2 ms)
[ok]: KEYS command return expired keys when allow_access_expired is 1 (4 ms)
[ok]: HINCRBYFLOAT does not allow NaN or Infinity (1 ms)
[ok]: Statistics - Active expire increments both expired_subkeys and expired_subkeys_active (hashtable) (102 ms)
[ok]: HFE commands against wrong type (2 ms)
[47/149 done]: unit/type/hash (6 seconds)
Testing unit/type/incr
[ok]: Test listpack memory usage (1 ms)
[ok]: Test listpack object encoding (1 ms)
[ok]: Test listpack debug listpack (0 ms)
[ok]: INCR against non existing key (0 ms)
[ok]: INCR against key created by incr itself (0 ms)
[ok]: DECR against key created by incr (1 ms)
[ok]: DECR against key is not exist and incr (0 ms)
[ok]: INCR against key originally set with SET (0 ms)
[ok]: INCR over 32bit value (0 ms)
[ok]: INCRBY over 32bit value with over 32bit increment (0 ms)
[ok]: INCR fails against key with spaces (left) (1 ms)
[ok]: INCR fails against key with spaces (right) (0 ms)
[ok]: INCR fails against key with spaces (both) (0 ms)
[ok]: DECRBY negation overflow (0 ms)
[ok]: INCR fails against a key holding a list (0 ms)
[ok]: DECRBY over 32bit value with over 32bit increment, negative res (1 ms)
[ok]: DECRBY against key is not exist (0 ms)
[ok]: INCR does not use shared objects (1 ms)
[ok]: INCR can modify objects in-place (1 ms)
[ok]: INCRBYFLOAT against non existing key (1 ms)
[ok]: INCRBYFLOAT against key originally set with SET (0 ms)
[ok]: INCRBYFLOAT over 32bit value (1 ms)
[ok]: INCRBYFLOAT over 32bit value with over 32bit increment (0 ms)
[ok]: INCRBYFLOAT fails against key with spaces (left) (0 ms)
[ok]: INCRBYFLOAT fails against key with spaces (right) (1 ms)
[ok]: INCRBYFLOAT fails against key with spaces (both) (0 ms)
[ok]: INCRBYFLOAT fails against a key holding a list (1 ms)
[ok]: INCRBYFLOAT does not allow NaN or Infinity (0 ms)
[ok]: INCRBYFLOAT decrement (0 ms)
[ok]: string to double with null terminator (0 ms)
[ok]: No negative zero (1 ms)
[ok]: INCRBY INCRBYFLOAT DECRBY against unhappy path (1 ms)
[ok]: incr operation should update encoding from raw to int (1 ms)
[ok]: decr operation should update encoding from raw to int (1 ms)
[ok]: incrby operation should update encoding from raw to int (1 ms)
[ok]: decrby operation should update encoding from raw to int (1 ms)
[ok]: Test listpack converts to ht and passive expiry works (52 ms)
[ok]: Test listpack converts to ht with allow-access-expired enabled (5 ms)
[48/149 done]: unit/type/incr (0 seconds)
Testing unit/type/increx
[ok]: INCREX - creates key with value 0 then +1 when missing (no options) (1 ms)
[ok]: INCREX - default increment on existing integer key (0 ms)
[ok]: INCREX - BYINT positive and negative increments (1 ms)
[ok]: INCREX - BYINT saturates to UBOUND (0 ms)
[ok]: INCREX - BYINT saturates to LBOUND (0 ms)
[ok]: INCREX - BYINT LBOUND and UBOUND together, value already inside range unaffected (0 ms)
[ok]: INCREX - BYINT positive overflow with SATURATE saturates to LLONG_MAX (1 ms)
[ok]: INCREX - BYINT positive overflow with SATURATE and UBOUND saturates to UBOUND (0 ms)
[ok]: INCREX - BYINT negative overflow with SATURATE saturates to LLONG_MIN (0 ms)
[ok]: INCREX - BYINT negative overflow with SATURATE and LBOUND saturates to LBOUND (0 ms)
[ok]: INCREX - BYINT SATURATE rejects when applied delta would overflow long long (0 ms)
[ok]: INCREX - result within [LONG_MIN, LONG_MAX] keeps int encoding (1 ms)
[ok]: INCREX - BYFLOAT basic increment (1 ms)
[ok]: INCREX - BYFLOAT saturates to UBOUND/LBOUND (1 ms)
[ok]: INCREX - BYFLOAT rejects inf/-inf increment and existing inf/-inf value (1 ms)
[ok]: INCREX - BYINT/BYFLOAT on non-existent key refuses to create when result stays below LBOUND (1 ms)
[ok]: INCREX - BYFLOAT existing value already outside bounds (1 ms)
[ok]: INCREX - BYINT existing value already outside bounds (1 ms)
[ok]: INCREX - BYINT default rejects increment exceeding UBOUND; SATURATE saturates it (1 ms)
[ok]: INCREX - BYINT default rejects decrement falling below LBOUND; SATURATE floors it (0 ms)
[ok]: INCREX - BYINT within bounds is unaffected by SATURATE (0 ms)
[ok]: INCREX - BYINT with both LBOUND and UBOUND (1 ms)
[ok]: INCREX - BYINT at exact bound value is accepted (1 ms)
[ok]: INCREX - BYFLOAT default rejects increment exceeding UBOUND; SATURATE saturates it (0 ms)
[ok]: INCREX - BYFLOAT default rejects decrement falling below LBOUND; SATURATE floors it (1 ms)
[ok]: INCREX - BYFLOAT within bounds is unaffected by SATURATE policy (1 ms)
[ok]: INCREX - BYFLOAT with both LBOUND and UBOUND (0 ms)
[ok]: INCREX - BYFLOAT at exact bound value is accepted (0 ms)
[ok]: INCREX - BYINT positive overflow: default rejects, SATURATE saturates (1 ms)
[ok]: INCREX - BYINT negative overflow: default rejects, SATURATE saturates (0 ms)
[ok]: INCREX - BYINT on new key (created from zero) with bound (1 ms)
[ok]: INCREX - BYFLOAT on new key (created from zero) with bound (1 ms)
[ok]: INCREX - default with no bound saturates to type limits with SATURATE, rejects otherwise (1 ms)
[ok]: INCREX - reject aborts before side effects: neither value nor TTL is modified (1 ms)
[ok]: INCREX - wrong number of arguments (1 ms)
[ok]: INCREX - unknown argument (0 ms)
[ok]: INCREX - BYINT and BYFLOAT are mutually exclusive (0 ms)
[ok]: INCREX - multiple expiration flags are mutually exclusive (0 ms)
[ok]: INCREX - PERSIST and ENX are mutually exclusive (1 ms)
[ok]: INCREX - duplicate options are rejected (2 ms)
[ok]: INCREX - ENX without expiration is an error (0 ms)
[ok]: INCREX - BYINT requires a valid integer value (0 ms)
[ok]: INCREX - BYFLOAT requires a valid float value (0 ms)
[ok]: INCREX - LBOUND > UBOUND should be rejected (integer) (0 ms)
[ok]: INCREX - LBOUND > UBOUND should be rejected (float) (0 ms)
[ok]: INCREX - EX/PX non-positive value is rejected (1 ms)
[ok]: INCREX - WRONGTYPE against a list (1 ms)
[ok]: INCREX - WRONGTYPE when BYFLOAT applied to non-numeric string (0 ms)
[ok]: INCREX - EX sets TTL (seconds) (0 ms)
[ok]: INCREX - PX sets TTL (milliseconds) (1 ms)
[ok]: INCREX - EXAT sets absolute TTL (seconds) (0 ms)
[ok]: INCREX - PXAT sets absolute TTL (milliseconds) (1 ms)
[ok]: INCREX - without expiration option preserves existing TTL (1 ms)
[ok]: INCREX - PERSIST removes existing TTL (0 ms)
[ok]: INCREX - PERSIST on key without TTL leaves it TTL-less (1 ms)
[ok]: INCREX - ENX only sets TTL when key has no existing TTL (1 ms)
[ok]: INCREX - ENX on new key sets TTL (no existing expiry) (1 ms)
[ok]: INCREX - EXAT in the past deletes the key (0 ms)
[ok]: INCREX - PXAT in the past deletes the key (1 ms)
[ok]: INCREX - ENX skips deletion when key already has TTL and past EXAT is given (1 ms)
[ok]: INCREX - flags can appear in different orders (1 ms)
[ok]: INCREX - rewrite without expiration: SET key <result> KEEPTTL (47 ms)
[ok]: WAITAOF replica copy everysec with slow AOFRW (2011 ms)
[ok]: INCREX - rewrite with PERSIST on a key with TTL: SET key <result> (101 ms)
[ok]: WAITAOF replica copy everysec->always with AOFRW (107 ms)
[ok]: WAITAOF replica copy appendfsync always (2 ms)
[ok]: INCREX - rewrite with EX/PX/EXAT/PXAT: SET key <result> PXAT * (101 ms)
[ok]: Test listpack converts to ht and active expiry works (548 ms)
[ok]: INCREX - rewrite with ENX on key that already has TTL: SET key <result> KEEPTTL (100 ms)
[ok]: INCREX - rewrite with ENX on key without TTL: SET key <result> PXAT * (101 ms)
[ok]: INCREX - rewrite when expiration already elapsed propagates as DEL (101 ms)
[ok]: Test listpack converts to ht and active expiry works (290 ms)
[ok]: INCREX - rewrite when expiration already elapsed propagates as UNLINK (lazyfree) (102 ms)
[ok]: HPERSIST/HEXPIRE - Test listpack with large values (65 ms)
[ok]: Test HEXPIRE coexists with EXPIRE (42 ms)
[ok]: INCREX - rewrite carries saturated value after UBOUND/LBOUND (101 ms)
[ok]: INCREX - rewrite creates the key from zero when key did not exist (101 ms)
[ok]: INCREX - keyspace notifications fire expected events in order (3 ms)
[49/149 done]: unit/type/increx (1 seconds)
Testing unit/type/list-2
[ok]: Test Command propagated to replica as expected (listpack) (342 ms)
[ok]: Lazy Expire - fields are lazy deleted and propagated to replicas (listpack) (232 ms)
[ok]: All TTLs in commands are propagated as absolute timestamp in milliseconds in AOF (218 ms)
[ok]: All TTL in commands are propagated as absolute timestamp in replication stream (81 ms)
[ok]: HRANDFIELD delete expired fields and propagate DELs to replica (117 ms)
[ok]: WAITAOF replica copy if replica is blocked (2019 ms)
[ok]: For all replicated TTL-related commands, absolute expire times are identical on primary and replica (15 ms)
[ok]: Test HSETEX command replication (61 ms)
[ok]: Test HGETEX command replication (131 ms)
[ok]: HINCRBYFLOAT command won't remove field expiration on replica (listpack) (396 ms)
[ok]: WAITAOF replica multiple clients unblock - reuse last result (1003 ms)
[ok]: Test Command propagated to replica as expected (ht) (340 ms)
[ok]: WAITAOF on promoted replica (200 ms)
[ok]: Lazy Expire - fields are lazy deleted and propagated to replicas (ht) (231 ms)
[ok]: All TTLs in commands are propagated as absolute timestamp in milliseconds in AOF (218 ms)
[ok]: All TTL in commands are propagated as absolute timestamp in replication stream (70 ms)
[ok]: HRANDFIELD delete expired fields and propagate DELs to replica (117 ms)
[ok]: For all replicated TTL-related commands, absolute expire times are identical on primary and replica (14 ms)
[ok]: Test HSETEX command replication (63 ms)
[ok]: Test HGETEX command replication (132 ms)
[ok]: HINCRBYFLOAT command won't remove field expiration on replica (ht) (395 ms)
[ok]: HEXPIRE FAMILY - Rigid expiration time positioning (listpackex) (2 ms)
[ok]: HEXPIREAT/HPEXPIREAT - Flexible keyword ordering (listpackex) (1 ms)
[ok]: HSETEX - Flexible argument parsing and validation (listpackex) (1 ms)
[ok]: HGETEX - Flexible argument parsing and validation (listpackex) (1 ms)
[ok]: HEXPIRE FAMILY - Rigid expiration time positioning (hashtable) (1 ms)
[ok]: HEXPIREAT/HPEXPIREAT - Flexible keyword ordering (hashtable) (0 ms)
[ok]: HSETEX - Flexible argument parsing and validation (hashtable) (1 ms)
[ok]: HGETEX - Flexible argument parsing and validation (hashtable) (1 ms)
[ok]: WAITAOF master that loses a replica and backlog is dropped (2003 ms)
[ok]: Field count validation - HEXPIRE family (listpackex) (1 ms)
[ok]: Field count validation - HSETEX (listpackex) (1 ms)
[ok]: Field count validation - HGETEX (listpackex) (1 ms)
[ok]: Error message consistency and validation (listpackex) (2 ms)
[ok]: Numeric field names validation (listpackex) (1 ms)
[ok]: Field count validation - HEXPIRE family (hashtable) (1 ms)
[ok]: Field count validation - HSETEX (hashtable) (1 ms)
[ok]: Field count validation - HGETEX (hashtable) (1 ms)
[ok]: Error message consistency and validation (hashtable) (2 ms)
[ok]: Numeric field names validation (hashtable) (0 ms)
[ok]: Multiple condition flags error handling (listpackex) (1 ms)
[ok]: Multiple FIELDS keywords error handling (listpackex) (1 ms)
[ok]: Boundary conditions and edge cases (listpackex) (11 ms)
[ok]: Field names that look like keywords or numbers (listpackex) (1 ms)
[ok]: Multiple condition flags error handling (hashtable) (1 ms)
[ok]: Multiple FIELDS keywords error handling (hashtable) (0 ms)
[ok]: Boundary conditions and edge cases (hashtable) (11 ms)
[ok]: Field names that look like keywords or numbers (hashtable) (1 ms)
[ok]: Parser state consistency (listpackex) (1 ms)
[ok]: Parser state consistency (hashtable) (1 ms)
[ok]: Stress test - complex scenarios with all features (listpackex) (3 ms)
[ok]: Backward compatibility verification (listpackex) (1 ms)
[ok]: Stress test - complex scenarios with all features (hashtable) (3 ms)
[ok]: Backward compatibility verification (hashtable) (2 ms)
[ok]: WAITAOF master without backlog, wait is released when the replica finishes full-sync (809 ms)
[50/149 done]: unit/type/hash-field-expire (14 seconds)
Testing unit/type/list-3
[ok]: Explicit regression for a list bug (1 ms)
[ok]: Regression for quicklist #3343 bug (133 ms)
[ok]: Check compression with recompress (88 ms)
[ok]: Crash due to wrongly recompress after lrem (220 ms)
[ok]: LINSERT correctly recompress full quicklistNode after inserting a element before it (44 ms)
[ok]: LINSERT correctly recompress full quicklistNode after inserting a element after it (43 ms)
[ok]: WAITAOF master isn't configured to do AOF (1002 ms)
[ok]: WAITAOF replica isn't configured to do AOF (55 ms)
[ok]: WAITAOF both local and replica got AOF enabled at runtime (1954 ms)
[ok]: LTRIM stress testing - quicklist (8168 ms)
[ok]: WAITAOF master sends PING after last write (1202 ms)
[ok]: WAITAOF master client didn't send any write command (1203 ms)
[ok]: WAITAOF master client didn't send any command (1201 ms)
[ok]: WAITAOF when replica switches between masters, fsync: no (3347 ms)
[ok]: LTRIM stress testing - listpack (8145 ms)
[51/149 done]: unit/type/list-2 (16 seconds)
Testing unit/type/list
[ok]: packed node check compression with insert and pop (2 ms)
[ok]: packed node check compression combined with trim (1 ms)
[ok]: packed node check compression with lset (1 ms)
[ok]: plain node check compression with insert and pop (360 ms)
[ok]: plain node check compression combined with trim (130 ms)
[ok]: plain node check compression with lset (176 ms)
[ok]: Test LPUSH and LPOP on plain nodes (7 ms)
[ok]: Test LINDEX and LINSERT on plain nodes (1 ms)
[ok]: Test LTRIM on plain nodes (1 ms)
[ok]: Test LREM on plain nodes (1 ms)
[ok]: Test LPOS on plain nodes (1 ms)
[ok]: Test LMOVE on plain nodes (2 ms)
[ok]: WAITAOF when replica switches between masters, fsync: everysec (2347 ms)
[ok]: Test LSET with packed / plain combinations (184 ms)
[ok]: Test LSET with packed is split in the middle (2 ms)
[ok]: Test LSET with packed consist only one item (182 ms)
[ok]: Crash due to delete entry from a compress quicklist node (2 ms)
[ok]: Crash due to split quicklist node wrongly (1 ms)
[ok]: Test LPUSH and LPOP on plain nodes (6 ms)
[ok]: Test LINDEX and LINSERT on plain nodes (1 ms)
[ok]: Test LTRIM on plain nodes (1 ms)
[ok]: Test LREM on plain nodes (1 ms)
[ok]: Test LPOS on plain nodes (1 ms)
[ok]: Test LMOVE on plain nodes (2 ms)
[ok]: Test LSET with packed / plain combinations (176 ms)
[ok]: Test LSET with packed is split in the middle (2 ms)
[ok]: Test LSET with packed consist only one item (178 ms)
[ok]: Crash due to delete entry from a compress quicklist node (1 ms)
[ok]: Crash due to split quicklist node wrongly (1 ms)
[ok]: LPOS basic usage - quicklist (46 ms)
[ok]: LPOS RANK (positive, negative and zero rank) option (1 ms)
[ok]: LPOS COUNT option (1 ms)
[ok]: LPOS COUNT + RANK option (0 ms)
[ok]: LPOS non existing key (0 ms)
[ok]: LPOS no match (0 ms)
[ok]: LPOS MAXLEN (1 ms)
[ok]: LPOS when RANK is greater than matches (0 ms)
[ok]: LPUSH, RPUSH, LLENGTH, LINDEX, LPOP - quicklist (92 ms)
[ok]: LPOP/RPOP with wrong number of arguments (0 ms)
[ok]: RPOP/LPOP with the optional count argument - quicklist (43 ms)
[ok]: LPOS basic usage - listpack (0 ms)
[ok]: LPOS RANK (positive, negative and zero rank) option (1 ms)
[ok]: LPOS COUNT option (1 ms)
[ok]: LPOS COUNT + RANK option (0 ms)
[ok]: LPOS non existing key (0 ms)
[ok]: LPOS no match (0 ms)
[ok]: LPOS MAXLEN (1 ms)
[ok]: LPOS when RANK is greater than matches (0 ms)
[ok]: LPUSH, RPUSH, LLENGTH, LINDEX, LPOP - listpack (3 ms)
[ok]: LPOP/RPOP with wrong number of arguments (0 ms)
[ok]: RPOP/LPOP with the optional count argument - listpack (0 ms)
[ok]: LPOP/RPOP with the count 0 returns an empty array in RESP3 (0 ms)
[ok]: LPOP/RPOP against non existing key in RESP3 (1 ms)
[ok]: LPOP/RPOP with <count> against non existing key in RESP3 (0 ms)
[ok]: LPOP/RPOP with the count 0 returns an empty array in RESP2 (0 ms)
[ok]: LPOP/RPOP against non existing key in RESP2 (0 ms)
[ok]: LPOP/RPOP with <count> against non existing key in RESP2 (1 ms)
[ok]: Variadic RPUSH/LPUSH (0 ms)
[ok]: DEL a list (0 ms)
[ok]: BLPOP: single existing list - quicklist (46 ms)
[ok]: BLPOP: multiple existing lists - quicklist (88 ms)
[ok]: BLPOP: second list has an entry - quicklist (43 ms)
[ok]: BLMPOP_LEFT: single existing list - quicklist (48 ms)
[ok]: BLMPOP_LEFT: multiple existing lists - quicklist (92 ms)
[ok]: WAITAOF when replica switches between masters, fsync: always (1345 ms)
[ok]: BLMPOP_LEFT: second list has an entry - quicklist (48 ms)
[ok]: BRPOPLPUSH - quicklist (44 ms)
[ok]: BLMOVE left left - quicklist (44 ms)
[ok]: BLMOVE left right - quicklist (48 ms)
[ok]: BLMOVE right left - quicklist (48 ms)
[ok]: BLMOVE right right - quicklist (44 ms)
[ok]: BLPOP: single existing list - listpack (2 ms)
[ok]: BLPOP: multiple existing lists - listpack (2 ms)
[ok]: BLPOP: second list has an entry - listpack (2 ms)
[ok]: BLMPOP_LEFT: single existing list - listpack (2 ms)
[ok]: BLMPOP_LEFT: multiple existing lists - listpack (3 ms)
[ok]: BLMPOP_LEFT: second list has an entry - listpack (1 ms)
[ok]: BRPOPLPUSH - listpack (2 ms)
[ok]: BLMOVE left left - listpack (2 ms)
[ok]: BLMOVE left right - listpack (2 ms)
[ok]: BLMOVE right left - listpack (1 ms)
[ok]: BLMOVE right right - listpack (2 ms)
[ok]: BLPOP, LPUSH + DEL should not awake blocked client (3 ms)
[ok]: BLPOP, LPUSH + DEL + SET should not awake blocked client (2 ms)
[ok]: BLMPOP_LEFT, LPUSH + DEL should not awake blocked client (1 ms)
[ok]: BLMPOP_LEFT, LPUSH + DEL + SET should not awake blocked client (1 ms)
[ok]: BLPOP with same key multiple times should work (issue #801) (2 ms)
[ok]: MULTI/EXEC is isolated from the point of view of BLPOP (2 ms)
[ok]: BLPOP with variadic LPUSH (1 ms)
[ok]: MULTI/EXEC is isolated from the point of view of BLMPOP_LEFT (2 ms)
[ok]: BLMPOP_LEFT with variadic LPUSH (1 ms)
[ok]: BRPOPLPUSH with zero timeout should block indefinitely (2 ms)
[ok]: BLMOVE left left with zero timeout should block indefinitely (1 ms)
[ok]: BLMOVE left right with zero timeout should block indefinitely (1 ms)
[ok]: BLMOVE right left with zero timeout should block indefinitely (1 ms)
[ok]: BLMOVE right right with zero timeout should block indefinitely (1 ms)
[ok]: BLMOVE (left, left) with a client BLPOPing the target list (2 ms)
[ok]: BLMOVE (left, right) with a client BLPOPing the target list (3 ms)
[ok]: BLMOVE (right, left) with a client BLPOPing the target list (2 ms)
[ok]: BLMOVE (right, right) with a client BLPOPing the target list (2 ms)
[ok]: BRPOPLPUSH with wrong source type (1 ms)
[ok]: BRPOPLPUSH with wrong destination type (3 ms)
[ok]: BRPOPLPUSH maintains order of elements after failure (1 ms)
[ok]: BRPOPLPUSH with multiple blocked clients (2 ms)
[ok]: BLMPOP with multiple blocked clients (4 ms)
[ok]: Linked LMOVEs (2 ms)
[ok]: Circular BRPOPLPUSH (3 ms)
[ok]: Self-referential BRPOPLPUSH (1 ms)
[ok]: BRPOPLPUSH inside a transaction (1 ms)
[ok]: PUSH resulting from BRPOPLPUSH affect WATCH (2 ms)
[ok]: BRPOPLPUSH does not affect WATCH while still blocked (2 ms)
[ok]: setup replication for following tests (103 ms)
[ok]: WAIT and WAITAOF replica multiple clients unblock - reuse last result (692 ms)
[ok]: BRPOPLPUSH timeout (1015 ms)
[ok]: SWAPDB awakes blocked client (2 ms)
[ok]: SWAPDB wants to wake blocked client, but the key already expired (115 ms)
[52/149 done]: unit/wait (33 seconds)
Testing unit/type/set
[ok]: SADD, SCARD, SISMEMBER, SMISMEMBER, SMEMBERS basics - listpack (2 ms)
[ok]: SADD, SCARD, SISMEMBER, SMISMEMBER, SMEMBERS basics - hashtable (15 ms)
[ok]: SADD, SCARD, SISMEMBER, SMISMEMBER, SMEMBERS basics - intset (2 ms)
[ok]: SMISMEMBER SMEMBERS SCARD against non set (1 ms)
[ok]: SMISMEMBER SMEMBERS SCARD against non existing key (0 ms)
[ok]: SMISMEMBER requires one or more members (1 ms)
[ok]: SADD against non set (0 ms)
[ok]: SADD a non-integer against a small intset (1 ms)
[ok]: SADD a non-integer against a large intset (13 ms)
[ok]: SADD an integer larger than 64 bits (1 ms)
[ok]: MULTI + LPUSH + EXPIRE + DEBUG SLEEP on blocked client, key already expired (300 ms)
[ok]: SADD an integer larger than 64 bits to a large intset (13 ms)
[ok]: SADD overflows the maximum allowed integers in an intset - single (50 ms)
[ok]: SADD overflows the maximum allowed elements in a listpack - single (13 ms)
[ok]: SADD overflows the maximum allowed integers in an intset - multiple (43 ms)
[ok]: SADD overflows the maximum allowed elements in a listpack - multiple (1 ms)
[ok]: SADD overflows the maximum allowed integers in an intset - single_multiple (42 ms)
[ok]: SADD overflows the maximum allowed elements in a listpack - single_multiple (1 ms)
[ok]: Variadic SADD (0 ms)
[ok]: Set encoding after DEBUG RELOAD (176 ms)
[ok]: SREM basics - $type (1 ms)
[ok]: SREM basics - $type (15 ms)
[ok]: SREM basics - intset (1 ms)
[ok]: SREM with multiple arguments (1 ms)
[ok]: SREM variadic version with more args needed to destroy the key (0 ms)
[ok]: SINTERCARD with illegal arguments (2 ms)
[ok]: SINTERCARD against non-set should throw error (1 ms)
[ok]: SINTERCARD against non-existing key (1 ms)
[ok]: Generated sets must be encoded correctly - regular (1 ms)
[ok]: SINTER with two sets - regular (0 ms)
[ok]: SINTERCARD with two sets - regular (1 ms)
[ok]: SINTERSTORE with two sets - regular (0 ms)
[ok]: SINTERSTORE with two sets, after a DEBUG RELOAD - regular (6 ms)
[ok]: SUNION with two sets - regular (7 ms)
[ok]: SUNIONSTORE with two sets - regular (7 ms)
[ok]: SINTER against three sets - regular (0 ms)
[ok]: SINTERCARD against three sets - regular (0 ms)
[ok]: SINTERSTORE with three sets - regular (0 ms)
[ok]: SUNION with non existing keys - regular (7 ms)
[ok]: SDIFF with two sets - regular (0 ms)
[ok]: SDIFF with three sets - regular (0 ms)
[ok]: SDIFFSTORE with three sets - regular (0 ms)
[ok]: SINTER/SUNION/SDIFF with three same sets - regular (6 ms)
[ok]: Generated sets must be encoded correctly - intset (1 ms)
[ok]: SINTER with two sets - intset (0 ms)
[ok]: SINTERCARD with two sets - intset (1 ms)
[ok]: SINTERSTORE with two sets - intset (0 ms)
[ok]: SINTERSTORE with two sets, after a DEBUG RELOAD - intset (5 ms)
[ok]: SUNION with two sets - intset (7 ms)
[ok]: SUNIONSTORE with two sets - intset (7 ms)
[ok]: SINTER against three sets - intset (0 ms)
[ok]: SINTERCARD against three sets - intset (0 ms)
[ok]: SINTERSTORE with three sets - intset (1 ms)
[ok]: SUNION with non existing keys - intset (7 ms)
[ok]: SDIFF with two sets - intset (0 ms)
[ok]: SDIFF with three sets - intset (0 ms)
[ok]: SDIFFSTORE with three sets - intset (1 ms)
[ok]: SINTER/SUNION/SDIFF with three same sets - intset (5 ms)
[ok]: SINTERSTORE with two listpack sets where result is intset (1 ms)
[ok]: SINTERSTORE with two hashtable sets where result is intset (27 ms)
[ok]: SUNION hashtable and listpack (2 ms)
[ok]: SDIFF with first set empty (1 ms)
[ok]: SDIFF with same set two times (0 ms)
[ok]: BLPOP unblock but the key is expired and then block again - reprocessing command (1005 ms)
[ok]: BLPOP when new key is moved into place (2 ms)
[ok]: BLPOP when result key is created by SORT..STORE (1 ms)
[ok]: BLMPOP_LEFT when new key is moved into place (2 ms)
[ok]: BLMPOP_LEFT when result key is created by SORT..STORE (1 ms)
[ok]: BLPOP: timeout value out of range (0 ms)
[ok]: BLPOP: with single empty list argument (1 ms)
[ok]: BLPOP: with negative timeout (1 ms)
[ok]: BLPOP: with non-integer timeout (1 ms)
[ok]: BLPOP: with zero timeout should block indefinitely (1 ms)
[ok]: BLPOP: with 0.001 timeout should not block indefinitely (21 ms)
[ok]: BLPOP: second argument is not a list (1 ms)
[ok]: BLPOP: timeout (1069 ms)
[ok]: BLPOP: arguments are empty (2 ms)
[ok]: BRPOP: with single empty list argument (2 ms)
[ok]: BRPOP: with negative timeout (0 ms)
[ok]: BRPOP: with non-integer timeout (0 ms)
[ok]: BRPOP: with zero timeout should block indefinitely (1 ms)
[ok]: BRPOP: with 0.001 timeout should not block indefinitely (21 ms)
[ok]: BRPOP: second argument is not a list (1 ms)
[ok]: BRPOP: timeout (1073 ms)
[ok]: BRPOP: arguments are empty (3 ms)
[ok]: BLMPOP_LEFT: with single empty list argument (1 ms)
[ok]: BLMPOP_LEFT: with negative timeout (1 ms)
[ok]: BLMPOP_LEFT: with non-integer timeout (1 ms)
[ok]: BLMPOP_LEFT: with zero timeout should block indefinitely (1 ms)
[ok]: BLMPOP_LEFT: with 0.001 timeout should not block indefinitely (22 ms)
[ok]: BLMPOP_LEFT: second argument is not a list (1 ms)
[ok]: BLMPOP_LEFT: timeout (1074 ms)
[ok]: BLMPOP_LEFT: arguments are empty (3 ms)
[ok]: BLMPOP_RIGHT: with single empty list argument (1 ms)
[ok]: BLMPOP_RIGHT: with negative timeout (1 ms)
[ok]: BLMPOP_RIGHT: with non-integer timeout (1 ms)
[ok]: BLMPOP_RIGHT: with zero timeout should block indefinitely (1 ms)
[ok]: BLMPOP_RIGHT: with 0.001 timeout should not block indefinitely (22 ms)
[ok]: BLMPOP_RIGHT: second argument is not a list (1 ms)
[ok]: SDIFF fuzzing (4172 ms)
[ok]: SDIFF against non-set should throw error (1 ms)
[ok]: SDIFF should handle non existing key as empty (1 ms)
[ok]: SDIFFSTORE against non-set should throw error (2 ms)
[ok]: SDIFFSTORE should handle non existing key as empty (2 ms)
[ok]: SINTER against non-set should throw error (1 ms)
[ok]: SINTER should handle non existing key as empty (0 ms)
[ok]: SINTER with same integer elements but different encoding (1 ms)
[ok]: SINTERSTORE against non-set should throw error (2 ms)
[ok]: SINTERSTORE against non existing keys should delete dstkey (2 ms)
[ok]: SUNION against non-set should throw error (1 ms)
[ok]: SUNION should handle non existing key as empty (0 ms)
[ok]: SUNIONSTORE against non-set should throw error (2 ms)
[ok]: SUNIONSTORE should handle non existing key as empty (2 ms)
[ok]: SUNIONSTORE against non existing keys should delete dstkey (0 ms)
[ok]: SPOP basics - listpack (1 ms)
[ok]: SPOP with <count>=1 - listpack (1 ms)
[ok]: SRANDMEMBER - listpack (10 ms)
[ok]: SPOP basics - intset (0 ms)
[ok]: SPOP with <count>=1 - intset (1 ms)
[ok]: SRANDMEMBER - intset (10 ms)
[ok]: SPOP integer from listpack set (1 ms)
[ok]: SPOP with <count> - listpack (4 ms)
[ok]: SPOP with <count> - intset (4 ms)
[ok]: SPOP with <count> - hashtable (4 ms)
[ok]: SPOP using integers, testing Knuth's and Floyd's algorithm (3 ms)
[ok]: SPOP using integers with Knuth's algorithm (0 ms)
[ok]: SPOP new implementation: code path #1 intset (3 ms)
[ok]: SPOP new implementation: code path #2 intset (2 ms)
[ok]: SPOP new implementation: code path #3 intset (2 ms)
[ok]: SPOP new implementation: code path #1 listpack (2 ms)
[ok]: SPOP new implementation: code path #2 listpack (3 ms)
[ok]: SPOP new implementation: code path #3 listpack (3 ms)
[ok]: SPOP new implementation: code path #1 propagate as DEL or UNLINK (28 ms)
[ok]: SRANDMEMBER count of 0 is handled correctly (1 ms)
[ok]: SRANDMEMBER with <count> against non existing key (0 ms)
[ok]: SRANDMEMBER count overflow (0 ms)
[ok]: SRANDMEMBER count of 0 is handled correctly - emptyarray (0 ms)
[ok]: SRANDMEMBER with <count> against non existing key - emptyarray (0 ms)
[ok]: SRANDMEMBER with <count> - listpack (20 ms)
[ok]: SRANDMEMBER with <count> - intset (22 ms)
[ok]: SRANDMEMBER with <count> - hashtable (21 ms)
[ok]: SRANDMEMBER histogram distribution - listpack (95 ms)
[ok]: SRANDMEMBER histogram distribution - intset (95 ms)
[ok]: SRANDMEMBER histogram distribution - hashtable (96 ms)
[ok]: BLMPOP_RIGHT: timeout (1074 ms)
[ok]: BLMPOP_RIGHT: arguments are empty (2 ms)
[ok]: BLPOP inside a transaction (0 ms)
[ok]: BLMPOP_LEFT inside a transaction (1 ms)
[ok]: BLMPOP propagate as pop with count command to replica (198 ms)
[ok]: LPUSHX, RPUSHX - generic (1 ms)
[ok]: LPUSHX, RPUSHX - quicklist (45 ms)
[ok]: LINSERT - quicklist (45 ms)
[ok]: LPUSHX, RPUSHX - listpack (1 ms)
[ok]: LINSERT - listpack (2 ms)
[ok]: LINSERT raise error on bad syntax (1 ms)
[ok]: LINSERT against non-list value error (0 ms)
[ok]: LINSERT against non existing key (0 ms)
[ok]: LINDEX consistency test - listpack (79 ms)
[ok]: LINDEX random access - listpack (55 ms)
[ok]: Check if list is still ok after a DEBUG RELOAD - listpack (113 ms)
[ok]: LINDEX consistency test - listpack (154 ms)
[ok]: LINDEX random access - listpack (107 ms)
[ok]: Check if list is still ok after a DEBUG RELOAD - listpack (217 ms)
[ok]: LINDEX consistency test - quicklist (76 ms)
[ok]: LINDEX random access - quicklist (54 ms)
[ok]: Check if list is still ok after a DEBUG RELOAD - quicklist (108 ms)
[ok]: LINDEX consistency test - quicklist (154 ms)
[ok]: LINDEX random access - quicklist (107 ms)
[ok]: Check if list is still ok after a DEBUG RELOAD - quicklist (211 ms)
[ok]: LLEN against non-list value error (1 ms)
[ok]: LLEN against non existing key (0 ms)
[ok]: LINDEX against non-list value error (0 ms)
[ok]: LINDEX against non existing key (0 ms)
[ok]: LPUSH against non-list value error (0 ms)
[ok]: RPUSH against non-list value error (0 ms)
[ok]: RPOPLPUSH base case - quicklist (44 ms)
[ok]: LMOVE left left base case - quicklist (44 ms)
[ok]: LMOVE left right base case - quicklist (44 ms)
[ok]: LMOVE right left base case - quicklist (44 ms)
[ok]: LMOVE right right base case - quicklist (44 ms)
[ok]: RPOPLPUSH with the same list as src and dst - quicklist (43 ms)
[ok]: LMOVE left left with the same list as src and dst - quicklist (43 ms)
[ok]: LMOVE left right with the same list as src and dst - quicklist (43 ms)
[ok]: LMOVE right left with the same list as src and dst - quicklist (44 ms)
[ok]: LMOVE right right with the same list as src and dst - quicklist (43 ms)
[ok]: RPOPLPUSH with quicklist source and existing target quicklist (88 ms)
[ok]: LMOVE left left with quicklist source and existing target quicklist (88 ms)
[ok]: LMOVE left right with quicklist source and existing target quicklist (88 ms)
[ok]: LMOVE right left with quicklist source and existing target quicklist (88 ms)
[ok]: LMOVE right right with quicklist source and existing target quicklist (88 ms)
[ok]: RPOPLPUSH with quicklist source and existing target listpack (44 ms)
[ok]: LMOVE left left with quicklist source and existing target listpack (44 ms)
[ok]: LMOVE left right with quicklist source and existing target listpack (44 ms)
[ok]: LMOVE right left with quicklist source and existing target listpack (44 ms)
[ok]: LMOVE right right with quicklist source and existing target listpack (48 ms)
[ok]: RPOPLPUSH base case - listpack (1 ms)
[ok]: LMOVE left left base case - listpack (1 ms)
[ok]: LMOVE left right base case - listpack (1 ms)
[ok]: LMOVE right left base case - listpack (1 ms)
[ok]: LMOVE right right base case - listpack (1 ms)
[ok]: RPOPLPUSH with the same list as src and dst - listpack (1 ms)
[ok]: LMOVE left left with the same list as src and dst - listpack (0 ms)
[ok]: LMOVE left right with the same list as src and dst - listpack (1 ms)
[ok]: LMOVE right left with the same list as src and dst - listpack (1 ms)
[ok]: LMOVE right right with the same list as src and dst - listpack (1 ms)
[ok]: RPOPLPUSH with listpack source and existing target quicklist (42 ms)
[ok]: LMOVE left left with listpack source and existing target quicklist (44 ms)
[ok]: LMOVE left right with listpack source and existing target quicklist (44 ms)
[ok]: LMOVE right left with listpack source and existing target quicklist (44 ms)
[ok]: LMOVE right right with listpack source and existing target quicklist (44 ms)
[ok]: RPOPLPUSH with listpack source and existing target listpack (2 ms)
[ok]: LMOVE left left with listpack source and existing target listpack (1 ms)
[ok]: LMOVE left right with listpack source and existing target listpack (2 ms)
[ok]: LMOVE right left with listpack source and existing target listpack (1 ms)
[ok]: LMOVE right right with listpack source and existing target listpack (2 ms)
[ok]: RPOPLPUSH against non existing key (1 ms)
[ok]: RPOPLPUSH against non list src key (0 ms)
[ok]: RPOPLPUSH against non list dst key - quicklist (43 ms)
[ok]: RPOPLPUSH against non list dst key - listpack (1 ms)
[ok]: RPOPLPUSH against non existing src key (0 ms)
[ok]: Basic LPOP/RPOP/LMPOP - quicklist (85 ms)
[ok]: Basic LPOP/RPOP/LMPOP - listpack (2 ms)
[ok]: LPOP/RPOP/LMPOP against empty list (1 ms)
[ok]: LPOP/RPOP/LMPOP NON-BLOCK or BLOCK against non list value (1 ms)
[ok]: Mass RPOP/LPOP - listpack (52 ms)
[ok]: Mass RPOP/LPOP - listpack (105 ms)
[ok]: LMPOP with illegal argument (2 ms)
[ok]: LMPOP single existing list - quicklist (132 ms)
[ok]: LMPOP multiple existing lists - quicklist (176 ms)
[ok]: LMPOP single existing list - listpack (4 ms)
[ok]: LMPOP multiple existing lists - listpack (4 ms)
[ok]: LMPOP propagate as pop with count command to replica (28 ms)
[ok]: LRANGE basics - quicklist (48 ms)
[ok]: LRANGE inverted indexes - quicklist (44 ms)
[ok]: LRANGE out of range indexes including the full list - quicklist (44 ms)
[ok]: LRANGE out of range negative end index - quicklist (47 ms)
[ok]: LRANGE basics - listpack (1 ms)
[ok]: LRANGE inverted indexes - listpack (2 ms)
[ok]: LRANGE out of range indexes including the full list - listpack (1 ms)
[ok]: LRANGE out of range negative end index - listpack (1 ms)
[ok]: LRANGE against non existing key (0 ms)
[ok]: LRANGE with start > end yields an empty array for backward compatibility (1 ms)
[ok]: LTRIM basics - quicklist (529 ms)
[ok]: LTRIM out of range negative end index - quicklist (88 ms)
[ok]: LSET - quicklist (45 ms)
[ok]: LSET out of range index - quicklist (0 ms)
[ok]: LTRIM basics - listpack (12 ms)
[ok]: LTRIM out of range negative end index - listpack (2 ms)
[ok]: LSET - listpack (1 ms)
[ok]: LSET out of range index - listpack (0 ms)
[ok]: LSET against non existing key (1 ms)
[ok]: LSET against non list value (0 ms)
[ok]: LREM remove all the occurrences - quicklist (43 ms)
[ok]: LREM remove the first occurrence - quicklist (1 ms)
[ok]: LREM remove non existing element - quicklist (0 ms)
[ok]: LREM starting from tail with negative count - quicklist (43 ms)
[ok]: LREM starting from tail with negative count (2) - quicklist (1 ms)
[ok]: LREM deleting objects that may be int encoded - quicklist (42 ms)
[ok]: LREM remove all the occurrences - listpack (1 ms)
[ok]: LREM remove the first occurrence - listpack (0 ms)
[ok]: LREM remove non existing element - listpack (0 ms)
[ok]: LREM starting from tail with negative count - listpack (1 ms)
[ok]: LREM starting from tail with negative count (2) - listpack (0 ms)
[ok]: LREM deleting objects that may be int encoded - listpack (1 ms)
[ok]: Regression for bug 593 - chaining BRPOPLPUSH with other blocking cmds (3 ms)
[ok]: BLPOP/BLMOVE should increase dirty (3 ms)
[ok]: client unblock tests (6 ms)
[ok]: client unblock tests (3 ms)
[ok]: List listpack -> quicklist encoding conversion (4 ms)
[ok]: List listpack -> quicklist encoding conversion (176 ms)
[ok]: List quicklist -> listpack encoding conversion (224 ms)
[ok]: List encoding conversion when RDB loading (11 ms)
[ok]: List invalid list-max-listpack-size config (87 ms)
[ok]: List of various encodings (92 ms)
[ok]: List of various encodings - sanitize dump (3 ms)
[ok]: Unblock fairness is kept while pipelining (3 ms)
[ok]: Unblock fairness is kept during nested unblock (3 ms)
[ok]: Blocking command accounted only once in commandstats (3 ms)
[ok]: Blocking command accounted only once in commandstats after timeout (1 ms)
[ok]: Command being unblocked cause another command to get unblocked execution order test (85 ms)
[ok]: Blocking timeout following PAUSE should honor the timeout (1014 ms)
[ok]: CLIENT NO-TOUCH with BRPOP and RPUSH regression test (2 ms)
[53/149 done]: unit/type/list (17 seconds)
Testing unit/type/stream-cgroups
[ok]: XGROUP CREATE: creation and duplicate group name detection (1 ms)
[ok]: XGROUP CREATE: with ENTRIESREAD parameter (2 ms)
[ok]: XGROUP CREATE: automatic stream creation fails without MKSTREAM (0 ms)
[ok]: XGROUP CREATE: automatic stream creation works with MKSTREAM (1 ms)
[ok]: XREADGROUP basic argument count validation (0 ms)
[ok]: XREADGROUP GROUP keyword validation (0 ms)
[ok]: XREADGROUP empty group name handling (1 ms)
[ok]: XREADGROUP STREAMS keyword validation (1 ms)
[ok]: XREADGROUP stream and ID pairing (1 ms)
[ok]: XREADGROUP COUNT parameter validation (1 ms)
[ok]: XREADGROUP BLOCK parameter validation (1 ms)
[ok]: XREADGROUP stream ID format validation (1 ms)
[ok]: XREADGROUP nonexistent group (1 ms)
[ok]: XREADGROUP nonexistent stream with existing group (0 ms)
[ok]: XREADGROUP wrong key type (1 ms)
[ok]: XREADGROUP boundary value validation (0 ms)
[ok]: XREADGROUP malformed parameter syntax (0 ms)
[ok]: XREADGROUP will return only new elements (1 ms)
[ok]: XREADGROUP can read the history of the elements we own (1 ms)
[ok]: XPENDING is able to return pending items (1 ms)
[ok]: XPENDING can return single consumer items (0 ms)
[ok]: XPENDING only group (0 ms)
[ok]: XPENDING with IDLE (21 ms)
[ok]: XPENDING with exclusive range intervals works as expected (1 ms)
[ok]: XACK is able to remove items from the consumer/group PEL (1 ms)
[ok]: XACK can't remove the same item multiple times (0 ms)
[ok]: XACK is able to accept multiple arguments (0 ms)
[ok]: XACK should fail if got at least one invalid ID (1 ms)
[ok]: PEL NACK reassignment after XGROUP SETID event (1 ms)
[ok]: XREADGROUP will not report data on empty history. Bug #5577 (2 ms)
[ok]: XREADGROUP history reporting of deleted entries. Bug #5570 (1 ms)
[ok]: Blocking XREADGROUP will not reply with an empty array (23 ms)
[ok]: Blocking XREADGROUP: key deleted (1 ms)
[ok]: Blocking XREADGROUP: key type changed with SET (2 ms)
[ok]: Blocking XREADGROUP: key type changed with transaction (2 ms)
[ok]: Blocking XREADGROUP: flushed DB (2 ms)
[ok]: Blocking XREADGROUP: swapped DB, key doesn't exist (2 ms)
[ok]: Blocking XREADGROUP: swapped DB, key is not a stream (2 ms)
[ok]: XREAD and XREADGROUP against wrong parameter (1 ms)
[ok]: Blocking XREAD: key deleted (1 ms)
[ok]: Blocking XREAD: key type changed with SET (2 ms)
[ok]: Blocking XREADGROUP for stream that ran dry (issue #5299) (105 ms)
[ok]: Blocking XREADGROUP will ignore BLOCK if ID is not > (4 ms)
[ok]: Blocking XREADGROUP for stream key that has clients blocked on list (4 ms)
[ok]: Blocking XREADGROUP for stream key that has clients blocked on stream - avoid endless loop (3 ms)
[ok]: Blocking XREADGROUP for stream key that has clients blocked on stream - reprocessing command (1093 ms)
[ok]: XGROUP DESTROY should unblock XREADGROUP with -NOGROUP (3 ms)
[ok]: XGROUP DESTROY removes all consumer group references (2 ms)
[ok]: XGROUP DESTROY correctly manage min_cgroup_last_id cache (2 ms)
[ok]: RENAME can unblock XREADGROUP with data (2 ms)
[ok]: RENAME can unblock XREADGROUP with -NOGROUP (1 ms)
[ok]: XCLAIM can claim PEL items from another consumer (605 ms)
[ok]: XCLAIM without JUSTID increments delivery count (402 ms)
[ok]: XCLAIM same consumer (201 ms)
[ok]: XAUTOCLAIM can claim PEL items from another consumer (604 ms)
[ok]: XAUTOCLAIM as an iterator (202 ms)
[ok]: XAUTOCLAIM COUNT must be > 0 (0 ms)
[ok]: XCLAIM with XDEL (1 ms)
[ok]: XCLAIM with trimming (2 ms)
[ok]: XAUTOCLAIM with XDEL (1 ms)
[ok]: XAUTOCLAIM with XDEL and count (2 ms)
[ok]: XAUTOCLAIM with out of range count (0 ms)
[ok]: XCLAIM with trimming (2 ms)
[ok]: XINFO FULL output (4 ms)
[ok]: Consumer seen-time and active-time (205 ms)
[ok]: XGROUP CREATECONSUMER: create consumer if does not exist (1 ms)
[ok]: XGROUP CREATECONSUMER: group must exist (0 ms)
[ok]: XREADGROUP of multiple entries changes dirty by one (3 ms)
[ok]: XREADGROUP from PEL does not change dirty (3 ms)
[ok]: XREADGROUP with NOACK creates consumer (7 ms)
[ok]: Consumer without PEL is present in AOF after AOFRW (112 ms)
[ok]: Consumer group read counter and lag in empty streams (1 ms)
[ok]: Consumer group read counter and lag sanity (5 ms)
[ok]: Consumer group lag with XDELs (9 ms)
[ok]: Consumer Group Lag with XDELs and tombstone after the last_id of consume group (3 ms)
[ok]: Consumer group lag with XTRIM (5 ms)
[ok]: Loading from legacy (Redis <= v6.2.x, rdb_ver < 10) persistence (1 ms)
[ok]: Loading from legacy (Redis <= v7.0.x, rdb_ver < 11) persistence (1 ms)
[ok]: Consumer group last ID propagation to slave (NOACK=0) (104 ms)
[ok]: Consumer group last ID propagation to slave (NOACK=1) (103 ms)
[ok]: Replication tests of XCLAIM with deleted entries (autoclaim=0) (105 ms)
[ok]: Replication tests of XCLAIM with deleted entries (autoclaim=1) (3 ms)
[ok]: XREADGROUP ACK would propagate entries-read (3 ms)
[ok]: XREADGROUP from PEL inside MULTI (1 ms)
[ok]: Empty stream with no lastid can be rewrite into AOF correctly (108 ms)
[ok]: XACKDEL wrong number of args (1 ms)
[ok]: XACKDEL should return empty array when key doesn't exist or group doesn't exist (1 ms)
[ok]: XACKDEL IDS parameter validation (1 ms)
[ok]: XACKDEL KEEPREF/DELREF/ACKED parameter validation (0 ms)
[ok]: XACKDEL with DELREF option acknowledges will remove entry from all PELs (1 ms)
[ok]: XACKDEL with ACKED option only deletes messages acknowledged by all groups (2 ms)
[ok]: XACKDEL with KEEPREF (2 ms)
[ok]: XGROUP CREATE with ENTRIESREAD larger than stream entries should cap the value (1 ms)
[ok]: XGROUP SETID with ENTRIESREAD larger than stream entries should cap the value (1 ms)
[ok]: XACKDEL with IDs exceeding STREAMID_STATIC_VECTOR_LEN for heap allocation (1 ms)
[ok]: XREADGROUP CLAIM delivery count increments replicated correctly (732 ms)
[ok]: XREADGROUP propagates new consumer to replica (325 ms)
[ok]: XREADGROUP CLAIM field types are correct (101 ms)
[ok]: XREADGROUP CLAIM returns unacknowledged messages (102 ms)
[ok]: XREADGROUP CLAIM respects min-idle-time threshold (2 ms)
[ok]: XREADGROUP CLAIM with COUNT limit (101 ms)
[ok]: XREADGROUP CLAIM without messages (1 ms)
[ok]: XREADGROUP CLAIM without pending messages (1 ms)
[ok]: XREADGROUP CLAIM message response format (101 ms)
[ok]: XREADGROUP CLAIM delivery count (605 ms)
[ok]: XREADGROUP CLAIM idle time (273 ms)
[ok]: XREADGROUP CLAIM with NOACK (101 ms)
[ok]: XREADGROUP CLAIM with NOACK and pending messages (202 ms)
[ok]: XREADGROUP CLAIM with multiple streams (102 ms)
[ok]: XREADGROUP CLAIM with min-idle-time equal to zero (1 ms)
[ok]: XREADGROUP CLAIM with large min-idle-time (102 ms)
[ok]: XREADGROUP CLAIM with not integer for min-idle-time (2 ms)
[ok]: XREADGROUP CLAIM with negative integer for min-idle-time (2 ms)
[ok]: XREADGROUP CLAIM with different position (405 ms)
[ok]: XREADGROUP CLAIM with specific ID (101 ms)
[ok]: XREADGROUP CLAIM on non-existing consumer group (102 ms)
[ok]: XREADGROUP CLAIM on non-existing consumer (101 ms)
[ok]: XREADGROUP CLAIM verify ownership transfer and delivery count updates (101 ms)
[ok]: XREADGROUP CLAIM verify XACK removes messages from CLAIM pool (202 ms)
[ok]: XREADGROUP CLAIM verify that XCLAIM updates delivery count (203 ms)
[ok]: XREADGROUP CLAIM verify forced entries are claimable (1 ms)
[ok]: XREADGROUP CLAIM with BLOCK zero (486 ms)
[ok]: XREADGROUP CLAIM with two blocked clients (200 ms)
[ok]: SRANDMEMBER with a dict containing long chain (18385 ms)
[ok]: SMOVE basics - from regular set to intset (3 ms)
[ok]: SMOVE basics - from intset to regular set (1 ms)
[ok]: SMOVE non existing key (2 ms)
[ok]: SMOVE non existing src set (1 ms)
[ok]: SMOVE from regular set to non existing destination set (2 ms)
[ok]: SMOVE from intset to non existing destination set (2 ms)
[ok]: SMOVE wrong src key type (0 ms)
[ok]: SMOVE wrong dst key type (0 ms)
[ok]: SMOVE with identical source and destination (0 ms)
[ok]: SMOVE only notify dstset when the addition is successful (2 ms)
[ok]: XREADGROUP CLAIM messages become claimable during block (1503 ms)
[ok]: XREADGROUP CLAIM block times out with no claimable messages (102 ms)
[ok]: XREADGROUP CLAIM block with multiple streams, mixed claimable (101 ms)
[ok]: XREADGROUP CLAIM claims all pending immediately (1 ms)
[ok]: XREADGROUP CLAIM with BLOCK and NOACK (101 ms)
[ok]: XREADGROUP CLAIM BLOCK wakes on new message before min-idle-time reached (2 ms)
[ok]: XREADGROUP CLAIM verify claiming order (3 ms)
[ok]: XREADGROUP CLAIM after consumer deleted with pending messages (101 ms)
[ok]: XREADGROUP CLAIM after XGROUP SETID moves past pending messages (102 ms)
[ok]: XREADGROUP CLAIM after XGROUP SETID moves before pending messages (202 ms)
[ok]: XREADGROUP CLAIM when pending messages get trimmed (103 ms)
[ok]: XREADGROUP CLAIM state persists across RDB save/load (208 ms)
[ok]: intsets implementation stress testing (2042 ms)
[54/149 done]: unit/type/set (26 seconds)
Testing unit/type/stream
[ok]: XADD wrong number of args (0 ms)
[ok]: XADD can add entries into a stream that XRANGE can fetch (0 ms)
[ok]: XADD IDs are incremental (1 ms)
[ok]: XADD IDs are incremental when ms is the same as well (1 ms)
[ok]: XADD IDs correctly report an error when overflowing (0 ms)
[ok]: XADD auto-generated sequence is incremented for last ID (1 ms)
[ok]: XADD auto-generated sequence is zero for future timestamp ID (0 ms)
[ok]: XADD auto-generated sequence can't be smaller than last ID (1 ms)
[ok]: XADD auto-generated sequence can't overflow (0 ms)
[ok]: XADD 0-* should succeed (0 ms)
[ok]: XADD with MAXLEN option (116 ms)
[ok]: XADD with MAXLEN option and the '=' argument (117 ms)
[ok]: XREADGROUP CLAIM idle time resets after RDB reload (1009 ms)
[ok]: XADD with MAXLEN option and the '~' argument (110 ms)
[ok]: XADD with NOMKSTREAM option (1 ms)
[ok]: XREADGROUP CLAIM multiple groups persist correctly (107 ms)
[ok]: XADD with MINID option (117 ms)
[ok]: XADD with MAXLEN option and ACKED option (3 ms)
[ok]: XADD with ACKED option doesn't crash after DEBUG RELOAD (8 ms)
[ok]: XADD with MAXLEN option and DELREF option (2 ms)
[ok]: XADD IDMP with invalid syntax (1 ms)
[ok]: XADD IDMP basic addition (4 ms)
[ok]: XADD IDMP duplicate request returns same ID (1 ms)
[ok]: XADD IDMP multiple different IIDs create multiple entries (1 ms)
[ok]: XADD IDMP with binary-safe iid (1 ms)
[ok]: XREADGROUP CLAIM NOACK state not persisted (106 ms)
[ok]: XADD IDMP with maximum length iid (43 ms)
[ok]: XADD IDMP with MAXLEN option (1 ms)
[ok]: XADD IDMP with MINID option (1 ms)
[ok]: XADD IDMP with NOMKSTREAM option (0 ms)
[ok]: XADD IDMP with KEEPREF option (1 ms)
[ok]: XADD IDMP with combined options (1 ms)
[ok]: XADD IDMP argument order variations (1 ms)
[ok]: XADD IDMP concurrent duplicate requests (2 ms)
[ok]: XADD IDMP pipelined requests (1 ms)
[ok]: XADD IDMP with consumer groups (1 ms)
[ok]: XADD IDMP persists in RDB (6 ms)
[ok]: XADD IDMP set in AOF (57 ms)
[ok]: XIDMPRECORD parameter validation (2 ms)
[ok]: XIDMPRECORD with binary-safe iid (1 ms)
[ok]: XIDMPRECORD with maximum length iid (89 ms)
[ok]: XIDMPRECORD with unicode pid and iid (1 ms)
[ok]: XIDMPRECORD with long producer ID (1 ms)
[ok]: XIDMPRECORD with special characters in iid (0 ms)
[ok]: XIDMPRECORD message must exist in stream (0 ms)
[ok]: XIDMPRECORD then deduplication works (1 ms)
[ok]: XIDMPRECORD idempotent (0 ms)
[ok]: XIDMPRECORD conflict same pid iid different stream ID (0 ms)
[ok]: XIDMPRECORD multiple producers (1 ms)
[ok]: XREADGROUP CLAIM high delivery counts persist in RDB (209 ms)
[ok]: XIDMPRECORD AOF rewrite restores IDMP (109 ms)
[ok]: XIDMPRECORD AOF rewrite emits XIDMPRECORD for stream with IDMP from XIDMPRECORD only (109 ms)
[ok]: XADD IDMP multiple producers have isolated namespaces (2 ms)
[ok]: XADD IDMP multiple producers each have their own MAXSIZE limit (2 ms)
[ok]: XADD IDMP multiple producers with binary producer IDs (1 ms)
[ok]: XADD IDMP multiple producers with unicode producer IDs (1 ms)
[ok]: XADD IDMP multiple producers with long producer IDs (0 ms)
[ok]: XADD IDMP multiple producers persistence in RDB (198 ms)
[ok]: XREADGROUP CLAIM usage stability with repeated claims (2244 ms)
[ok]: XADD IDMP cron expiration works after RDB load (2143 ms)
[ok]: XREADGROUP CLAIM with large number of PEL messages (2017 ms)
[ok]: XREADGROUP CLAIM within MULTI/EXEC transaction (106 ms)
[ok]: XREAD with CLAIM option (0 ms)
[ok]: XNACK argument and error validation (7 ms)
[ok]: XNACK SILENT mode delivery_count behavior (2 ms)
[ok]: XNACK FAIL mode keeps delivery_count unchanged (1 ms)
[ok]: XNACK FATAL mode sets delivery_count to max (1 ms)
[ok]: XNACK releases entries and removes from consumer PEL (2 ms)
[ok]: XNACK return count and edge cases (3 ms)
[ok]: XNACK on already-NACKed entry: idempotency and mode changes (2 ms)
[ok]: XNACK ordering: NACKed entries at head of PEL with FIFO order (2 ms)
[ok]: XNACK NACKed entries persist after XDEL and XTRIM (3 ms)
[ok]: XNACK with IDs exceeding STREAMID_STATIC_VECTOR_LEN for heap allocation (11 ms)
[ok]: XNACK RETRYCOUNT overrides delivery_count (2 ms)
[ok]: XNACK FORCE behavior (3 ms)
[ok]: XNACK FORCE + RETRYCOUNT combination (1 ms)
[ok]: XNACK flexible IDS position - options accepted before and after IDS block (1 ms)
[ok]: XNACK re-NACK moves entry to end of NACK zone (34 ms)
[ok]: XNACK NACKed entries claimable via XCLAIM, XAUTOCLAIM, and XREADGROUP CLAIM (15 ms)
[ok]: XNACK XCLAIM/XAUTOCLAIM of deleted NACKed entries cleans PEL (2 ms)
[ok]: XNACK XREADGROUP BLOCK CLAIM wakes up on NACKed entries (3 ms)
[ok]: XNACK XREADGROUP pending read excludes NACKed entries (1 ms)
[ok]: XNACK effect on consumer state and XINFO CONSUMERS (2 ms)
[ok]: XNACK XGROUP DESTROY cleans up NACKed entries (1 ms)
[ok]: XNACK XGROUP DELCONSUMER works when group PEL has NACKed entries (2 ms)
[ok]: XNACK XINFO STREAM FULL nacked-count reflects nack zone size (7 ms)
[ok]: XNACK RDB save and load preserves NACKed entries (10 ms)
[ok]: XNACK NACKed entries survive DUMP and RESTORE (3 ms)
[ok]: XNACK COPY preserves NACKed entries (3 ms)
[ok]: XADD IDMP tracking survives SWAPDB (2017 ms)
[ok]: XNACK entries survive AOF rewrite (109 ms)
[ok]: XNACK AOF rewrite batch split -- 65 NACKed entries with owned tail (122 ms)
[ok]: XNACK AOF rewrite batch split -- entire PEL is NACK zone (122 ms)
[ok]: XNACK AOF rewrite with mixed delivery_counts batches correctly (59 ms)
[ok]: XNACK FORCE-created entries survive AOF rewrite (108 ms)
[ok]: XNACK replication of modes and FORCE (325 ms)
[ok]: XNACK reclaim operations propagate correctly to replica (328 ms)
[55/149 done]: unit/type/stream-cgroups (21 seconds)
Testing unit/type/string
[ok]: SET and GET an item (0 ms)
[ok]: SET and GET an empty item (0 ms)
[ok]: XADD IDMP tracking cleared after FLUSHDB (2016 ms)
[ok]: Very big payload in GET/SET (49 ms)
[ok]: Very big payload random access (1983 ms)
[ok]: XADD IDMP tracking removed after DEL (3022 ms)
[ok]: SET 10000 numeric keys and access all them in reverse order (1937 ms)
[ok]: DBSIZE should be 10000 now (0 ms)
[ok]: SETNX target key missing (1 ms)
[ok]: SETNX target key exists (0 ms)
[ok]: SETNX against not-expired volatile key (1 ms)
[ok]: XADD IDMP tracking cleared after FLUSHALL across all databases (3026 ms)
[ok]: SETNX against expired volatile key (2993 ms)
[ok]: GETEX EX option (0 ms)
[ok]: GETEX PX option (1 ms)
[ok]: GETEX EXAT option (1 ms)
[ok]: GETEX PXAT option (0 ms)
[ok]: GETEX PERSIST option (1 ms)
[ok]: GETEX no option (1 ms)
[ok]: GETEX syntax errors (0 ms)
[ok]: GETEX and GET expired key or not exist (3 ms)
[ok]: GETEX no arguments (0 ms)
[ok]: GETDEL command (1 ms)
[ok]: GETDEL propagate as DEL command to replica (41 ms)
[ok]: GETEX without argument does not propagate to replica (101 ms)
[ok]: MGET (5 ms)
[ok]: MGET against non existing key (0 ms)
[ok]: MGET against non-string key (1 ms)
[ok]: GETSET (set new value) (0 ms)
[ok]: GETSET (replace old value) (1 ms)
[ok]: MSET base case (0 ms)
[ok]: MSET/MSETNX wrong number of args (1 ms)
[ok]: MSET with already existing - same key twice (0 ms)
[ok]: MSETNX with already existent key (1 ms)
[ok]: MSETNX with not existing keys (0 ms)
[ok]: MSETNX with not existing keys - same key twice (0 ms)
[ok]: MSETNX with already existing keys - same key twice (0 ms)
[ok]: MSET spanning multiple prefetch batches (batch size 16) (16 ms)
[ok]: MSET overwrites expired keys across batch boundary (24 ms)
[ok]: MSETEX - all expiration flags (1 ms)
[ok]: MSETEX - KEEPTTL preserves existing TTL (0 ms)
[ok]: MSETEX - NX/XX conditions and return values (0 ms)
[ok]: MSETEX - flexible argument parsing (0 ms)
[ok]: MSETEX - error cases (0 ms)
[ok]: MSETEX - overflow protection in numkeys (1 ms)
[ok]: MSETEX - mutually exclusive flags (0 ms)
[ok]: STRLEN against non-existing key (0 ms)
[ok]: STRLEN against integer-encoded value (0 ms)
[ok]: STRLEN against plain string (0 ms)
[ok]: SETBIT against non-existing key (0 ms)
[ok]: SETBIT against string-encoded key (1 ms)
[ok]: SETBIT against integer-encoded key (0 ms)
[ok]: SETBIT against key with wrong type (0 ms)
[ok]: SETBIT with out of range bit offset (1 ms)
[ok]: SETBIT with non-bit argument (0 ms)
[ok]: SETBIT fuzzing (486 ms)
[ok]: GETBIT against non-existing key (0 ms)
[ok]: GETBIT against string-encoded key (0 ms)
[ok]: GETBIT against integer-encoded key (1 ms)
[ok]: SETRANGE against non-existing key (1 ms)
[ok]: SETRANGE against string-encoded key (1 ms)
[ok]: SETRANGE against integer-encoded key (2 ms)
[ok]: SETRANGE against key with wrong type (0 ms)
[ok]: SETRANGE with out of range offset (1 ms)
[ok]: GETRANGE against non-existing key (0 ms)
[ok]: GETRANGE against wrong key type (1 ms)
[ok]: GETRANGE against string value (1 ms)
[ok]: GETRANGE against integer-encoded value (2 ms)
[ok]: GETRANGE fuzzing (941 ms)
[ok]: Coverage: SUBSTR (1 ms)
[ok]: trim on SET with big value (44 ms)
[ok]: Extended SET can detect syntax errors (1 ms)
[ok]: Extended SET NX option (0 ms)
[ok]: Extended SET XX option (1 ms)
[ok]: Extended SET GET option (0 ms)
[ok]: Extended SET GET option with no previous value (0 ms)
[ok]: Extended SET GET option accepts repeated GET tokens (1 ms)
[ok]: Extended SET GET option with XX (0 ms)
[ok]: Extended SET GET option with XX and no previous value (1 ms)
[ok]: Extended SET GET option with NX (0 ms)
[ok]: Extended SET GET option with NX and previous value (1 ms)
[ok]: Extended SET GET option with a past expiration time and no previous value (1 ms)
[ok]: Extended SET GET with incorrect type should result in wrong type error (1 ms)
[ok]: Extended SET EX option (0 ms)
[ok]: Extended SET PX option (0 ms)
[ok]: Extended SET EXAT option (0 ms)
[ok]: Extended SET PXAT option (0 ms)
[ok]: Extended SET PXAT option with a past expiration time (1 ms)
[ok]: SET PXAT with a past expiration time will propagate it as DEL or UNLINK (50 ms)
[ok]: Extended SET using multiple options at once (1 ms)
[ok]: GETRANGE with huge ranges, Github issue #1844 (0 ms)
[ok]: LCS basic (1 ms)
[ok]: LCS len (1 ms)
[ok]: LCS indexes (0 ms)
[ok]: LCS indexes with match len (0 ms)
[ok]: LCS indexes with match len and minimum match len (1 ms)
[ok]: SETRANGE with huge offset (0 ms)
[ok]: APPEND modifies the encoding from int to raw (1 ms)
[ok]: MEMORY USAGE - STRINGS (81 ms)
[err]: Check MEMORY USAGE for embedded key strings with jemalloc in tests/unit/type/string.tcl
Expected '32' to be equal to '80' (context: type proc line 5 cmd {assert_equal $exp_mem_usage [r memory usage $key]} proc ::expected_mem level 2)
[ok]: DIGEST basic usage with plain string (0 ms)
[ok]: DIGEST with empty string (0 ms)
[ok]: DIGEST with integer-encoded value (0 ms)
[ok]: DIGEST with negative integer (0 ms)
[ok]: DIGEST returns consistent hash for same value (0 ms)
[ok]: DIGEST returns same hash for same content in different keys (1 ms)
[ok]: DIGEST returns different hash for different values (0 ms)
[ok]: DIGEST with binary data (0 ms)
[ok]: DIGEST with unicode characters (0 ms)
[ok]: DIGEST with very long string (41 ms)
[ok]: DIGEST against non-existing key (1 ms)
[ok]: DIGEST against wrong type (list) (0 ms)
[ok]: DIGEST against wrong type (hash) (1 ms)
[ok]: DIGEST against wrong type (set) (0 ms)
[ok]: DIGEST against wrong type (zset) (1 ms)
[ok]: DIGEST wrong number of arguments (0 ms)
[ok]: DIGEST with special characters and whitespace (1 ms)
[ok]: DIGEST consistency across SET operations (0 ms)
[ok]: DELEX basic usage without conditions (0 ms)
[ok]: DELEX basic usage with IFEQ (1 ms)
[ok]: DELEX basic usage with IFNE (1 ms)
[ok]: DELEX basic usage with IFDEQ (1 ms)
[ok]: DELEX basic usage with IFDNE (1 ms)
[ok]: DELEX with non-existing key (0 ms)
[ok]: DELEX with empty string value (1 ms)
[ok]: DELEX with integer-encoded value (1 ms)
[ok]: DELEX with negative integer (0 ms)
[ok]: DELEX with binary data (0 ms)
[ok]: DELEX with unicode characters (1 ms)
[ok]: DELEX with very long string (86 ms)
[ok]: DELEX against wrong type (2 ms)
[ok]: DELEX wrong number of arguments (1 ms)
[ok]: DELEX invalid condition (0 ms)
[ok]: DELEX with special characters and whitespace (1 ms)
[ok]: DELEX digest consistency with same content (1 ms)
[ok]: DELEX digest with different content (1 ms)
[ok]: DELEX propagate as DEL command to replica (61 ms)
[ok]: XADD IDMP tracking survives RENAME (3021 ms)
[ok]: DELEX does not propagate when condition not met (101 ms)
[ok]: DELEX with integer that looks like string (0 ms)
[ok]: Extended SET with IFEQ - key exists and matches (1 ms)
[ok]: Extended SET with IFEQ - key exists but doesn't match (0 ms)
[ok]: Extended SET with IFEQ - key doesn't exist (1 ms)
[ok]: Extended SET with IFNE - key exists and doesn't match (0 ms)
[ok]: Extended SET with IFNE - key exists and matches (1 ms)
[ok]: Extended SET with IFNE - key doesn't exist (0 ms)
[ok]: Extended SET with IFDEQ - key exists and digest matches (1 ms)
[ok]: Extended SET with IFDEQ - key exists but digest doesn't match (0 ms)
[ok]: Extended SET with IFDEQ - key doesn't exist (1 ms)
[ok]: Extended SET with IFDNE - key exists and digest doesn't match (0 ms)
[ok]: Extended SET with IFDNE - key exists and digest matches (1 ms)
[ok]: Extended SET with IFDNE - key doesn't exist (0 ms)
[ok]: Extended SET with IFEQ and GET - key exists and matches (1 ms)
[ok]: Extended SET with IFEQ and GET - key exists but doesn't match (0 ms)
[ok]: Extended SET with IFEQ and GET - key doesn't exist (1 ms)
[ok]: Extended SET with IFNE and GET - key exists and doesn't match (0 ms)
[ok]: Extended SET with IFNE and GET - key exists and matches (1 ms)
[ok]: Extended SET with IFNE and GET - key doesn't exist (0 ms)
[ok]: Extended SET with IFDEQ and GET - key exists and digest matches (1 ms)
[ok]: Extended SET with IFDEQ and GET - key exists but digest doesn't match (0 ms)
[ok]: Extended SET with IFDEQ and GET - key doesn't exist (1 ms)
[ok]: Extended SET with IFDNE and GET - key exists and digest doesn't match (0 ms)
[ok]: Extended SET with IFDNE and GET - key exists and digest matches (1 ms)
[ok]: Extended SET with IFDNE and GET - key doesn't exist (0 ms)
[ok]: Extended SET with IFEQ and expiration (1 ms)
[ok]: Extended SET with IFNE and expiration (0 ms)
[ok]: Extended SET with IFDEQ and expiration (0 ms)
[ok]: Extended SET with IFDNE and expiration (1 ms)
[ok]: Extended SET with IFEQ against wrong type (0 ms)
[ok]: Extended SET with IFNE against wrong type (0 ms)
[ok]: Extended SET with IFDEQ against wrong type (0 ms)
[ok]: Extended SET with IFDNE against wrong type (1 ms)
[ok]: Extended SET with integer-encoded value and IFEQ (0 ms)
[ok]: Extended SET with integer-encoded value and IFNE (0 ms)
[ok]: Extended SET with binary data and IFEQ (0 ms)
[ok]: Extended SET with unicode characters and IFEQ (0 ms)
[ok]: Extended SET with empty string and IFEQ (0 ms)
[ok]: Extended SET with empty string and IFNE (1 ms)
[ok]: Extended SET case insensitive conditions (1 ms)
[ok]: Extended SET with special characters and IFEQ (0 ms)
[ok]: Extended SET digest consistency with same content (1 ms)
[ok]: Extended SET digest with different content (2 ms)
[ok]: Extended SET with very long string and IFEQ (91 ms)
[ok]: Extended SET with negative digest (1 ms)
[ok]: DIGEST always returns exactly 16 hex characters with leading zeros (0 ms)
[ok]: IFDEQ/IFDNE reject digest with incorrect format (2 ms)
[ok]: IFDEQ/IFDNE accepts uppercase hex digits (case-insensitive) (2 ms)
[56/149 done]: unit/type/string (9 seconds)
Testing unit/type/zset
[ok]: Check encoding - listpack (0 ms)
[ok]: ZSET basic ZADD and score update - listpack (1 ms)
[ok]: ZSET element can't be set to NaN with ZADD - listpack (1 ms)
[ok]: ZSET element can't be set to NaN with ZINCRBY - listpack (0 ms)
[ok]: ZADD with options syntax error with incomplete pair - listpack (0 ms)
[ok]: ZADD XX option without key - listpack (1 ms)
[ok]: ZADD XX existing key - listpack (0 ms)
[ok]: ZADD XX returns the number of elements actually added - listpack (0 ms)
[ok]: ZADD XX updates existing elements score - listpack (1 ms)
[ok]: ZADD GT updates existing elements when new scores are greater - listpack (1 ms)
[ok]: ZADD LT updates existing elements when new scores are lower - listpack (1 ms)
[ok]: ZADD GT XX updates existing elements when new scores are greater and skips new elements - listpack (1 ms)
[ok]: ZADD LT XX updates existing elements when new scores are lower and skips new elements - listpack (1 ms)
[ok]: ZADD XX and NX are not compatible - listpack (0 ms)
[ok]: ZADD NX with non existing key - listpack (0 ms)
[ok]: ZADD NX only add new elements without updating old ones - listpack (0 ms)
[ok]: ZADD GT and NX are not compatible - listpack (1 ms)
[ok]: ZADD LT and NX are not compatible - listpack (0 ms)
[ok]: ZADD LT and GT are not compatible - listpack (1 ms)
[ok]: ZADD INCR LT/GT replies with nill if score not updated - listpack (0 ms)
[ok]: ZADD INCR LT/GT with inf - listpack (1 ms)
[ok]: ZADD INCR works like ZINCRBY - listpack (0 ms)
[ok]: ZADD INCR works with a single score-elemenet pair - listpack (1 ms)
[ok]: ZADD CH option changes return value to all changed elements - listpack (0 ms)
[ok]: ZINCRBY calls leading to NaN result in error - listpack (1 ms)
[ok]: ZINCRBY accepts hexadecimal inputs - listpack (1 ms)
[ok]: ZINCRBY against invalid incr value - listpack (0 ms)
[ok]: ZADD - Variadic version base case - listpack (1 ms)
[ok]: ZADD - Return value is the number of actually added items - listpack (0 ms)
[ok]: ZADD - Variadic version does not add nothing on single parsing err - listpack (1 ms)
[ok]: ZADD - Variadic version will raise error on missing arg - listpack (0 ms)
[ok]: ZINCRBY does not work variadic even if shares ZADD implementation - listpack (0 ms)
[ok]: ZCARD basics - listpack (0 ms)
[ok]: ZREM removes key after last element is removed - listpack (1 ms)
[ok]: ZREM variadic version - listpack (1 ms)
[ok]: ZREM variadic version -- remove elements after key deletion - listpack (0 ms)
[ok]: ZRANGE basics - listpack (3 ms)
[ok]: ZREVRANGE basics - listpack (2 ms)
[ok]: ZRANK/ZREVRANK basics - listpack (3 ms)
[ok]: ZRANK - after deletion - listpack (0 ms)
[ok]: ZINCRBY - can create a new sorted set - listpack (0 ms)
[ok]: ZINCRBY - increment and decrement - listpack (1 ms)
[ok]: ZINCRBY return value - listpack (1 ms)
[ok]: ZRANGEBYSCORE/ZREVRANGEBYSCORE/ZCOUNT basics - listpack (5 ms)
[ok]: ZRANGEBYSCORE with WITHSCORES - listpack (1 ms)
[ok]: ZRANGEBYSCORE with LIMIT - listpack (6 ms)
[ok]: ZRANGEBYSCORE with LIMIT and WITHSCORES - listpack (2 ms)
[ok]: ZRANGEBYSCORE with non-value min or max - listpack (0 ms)
[ok]: ZRANGEBYLEX/ZREVRANGEBYLEX/ZLEXCOUNT basics - listpack (4 ms)
[ok]: ZLEXCOUNT advanced - listpack (2 ms)
[ok]: ZRANGEBYLEX with LIMIT - listpack (7 ms)
[ok]: ZRANGEBYLEX with invalid lex range specifiers - listpack (1 ms)
[ok]: ZREMRANGEBYSCORE basics - listpack (11 ms)
[ok]: ZREMRANGEBYSCORE with non-value min or max - listpack (0 ms)
[ok]: ZREMRANGEBYRANK basics - listpack (6 ms)
[ok]: ZREMRANGEBYLEX basics - listpack (14 ms)
[ok]: ZUNIONSTORE against non-existing key doesn't set destination - listpack (0 ms)
[ok]: ZUNION/ZINTER/ZINTERCARD/ZDIFF against non-existing key - listpack (1 ms)
[ok]: ZUNIONSTORE with empty set - listpack (1 ms)
[ok]: ZUNION/ZINTER/ZINTERCARD/ZDIFF with empty set - listpack (1 ms)
[ok]: ZUNIONSTORE basics - listpack (1 ms)
[ok]: ZUNION/ZINTER/ZINTERCARD/ZDIFF with integer members - listpack (2 ms)
[ok]: ZUNIONSTORE with weights - listpack (0 ms)
[ok]: ZUNION with weights - listpack (1 ms)
[ok]: ZUNIONSTORE with a regular set and weights - listpack (1 ms)
[ok]: ZUNIONSTORE with AGGREGATE MIN - listpack (0 ms)
[ok]: ZUNION/ZINTER with AGGREGATE MIN - listpack (0 ms)
[ok]: ZUNIONSTORE with AGGREGATE MAX - listpack (0 ms)
[ok]: ZUNION/ZINTER with AGGREGATE MAX - listpack (0 ms)
[ok]: ZUNIONSTORE with AGGREGATE COUNT - listpack (0 ms)
[ok]: ZUNION/ZINTER with AGGREGATE COUNT - listpack (0 ms)
[ok]: ZUNIONSTORE with AGGREGATE COUNT and WEIGHTS - listpack (1 ms)
[ok]: ZUNION/ZINTER with AGGREGATE COUNT and WEIGHTS - listpack (0 ms)
[ok]: ZINTERSTORE basics - listpack (1 ms)
[ok]: ZINTER basics - listpack (0 ms)
[ok]: ZINTERCARD with illegal arguments (1 ms)
[ok]: ZINTERCARD basics - listpack (0 ms)
[ok]: ZINTER RESP3 - listpack (0 ms)
[ok]: ZINTERSTORE with weights - listpack (1 ms)
[ok]: ZINTER with weights - listpack (0 ms)
[ok]: ZINTERSTORE with a regular set and weights - listpack (1 ms)
[ok]: ZINTERSTORE with AGGREGATE MIN - listpack (0 ms)
[ok]: ZINTERSTORE with AGGREGATE MAX - listpack (1 ms)
[ok]: ZINTERSTORE with AGGREGATE COUNT - listpack (0 ms)
[ok]: ZINTERSTORE with AGGREGATE COUNT and WEIGHTS - listpack (0 ms)
[ok]: ZUNIONSTORE/ZINTERSTORE with AGGREGATE COUNT - 3 sets - listpack (1 ms)
[ok]: ZUNIONSTORE/ZINTERSTORE with AGGREGATE COUNT and WEIGHTS - 3 sets - listpack (0 ms)
[ok]: ZUNIONSTORE with +inf/-inf scores - listpack (2 ms)
[ok]: ZUNIONSTORE with NaN weights - listpack (1 ms)
[ok]: ZINTERSTORE with +inf/-inf scores - listpack (2 ms)
[ok]: ZINTERSTORE with NaN weights - listpack (0 ms)
[ok]: ZDIFFSTORE basics - listpack (1 ms)
[ok]: ZDIFF basics - listpack (0 ms)
[ok]: ZDIFFSTORE with a regular set - listpack (1 ms)
[ok]: ZDIFF subtracting set from itself - listpack (0 ms)
[ok]: ZDIFF algorithm 1 - listpack (1 ms)
[ok]: ZDIFF algorithm 2 - listpack (2 ms)
[ok]: ZDIFF algorithm 2 empty result early exit - listpack (0 ms)
[ok]: XADD IDMP tracking correct after RENAME overwrites IDMP stream (3024 ms)
[ok]: ZDIFF fuzzing - listpack (4226 ms)
[ok]: ZPOPMIN with the count 0 returns an empty array (1 ms)
[ok]: ZPOPMIN with negative count (0 ms)
[ok]: ZPOPMAX with the count 0 returns an empty array (0 ms)
[ok]: ZPOPMAX with negative count (1 ms)
[ok]: Basic ZPOPMIN/ZPOPMAX with a single key - listpack (2 ms)
[ok]: ZPOPMIN/ZPOPMAX with count - listpack (1 ms)
[ok]: Basic ZMPOP_MIN/ZMPOP_MAX with a single key - listpack (2 ms)
[ok]: ZMPOP_MIN/ZMPOP_MAX with count - listpack (1 ms)
[ok]: BZPOPMIN/BZPOPMAX with a single existing sorted set - listpack (2 ms)
[ok]: BZPOPMIN/BZPOPMAX with multiple existing sorted sets - listpack (2 ms)
[ok]: BZPOPMIN/BZPOPMAX second sorted set has members - listpack (1 ms)
[ok]: BZMPOP_MIN/BZMPOP_MAX with a single existing sorted set - listpack (1 ms)
[ok]: BZMPOP_MIN/BZMPOP_MAX with multiple existing sorted sets - listpack (3 ms)
[ok]: BZMPOP_MIN/BZMPOP_MAX second sorted set has members - listpack (1 ms)
[ok]: Basic ZPOPMIN/ZPOPMAX - listpack RESP3 (2 ms)
[ok]: ZPOPMIN/ZPOPMAX with count - listpack RESP3 (1 ms)
[ok]: Basic ZMPOP_MIN/ZMPOP_MAX - listpack RESP3 (2 ms)
[ok]: ZMPOP_MIN/ZMPOP_MAX with count - listpack RESP3 (1 ms)
[ok]: BZPOPMIN/BZPOPMAX - listpack RESP3 (2 ms)
[ok]: BZMPOP_MIN/BZMPOP_MAX - listpack RESP3 (2 ms)
[ok]: Check encoding - skiplist (0 ms)
[ok]: ZSET basic ZADD and score update - skiplist (1 ms)
[ok]: ZSET element can't be set to NaN with ZADD - skiplist (0 ms)
[ok]: ZSET element can't be set to NaN with ZINCRBY - skiplist (0 ms)
[ok]: ZADD with options syntax error with incomplete pair - skiplist (1 ms)
[ok]: ZADD XX option without key - skiplist (0 ms)
[ok]: ZADD XX existing key - skiplist (1 ms)
[ok]: ZADD XX returns the number of elements actually added - skiplist (0 ms)
[ok]: ZADD XX updates existing elements score - skiplist (1 ms)
[ok]: ZADD GT updates existing elements when new scores are greater - skiplist (1 ms)
[ok]: ZADD LT updates existing elements when new scores are lower - skiplist (1 ms)
[ok]: ZADD GT XX updates existing elements when new scores are greater and skips new elements - skiplist (0 ms)
[ok]: ZADD LT XX updates existing elements when new scores are lower and skips new elements - skiplist (0 ms)
[ok]: ZADD XX and NX are not compatible - skiplist (1 ms)
[ok]: ZADD NX with non existing key - skiplist (0 ms)
[ok]: ZADD NX only add new elements without updating old ones - skiplist (1 ms)
[ok]: ZADD GT and NX are not compatible - skiplist (0 ms)
[ok]: ZADD LT and NX are not compatible - skiplist (1 ms)
[ok]: ZADD LT and GT are not compatible - skiplist (0 ms)
[ok]: ZADD INCR LT/GT replies with nill if score not updated - skiplist (1 ms)
[ok]: ZADD INCR LT/GT with inf - skiplist (2 ms)
[ok]: ZADD INCR works like ZINCRBY - skiplist (0 ms)
[ok]: ZADD INCR works with a single score-elemenet pair - skiplist (1 ms)
[ok]: ZADD CH option changes return value to all changed elements - skiplist (0 ms)
[ok]: ZINCRBY calls leading to NaN result in error - skiplist (1 ms)
[ok]: ZINCRBY accepts hexadecimal inputs - skiplist (0 ms)
[ok]: ZINCRBY against invalid incr value - skiplist (0 ms)
[ok]: ZADD - Variadic version base case - skiplist (1 ms)
[ok]: ZADD - Return value is the number of actually added items - skiplist (0 ms)
[ok]: ZADD - Variadic version does not add nothing on single parsing err - skiplist (1 ms)
[ok]: ZADD - Variadic version will raise error on missing arg - skiplist (0 ms)
[ok]: ZINCRBY does not work variadic even if shares ZADD implementation - skiplist (0 ms)
[ok]: ZCARD basics - skiplist (1 ms)
[ok]: ZREM removes key after last element is removed - skiplist (1 ms)
[ok]: ZREM variadic version - skiplist (0 ms)
[ok]: ZREM variadic version -- remove elements after key deletion - skiplist (0 ms)
[ok]: ZRANGE basics - skiplist (2 ms)
[ok]: ZREVRANGE basics - skiplist (3 ms)
[ok]: ZRANK/ZREVRANK basics - skiplist (2 ms)
[ok]: ZRANK - after deletion - skiplist (0 ms)
[ok]: ZINCRBY - can create a new sorted set - skiplist (0 ms)
[ok]: ZINCRBY - increment and decrement - skiplist (1 ms)
[ok]: ZINCRBY return value - skiplist (0 ms)
[ok]: ZRANGEBYSCORE/ZREVRANGEBYSCORE/ZCOUNT basics - skiplist (4 ms)
[ok]: ZRANGEBYSCORE with WITHSCORES - skiplist (1 ms)
[ok]: ZRANGEBYSCORE with LIMIT - skiplist (6 ms)
[ok]: ZRANGEBYSCORE with LIMIT and WITHSCORES - skiplist (1 ms)
[ok]: ZRANGEBYSCORE with non-value min or max - skiplist (1 ms)
[ok]: ZRANGEBYLEX/ZREVRANGEBYLEX/ZLEXCOUNT basics - skiplist (3 ms)
[ok]: ZLEXCOUNT advanced - skiplist (2 ms)
[ok]: ZRANGEBYLEX with LIMIT - skiplist (7 ms)
[ok]: ZRANGEBYLEX with invalid lex range specifiers - skiplist (0 ms)
[ok]: ZREMRANGEBYSCORE basics - skiplist (11 ms)
[ok]: ZREMRANGEBYSCORE with non-value min or max - skiplist (1 ms)
[ok]: ZREMRANGEBYRANK basics - skiplist (5 ms)
[ok]: ZREMRANGEBYLEX basics - skiplist (13 ms)
[ok]: ZUNIONSTORE against non-existing key doesn't set destination - skiplist (1 ms)
[ok]: ZUNION/ZINTER/ZINTERCARD/ZDIFF against non-existing key - skiplist (1 ms)
[ok]: ZUNIONSTORE with empty set - skiplist (0 ms)
[ok]: ZUNION/ZINTER/ZINTERCARD/ZDIFF with empty set - skiplist (1 ms)
[ok]: ZUNIONSTORE basics - skiplist (1 ms)
[ok]: ZUNION/ZINTER/ZINTERCARD/ZDIFF with integer members - skiplist (1 ms)
[ok]: ZUNIONSTORE with weights - skiplist (0 ms)
[ok]: ZUNION with weights - skiplist (1 ms)
[ok]: ZUNIONSTORE with a regular set and weights - skiplist (1 ms)
[ok]: ZUNIONSTORE with AGGREGATE MIN - skiplist (0 ms)
[ok]: ZUNION/ZINTER with AGGREGATE MIN - skiplist (0 ms)
[ok]: ZUNIONSTORE with AGGREGATE MAX - skiplist (0 ms)
[ok]: ZUNION/ZINTER with AGGREGATE MAX - skiplist (0 ms)
[ok]: ZUNIONSTORE with AGGREGATE COUNT - skiplist (1 ms)
[ok]: ZUNION/ZINTER with AGGREGATE COUNT - skiplist (0 ms)
[ok]: ZUNIONSTORE with AGGREGATE COUNT and WEIGHTS - skiplist (1 ms)
[ok]: ZUNION/ZINTER with AGGREGATE COUNT and WEIGHTS - skiplist (0 ms)
[ok]: ZINTERSTORE basics - skiplist (0 ms)
[ok]: ZINTER basics - skiplist (1 ms)
[ok]: ZINTERCARD with illegal arguments (0 ms)
[ok]: ZINTERCARD basics - skiplist (1 ms)
[ok]: ZINTER RESP3 - skiplist (1 ms)
[ok]: ZINTERSTORE with weights - skiplist (0 ms)
[ok]: ZINTER with weights - skiplist (0 ms)
[ok]: ZINTERSTORE with a regular set and weights - skiplist (1 ms)
[ok]: ZINTERSTORE with AGGREGATE MIN - skiplist (1 ms)
[ok]: ZINTERSTORE with AGGREGATE MAX - skiplist (0 ms)
[ok]: ZINTERSTORE with AGGREGATE COUNT - skiplist (0 ms)
[ok]: ZINTERSTORE with AGGREGATE COUNT and WEIGHTS - skiplist (1 ms)
[ok]: ZUNIONSTORE/ZINTERSTORE with AGGREGATE COUNT - 3 sets - skiplist (1 ms)
[ok]: ZUNIONSTORE/ZINTERSTORE with AGGREGATE COUNT and WEIGHTS - 3 sets - skiplist (0 ms)
[ok]: ZUNIONSTORE with +inf/-inf scores - skiplist (1 ms)
[ok]: ZUNIONSTORE with NaN weights - skiplist (1 ms)
[ok]: ZINTERSTORE with +inf/-inf scores - skiplist (2 ms)
[ok]: ZINTERSTORE with NaN weights - skiplist (0 ms)
[ok]: ZDIFFSTORE basics - skiplist (1 ms)
[ok]: ZDIFF basics - skiplist (0 ms)
[ok]: ZDIFFSTORE with a regular set - skiplist (1 ms)
[ok]: ZDIFF subtracting set from itself - skiplist (0 ms)
[ok]: ZDIFF algorithm 1 - skiplist (1 ms)
[ok]: ZDIFF algorithm 2 - skiplist (1 ms)
[ok]: ZDIFF algorithm 2 empty result early exit - skiplist (1 ms)
[ok]: XADD IDMP tracking survives COPY (3022 ms)
[ok]: GEOSEARCH fuzzy test - bybox (142685 ms)
[ok]: GEOSEARCH box edges fuzzy test (474 ms)
[57/149 done]: unit/geo (264 seconds)
Testing unit/moduleapi/aclcheck
[exception]: Executing test client: ERR Error loading the extension. Please check the server logs..
ERR Error loading the extension. Please check the server logs.
    while executing
"[srv $level "client"] {*}$args"
    (procedure "r" line 7)
    invoked from within
"r module load $testmodule"
    ("uplevel" body line 2)
    invoked from within
"uplevel 1 $code "
    (procedure "start_server" line 2)
    invoked from within
"start_server {tags {"modules acl external:skip"}} {
    r module load $testmodule

    test {test module check acl for command perm} {
        # by de..."
    (file "tests/unit/moduleapi/aclcheck.tcl" line 3)
    invoked from within
"source $path"
    (procedure "execute_test_file" line 4)
    invoked from within
"execute_test_file $data"
    (procedure "test_client_main" line 10)
    invoked from within
"test_client_main $::test_server_port "
Killing still running Redis server 578550
Killing still running Redis server 579531
Killing still running Redis server 579757
