Cleanup: may take some time... OK
Starting test server at port 21080
[ready]: 760079
Testing unit/acl-v2
[ready]: 760081
Testing unit/acl
[ready]: 760083
Testing unit/aofrw
[ready]: 760085
Testing unit/auth
[ok]: Connections start with the default user (0 ms)
[ok]: It is possible to create new users (1 ms)
[ok]: Coverage: ACL USERS (0 ms)
[ok]: Test basic multiple selectors (2 ms)
[ok]: Usernames can not contain spaces or null characters (0 ms)
[ok]: New users start disabled (0 ms)
[ok]: Test ACL selectors by default have no permissions (1 ms)
[ok]: Test deleting selectors (1 ms)
[ok]: Test selector syntax error reports the error in the selector context (1 ms)
[ok]: Enabling the user allows the login (4 ms)
[ok]: Test flexible selector definition (1 ms)
[ok]: Only the set of correct passwords work (1 ms)
[ok]: Test separate read permission (1 ms)
[ok]: It is possible to remove passwords from the set of valid ones (1 ms)
[ok]: Test password hashes can be added (0 ms)
[ok]: Test separate write permission (1 ms)
[ok]: Test password hashes validate input (1 ms)
[ok]: ACL GETUSER returns the password hash instead of the actual password (1 ms)
[ok]: Test separate read and write permissions (1 ms)
[ok]: Test hashed passwords removal (0 ms)
[ok]: Validate read and write permissions format - empty permission (0 ms)
[ok]: By default users are not able to access any command (0 ms)
[ok]: Validate read and write permissions format - empty selector (0 ms)
[ok]: By default users are not able to access any key (0 ms)
[ok]: Validate read and write permissions format - empty pattern (1 ms)
[ok]: Validate read and write permissions format - no pattern (0 ms)
[ok]: It's possible to allow the access of a subset of keys (1 ms)
[ok]: By default, only default user is able to publish to any channel (1 ms)
[ok]: Test separate read and write permissions on different selectors are not additive (2 ms)
[ok]: By default, only default user is not able to publish to any shard channel (1 ms)
[ok]: Test SET with separate read permission (1 ms)
[ok]: AUTH fails if there is no password configured server side (0 ms)
[ok]: By default, only default user is able to subscribe to any channel (2 ms)
[ok]: Arity check for auth command (0 ms)
[ok]: Test SET with separate write permission (2 ms)
[ok]: Test SET with read and write permissions (2 ms)
[ok]: By default, only default user is able to subscribe to any shard channel (2 ms)
[ok]: By default, only default user is able to subscribe to any pattern (2 ms)
[ok]: Test BITFIELD with separate read permission (1 ms)
[ok]: It's possible to allow publishing to a subset of channels (1 ms)
[ok]: Test BITFIELD with separate write permission (1 ms)
[ok]: It's possible to allow publishing to a subset of shard channels (1 ms)
[ok]: Test BITFIELD with read and write permissions (1 ms)
[ok]: Validate subset of channels is prefixed with resetchannels flag (1 ms)
[ok]: In transaction queue publish/subscribe/psubscribe to unauthorized channel will fail (1 ms)
[ok]: Test ACL log correctly identifies the relevant item when selectors are used (3 ms)
[ok]: Test ACL GETUSER response information (1 ms)
[ok]: It's possible to allow subscribing to a subset of channels (2 ms)
[ok]: Test ACL list idempotency (2 ms)
[ok]: It's possible to allow subscribing to a subset of shard channels (2 ms)
[ok]: Test R+W is the same as all permissions (0 ms)
[ok]: Test basic dry run functionality (1 ms)
[ok]: It's possible to allow subscribing to a subset of channel patterns (2 ms)
[ok]: Test various commands for command permissions (0 ms)
[ok]: Subscribers are killed when revoked of channel permission (3 ms)
[ok]: Subscribers are killed when revoked of channel permission (2 ms)
[ok]: Test various odd commands for key permissions (6 ms)
[ok]: Existence test commands are not marked as access (1 ms)
[ok]: Subscribers are killed when revoked of channel permission (2 ms)
[ok]: Intersection cardinaltiy commands are access commands (2 ms)
[ok]: Test general keyspace commands require some type of permission to execute (2 ms)
[ok]: Subscribers are killed when revoked of pattern permission (4 ms)
[ok]: Subscribers are killed when revoked of allchannels permission (2 ms)
[ok]: Cardinality commands require some type of permission to execute (3 ms)
[ok]: Test sharded channel permissions (2 ms)
[ok]: Subscribers are pardoned if literal permissions are retained and/or gaining allchannels (3 ms)
[ok]: Test sort with ACL permissions (3 ms)
[ok]: Test DRYRUN with wrong number of arguments (1 ms)
[ok]: blocked command gets rejected when reprocessed after permission change (5 ms)
[ok]: Users can be configured to authenticate with any password (0 ms)
[ok]: ACLs can exclude single commands (1 ms)
[ok]: ACLs can include or exclude whole classes of commands (2 ms)
[ok]: ACLs can include single subcommands (1 ms)
[ok]: ACLs can exclude single subcommands, case 1 (1 ms)
[ok]: ACLs can exclude single subcommands, case 2 (1 ms)
[ok]: ACLs cannot include a subcommand with a specific arg (0 ms)
[ok]: ACLs cannot exclude or include a container commands with a specific arg (0 ms)
[ok]: ACLs cannot exclude or include a container command with two args (1 ms)
[ok]: ACLs including of a type includes also subcommands (1 ms)
[ok]: ACLs can block SELECT of all but a specific DB (1 ms)
[ok]: ACLs can block all DEBUG subcommands except one (1 ms)
[ok]: ACLs set can include subcommands, if already full command exists (2 ms)
[ok]: ACLs set can exclude subcommands, if already full command exists (4 ms)
[ok]: ACL SETUSER RESET reverting to default newly created user (2 ms)
[ok]: ACL GETUSER is able to translate back command permissions (1 ms)
[ok]: ACL GETUSER provides reasonable results (25 ms)
[ok]: ACL GETUSER provides correct results (7 ms)
[ok]: ACL CAT with illegal arguments (1 ms)
[ok]: ACL CAT without category - list all categories (0 ms)
[ok]: ACL CAT category - list all commands/subcommands that belong to category (1 ms)
[ok]: ACL requires explicit permission for scripting for EVAL_RO, EVALSHA_RO and FCALL_RO (1 ms)
[ok]: ACL #5998 regression: memory leaks adding / removing subcommands (0 ms)
[ok]: ACL LOG aggregates similar errors together and assigns unique entry-id to new errors (8 ms)
[ok]: ACL LOG shows failed command executions at toplevel (1 ms)
[ok]: ACL LOG shows failed subcommand executions at toplevel (1 ms)
[ok]: ACL LOG is able to test similar events (2 ms)
[ok]: ACL LOG is able to log keys access violations and key name (1 ms)
[ok]: ACL LOG is able to log channel access violations and channel name (1 ms)
[ok]: ACL LOG RESET is able to flush the entries in the log (1 ms)
[ok]: ACL LOG can distinguish the transaction context (1) (1 ms)
[ok]: ACL LOG can distinguish the transaction context (2) (4 ms)
[ok]: ACL can log errors in the context of Lua scripting (1 ms)
[ok]: ACL LOG can accept a numerical argument to show less entries (3 ms)
[ok]: ACL LOG can log failed auth attempts (1 ms)
[ok]: ACLLOG - zero max length is correctly handled (6 ms)
[ok]: ACL LOG entries are limited to a maximum amount (4 ms)
[ok]: ACL LOG entries are still present on update of max len config (1 ms)
[ok]: When default user is off, new connections are not authenticated (3 ms)
[ok]: When default user has no command permission, hello command still works for other users (4 ms)
[ok]: When an authentication chain is used in the HELLO cmd, the last auth cmd has precedence (3 ms)
[ok]: When a setname chain is used in the HELLO cmd, the last setname cmd has precedence (1 ms)
[ok]: When authentication fails in the HELLO cmd, the client setname should not be applied (1 ms)
[ok]: ACL HELP should not have unexpected options (0 ms)
[ok]: Delete a user that the client doesn't use (4 ms)
[ok]: Delete a user that the client is using (2 ms)
[ok]: ACL GENPASS command failed test (1 ms)
[ok]: Default user can not be removed (0 ms)
[ok]: ACL load non-existing configured ACL file (1 ms)
[ok]: ACL-Metrics user AUTH failure (11 ms)
[ok]: ACL-Metrics invalid command accesses (12 ms)
[ok]: ACL-Metrics invalid key accesses (8 ms)
[ok]: ACL-Metrics invalid channels accesses (8 ms)
[ok]: AUTH fails when a wrong password is given (1 ms)
[ok]: Arbitrary command gives an error when AUTH is required (0 ms)
[ok]: AUTH succeeds when the right password is given (0 ms)
[ok]: Once AUTH succeeded we can actually send commands to the server (0 ms)
[ok]: Test behavior of loading ACLs (1 ms)
[ok]: For unauthenticated clients multibulk and bulk length are limited (3 ms)
[1/149 done]: unit/acl-v2 (0 seconds)
Testing unit/bitfield
[ok]: default: load from include file, can access any channels (1 ms)
[ok]: default: with config acl-pubsub-default allchannels after reset, can access any channels (1 ms)
[ok]: default: with config acl-pubsub-default resetchannels after reset, can not access any channels (1 ms)
[ok]: Alice: can execute all command (1 ms)
[ok]: Bob: just execute @set and acl command (1 ms)
[ok]: ACL LOAD only disconnects affected clients (5 ms)
[ok]: ACL LOAD disconnects affected subscriber (3 ms)
[ok]: ACL LOAD disconnects clients of deleted users (4 ms)
[ok]: ACL load and save (6 ms)
[ok]: ACL load and save with restricted channels (4 ms)
[ok]: BITFIELD signed SET and GET basics (1 ms)
[ok]: BITFIELD unsigned SET and GET basics (1 ms)
[ok]: BITFIELD signed SET and GET together (0 ms)
[ok]: BITFIELD unsigned with SET, GET and INCRBY arguments (0 ms)
[ok]: BITFIELD with only key as argument (1 ms)
[ok]: BITFIELD #<idx> form (1 ms)
[ok]: BITFIELD basic INCRBY form (1 ms)
[ok]: BITFIELD chaining of multiple commands (1 ms)
[ok]: BITFIELD unsigned overflow wrap (1 ms)
[ok]: BITFIELD unsigned overflow sat (2 ms)
[ok]: BITFIELD signed overflow wrap (1 ms)
[ok]: BITFIELD signed overflow sat (0 ms)
[ok]: For unauthenticated clients output buffer is limited (260 ms)
[ok]: First server should have role slave after SLAVEOF (103 ms)
[ok]: ACL load on replica when connected to replica (0 ms)
[ok]: AUTH fails when binary password is wrong (1 ms)
[ok]: AUTH succeeds when binary password is correct (1 ms)
[ok]: BITFIELD overflow detection fuzzing (423 ms)
[ok]: Default user has access to all channels irrespective of flag (1 ms)
[ok]: Update acl-pubsub-default, existing users shouldn't get affected (2 ms)
[ok]: Single channel is valid (0 ms)
[ok]: Single channel is not valid with allchannels (0 ms)
[ok]: Only default user has access to all channels irrespective of flag (1 ms)
[ok]: BITFIELD overflow wrap fuzzing (553 ms)
[ok]: BITFIELD regression for #3221 (1 ms)
[ok]: BITFIELD regression for #3564 (3 ms)
[ok]: BITFIELD_RO with only key as argument (0 ms)
[ok]: BITFIELD_RO fails when write option is used (1 ms)
[ok]: default: load from config file, without channel permission default user can't access any channels (0 ms)
[ok]: MASTERAUTH test with binary password rdbchannel=yes (919 ms)
[ok]: default: load from config file with all channels permissions (1 ms)
[ok]: BITFIELD: setup slave (104 ms)
[ok]: BITFIELD: write on master, read on slave (3 ms)
[ok]: BITFIELD_RO with only key as argument on read-only replica (0 ms)
[ok]: BITFIELD_RO fails when write option is used on read-only replica (0 ms)
[2/149 done]: unit/bitfield (2 seconds)
Testing unit/bitops
[ok]: Test loading an ACL file with duplicate users (13 ms)
[ok]: Test loading an ACL file with duplicate default user (13 ms)
[ok]: Test loading duplicate users in config on startup (25 ms)
[ok]: Test loading an ACL file with comments (11 ms)
[ok]: BITCOUNT against wrong type (2 ms)
[ok]: BITCOUNT returns 0 against non existing key (1 ms)
[ok]: BITCOUNT returns 0 with out of range indexes (0 ms)
[ok]: BITCOUNT returns 0 with negative indexes where start > end (0 ms)
[ok]: BITCOUNT against test vector #1 (0 ms)
[ok]: BITCOUNT against test vector #2 (0 ms)
[ok]: BITCOUNT against test vector #3 (1 ms)
[ok]: BITCOUNT against test vector #4 (1 ms)
[ok]: BITCOUNT against test vector #5 (0 ms)
[ok]: BITCOUNT fuzzing without start/end (284 ms)
[ok]: ACL from config file and config rewrite (249 ms)
[3/149 done]: unit/acl (3 seconds)
Testing unit/client-eviction
[ok]: MASTERAUTH test with binary password rdbchannel=no (1024 ms)
[ok]: client evicted due to large argv (99 ms)
[ok]: BITCOUNT fuzzing with start/end (483 ms)
[ok]: BITCOUNT with start, end (2 ms)
[ok]: BITCOUNT with illegal arguments (2 ms)
[ok]: BITCOUNT against non-integer value (1 ms)
[ok]: BITCOUNT regression test for github issue #582 (0 ms)
[ok]: client evicted due to large query buf (40 ms)
[ok]: BITCOUNT misaligned prefix (0 ms)
[ok]: BITCOUNT misaligned prefix + full words + remainder (1 ms)
[ok]: client evicted due to percentage of maxmemory (15 ms)
[4/149 done]: unit/auth (3 seconds)
Testing unit/dump
[ok]: BITCOUNT handles large aligned and unaligned ranges (48 ms)
[ok]: BITCOUNT handles the RVV u16 reduction boundary (47 ms)
[ok]: DUMP / RESTORE are able to serialize / unserialize a simple key (2 ms)
[ok]: RESTORE can set an arbitrary expire to the materialized key (1 ms)
[ok]: RESTORE can set an expire that overflows a 32 bit integer (1 ms)
[ok]: RESTORE can set an absolute expire (1 ms)
[ok]: RESTORE with ABSTTL in the past (2 ms)
[ok]: RESTORE can set LRU (1 ms)
[ok]: client evicted due to large multi buf (195 ms)
[ok]: RESTORE with TTL maintain valid object (43 ms)
[ok]: BITPOS handles large full-byte runs (143 ms)
[ok]: RESTORE can set LFU (29 ms)
[ok]: RESTORE returns an error of the key already exists (1 ms)
[ok]: RESTORE can overwrite an existing key with REPLACE (1 ms)
[ok]: RESTORE can detect a syntax error for unrecognized options (1 ms)
[ok]: RESTORE should not store key that are already expired, with REPLACE will propagate it as DEL or UNLINK (109 ms)
[ok]: RESTORE fail with invalid payload size (0 ms)
[ok]: DUMP of non existing key returns nil (0 ms)
[ok]: BITOP vector-sized common prefixes preserve all operations (146 ms)
[ok]: BITOP NOT (empty string) (1 ms)
[ok]: BITOP NOT (known string) (1 ms)
[ok]: BITOP NOT with multiple source keys (0 ms)
[ok]: BITOP where dest and target are the same key (0 ms)
[ok]: BITOP AND|OR|XOR|ONE don't change the string with single input key (2 ms)
[ok]: BITOP DIFF|DIFF1|ANDOR with one source key (1 ms)
[ok]: BITOP missing key is considered a stream of zero (2 ms)
[ok]: BITOP shorter keys are zero-padded to the key with max length (2 ms)
[ok]: client evicted due to watched key list (395 ms)
[ok]: MIGRATE is caching connections (250 ms)
[ok]: BITOP and fuzzing (267 ms)
[ok]: BITOP or fuzzing (265 ms)
[ok]: BITOP xor fuzzing (313 ms)
[ok]: BITOP diff fuzzing (313 ms)
[ok]: BITOP diff1 fuzzing (270 ms)
[ok]: BITOP andor fuzzing (255 ms)
[ok]: client evicted due to pubsub subscriptions (1850 ms)
[ok]: client evicted due to tracking redirection (55 ms)
[ok]: BITOP one fuzzing (956 ms)
[ok]: BITOP NOT fuzzing (47 ms)
[ok]: client evicted due to client tracking prefixes (2160 ms)
[ok]: BITOP and with large values (AVX-512 path) (2886 ms)
[ok]: AOF rewrite during write load: RDB preamble=yes (9592 ms)
[ok]: BITOP or with large values (AVX-512 path) (3160 ms)
[ok]: BITOP xor with large values (AVX-512 path) (3050 ms)
[ok]: BITOP diff with large values (AVX-512 path) (2856 ms)
[ok]: MIGRATE cached connections are released after some time (15003 ms)
[ok]: MIGRATE is able to migrate a key between two instances (251 ms)
[ok]: MIGRATE is able to copy a key between two instances (244 ms)
[ok]: MIGRATE will not overwrite existing keys, unless REPLACE is used (267 ms)
[ok]: MIGRATE propagates TTL correctly (241 ms)
[ok]: BITOP diff1 with large values (AVX-512 path) (3148 ms)
[ok]: BITOP andor with large values (AVX-512 path) (3037 ms)
[ok]: AOF rewrite during write load: RDB preamble=no (16572 ms)
[ok]: Turning off AOF kills the background writing child if any (147 ms)
[ok]: AOF rewrite of list with listpack encoding, string data (63 ms)
[ok]: AOF rewrite of list with quicklist encoding, string data (213 ms)
[ok]: AOF rewrite of list with listpack encoding, int data (117 ms)
[ok]: AOF rewrite of list with quicklist encoding, int data (578 ms)
[ok]: AOF rewrite of set with intset encoding, string data (63 ms)
[ok]: AOF rewrite of set with hashtable encoding, string data (209 ms)
[ok]: AOF rewrite of set with intset encoding, int data (113 ms)
[ok]: AOF rewrite of set with hashtable encoding, int data (191 ms)
[ok]: AOF rewrite of hash with listpack encoding, string data (112 ms)
[ok]: AOF rewrite of hash with hashtable encoding, string data (219 ms)
[ok]: AOF rewrite of hash with listpack encoding, int data (114 ms)
[ok]: AOF rewrite of hash with hashtable encoding, int data (202 ms)
[ok]: AOF rewrite of zset with listpack encoding, string data (112 ms)
[ok]: AOF rewrite of zset with skiplist encoding, string data (277 ms)
[ok]: AOF rewrite of zset with listpack encoding, int data (112 ms)
[ok]: AOF rewrite of zset with skiplist encoding, int data (201 ms)
[ok]: AOF rewrite functions (114 ms)
[ok]: AOF rewrite of array with mixed value types (257 ms)
[ok]: AOF rewrite of array with insert_idx (circular buffer) (70 ms)
[ok]: AOF rewrite of array spanning multiple slices (142 ms)
[ok]: BGREWRITEAOF is delayed if BGSAVE is in progress (287 ms)
[ok]: BGREWRITEAOF is refused if already in progress (120 ms)
[5/149 done]: unit/aofrw (31 seconds)
Testing unit/expire
[ok]: EXPIRE - set timeouts multiple times (1 ms)
[ok]: EXPIRE - It should be still possible to read 'x' (0 ms)
[ok]: BITOP one with large values (AVX-512 path) (6823 ms)
[ok]: BITOP with integer encoded source objects (1 ms)
[ok]: BITOP with non string source key (1 ms)
[ok]: BITOP with empty string after non empty string (issue #529) (2 ms)
[ok]: BITPOS against wrong type (1 ms)
[ok]: BITPOS will illegal arguments (2 ms)
[ok]: BITPOS against non-integer value (1 ms)
[ok]: BITPOS bit=0 with empty key returns 0 (1 ms)
[ok]: BITPOS bit=1 with empty key returns -1 (1 ms)
[ok]: BITPOS bit=0 with string less than 1 word works (0 ms)
[ok]: BITPOS bit=1 with string less than 1 word works (0 ms)
[ok]: BITPOS bit=0 starting at unaligned address (1 ms)
[ok]: BITPOS bit=1 starting at unaligned address (1 ms)
[ok]: BITPOS bit=0 unaligned+full word+reminder (3 ms)
[ok]: BITPOS bit=1 unaligned+full word+reminder (3 ms)
[ok]: BITPOS bit=1 returns -1 if string is all 0 bits (7 ms)
[ok]: BITPOS bit=0 works with intervals (1 ms)
[ok]: BITPOS bit=1 works with intervals (1 ms)
[ok]: BITPOS bit=0 changes behavior if end is given (1 ms)
[ok]: SETBIT/BITFIELD only increase dirty when the value changed (6 ms)
[ok]: MIGRATE can correctly transfer large values (11613 ms)
[ok]: BITPOS bit=1 fuzzy testing using SETBIT (371 ms)
[ok]: MIGRATE can correctly transfer hashes (247 ms)
[ok]: BITPOS bit=0 fuzzy testing using SETBIT (409 ms)
[ok]: MIGRATE timeout actually works (683 ms)
[ok]: BITPOS/BITCOUNT fuzzy testing using SETBIT (388 ms)
[6/149 done]: unit/bitops (30 seconds)
Testing unit/functions
[ok]: MIGRATE can migrate multiple keys at once (238 ms)
[ok]: MIGRATE with multiple keys must have empty key arg (1 ms)
[ok]: FUNCTION - Basic usage (1 ms)
[ok]: FUNCTION - Load with unknown argument (1 ms)
[ok]: FUNCTION - Create an already exiting library raise error (0 ms)
[ok]: FUNCTION - Create an already exiting library raise error (case insensitive) (1 ms)
[ok]: FUNCTION - Create a library with wrong name format (0 ms)
[ok]: FUNCTION - Create library with unexisting engine (0 ms)
[ok]: FUNCTION - Test uncompiled script (0 ms)
[ok]: FUNCTION - test replace argument (0 ms)
[ok]: FUNCTION - test function case insensitive (0 ms)
[ok]: FUNCTION - test replace argument with failure keeps old libraries (2 ms)
[ok]: FUNCTION - test function delete (0 ms)
[ok]: FUNCTION - test fcall bad arguments (2 ms)
[ok]: FUNCTION - test fcall bad number of keys arguments (0 ms)
[ok]: FUNCTION - test fcall negative number of keys (1 ms)
[ok]: FUNCTION - test delete on not exiting library (0 ms)
[ok]: FUNCTION - test function kill when function is not running (0 ms)
[ok]: FUNCTION - test wrong subcommand (0 ms)
[ok]: FUNCTION - test loading from rdb (13 ms)
[ok]: FUNCTION - test debug reload different options (7 ms)
[ok]: FUNCTION - test debug reload with nosave and noflush (10 ms)
[ok]: FUNCTION - test flushall and flushdb do not clean functions (6 ms)
[ok]: FUNCTION - test function dump and restore (4 ms)
[ok]: FUNCTION - test function dump and restore with flush argument (2 ms)
[ok]: FUNCTION - test function dump and restore with append argument (4 ms)
[ok]: FUNCTION - test function dump and restore with replace argument (4 ms)
[ok]: FUNCTION - test function restore with bad payload do not drop existing functions (2 ms)
[ok]: FUNCTION - test function restore with wrong number of arguments (0 ms)
[ok]: FUNCTION - test fcall_ro with write command (1 ms)
[ok]: FUNCTION - test fcall_ro with read only commands (1 ms)
[ok]: FUNCTION - test keys and argv (1 ms)
[ok]: FUNCTION - test command get keys on fcall (0 ms)
[ok]: FUNCTION - test command get keys on fcall_ro (0 ms)
[ok]: MIGRATE with multiple keys migrate just existing ones (243 ms)
[ok]: EXPIRE - After 2.1 seconds the key should no longer be here (2102 ms)
[ok]: EXPIRE - write on expire should work (1 ms)
[ok]: EXPIREAT - Check for EXPIRE alike behavior (1 ms)
[ok]: SETEX - Set + Expire combo operation. Check for TTL (1 ms)
[ok]: SETEX - Check value (0 ms)
[ok]: SETEX - Overwrite old key (1 ms)
[ok]: MIGRATE with multiple keys: stress command rewriting (257 ms)
[ok]: FUNCTION - test function kill (409 ms)
[ok]: MIGRATE with multiple keys: delete just ack keys (250 ms)
[ok]: MIGRATE AUTH: correct and wrong password cases (242 ms)
[ok]: FUNCTION - test script kill not working on function (405 ms)
[7/149 done]: unit/dump (31 seconds)
Testing unit/gcra
[ok]: FUNCTION - test function kill not working on eval (409 ms)
[ok]: FUNCTION - test function flush (13 ms)
[ok]: SETEX - Wait for the key to expire (1100 ms)
[ok]: SETEX - Wrong time parameter (0 ms)
[ok]: PERSIST can undo an EXPIRE (2 ms)
[ok]: PERSIST returns 0 against non existing or non volatile keys (0 ms)
[ok]: FUNCTION - async function flush rebuilds Lua VM without causing race condition between main and lazyfree thread (203 ms)
[ok]: FUNCTION - test function wrong argument (1 ms)
[8/149 done]: unit/gcra (0 seconds)
Testing unit/geo
[ok]: GEO with wrong type src key (3 ms)
[ok]: GEO with non existing src key (1 ms)
[ok]: GEO BYLONLAT with empty search (1 ms)
[ok]: GEO BYMEMBER with non existing member (1 ms)
[ok]: GEOADD create (0 ms)
[ok]: GEOADD update (1 ms)
[ok]: GEOADD update with CH option (1 ms)
[ok]: GEOADD update with NX option (1 ms)
[ok]: GEOADD update with XX option (1 ms)
[ok]: GEOADD update with CH NX option (0 ms)
[ok]: GEOADD update with CH XX option (0 ms)
[ok]: GEOADD update with XX NX option will return syntax error (1 ms)
[ok]: GEOADD update with invalid option (1 ms)
[ok]: GEOADD invalid coordinates (0 ms)
[ok]: GEOADD out-of-range longitude/latitude error reply is well-formed (0 ms)
[ok]: GEOADD multi add (0 ms)
[ok]: Check geoset values (1 ms)
[ok]: GEORADIUS simple (sorted) (1 ms)
[ok]: GEORADIUS_RO simple (sorted) (1 ms)
[ok]: GEOSEARCH simple (sorted) (0 ms)
[ok]: GEOSEARCH FROMLONLAT and FROMMEMBER cannot exist at the same time (0 ms)
[ok]: GEOSEARCH FROMLONLAT and FROMMEMBER one must exist (1 ms)
[ok]: GEOSEARCH BYRADIUS and BYBOX cannot exist at the same time (1 ms)
[ok]: GEOSEARCH BYRADIUS and BYBOX one must exist (1 ms)
[ok]: GEOSEARCH with STOREDIST option (0 ms)
[ok]: GEORADIUS withdist (sorted) (0 ms)
[ok]: GEOSEARCH withdist (sorted) (1 ms)
[ok]: GEORADIUS with COUNT (1 ms)
[ok]: GEORADIUS with multiple WITH* tokens (1 ms)
[ok]: GEORADIUS with ANY not sorted by default (1 ms)
[ok]: GEORADIUS with ANY sorted by ASC (1 ms)
[ok]: GEORADIUS with ANY but no COUNT (0 ms)
[ok]: GEORADIUS with COUNT but missing integer argument (0 ms)
[ok]: GEORADIUS with COUNT DESC (1 ms)
[ok]: GEORADIUS HUGE, issue #2767 (1 ms)
[ok]: GEORADIUSBYMEMBER simple (sorted) (0 ms)
[ok]: GEORADIUSBYMEMBER_RO simple (sorted) (0 ms)
[ok]: GEORADIUSBYMEMBER search areas contain satisfied points in oblique direction (1 ms)
[ok]: GEORADIUSBYMEMBER crossing pole search (1 ms)
[ok]: GEOSEARCH FROMMEMBER simple (sorted) (0 ms)
[ok]: GEOSEARCH vs GEORADIUS (1 ms)
[ok]: GEOSEARCH non square, long and narrow (2 ms)
[ok]: GEOSEARCH corner point test (1 ms)
[ok]: GEORADIUSBYMEMBER withdist (sorted) (1 ms)
[ok]: GEOHASH is able to return geohash strings (1 ms)
[ok]: GEOHASH with only key as argument (1 ms)
[ok]: GEOPOS simple (1 ms)
[ok]: GEOPOS missing element (1 ms)
[ok]: GEOPOS with only key as argument (1 ms)
[ok]: GEODIST simple & unit (1 ms)
[ok]: GEODIST missing elements (1 ms)
[ok]: GEORADIUS STORE option: syntax error (1 ms)
[ok]: GEOSEARCHSTORE STORE option: syntax error (0 ms)
[ok]: GEORANGE STORE option: incompatible options (2 ms)
[ok]: GEORANGE STORE option: plain usage (1 ms)
[ok]: GEORADIUSBYMEMBER STORE/STOREDIST option: plain usage (1 ms)
[ok]: GEOSEARCHSTORE STORE option: plain usage (1 ms)
[ok]: GEORANGE STOREDIST option: plain usage (1 ms)
[ok]: GEOSEARCHSTORE STOREDIST option: plain usage (1 ms)
[ok]: GEORANGE STOREDIST option: COUNT ASC and DESC (2 ms)
[ok]: GEOSEARCH the box spans -180° or 180° (1 ms)
[ok]: GEOSEARCH with small distance (1 ms)
[ok]: Connect a replica to the master instance (103 ms)
[ok]: FUNCTION - creation is replicated to replica (2 ms)
[ok]: FUNCTION - call on replica (0 ms)
[ok]: FUNCTION - restore is replicated to replica (7 ms)
[ok]: FUNCTION - delete is replicated to replica (1 ms)
[ok]: FUNCTION - flush is replicated to replica (3 ms)
[ok]: Disconnecting the replica from master instance (103 ms)
[ok]: FUNCTION - test replication to replica on rdb phase (0 ms)
[ok]: FUNCTION - test replication to replica on rdb phase info command (1 ms)
[ok]: FUNCTION - create on read only replica (0 ms)
[ok]: FUNCTION - delete on read only replica (0 ms)
[ok]: FUNCTION - function effect is replicated to replica (2 ms)
[ok]: FUNCTION - modify key space of read only replica (1 ms)
[ok]: EXPIRE precision is now the millisecond (1102 ms)
[ok]: PSETEX can set sub-second expires (103 ms)
[ok]: PEXPIRE can set sub-second expires (103 ms)
[ok]: PEXPIREAT can set sub-second expires (204 ms)
[ok]: TTL returns time to live in seconds (1 ms)
[ok]: PTTL returns time to live in milliseconds (1 ms)
[ok]: TTL / PTTL / EXPIRETIME / PEXPIRETIME return -1 if key has no expire (2 ms)
[ok]: TTL / PTTL / EXPIRETIME / PEXPIRETIME return -2 if key does not exit (1 ms)
[ok]: EXPIRETIME returns absolute expiration time in seconds (0 ms)
[ok]: PEXPIRETIME returns absolute expiration time in milliseconds (0 ms)
[ok]: FUNCTION can processes create, delete and flush commands in AOF when doing "debug loadaof" in read-only slaves (353 ms)
[ok]: LIBRARIES - test shared function can access default globals (1 ms)
[ok]: LIBRARIES - usage and code sharing (2 ms)
[ok]: LIBRARIES - test registration failure revert the entire load (1 ms)
[ok]: LIBRARIES - test registration function name collision (1 ms)
[ok]: LIBRARIES - test registration function name collision on same library (0 ms)
[ok]: LIBRARIES - test registration with no argument (1 ms)
[ok]: LIBRARIES - test registration with only name (0 ms)
[ok]: LIBRARIES - test registration with to many arguments (1 ms)
[ok]: LIBRARIES - test registration with no string name (0 ms)
[ok]: LIBRARIES - test registration with wrong name format (1 ms)
[ok]: LIBRARIES - test registration with empty name (0 ms)
[ok]: LIBRARIES - math.random from function load (1 ms)
[ok]: LIBRARIES - redis.call from function load (0 ms)
[ok]: LIBRARIES - redis.setresp from function load (1 ms)
[ok]: LIBRARIES - redis.set_repl from function load (0 ms)
[ok]: LIBRARIES - redis.acl_check_cmd from function load (1 ms)
[ok]: LIBRARIES - malicious access test (1 ms)
[ok]: LIBRARIES - delete removed all functions on library (1 ms)
[ok]: LIBRARIES - register function inside a function (0 ms)
[ok]: LIBRARIES - register library with no functions (1 ms)
[ok]: Redis should actively expire keys incrementally (605 ms)
[ok]: LIBRARIES - load timeout (502 ms)
[ok]: LIBRARIES - verify global protection on the load run (0 ms)
[ok]: LIBRARIES - named arguments (1 ms)
[ok]: LIBRARIES - named arguments, bad function name (1 ms)
[ok]: LIBRARIES - named arguments, bad callback type (1 ms)
[ok]: LIBRARIES - named arguments, bad description (0 ms)
[ok]: LIBRARIES - named arguments, unknown argument (1 ms)
[ok]: LIBRARIES - named arguments, missing function name (0 ms)
[ok]: LIBRARIES - named arguments, missing callback (1 ms)
[ok]: FUNCTION - test function restore with function name collision (6 ms)
[ok]: FUNCTION - test function list with code (1 ms)
[ok]: FUNCTION - test function list with pattern (1 ms)
[ok]: FUNCTION - test function list wrong argument (0 ms)
[ok]: FUNCTION - test function list with bad argument to library name (1 ms)
[ok]: FUNCTION - test function list withcode multiple times (0 ms)
[ok]: FUNCTION - test function list libraryname multiple times (1 ms)
[ok]: FUNCTION - verify OOM on function load and function restore (5 ms)
[ok]: FUNCTION - verify allow-omm allows running any command (1 ms)
[ok]: FUNCTION - wrong flags type named arguments (1 ms)
[ok]: FUNCTION - wrong flag type (1 ms)
[ok]: FUNCTION - unknown flag (1 ms)
[ok]: FUNCTION - write script on fcall_ro (1 ms)
[ok]: FUNCTION - write script with no-writes flag (1 ms)
[ok]: FUNCTION - deny oom (1 ms)
[ok]: FUNCTION - deny oom on no-writes function (1 ms)
[ok]: FUNCTION - allow stale (3 ms)
[ok]: FUNCTION - redis version api (2 ms)
[ok]: FUNCTION - function stats (7 ms)
[ok]: FUNCTION - function stats reloaded correctly from rdb (13 ms)
[ok]: FUNCTION - function stats delete library (1 ms)
[ok]: FUNCTION - test function stats on loading failure (3 ms)
[ok]: FUNCTION - function stats cleaned after flush (2 ms)
[ok]: FUNCTION - function test empty engine (1 ms)
[ok]: FUNCTION - function test unknown metadata value (0 ms)
[ok]: FUNCTION - function test no name (0 ms)
[ok]: FUNCTION - function test multiple names (0 ms)
[ok]: FUNCTION - function test name with quotes (1 ms)
[ok]: FUNCTION - trick global protection 1 (2 ms)
[ok]: FUNCTION - test getmetatable on script load (2 ms)
[9/149 done]: unit/functions (5 seconds)
Testing unit/hotkeys
[ok]: HOTKEYS START - METRICS required (0 ms)
[ok]: HOTKEYS START - METRICS with CPU only (2 ms)
[ok]: HOTKEYS START - METRICS with NET only (1 ms)
[ok]: HOTKEYS START - METRICS with both CPU and NET (2 ms)
[ok]: HOTKEYS START - Error: session already started (1 ms)
[ok]: HOTKEYS START - Error: invalid METRICS count (0 ms)
[ok]: HOTKEYS START - Error: METRICS count mismatch (0 ms)
[ok]: HOTKEYS START - Error: METRICS invalid metrics (1 ms)
[ok]: HOTKEYS START - Error: METRICS same parameter (0 ms)
[ok]: HOTKEYS START - with COUNT parameter (7 ms)
[ok]: HOTKEYS START - Error: COUNT out of range (2 ms)
[ok]: Redis should lazy expire keys (1004 ms)
[ok]: EXPIRE should not resurrect keys (issue #1026) (1003 ms)
[ok]: 5 keys in, 5 keys out (3 ms)
[ok]: EXPIRE with empty string as TTL should report an error (1 ms)
[ok]: SET with EX with big integer should report an error (0 ms)
[ok]: SET with EX with smallest integer should report an error (1 ms)
[ok]: GETEX with big integer should report an error (1 ms)
[ok]: GETEX with smallest integer should report an error (0 ms)
[ok]: EXPIRE with big integer overflows when converted to milliseconds (1 ms)
[ok]: PEXPIRE with big integer overflow when basetime is added (1 ms)
[ok]: EXPIRE with big negative integer (1 ms)
[ok]: PEXPIREAT with big integer works (0 ms)
[ok]: PEXPIREAT with big negative integer works (1 ms)
[ok]: HOTKEYS START - with DURATION parameter (1507 ms)
[ok]: HOTKEYS START - with SAMPLE parameter (0 ms)
[ok]: HOTKEYS START - Error: SAMPLE ratio invalid (0 ms)
[ok]: HOTKEYS START - Error: SLOTS not allowed in non-cluster mode (0 ms)
[ok]: HOTKEYS STOP - basic functionality (1 ms)
[ok]: HOTKEYS RESET - basic functionality (1 ms)
[ok]: HOTKEYS RESET - Error: session in progress (7 ms)
[ok]: HOTKEYS GET - returns nil when not started (0 ms)
[ok]: HOTKEYS GET - sample-ratio field (1 ms)
[ok]: HOTKEYS - nested commands (1 ms)
[ok]: HOTKEYS - commands inside MULTI/EXEC (32 ms)
[ok]: HOTKEYS - EVAL inside MULTI/EXEC with nested calls (2 ms)
[ok]: HOTKEYS GET - no conditional fields without selected slots (1 ms)
[ok]: All time-to-live(TTL) in commands are propagated as absolute timestamp in milliseconds in AOF (2051 ms)
[ok]: All TTL in commands are propagated as absolute timestamp in replication stream (116 ms)
[ok]: First server should have role slave after REPLICAOF (2 ms)
[ok]: For all replicated TTL-related commands, absolute expire times are identical on primary and replica (18 ms)
[ok]: expired key which is created in writeable replicas should be deleted by active expiry (267 ms)
[ok]: SET command will remove expire (1 ms)
[ok]: SET command will remove expire with large string (optimization path) (1 ms)
[ok]: SET - use KEEPTTL option, TTL should not be removed (1 ms)
[ok]: SET - use KEEPTTL option, TTL should not be removed after loadaof (2012 ms)
[ok]: GETEX use of PERSIST option should remove TTL (1 ms)
[ok]: GETEX use of PERSIST option should remove TTL after loadaof (4 ms)
[ok]: GETEX propagate as to replica as PERSIST, DEL, or nothing (44 ms)
[ok]: EXPIRE with NX option on a key with ttl (1 ms)
[ok]: EXPIRE with NX option on a key without ttl (1 ms)
[ok]: EXPIRE with XX option on a key with ttl (1 ms)
[ok]: EXPIRE with XX option on a key without ttl (1 ms)
[ok]: EXPIRE with GT option on a key with lower ttl (1 ms)
[ok]: EXPIRE with GT option on a key with higher ttl (1 ms)
[ok]: EXPIRE with GT option on a key without ttl (1 ms)
[ok]: EXPIRE with LT option on a key with higher ttl (1 ms)
[ok]: EXPIRE with LT option on a key with lower ttl (1 ms)
[ok]: EXPIRE with LT option on a key without ttl (1 ms)
[ok]: EXPIRE with LT and XX option on a key with ttl (1 ms)
[ok]: EXPIRE with LT and XX option on a key without ttl (1 ms)
[ok]: EXPIRE with conflicting options: LT GT (1 ms)
[ok]: EXPIRE with conflicting options: NX GT (0 ms)
[ok]: EXPIRE with conflicting options: NX LT (0 ms)
[ok]: EXPIRE with conflicting options: NX XX (1 ms)
[ok]: EXPIRE with unsupported options (0 ms)
[ok]: EXPIRE with unsupported options (0 ms)
[ok]: EXPIRE with negative expiry (1 ms)
[ok]: EXPIRE with negative expiry on a non-valitale key (1 ms)
[ok]: EXPIRE with non-existed key (1 ms)
[ok]: Redis should not propagate the read command on lazy expire (82 ms)
[ok]: SCAN: Lazy-expire should not be wrapped in MULTI/EXEC (100 ms)
[ok]: RANDOMKEY: Lazy-expire should not be wrapped in MULTI/EXEC (100 ms)
[ok]: Lazy expire should increment expired_keys but not expired_keys_active (6 ms)
[ok]: Active expire should increment both expired_keys and expired_keys_active (105 ms)
[ok]: HOTKEYS detection with biased key access, sample ratio = 1 (6596 ms)
[ok]: expire scan should skip dictionaries with lot's of empty buckets (1340 ms)
[ok]: Config lazyexpire-nested-arbitrary-keys (yes, direct) (91 ms)
[ok]: Config lazyexpire-nested-arbitrary-keys (yes, multi) (91 ms)
[ok]: Config lazyexpire-nested-arbitrary-keys (yes, lua) (98 ms)
[ok]: Config lazyexpire-nested-arbitrary-keys (no, direct) (95 ms)
[ok]: Config lazyexpire-nested-arbitrary-keys (no, multi) (92 ms)
[ok]: Config lazyexpire-nested-arbitrary-keys (no, lua) (88 ms)
[10/149 done]: unit/expire (18 seconds)
Testing unit/hyperloglog
[ok]: HyperLogLog self test passes (1197 ms)
[ok]: PFADD without arguments creates an HLL value (0 ms)
[ok]: Approximated cardinality after creation is zero (0 ms)
[ok]: PFADD returns 1 when at least 1 reg was modified (1 ms)
[ok]: PFADD returns 0 when no reg was modified (0 ms)
[ok]: PFADD works with empty string (regression) (1 ms)
[ok]: PFCOUNT returns approximated cardinality of set (1 ms)
[ok]: HyperLogLogs are promote from sparse to dense (724 ms)
[ok]: Change hll-sparse-max-bytes (1 ms)
[ok]: Hyperloglog promote to dense well in different hll-sparse-max-bytes (86 ms)
[ok]: HOTKEYS detection with biased key access, sample ratio = 100 (6507 ms)
[ok]: HyperLogLog sparse encoding stress test (1618 ms)
[ok]: Corrupted sparse HyperLogLogs are detected: Additional at tail (1 ms)
[ok]: Corrupted sparse HyperLogLogs are detected: Broken magic (1 ms)
[ok]: Corrupted sparse HyperLogLogs are detected: Invalid encoding (0 ms)
[ok]: Corrupted sparse HyperLogLogs doesn't cause overflow and out-of-bounds with XZERO opcode (87 ms)
[ok]: HOTKEYS detection with biased key access, sample ratio = 500 (6483 ms)
[ok]: HOTKEYS detection with biased key access, sample ratio = 1000 (6400 ms)
[ok]: HOTKEYS GET - RESP3 returns map with flat array values for hotkeys (4 ms)
[ok]: HOTKEYS GET - selected-slots returns full range in non-cluster mode (2 ms)
[ok]: HOTKEYS START - with SLOTS parameter in cluster mode (1 ms)
[ok]: HOTKEYS START - Error: SLOTS count mismatch (0 ms)
[ok]: HOTKEYS START - Error: duplicate slots (0 ms)
[ok]: HOTKEYS START - Error: SLOTS already specified (0 ms)
[ok]: HOTKEYS START - Error: invalid slot - negative value (0 ms)
[ok]: HOTKEYS START - Error: invalid slot - out of range (1 ms)
[ok]: HOTKEYS START - Error: invalid slot - non-integer (0 ms)
[ok]: HOTKEYS GET - selected-slots field with individual slots (1 ms)
[ok]: HOTKEYS GET - selected-slots with unordered input slots are sorted (2 ms)
[ok]: HOTKEYS GET - selected-slots returns node's slot ranges when no SLOTS specified in cluster mode (1 ms)
[ok]: HOTKEYS GET - conditional fields with sample_ratio > 1 and selected slots (2 ms)
[ok]: HOTKEYS GET - no conditional fields with sample_ratio = 1 (2 ms)
[ok]: HOTKEYS - tracks only keys in selected slots (31 ms)
[ok]: HOTKEYS - multiple selected slots (24 ms)
[ok]: HOTKEYS START - Error: slot not handled by this node (1 ms)
[ok]: HOTKEYS GET - selected-slots returns each node's slot ranges in multi-node cluster (3 ms)
[11/149 done]: unit/hotkeys (32 seconds)
Testing unit/info-command
[ok]: info command with at most one sub command (2 ms)
[ok]: info command with one sub-section (1 ms)
[ok]: info command with multiple sub-sections (1 ms)
[12/149 done]: unit/info-command (1 seconds)
Testing unit/info-keysizes
[ok]: KEYSIZES - Test i'th bin counts keysizes between (2^i) and (2^(i+1)-1) as expected  (7 ms)
[ok]: KEYSIZES - Histogram values of Bytes, Kilo and Mega  (439 ms)
[ok]: Corrupted sparse HyperLogLogs doesn't cause overflow and out-of-bounds with ZERO opcode (19919 ms)
[ok]: Corrupted dense HyperLogLogs are detected: Wrong length (8 ms)
[ok]: KEYSIZES - Test hyperloglog  (12191 ms)
[ok]: KEYSIZES - Test List  (113 ms)
[ok]: KEYSIZES - Test SET  (89 ms)
[ok]: KEYSIZES - Test ZSET  (122 ms)
[ok]: KEYSIZES - Test STRING  (106 ms)
[ok]: KEYSIZES - Test UNLINK (async deletion)  (16 ms)
[ok]: KEYSIZES - Test complex dataset  (1925 ms)
[ok]: KEYSIZES - Test DEBUG KEYSIZES-HIST-ASSERT command (181 ms)
[ok]: KEYSIZES - Test HASH (listpackex)  (596 ms)
[ok]: KEYSIZES - Test Hash field lazy expiration (listpackex)  (131 ms)
[ok]: KEYSIZES - Test HASH (hashtable)  (678 ms)
[ok]: KEYSIZES - Test Hash field lazy expiration (hashtable)  (125 ms)
[ok]: KEYSIZES - Test STRING BITS  (10 ms)
[ok]: KEYSIZES - Test RESTORE  (3 ms)
[ok]: KEYSIZES - Test RENAME  (2 ms)
[ok]: KEYSIZES - Test MOVE  (3 ms)
[ok]: KEYSIZES - Test SWAPDB  (3 ms)
[ok]: KEYSIZES - DEBUG RELOAD reset keysizes  (15 ms)
[ok]: KEYSIZES - Test RDB  (159 ms)
[ok]: KEYSIZES - Test i'th bin counts keysizes between (2^i) and (2^(i+1)-1) as expected (replica) (26 ms)
[ok]: KEYSIZES - Histogram values of Bytes, Kilo and Mega (replica) (374 ms)
[ok]: KEYSIZES - Test hyperloglog (replica) (23119 ms)
[ok]: KEYSIZES - Test List (replica) (309 ms)
[ok]: KEYSIZES - Test SET (replica) (302 ms)
[ok]: KEYSIZES - Test ZSET (replica) (308 ms)
[ok]: KEYSIZES - Test STRING (replica) (107 ms)
[ok]: KEYSIZES - Test UNLINK (async deletion) (replica) (23 ms)
[ok]: KEYSIZES - Test complex dataset (replica) (2657 ms)
[ok]: KEYSIZES - Test DEBUG KEYSIZES-HIST-ASSERT command (176 ms)
[ok]: KEYSIZES - Test HASH (listpackex) (replica) (666 ms)
[ok]: KEYSIZES - Test Hash field lazy expiration (listpackex) (replica) (149 ms)
[ok]: KEYSIZES - Test HASH (hashtable) (replica) (650 ms)
[ok]: KEYSIZES - Test Hash field lazy expiration (hashtable) (replica) (151 ms)
[ok]: KEYSIZES - Test STRING BITS (replica) (15 ms)
[ok]: KEYSIZES - Test RESTORE (replica) (4 ms)
[ok]: KEYSIZES - Test RENAME (replica) (4 ms)
[ok]: KEYSIZES - Test MOVE (replica) (4 ms)
[ok]: KEYSIZES - Test SWAPDB (replica) (5 ms)
[ok]: KEYSIZES - DEBUG RELOAD reset keysizes (replica) (17 ms)
[ok]: KEYSIZES - Test RDB (replica) (266 ms)
[ok]: KEY-MEMORY-STATS - Empty database should have empty key memory histogram (2 ms)
[ok]: KEY-MEMORY-STATS - List keys should appear in key memory histogram (3 ms)
[ok]: KEY-MEMORY-STATS - All data types should appear in key memory histogram (2 ms)
[ok]: KEY-MEMORY-STATS - Histogram bins should use power-of-2 labels (2 ms)
[ok]: KEY-MEMORY-STATS - DEL should remove key from key memory histogram (2 ms)
[ok]: KEY-MEMORY-STATS - Modifying a list should update key memory histogram (127 ms)
[ok]: KEY-MEMORY-STATS - FLUSHALL clears key memory histogram (2 ms)
[ok]: KEY-MEMORY-STATS - Larger allocations go to higher bins (130 ms)
[ok]: KEY-MEMORY-STATS - EXPIRE eventually removes from histogram (231 ms)
[ok]: KEY-MEMORY-STATS - Test RESTORE adds to histogram (2 ms)
[ok]: KEY-MEMORY-STATS - DEBUG RELOAD preserves key memory histogram (12 ms)
[ok]: KEY-MEMORY-STATS - RENAME should preserve key memory histogram (3 ms)
[ok]: KEY-MEMORY-STATS - Test DEBUG KEYSIZES-HIST-ASSERT command (165 ms)
[ok]: KEY-MEMORY-STATS - RDB save and restart preserves key memory histogram (237 ms)
[ok]: KEY-MEMORY-STATS - Hash field lazy expiration (listpackex) (10 ms)
[ok]: KEY-MEMORY-STATS - Hash field lazy expiration (hashtable) (9 ms)
[ok]: KEY-MEMORY-STATS disabled - key memory histogram should not appear (3 ms)
[ok]: KEY-MEMORY-STATS - cannot enable key-memory-histograms at runtime when disabled at startup (1 ms)
[ok]: KEY-MEMORY-STATS - can disable key-memory-histograms at runtime and distrib_*_sizes disappear (2 ms)
[ok]: KEY-MEMORY-STATS - cannot re-enable key-memory-histograms at runtime after disabling (1 ms)
[ok]: Fuzzing dense/sparse encoding: Redis should always detect errors (47040 ms)
[ok]: PFADD, PFCOUNT, PFMERGE type checking works (1 ms)
[ok]: PFMERGE results on the cardinality of union of sets (1 ms)
[ok]: PFMERGE on missing source keys will create an empty destkey (1 ms)
[ok]: PFMERGE with one empty input key, create an empty destkey (1 ms)
[ok]: PFMERGE with one non-empty input key, dest key is actually one of the source keys (1 ms)
[ok]: SLOT-ALLOCSIZE - Test DEBUG ALLOCSIZE-SLOTS-ASSERT command (305 ms)
[ok]: KEY-MEMORY-STATS - Test DEBUG KEYSIZES-HIST-ASSERT command (192 ms)
[ok]: KEY-MEMORY-STATS - key memory histogram should appear (3 ms)
[ok]: KEY-MEMORY-STATS - All data types should appear in key memory histogram (2 ms)
[ok]: PFMERGE results with simd (1780 ms)
[ok]: KEY-MEMORY-STATS - Replication updates key memory stats on replica (7 ms)
[ok]: KEY-MEMORY-STATS - DEL on primary updates key memory stats on replica (110 ms)
[13/149 done]: unit/info-keysizes (54 seconds)
Testing unit/info
[ok]: latencystats: disable/enable (2 ms)
[ok]: latencystats: configure percentiles (4 ms)
[ok]: latencystats: bad configure percentiles (4 ms)
[ok]: latencystats: blocking commands (208 ms)
[ok]: latencystats: subcommands (2 ms)
[ok]: latencystats: measure latency (53 ms)
[ok]: errorstats: failed call authentication error (4 ms)
[ok]: errorstats: failed call within MULTI/EXEC (6 ms)
[ok]: errorstats: failed call within LUA (5 ms)
[ok]: errorstats: failed call NOSCRIPT error (4 ms)
[ok]: errorstats: failed call NOGROUP error (3 ms)
[ok]: errorstats: rejected call unknown command (2 ms)
[ok]: errorstats: rejected call within MULTI/EXEC (5 ms)
[ok]: errorstats: rejected call due to wrong arity (3 ms)
[ok]: errorstats: rejected call by OOM error (3 ms)
[ok]: errorstats: rejected call by authorization error (4 ms)
[ok]: errorstats: blocking commands (5 ms)
[ok]: errorstats: limit errors will not increase indefinitely (225 ms)
[ok]: client evicted due to output buf (117673 ms)
[ok]: stats: eventloop metrics (113 ms)
[ok]: client no-evict on (84 ms)
[ok]: client no-evict off (44 ms)
[ok]: avoid client eviction when client is freed by output buffer limit (468 ms)
[ok]: decrease maxmemory-clients causes client eviction (92 ms)
[ok]: evict clients only until below limit (139 ms)
[ok]: stats: instantaneous metrics (1607 ms)
[ok]: stats: debug metrics (114 ms)
[ok]: stats: client input and output buffer limit disconnections (71 ms)
[ok]: clients: pubsub clients (6 ms)
[ok]: clients: watching clients (14 ms)
[ok]: evict clients in right order (large to small) (159 ms)
[ok]: clients: active_clients (508 ms)
[ok]: stats: client processing and pipeline metrics (3 ms)
[ok]: stats: client processing metrics reset with CONFIG RESETSTAT (4 ms)
[ok]: clients: active_clients with io-thread one-by-one commands (46 ms)
[ok]: PFCOUNT multiple-keys merge returns cardinality of union #1 (6445 ms)
[ok]: memory: database and pubsub overhead and rehashing dict count (8 ms)
[ok]: memory: used_memory_peak_time is updated when used_memory_peak is updated (69 ms)
[ok]: Verify that LUT overhead is properly updated when dicts are emptied or reused (issue #13973) (145 ms)
[14/149 done]: unit/info (7 seconds)
Testing unit/introspection-2
[ok]: The microsecond part of the TIME command will not overflow (0 ms)
[ok]: PFCOUNT multiple-keys merge returns cardinality of union #2 (3827 ms)
[ok]: PFDEBUG GETREG returns the HyperLogLog raw registers (1165 ms)
[ok]: PFADD / PFCOUNT cache invalidation works (2 ms)
[ignore]: PFADD with 2GB entry should not crash server due to overflow in MurmurHash64A: large memory flag not provided
[15/149 done]: unit/hyperloglog (84 seconds)
Testing unit/introspection
[ok]: PING (1 ms)
[ok]: CLIENT LIST (1 ms)
[ok]: CLIENT LIST with IDs (0 ms)
[ok]: CLIENT INFO (0 ms)
[ok]: CLIENT INFO input/output/cmds-processed stats (1 ms)
[ok]: CLIENT INFO input/output/cmds-processed stats for blocking command (5 ms)
[ok]: CLIENT INFO cmds-processed stats for recursive command (1 ms)
[ok]: CLIENT INFO read-events and pipeline-length stats (3 ms)
[ok]: CLIENT INFO pipeline-length stats for pipelined commands (3 ms)
[ok]: CLIENT KILL with illegal arguments (2 ms)
[ok]: TTL, TYPE and EXISTS do not alter the last access time of a key (3004 ms)
[ok]: CLIENT KILL maxAGE will kill old clients (2005 ms)
[ok]: CLIENT KILL SKIPME YES/NO will kill all clients (8 ms)
[ok]: CLIENT command unhappy path coverage (4 ms)
[ok]: CLIENT KILL close the client connection during bgsave (97 ms)
[ok]: CLIENT REPLY OFF/ON: disable all commands reply (47 ms)
[ok]: CLIENT REPLY SKIP: skip the next command reply (43 ms)
[ok]: CLIENT REPLY ON: unset SKIP flag (44 ms)
[ok]: MONITOR can log executed commands (2 ms)
[ok]: MONITOR can log commands issued by the scripting engine (1 ms)
[ok]: MONITOR can log commands issued by functions (2 ms)
[ok]: MONITOR supports redacting command arguments (3 ms)
[ok]: MONITOR correctly handles multi-exec cases (2 ms)
[ok]: MONITOR log blocked command only once (106 ms)
[ok]: CLIENT GETNAME should return NIL if name is not assigned (0 ms)
[ok]: CLIENT GETNAME check if name set correctly (1 ms)
[ok]: CLIENT LIST shows empty fields for unassigned names (0 ms)
[ok]: CLIENT SETNAME does not accept spaces (1 ms)
[ok]: CLIENT SETNAME can assign a name to this connection (0 ms)
[ok]: CLIENT SETNAME can change the name of an existing connection (1 ms)
[ok]: After CLIENT SETNAME, connection can still be closed (2 ms)
[ok]: CLIENT SETINFO can set a library name to this connection (1 ms)
[ok]: CLIENT SETINFO invalid args (1 ms)
[ok]: RESET does NOT clean library name (1 ms)
[ok]: CLIENT SETINFO can clear library name (0 ms)
[ok]: TOUCH alters the last access time of a key (3004 ms)
[ok]: CONFIG save params special case handled properly (996 ms)
[ok]: CONFIG sanity (35 ms)
[ok]: CONFIG REWRITE sanity (266 ms)
[ok]: Operations in no-touch mode do not alter the last access time of a key (1103 ms)
[ok]: CONFIG REWRITE handles save and shutdown properly (897 ms)
[ok]: CONFIG SET with multiple args (2 ms)
[ok]: CONFIG SET rollback on set error (2 ms)
[ok]: CONFIG SET rollback on apply error (8 ms)
[ok]: CONFIG SET duplicate configs (0 ms)
[ok]: CONFIG SET set immutable (1 ms)
[ok]: CONFIG GET hidden configs (4 ms)
[ok]: CONFIG GET multiple args (0 ms)
[ok]: redis-server command line arguments - error cases (78 ms)
[ok]: redis-server command line arguments - allow passing option name and option value in the same arg (249 ms)
[ok]: redis-server command line arguments - wrong usage that we support anyway (249 ms)
[ok]: redis-server command line arguments - allow option value to use the `--` prefix (247 ms)
[ok]: Operations in no-touch mode TOUCH alters the last access time of a key (1101 ms)
[ok]: redis-server command line arguments - option name and option value in the same arg and `--` prefix (247 ms)
[ok]: Operations in no-touch mode TOUCH from script alters the last access time of a key (1102 ms)
[ok]: TOUCH returns the number of existing keys specified (1 ms)
[ok]: command stats for GEOADD (2 ms)
[ok]: errors stats for GEOADD (1 ms)
[ok]: command stats for EXPIRE (1 ms)
[ok]: command stats for BRPOP (2 ms)
[ok]: command stats for MULTI (4 ms)
[ok]: command stats for scripts (2 ms)
[ok]: COMMAND COUNT get total number of Redis commands (1 ms)
[ok]: COMMAND GETKEYS GET (0 ms)
[ok]: COMMAND GETKEYSANDFLAGS (2 ms)
[ok]: COMMAND GETKEYSANDFLAGS invalid args (0 ms)
[ok]: COMMAND GETKEYSANDFLAGS MSETEX (1 ms)
[ok]: COMMAND GETKEYS MEMORY USAGE (0 ms)
[ok]: COMMAND GETKEYS XGROUP (1 ms)
[ok]: COMMAND GETKEYS EVAL with keys (0 ms)
[ok]: COMMAND GETKEYS EVAL without keys (0 ms)
[ok]: COMMAND GETKEYS LCS (1 ms)
[ok]: COMMAND GETKEYS PFMERGE with and without source keys (0 ms)
[ok]: COMMAND GETKEYS MORE THAN 256 KEYS (3 ms)
[ok]: COMMAND LIST syntax error (1 ms)
[ok]: COMMAND LIST WITHOUT FILTERBY (4 ms)
[ok]: COMMAND LIST FILTERBY ACLCAT against non existing category (0 ms)
[ok]: COMMAND LIST FILTERBY ACLCAT - list all commands/subcommands (1 ms)
[ok]: COMMAND LIST FILTERBY PATTERN - list all commands/subcommands (2 ms)
[ok]: COMMAND LIST FILTERBY MODULE against non existing module (0 ms)
[ok]: COMMAND INFO of invalid subcommands (0 ms)
[ok]: SET command will not be marked with movablekeys (1 ms)
[ok]: GET command will not be marked with movablekeys (0 ms)
[ok]: MSET command will not be marked with movablekeys (0 ms)
[ok]: BITFIELD command will not be marked with movablekeys (1 ms)
[ok]: LMOVE command will not be marked with movablekeys (0 ms)
[ok]: LPOP command will not be marked with movablekeys (0 ms)
[ok]: BLPOP command will not be marked with movablekeys (1 ms)
[ok]: PING command will not be marked with movablekeys (0 ms)
[ok]: MEMORY command will not be marked with movablekeys (1 ms)
[ok]: MEMORY|USAGE command will not be marked with movablekeys (1 ms)
[ok]: RENAME command will not be marked with movablekeys (1 ms)
[ok]: GEORADIUS_RO command will not be marked with movablekeys (0 ms)
[ok]: ZUNIONSTORE command is marked with movablekeys (1 ms)
[ok]: XREAD command is marked with movablekeys (1 ms)
[ok]: EVAL command is marked with movablekeys (1 ms)
[ok]: SORT command is marked with movablekeys (0 ms)
[ok]: SORT_RO command is marked with movablekeys (0 ms)
[ok]: MIGRATE command is marked with movablekeys (1 ms)
[ok]: GEORADIUS command is marked with movablekeys (1 ms)
[16/149 done]: unit/introspection-2 (9 seconds)
Testing unit/keyspace
[ok]: redis-server command line arguments - save with empty input (1209 ms)
[ok]: DEL against a single item (2 ms)
[ok]: Vararg DEL (1 ms)
[ok]: Untagged multi-key commands (0 ms)
[ok]: KEYS with pattern (2 ms)
[ok]: KEYS to get all keys (0 ms)
[ok]: DBSIZE (0 ms)
[ok]: KEYS with hashtag (1 ms)
[ok]: DEL all keys (2 ms)
[ok]: redis-server command line arguments - take one bulk string with spaces for MULTI_ARG configs parsing (242 ms)
[ok]: cannot modify protected configuration - no (1 ms)
[ok]: cannot modify protected configuration - local (7 ms)
[ok]: DEL against expired key (1103 ms)
[ok]: EXISTS (1 ms)
[ok]: Zero length value in key. SET/GET/EXISTS (1 ms)
[ok]: Commands pipelining (1 ms)
[ok]: Non existing command (0 ms)
[ok]: RENAME basic usage (1 ms)
[ok]: RENAME source key should no longer exist (1 ms)
[ok]: RENAME against already existing key (1 ms)
[ok]: RENAMENX basic usage (1 ms)
[ok]: RENAMENX against already existing key (1 ms)
[ok]: RENAMENX against already existing key (2) (0 ms)
[ok]: RENAME against non existing source key (1 ms)
[ok]: RENAME where source and dest key are the same (existing) (0 ms)
[ok]: RENAMENX where source and dest key are the same (existing) (1 ms)
[ok]: RENAME where source and dest key are the same (non existing) (0 ms)
[ok]: RENAME with volatile key, should move the TTL as well (2 ms)
[ok]: RENAME with volatile key, should not inherit TTL of target key (1 ms)
[ok]: DEL all keys again (DB 0) (0 ms)
[ok]: DEL all keys again (DB 1) (1 ms)
[ok]: COPY basic usage for string (2 ms)
[ok]: COPY for string does not replace an existing key without REPLACE option (0 ms)
[ok]: COPY for string can replace an existing key with REPLACE option (0 ms)
[ok]: COPY for string ensures that copied data is independent of copying data (3 ms)
[ok]: COPY for string does not copy data to no-integer DB (1 ms)
[ok]: COPY can copy key expire metadata as well (1 ms)
[ok]: COPY does not create an expire if it does not exist (1 ms)
[ok]: COPY basic usage for list - quicklist (43 ms)
[ok]: COPY basic usage for list - listpack (2 ms)
[ok]: COPY basic usage for intset set (2 ms)
[ok]: COPY basic usage for listpack set (2 ms)
[ok]: COPY basic usage for hashtable set (39 ms)
[ok]: COPY basic usage for listpack sorted set (4 ms)
[ok]: COPY basic usage for skiplist sorted set (23 ms)
[ok]: COPY basic usage for listpack hash (2 ms)
[ok]: COPY basic usage for hashtable hash (25 ms)
[ok]: COPY basic usage for stream (176 ms)
[ok]: COPY basic usage for stream-cgroups (10 ms)
[ok]: MOVE basic usage (1 ms)
[ok]: MOVE against key existing in the target DB (0 ms)
[ok]: MOVE against non-integer DB (#1428) (1 ms)
[ok]: MOVE can move key expire metadata as well (3 ms)
[ok]: MOVE does not create an expire if it does not exist (2 ms)
[ok]: SET/GET keys in different DBs (2 ms)
[ok]: RANDOMKEY (13 ms)
[ok]: RANDOMKEY against empty DB (1 ms)
[ok]: RANDOMKEY regression 1 (1 ms)
[ok]: KEYS * two times with long key, Github issue #1208 (1 ms)
[ok]: Regression for pattern matching long nested loops (1 ms)
[ok]: Regression for pattern matching very long nested loops (95 ms)
[ok]: Coverage: basic SWAPDB test and unhappy path (4 ms)
[ok]: Coverage: SWAPDB and FLUSHDB (4 ms)
[17/149 done]: unit/keyspace (2 seconds)
Testing unit/latency-monitor
[ok]: LATENCY HISTOGRAM with empty histogram (1 ms)
[ok]: LATENCY HISTOGRAM all commands (2 ms)
[ok]: LATENCY HISTOGRAM sub commands (2 ms)
[ok]: LATENCY HISTOGRAM with a subset of commands (5 ms)
[ok]: LATENCY HISTOGRAM command (1 ms)
[ok]: LATENCY HISTOGRAM with wrong command name skips the invalid one (2 ms)
[ok]: config during loading (1391 ms)
[ok]: CONFIG REWRITE handles rename-command properly (476 ms)
[ok]: CONFIG REWRITE handles alias config properly (960 ms)
[ok]: IO threads client number (235 ms)
[ok]: Clients are evenly distributed among io threads (249 ms)
[ok]: Warning shown when no auth and binding all interfaces (3 ms)
[ok]: Warning shown for configured interface when binding specific address (2 ms)
[ok]: Warning shown for local clients when protected mode is on (2 ms)
[ok]: No warning shown when password is set (3 ms)
[18/149 done]: unit/introspection (13 seconds)
Testing unit/lazyfree
[ok]: Test latency events logging (3405 ms)
[ok]: LATENCY HISTORY output is ok (1 ms)
[ok]: LATENCY LATEST output is ok (1 ms)
[ok]: LATENCY GRAPH can output the event graph (1 ms)
[ok]: UNLINK can reclaim memory in background (326 ms)
[ok]: FLUSHDB ASYNC can reclaim memory in background (333 ms)
[ok]: lazy free a stream with all types of metadata (121 ms)
[ok]: lazy free a stream with deleted cgroup (1 ms)
[ok]: FLUSHALL SYNC optimized to run in bg as blocking FLUSHALL ASYNC (66 ms)
[ok]: Run consecutive blocking FLUSHALL ASYNC successfully (4 ms)
[ok]: FLUSHALL SYNC in MULTI not optimized to run as blocking FLUSHALL ASYNC (3 ms)
[ok]: LATENCY GRAPH can output the expire event graph (1 ms)
[ok]: LATENCY of expire events are correctly collected (2590 ms)
[ok]: LATENCY HISTORY / RESET with wrong event name is fine (1 ms)
[ok]: LATENCY DOCTOR produces some output (2 ms)
[ok]: LATENCY RESET is able to reset events (1 ms)
[ok]: LATENCY HELP should not have unexpected options (1 ms)
[19/149 done]: unit/latency-monitor (6 seconds)
Testing unit/limits
[ok]: Check if maxclients works refusing connections (918 ms)
[20/149 done]: unit/limits (2 seconds)
Testing unit/maxmemory
[ok]: SET and RESTORE key nearly as large as the memory limit (226 ms)
[ok]: eviction due to output buffers of many MGET clients, client eviction: false (2665 ms)
[ok]: eviction due to input buffer of a dead client, client eviction: false (436 ms)
[ok]: Client closed in the middle of blocking FLUSHALL ASYNC (6777 ms)
[ok]: Pending commands in querybuf processed once unblocking FLUSHALL ASYNC (3 ms)
[ok]: eviction due to output buffers of pubsub, client eviction: false (300 ms)
[ok]: eviction due to output buffers of many MGET clients, client eviction: true (980 ms)
[ok]: eviction due to input buffer of a dead client, client eviction: true (425 ms)
[ok]: eviction due to output buffers of pubsub, client eviction: true (482 ms)
[ok]: maxmemory - is the memory limit honoured? (policy allkeys-random) (111 ms)
[ok]: maxmemory - is the memory limit honoured? (policy allkeys-lru) (565 ms)
[ok]: Unblocks client blocked on lazyfree via REPLICAOF command (3221 ms)
[21/149 done]: unit/lazyfree (11 seconds)
Testing unit/memefficiency
[ok]: client total memory grows during client no-evict (29048 ms)
[ok]: maxmemory - is the memory limit honoured? (policy allkeys-lfu) (509 ms)
[ok]: Memory efficiency with values in range 32 (443 ms)
[ok]: maxmemory - is the memory limit honoured? (policy allkeys-lrm) (533 ms)
[ok]: Memory efficiency with values in range 64 (450 ms)
[ok]: maxmemory - is the memory limit honoured? (policy volatile-lru) (528 ms)
[ok]: Memory efficiency with values in range 128 (464 ms)
[ok]: maxmemory - is the memory limit honoured? (policy volatile-lfu) (531 ms)
[ok]: Memory efficiency with values in range 1024 (497 ms)
[ok]: maxmemory - is the memory limit honoured? (policy volatile-random) (526 ms)
[ok]: maxmemory - is the memory limit honoured? (policy volatile-ttl) (528 ms)
[ok]: maxmemory - is the memory limit honoured? (policy volatile-lrm) (514 ms)
[ok]: maxmemory - only allkeys-* should remove non-volatile keys (allkeys-random) (521 ms)
[ok]: Memory efficiency with values in range 16384 (1836 ms)
[22/149 done]: unit/memefficiency (4 seconds)
Testing unit/multi
[ok]: MULTI / EXEC basics (2 ms)
[ok]: DISCARD (1 ms)
[ok]: Nested MULTI are not allowed (0 ms)
[ok]: MULTI where commands alter argc/argv (0 ms)
[ok]: WATCH inside MULTI is not allowed (1 ms)
[ok]: EXEC fails if there are errors while queueing commands #1 (1 ms)
[ok]: EXEC fails if there are errors while queueing commands #2 (2 ms)
[ok]: If EXEC aborts, the client MULTI state is cleared (1 ms)
[ok]: EXEC works on WATCHed key not modified (1 ms)
[ok]: EXEC fail on WATCHed key modified (1 key of 1 watched) (1 ms)
[ok]: EXEC fail on WATCHed key modified (1 key of 5 watched) (1 ms)
[ok]: EXEC fail on WATCHed key modified by SORT with STORE even if the result is empty (1 ms)
[ok]: EXEC fail on lazy expired WATCHed key (103 ms)
[ok]: WATCH stale keys should not fail EXEC (3 ms)
[ok]: Delete WATCHed stale keys should not fail EXEC (3 ms)
[ok]: FLUSHDB while watching stale keys should not fail EXEC (4 ms)
[ok]: After successful EXEC key is no longer watched (1 ms)
[ok]: After failed EXEC key is no longer watched (1 ms)
[ok]: It is possible to UNWATCH (1 ms)
[ok]: UNWATCH when there is nothing watched works as expected (0 ms)
[ok]: FLUSHALL is able to touch the watched keys (1 ms)
[ok]: FLUSHALL does not touch non affected keys (1 ms)
[ok]: FLUSHDB is able to touch the watched keys (1 ms)
[ok]: FLUSHDB does not touch non affected keys (0 ms)
[ok]: SWAPDB is able to touch the watched keys that exist (1 ms)
[ok]: SWAPDB is able to touch the watched keys that do not exist (1 ms)
[ok]: SWAPDB does not touch watched stale keys (4 ms)
[ok]: SWAPDB does not touch non-existing key replaced with stale key (4 ms)
[ok]: SWAPDB does not touch stale key replaced with another stale key (4 ms)
[ok]: WATCH is able to remember the DB a key belongs to (1 ms)
[ok]: WATCH will consider touched keys target of EXPIRE (1 ms)
[ok]: maxmemory - only allkeys-* should remove non-volatile keys (allkeys-lru) (592 ms)
[ok]: maxmemory - only allkeys-* should remove non-volatile keys (allkeys-lrm) (660 ms)
[ok]: WATCH will consider touched expired keys (1107 ms)
[ok]: DISCARD should clear the WATCH dirty flag on the client (1 ms)
[ok]: DISCARD should UNWATCH all the keys (1 ms)
[ok]: MULTI / EXEC is not propagated (single write command) (39 ms)
[ok]: MULTI / EXEC is propagated correctly (multiple commands) (101 ms)
[ok]: MULTI / EXEC is propagated correctly (multiple commands with SELECT) (101 ms)
[ok]: maxmemory - only allkeys-* should remove non-volatile keys (volatile-lru) (604 ms)
[ok]: MULTI / EXEC is propagated correctly (empty transaction) (99 ms)
[ok]: MULTI / EXEC is propagated correctly (read-only commands) (101 ms)
[ok]: MULTI / EXEC is propagated correctly (write command, no effect) (101 ms)
[ok]: MULTI / EXEC with REPLICAOF (102 ms)
[ok]: DISCARD should not fail during OOM (2 ms)
[ok]: maxmemory - only allkeys-* should remove non-volatile keys (volatile-random) (663 ms)
[ok]: MULTI and script timeout (405 ms)
[ok]: EXEC and script timeout (404 ms)
[ok]: maxmemory - only allkeys-* should remove non-volatile keys (volatile-ttl) (657 ms)
[ok]: MULTI-EXEC body and script timeout (406 ms)
[ok]: just EXEC and script timeout (404 ms)
[ok]: exec with write commands and state change (1 ms)
[ok]: exec with read commands and stale replica state change (4 ms)
[ok]: EXEC with only read commands should not be rejected when OOM (1 ms)
[ok]: EXEC with at least one use-memory command should fail (2 ms)
[ok]: Blocking commands ignores the timeout (1 ms)
[ok]: maxmemory - only allkeys-* should remove non-volatile keys (volatile-lrm) (665 ms)
[ok]: MULTI propagation of PUBLISH (92 ms)
[ok]: MULTI propagation of SCRIPT LOAD (101 ms)
[ok]: MULTI propagation of EVAL (101 ms)
[ok]: MULTI propagation of SCRIPT FLUSH (102 ms)
[ok]: MULTI propagation of XREADGROUP (102 ms)
[ok]: MULTI with SAVE (1 ms)
[ok]: MULTI with SHUTDOWN (1 ms)
[ok]: MULTI with BGREWRITEAOF (204 ms)
[ok]: maxmemory - policy volatile-lru should only remove volatile keys. (824 ms)
[ok]: MULTI with config set appendonly (209 ms)
[ok]: MULTI with config error (1 ms)
[ok]: Flushall while watching several keys by one client (1 ms)
[ok]: MULTI with FLUSHALL and AOF (3 ms)
[23/149 done]: unit/multi (5 seconds)
Testing unit/networking
[ok]: CONFIG SET port number (228 ms)
[ok]: maxmemory - policy volatile-lfu should only remove volatile keys. (825 ms)
[ok]: CONFIG SET bind address (238 ms)
[ok]: CONFIG SET bind-source-addr (541 ms)
[ok]: maxmemory - policy volatile-random should only remove volatile keys. (779 ms)
[ok]: Default bind address configuration handling (294 ms)
[ok]: Protected mode works as expected (10 ms)
[ok]: maxmemory - policy volatile-ttl should only remove volatile keys. (835 ms)
[err]: prefetch works as expected when killing a client from the middle of prefetch commands batch in tests/unit/networking.tcl
Expected '0' to be between to '2' and '15' (context: type eval line 44 cmd {assert_range $prefetch_entries 2 15} proc ::test)
[ok]: prefetch works as expected when changing the batch size while executing the commands batch (493 ms)
[ok]: no prefetch when the batch size is set to 0 (289 ms)
[ok]: maxmemory - policy volatile-lrm should only remove volatile keys. (840 ms)
[err]: Prefetch can resume working when the configuration option is set to a non-zero value in tests/unit/networking.tcl
Expected '0' to be between to '2' and '16' (context: type eval line 14 cmd {assert_range $new_prefetch_entries [expr {$prefetch_entries + 2}] [expr {$prefetch_entries + 16}]} proc ::test)
[err]: Prefetch works with batch size greater than 16 (buffer overflow regression test) in tests/unit/networking.tcl
Expected '0' to be between to '2' and '64' (context: type eval line 15 cmd {assert_range $new_prefetch_entries [expr {$prefetch_entries + 2}] [expr {$prefetch_entries + 64}]} proc ::test)
[err]: Prefetch works with maximum batch size of 128 and client number larger than batch size in tests/unit/networking.tcl
Expected '0' to be between to '2' and '300' (context: type eval line 15 cmd {assert_range $new_prefetch_entries [expr {$prefetch_entries + 2}] [expr {$prefetch_entries + 300}]} proc ::test)
[ok]: Multiple clients idle timeout test (2510 ms)
[ok]: Pending command pool expansion and shrinking (4244 ms)
[24/149 done]: unit/networking (11 seconds)
Testing unit/obuf-limits
[ok]: CONFIG SET client-output-buffer-limit (2 ms)
[ok]: Client output buffer hard limit is enforced (2923 ms)
[ok]: GEOSEARCH fuzzy test - byradius (146373 ms)
[ok]: Client output buffer soft limit is enforced if time is overreached (3798 ms)
[ok]: client total memory grows during maxmemory-clients disabled (27177 ms)
[ok]: Verify blocked client eviction during unblock does not cause use-after-free (106 ms)
[25/149 done]: unit/client-eviction (181 seconds)
Testing unit/oom-score-adj
[ok]: CONFIG SET oom-score-adj works as expected (64 ms)
[ok]: CONFIG SET oom-score-adj handles configuration failures (2 ms)
[ok]: CONFIG SET oom-score-adj-values doesn't touch proc when disabled (0 ms)
[ok]: CONFIG SET oom score restored on disable (0 ms)
[ok]: CONFIG SET oom score relative and absolute (1 ms)
[ok]: CONFIG SET out-of-range oom score (1 ms)
[26/149 done]: unit/oom-score-adj (0 seconds)
Testing unit/other
[ok]: Coverage: HELP commands (3 ms)
[ok]: Coverage: MEMORY MALLOC-STATS (5 ms)
[ok]: Coverage: MEMORY PURGE (0 ms)
[ok]: je_malloc_conf compile-time tuning is active (0 ms)
[ok]: SAVE - make sure there are all the types as values (6 ms)
[ok]: Client output buffer soft limit is not enforced too early and is enforced when no traffic (5038 ms)
[ok]: No response for single command if client output buffer hard limit is enforced (118 ms)
[ok]: No response for multi commands in pipeline if client output buffer limit is enforced (317 ms)
[ok]: Execute transactions completely even if client output buffer limit is enforced (18 ms)
[ok]: Obuf limit, HRANDFIELD with huge count stopped mid-run (21 ms)
[ok]: Obuf limit, KEYS stopped mid-run (66 ms)
[ok]: zero-copy referenced reply bytes are reflected in memory stats (6 ms)
[ok]: shared reply bytes are tracked as unshared after the key is deleted (901 ms)
[27/149 done]: unit/obuf-limits (13 seconds)
Testing unit/pause
[ok]: FUZZ stresser with data model binary (5596 ms)
[ok]: Test read commands are not blocked by client pause (2 ms)
[ok]: Test old pause-all takes precedence over new pause-write (less restrictive) (339 ms)
[ok]: Test new pause time is smaller than old one, then old time preserved (102 ms)
[ok]: Test write commands are paused by RO (1 ms)
[ok]: Test special commands are paused by RO (3 ms)
[ok]: Test read/admin multi-execs are not blocked by pause RO (2 ms)
[ok]: Test write multi-execs are blocked by pause RO (2 ms)
[ok]: Test scripts are blocked by pause RO (2 ms)
[ok]: Test RO scripts are not blocked by pause RO (2 ms)
[ok]: Test read-only scripts in multi-exec are not blocked by pause RO (2 ms)
[ok]: Test write scripts in multi-exec are blocked by pause RO (2 ms)
[ok]: Test may-replicate commands are rejected in RO scripts (1 ms)
[ok]: Test multiple clients can be queued up and unblocked (3 ms)
[ok]: Test clients with syntax errors will get responses immediately (0 ms)
[ok]: Test both active and passive expires are skipped during client pause (102 ms)
[ok]: Test that client pause starts at the end of a transaction (2 ms)
[ok]: Test when replica paused, offset would not grow (4 ms)
[ok]: Test replica offset would grow after unpause (1 ms)
[ok]: Test the randomkey command will not cause the server to get into an infinite loop during the client pause write (8 ms)
[ok]: CLIENT UNBLOCK is not allow to unblock client blocked by CLIENT PAUSE (5 ms)
[28/149 done]: unit/pause (1 seconds)
Testing unit/printver
Testing Redis version 8.8.0 (82647349)
[29/149 done]: unit/printver (0 seconds)
Testing unit/protocol
[ok]: Handle an empty query (45 ms)
[ok]: Inline protocol accepts a fragmented long line (48 ms)
[ok]: Multibulk count accepts CRLF split across writes (48 ms)
[ok]: Multibulk bulk length accepts CRLF split across writes (48 ms)
[ok]: Multibulk pipeline accepts many buffered commands (4 ms)
[ok]: Bulk payload containing CRLF and NUL is length-delimited (1 ms)
[ok]: Bulk payload with CRLF survives a pipelined batch (2 ms)
[ok]: Long multibulk length remains bounded (1 ms)
[ok]: Negative multibulk length (47 ms)
[ok]: Out of range multibulk length (1 ms)
[ok]: Wrong multibulk payload header (1 ms)
[ok]: Negative multibulk payload length (1 ms)
[ok]: Out of range multibulk payload length (1 ms)
[ok]: Non-number multibulk payload length (1 ms)
[ok]: Multi bulk request not followed by bulk arguments (1 ms)
[ok]: Generic wrong number of args (1 ms)
[ok]: Unbalanced number of quotes (1 ms)
[ok]: Protocol desync regression test #1 (60 ms)
[ok]: Protocol desync regression test #2 (60 ms)
[ok]: Protocol desync regression test #3 (60 ms)
[ok]: raw protocol response (1 ms)
[ok]: raw protocol response - deferred (0 ms)
[ok]: raw protocol response - multiline (0 ms)
[ok]: bulk reply protocol (1 ms)
[ok]: RESP3 attributes (1 ms)
[ok]: RESP3 attributes readraw (1 ms)
[ok]: RESP3 attributes on RESP2 (0 ms)
[ok]: test big number parsing (1 ms)
[ok]: test bool parsing (1 ms)
[ok]: test verbatim str parsing (1 ms)
[ok]: test large number of args (27 ms)
[ok]: test argument rewriting - issue 9598 (2 ms)
[ok]: Regression for a crash with blocking ops and pipelining (1 ms)
[ok]: Regression for a crash with cron release of client arguments (3001 ms)
[30/149 done]: unit/protocol (5 seconds)
Testing unit/pubsub
[ok]: Pub/Sub PING on RESP2 (1 ms)
[ok]: Pub/Sub PING on RESP3 (0 ms)
[ok]: PUBLISH/SUBSCRIBE basics (2 ms)
[ok]: PUBLISH/SUBSCRIBE with two clients (2 ms)
[ok]: PUBLISH/SUBSCRIBE after UNSUBSCRIBE without arguments (1 ms)
[ok]: SUBSCRIBE to one channel more than once (1 ms)
[ok]: UNSUBSCRIBE from non-subscribed channels (0 ms)
[ok]: PUBLISH/PSUBSCRIBE basics (2 ms)
[ok]: PUBLISH/PSUBSCRIBE with two clients (2 ms)
[ok]: PUBLISH/PSUBSCRIBE after PUNSUBSCRIBE without arguments (1 ms)
[ok]: PubSub messages with CLIENT REPLY OFF (92 ms)
[ok]: PUNSUBSCRIBE from non-subscribed channels (1 ms)
[ok]: NUMSUB returns numbers, not strings (#1561) (1 ms)
[ok]: NUMPATs returns the number of unique patterns (2 ms)
[ok]: Mix SUBSCRIBE and PSUBSCRIBE (1 ms)
[ok]: PUNSUBSCRIBE and UNSUBSCRIBE should always reply (1 ms)
[ok]: Keyspace notifications: we receive keyspace notifications (46 ms)
[ok]: Keyspace notifications: we receive keyevent notifications (44 ms)
[ok]: Keyspace notifications: we can receive both kind of events (2 ms)
[ok]: Keyspace notifications: we are able to mask events (1 ms)
[ok]: Keyspace notifications: general events test (1 ms)
[ok]: Keyspace notifications: list events test (2 ms)
[ok]: Keyspace notifications: set events test (2 ms)
[ok]: Keyspace notifications: zset events test (2 ms)
[ok]: FUZZ stresser with data model alpha (5856 ms)
[ok]: Keyspace notifications: hash events test (listpackex) (403 ms)
[ok]: Keyspace notifications: hash events test (hashtable) (402 ms)
[ok]: Keyspace notifications: stream events test (3 ms)
[ok]: Keyspace notifications:FXX/FNX with HSETEX cmd (66 ms)
[ok]: Keyspace notifications: expired events (triggered expire) (102 ms)
[ok]: Keyspace notifications: expired events (background expire) (102 ms)
[ok]: Keyspace notifications: evicted events (2 ms)
[ok]: Keyspace notifications: test CONFIG GET/SET of event flags (1 ms)
[ok]: Keyspace notifications: new key test (1 ms)
[ok]: Keyspace notifications: overwritten events - string to string (2 ms)
[ok]: Keyspace notifications: type_changed events - hash to string (1 ms)
[ok]: Keyspace notifications: both overwritten and type_changed events (2 ms)
[ok]: Keyspace notifications: configuration flags work correctly (1 ms)
[ok]: Keyspace notifications: RESTORE REPLACE different type - restore, overwritten and type_changed events (2 ms)
[ok]: Keyspace notifications: SET on existing string key - overwritten event (2 ms)
[ok]: Keyspace notifications: setKey on existing different type key - overwritten and type_changed events (3 ms)
[ok]: Keyspace notifications: overwritten and type_changed events for RENAME and COPY commands (2 ms)
[ok]: Keyspace notifications: overwritten and type_changed for *STORE* commands (7 ms)
[ok]: Subkey notifications: subkeyspace - HSET single field (listpackex) (1 ms)
[ok]: Subkey notifications: subkeyspace - HINCRBY (listpackex) (0 ms)
[ok]: Subkey notifications: subkeyspace - HSETNX (listpackex) (1 ms)
[ok]: Subkey notifications: subkeyspace - HINCRBYFLOAT (listpackex) (1 ms)
[ok]: Subkey notifications: HSET 3 fields (listpackex, stack) (0 ms)
[ok]: Subkey notifications: HDEL 3 fields (listpackex, stack) (0 ms)
[ok]: Subkey notifications: HGETDEL 3 fields (listpackex, stack) (1 ms)
[ok]: Subkey notifications: HEXPIRE 3 fields (listpackex, stack) (1 ms)
[ok]: Subkey notifications: HEXPIRE past timestamp 3 fields (listpackex, stack) (1 ms)
[ok]: Subkey notifications: HPERSIST 3 fields (listpackex, stack) (0 ms)
[ok]: Subkey notifications: HGETEX with expire 3 fields (listpackex, stack) (0 ms)
[ok]: Subkey notifications: HGETEX with persist 3 fields (listpackex, stack) (1 ms)
[ok]: Subkey notifications: HGETEX past timestamp 3 fields (listpackex, stack) (1 ms)
[ok]: Subkey notifications: HSETEX 3 fields (listpackex, stack) (1 ms)
[ok]: Subkey notifications: HSETEX past timestamp 3 fields (listpackex, stack) (0 ms)
[ok]: Subkey notifications: lazy field expiry triggers hexpired 3 fields (listpackex, stack) (102 ms)
[ok]: Subkey notifications: active field expiry triggers hexpired 3 fields (listpackex, stack) (59 ms)
[ok]: Subkey notifications: HSET 32 fields (listpackex, heap) (1 ms)
[ok]: Subkey notifications: HDEL 32 fields (listpackex, heap) (1 ms)
[ok]: Subkey notifications: HGETDEL 32 fields (listpackex, heap) (1 ms)
[ok]: Subkey notifications: HEXPIRE 32 fields (listpackex, heap) (1 ms)
[ok]: Subkey notifications: HEXPIRE past timestamp 32 fields (listpackex, heap) (1 ms)
[ok]: Subkey notifications: HPERSIST 32 fields (listpackex, heap) (1 ms)
[ok]: Subkey notifications: HGETEX with expire 32 fields (listpackex, heap) (1 ms)
[ok]: Subkey notifications: HGETEX with persist 32 fields (listpackex, heap) (1 ms)
[ok]: Subkey notifications: HGETEX past timestamp 32 fields (listpackex, heap) (1 ms)
[ok]: Subkey notifications: HSETEX 32 fields (listpackex, heap) (1 ms)
[ok]: Subkey notifications: HSETEX past timestamp 32 fields (listpackex, heap) (1 ms)
[ok]: Subkey notifications: lazy field expiry triggers hexpired 32 fields (listpackex, heap) (102 ms)
[ok]: Subkey notifications: active field expiry triggers hexpired 32 fields (listpackex, heap) (88 ms)
[ok]: Subkey notifications: subkeyspace - HSET single field (hashtable) (0 ms)
[ok]: Subkey notifications: subkeyspace - HINCRBY (hashtable) (1 ms)
[ok]: Subkey notifications: subkeyspace - HSETNX (hashtable) (0 ms)
[ok]: Subkey notifications: subkeyspace - HINCRBYFLOAT (hashtable) (1 ms)
[ok]: Subkey notifications: HSET 3 fields (hashtable, stack) (0 ms)
[ok]: Subkey notifications: HDEL 3 fields (hashtable, stack) (0 ms)
[ok]: Subkey notifications: HGETDEL 3 fields (hashtable, stack) (1 ms)
[ok]: Subkey notifications: HEXPIRE 3 fields (hashtable, stack) (0 ms)
[ok]: Subkey notifications: HEXPIRE past timestamp 3 fields (hashtable, stack) (0 ms)
[ok]: Subkey notifications: HPERSIST 3 fields (hashtable, stack) (1 ms)
[ok]: Subkey notifications: HGETEX with expire 3 fields (hashtable, stack) (1 ms)
[ok]: Subkey notifications: HGETEX with persist 3 fields (hashtable, stack) (1 ms)
[ok]: Subkey notifications: HGETEX past timestamp 3 fields (hashtable, stack) (0 ms)
[ok]: Subkey notifications: HSETEX 3 fields (hashtable, stack) (0 ms)
[ok]: Subkey notifications: HSETEX past timestamp 3 fields (hashtable, stack) (0 ms)
[ok]: Subkey notifications: lazy field expiry triggers hexpired 3 fields (hashtable, stack) (101 ms)
[ok]: Subkey notifications: active field expiry triggers hexpired 3 fields (hashtable, stack) (88 ms)
[ok]: Subkey notifications: HSET 32 fields (hashtable, heap) (1 ms)
[ok]: Subkey notifications: HDEL 32 fields (hashtable, heap) (1 ms)
[ok]: Subkey notifications: HGETDEL 32 fields (hashtable, heap) (1 ms)
[ok]: Subkey notifications: HEXPIRE 32 fields (hashtable, heap) (1 ms)
[ok]: Subkey notifications: HEXPIRE past timestamp 32 fields (hashtable, heap) (1 ms)
[ok]: Subkey notifications: HPERSIST 32 fields (hashtable, heap) (1 ms)
[ok]: Subkey notifications: HGETEX with expire 32 fields (hashtable, heap) (0 ms)
[ok]: Subkey notifications: HGETEX with persist 32 fields (hashtable, heap) (1 ms)
[ok]: Subkey notifications: HGETEX past timestamp 32 fields (hashtable, heap) (1 ms)
[ok]: Subkey notifications: HSETEX 32 fields (hashtable, heap) (1 ms)
[ok]: Subkey notifications: HSETEX past timestamp 32 fields (hashtable, heap) (0 ms)
[ok]: Subkey notifications: lazy field expiry triggers hexpired 32 fields (hashtable, heap) (101 ms)
[ok]: Subkey notifications: active field expiry triggers hexpired 32 fields (hashtable, heap) (88 ms)
[ok]: Subkey notifications: subkeyevent format (listpackex) (1 ms)
[ok]: Subkey notifications: subkeyspaceitem format (listpackex) (2 ms)
[ok]: Subkey notifications: subkeyspaceitem per-subkey delivery with psubscribe (listpackex) (1 ms)
[ok]: Subkey notifications: subkeyspaceitem skips key with newline (listpackex) (2 ms)
[ok]: Subkey notifications: subkeyspaceevent format (listpackex) (2 ms)
[ok]: Subkey notifications: subkeyevent format (hashtable) (1 ms)
[ok]: Subkey notifications: subkeyspaceitem format (hashtable) (1 ms)
[ok]: Subkey notifications: subkeyspaceitem per-subkey delivery with psubscribe (hashtable) (1 ms)
[ok]: Subkey notifications: subkeyspaceitem skips key with newline (hashtable) (2 ms)
[ok]: Subkey notifications: subkeyspaceevent format (hashtable) (1 ms)
[ok]: Subkey notifications: all 4 channels enabled simultaneously (4 ms)
[ok]: Subkey notifications: replica receives subkey notifications after replication (435 ms)
[ok]: publish to self inside multi (2 ms)
[ok]: publish to self inside script (1 ms)
[ok]: unsubscribe inside multi, and publish to self (1 ms)
[ok]: subscribe  fails with OOM when memory limit exceeded (537 ms)
[ok]: ssubscribe  fails with OOM when memory limit exceeded (549 ms)
[ok]: psubscribe  fails with OOM when memory limit exceeded (546 ms)
[ok]: subscribe with 2 clients fails with OOM when memory limit exceeded (540 ms)
[ok]: ssubscribe with 2 clients fails with OOM when memory limit exceeded (541 ms)
[ok]: FUZZ stresser with data model compr (5505 ms)
[ok]: FLUSHALL should not reset the dirty counter if we disable save (1 ms)
[ok]: FLUSHALL should reset the dirty counter to 0 if we enable save (4 ms)
[ok]: psubscribe with 2 clients fails with OOM when memory limit exceeded (548 ms)
[ok]: subscribe with large channel name fails due to OOM (62 ms)
[ok]: psubscribe with large pattern name fails due to OOM (68 ms)
[ok]: ssubscribe with large shard channel name fails due to OOM (72 ms)
[ok]: subscribe succeeds with small channel but fails with large channel due to OOM (128 ms)
[ok]: psubscribe succeeds with small pattern but fails with large pattern due to OOM (153 ms)
[ok]: ssubscribe succeeds with small channel but fails with large channel due to OOM (152 ms)
[31/149 done]: unit/pubsub (6 seconds)
Testing unit/pubsubshard
[ok]: SPUBLISH/SSUBSCRIBE basics (2 ms)
[ok]: SPUBLISH/SSUBSCRIBE with two clients (1 ms)
[ok]: SPUBLISH/SSUBSCRIBE after UNSUBSCRIBE without arguments (1 ms)
[ok]: SSUBSCRIBE to one channel more than once (1 ms)
[ok]: SUNSUBSCRIBE from non-subscribed channels (1 ms)
[ok]: PUBSUB command basics (0 ms)
[ok]: SPUBLISH/SSUBSCRIBE with two clients (2 ms)
[ok]: SPUBLISH/SSUBSCRIBE with PUBLISH/SUBSCRIBE (2 ms)
[ok]: PubSubShard with CLIENT REPLY OFF (93 ms)
[ok]: FLUSHALL and bgsave (1007 ms)
[ok]: BGSAVE (62 ms)
[ok]: SELECT an out of range DB (0 ms)
[ok]: setup replication for following tests (102 ms)
[ok]: publish message to master and receive on replica (2 ms)
[32/149 done]: unit/pubsubshard (2 seconds)
Testing unit/querybuf
[ok]: query buffer resized correctly (2532 ms)
[ok]: query buffer resized correctly when not idle (73 ms)
[ok]: query buffer resized correctly with fat argv (2926 ms)
[ok]: Client executes small argv commands using reusable query buffer (2 ms)
[33/149 done]: unit/querybuf (6 seconds)
Testing unit/quit
[ok]: QUIT returns OK (1 ms)
[ok]: Pipelined commands after QUIT must not be executed (1 ms)
[ok]: Pipelined commands after QUIT that exceed read buffer size (1 ms)
[34/149 done]: unit/quit (0 seconds)
Testing unit/replybufsize
[ok]: Check consistency of different data types after a reload (8380 ms)
[err]: verify reply buffer limits in tests/unit/replybufsize.tcl
reply buffer of busy client is 1024 after 1 seconds
[35/149 done]: unit/replybufsize (1 seconds)
Testing unit/scan
[ok]: {standalone} SCAN basic (84 ms)
[ok]: {standalone} SCAN COUNT (95 ms)
[ok]: {standalone} SCAN MATCH (77 ms)
[ok]: {standalone} SCAN TYPE (115 ms)
[ok]: {standalone} SCAN unknown type (81 ms)
[ok]: {standalone} SCAN with expired keys (87 ms)
[ok]: {standalone} SCAN with expired keys with TYPE filter and PATTERN filter (89 ms)
[ok]: {standalone} SSCAN with encoding intset (2 ms)
[ok]: {standalone} SSCAN with encoding listpack (2 ms)
[ok]: {standalone} SSCAN with encoding hashtable (5 ms)
[ok]: {standalone} HSCAN with encoding listpack (2 ms)
[ok]: {standalone} HSCAN with large value listpack (1 ms)
[ok]: {standalone} HSCAN with encoding hashtable (84 ms)
[ok]: {standalone} HSCAN with large value hashtable (1 ms)
[ok]: {standalone} ZSCAN with encoding listpack (2 ms)
[ok]: {standalone} ZSCAN with encoding skiplist (76 ms)
[ok]: {standalone} SCAN guarantees check under write load (26 ms)
[ok]: {standalone} SSCAN with integer encoded object (issue #1345) (1 ms)
[ok]: {standalone} SSCAN with PATTERN (1 ms)
[ok]: {standalone} HSCAN with PATTERN (1 ms)
[ok]: {standalone} HSCAN with NOVALUES (0 ms)
[ok]: {standalone} ZSCAN with PATTERN (1 ms)
[ok]: {standalone} ZSCAN scores: regression test for issue #2175 (53 ms)
[ok]: Same dataset digest if saving/reloading as AOF? (1504 ms)
[ok]: EXPIRES after a reload (snapshot + append only file rewrite) (64 ms)
[ok]: slave buffer are counted correctly (44769 ms)
[ok]: EXPIRES after AOF reload (without rewrite) (2115 ms)
[ok]: PIPELINING stresser (also a regression for the old epoll bug) (688 ms)
[ok]: APPEND basics (1 ms)
[ok]: APPEND basics, integer encoded values (1 ms)
[ok]: APPEND fuzzing (355 ms)
[ok]: FLUSHDB (25 ms)
[ok]: Perform a final SAVE to leave a clean DB on disk (3 ms)
[ok]: RESET clears client state (1 ms)
[ok]: RESET clears MONITOR state (1 ms)
[ok]: RESET clears and discards MULTI state (1 ms)
[ok]: RESET clears Pub/Sub state (0 ms)
[ok]: RESET clears authenticated state (0 ms)
[ok]: Subcommand syntax error crash (issue #10070) (0 ms)
[ok]: Don't rehash if redis has child process (529 ms)
[ok]: Process title set as expected (2 ms)
[ok]: Redis can trigger resizing (1816 ms)
[ok]: Redis can rewind and trigger smaller slot resizing (701 ms)
[ok]: Redis can resize empty dict (230 ms)
[ok]: Cross DB command is incompatible with cluster mode (4 ms)
[ok]: Function no-cluster flag is incompatible with cluster mode (1 ms)
[ok]: Script no-cluster flag is incompatible with cluster mode (1 ms)
[ok]: SORT command incompatible operations with cluster mode (4 ms)
[ok]: Normal cross slot commands are incompatible with cluster mode (1 ms)
[ok]: Transaction is incompatible with cluster mode (2 ms)
[ok]: Lua scripts are incompatible with cluster mode (4 ms)
[ok]: Shard subscribe commands are incompatible with cluster mode (2 ms)
[ok]: {standalone} SCAN regression test for issue #4906 (9808 ms)
[ok]: {standalone} SCAN COUNT overflow (2 ms)
[ok]: {standalone} SCAN MATCH pattern implies cluster slot (34 ms)
[ok]: cluster-compatibility-sample-ratio configuration can work (122 ms)
[36/149 done]: unit/other (38 seconds)
Testing unit/scripting
[ok]: EVAL - Does Lua interpreter replies to our requests? (0 ms)
[ok]: EVAL - Return _G (1 ms)
[ok]: EVAL - Return table with a metatable that raise error (0 ms)
[ok]: EVAL - Return table with a metatable that call redis (0 ms)
[ok]: EVAL - Lua integer -> Redis protocol type conversion (1 ms)
[ok]: EVAL - Lua string -> Redis protocol type conversion (0 ms)
[ok]: EVAL - Lua true boolean -> Redis protocol type conversion (0 ms)
[ok]: EVAL - Lua false boolean -> Redis protocol type conversion (0 ms)
[ok]: EVAL - Lua status code reply -> Redis protocol type conversion (0 ms)
[ok]: EVAL - Lua error reply -> Redis protocol type conversion (0 ms)
[ok]: EVAL - Lua table -> Redis protocol type conversion (0 ms)
[ok]: EVAL - Are the KEYS and ARGV arrays populated correctly? (0 ms)
[ok]: EVAL - is Lua able to call Redis API? (1 ms)
[ok]: EVAL - Redis integer -> Lua type conversion (0 ms)
[ok]: EVAL - Lua number -> Redis integer conversion (1 ms)
[ok]: EVAL - Redis bulk -> Lua type conversion (0 ms)
[ok]: EVAL - Redis multi bulk -> Lua type conversion (0 ms)
[ok]: EVAL - Redis status reply -> Lua type conversion (0 ms)
[ok]: EVAL - Redis error reply -> Lua type conversion (1 ms)
[ok]: EVAL - Redis nil bulk reply -> Lua type conversion (0 ms)
[ok]: EVAL - Is the Lua client using the currently selected DB? (1 ms)
[ok]: EVAL - SELECT inside Lua should not affect the caller (1 ms)
[ok]: EVAL - Scripts do not block on blpop command (1 ms)
[ok]: EVAL - Scripts do not block on brpop command (0 ms)
[ok]: EVAL - Scripts do not block on brpoplpush command (0 ms)
[ok]: EVAL - Scripts do not block on blmove command (1 ms)
[ok]: EVAL - Scripts do not block on bzpopmin command (1 ms)
[ok]: EVAL - Scripts do not block on bzpopmax command (0 ms)
[ok]: EVAL - Scripts do not block on wait (0 ms)
[ok]: EVAL - Scripts do not block on waitaof (1 ms)
[ok]: EVAL - Scripts do not block on XREAD with BLOCK option (1 ms)
[ok]: EVAL - Scripts do not block on XREADGROUP with BLOCK option (0 ms)
[ok]: EVAL - Scripts do not block on XREAD with BLOCK option -- non empty stream (0 ms)
[ok]: EVAL - Scripts do not block on XREADGROUP with BLOCK option -- non empty stream (0 ms)
[ok]: EVAL - Scripts can run non-deterministic commands (1 ms)
[ok]: EVAL - No arguments to redis.call/pcall is considered an error (0 ms)
[ok]: EVAL - redis.call variant raises a Lua error on Redis cmd error (1) (0 ms)
[ok]: EVAL - redis.call variant raises a Lua error on Redis cmd error (1) (0 ms)
[ok]: EVAL - redis.call variant raises a Lua error on Redis cmd error (1) (0 ms)
[ok]: EVAL - Test table unpack with invalid indexes (3 ms)
[ok]: EVAL - JSON numeric decoding (0 ms)
[ok]: EVAL - JSON string decoding (1 ms)
[ok]: EVAL - JSON empty array decoding (1 ms)
[ok]: EVAL - JSON empty array decoding after element removal (1 ms)
[ok]: EVAL - cjson array metatable modification should be readonly (0 ms)
[ok]: EVAL - JSON smoke test (0 ms)
[ok]: EVAL - cmsgpack can pack double? (1 ms)
[ok]: EVAL - cmsgpack can pack negative int64? (0 ms)
[ok]: EVAL - cmsgpack pack/unpack smoke test (373 ms)
[ok]: EVAL - cmsgpack can pack and unpack circular references? (0 ms)
[ok]: EVAL - Numerical sanity check from bitop (0 ms)
[ok]: EVAL - Verify minimal bitop functionality (1 ms)
[ok]: EVAL - Able to parse trailing comments (0 ms)
[ok]: EVAL_RO - Successful case (1 ms)
[ok]: EVAL_RO - Cannot run write commands (1 ms)
[ok]: redis.sha1hex() implementation (0 ms)
[ok]: Measures elapsed time os.clock() (1001 ms)
[ok]: Prohibit dangerous lua methods in sandbox (1 ms)
[ok]: Verify execution of prohibit dangerous Lua methods will fail (5 ms)
[ok]: Globals protection reading an undeclared global variable (1 ms)
[ok]: Globals protection setting an undeclared global* (0 ms)
[ok]: lua bit.tohex bug (0 ms)
[ok]: Test an example script DECR_IF_GT (3 ms)
[ok]: replica buffer don't induce eviction (10035 ms)
[ok]: {cluster} SCAN basic (86 ms)
[ok]: {cluster} SCAN COUNT (98 ms)
[ok]: {cluster} SCAN MATCH (79 ms)
[ok]: Don't rehash if used memory exceeds maxmemory after rehash (273 ms)
[ok]: {cluster} SCAN TYPE (118 ms)
[ok]: EVAL does not leak in the Lua stack (896 ms)
[ok]: Call Redis command with many args from Lua (issue #1764) (2 ms)
[ok]: Number conversion precision test (issue #1118) (0 ms)
[ok]: String containing number precision test (regression of issue #1118) (0 ms)
[ok]: Verify negative arg count is error instead of crash (issue #1842) (0 ms)
[ok]: Scripts can handle commands with incorrect arity (0 ms)
[ok]: Correct handling of reused argv (issue #1939) (1 ms)
[ok]: Functions in the Redis namespace are able to report errors (1 ms)
[ok]: CLUSTER RESET can not be invoke from within a script (0 ms)
[ok]: Script with RESP3 map (3 ms)
[ok]: {cluster} SCAN unknown type (81 ms)
[ok]: {cluster} SCAN with expired keys (88 ms)
[ok]: Script return recursive object (130 ms)
[ok]: Script check unpack with massive arguments (7 ms)
[ok]: Script read key with expiration set (1 ms)
[ok]: Script del key with expiration set (0 ms)
[ok]: Script ACL check (1 ms)
[ok]: Binary code loading failed (1 ms)
[ok]: Try trick global protection 1 (0 ms)
[ok]: Try trick global protection 2 (1 ms)
[ok]: Try trick global protection 3 (0 ms)
[ok]: Try trick global protection 4 (1 ms)
[ok]: Try trick readonly table on redis table (0 ms)
[ok]: Try trick readonly table on json table (1 ms)
[ok]: Try trick readonly table on cmsgpack table (0 ms)
[ok]: Try trick readonly table on bit table (0 ms)
[ok]: Try trick readonly table on basic types metatable (2 ms)
[ok]: Test loadfile are not available (1 ms)
[ok]: Test dofile are not available (0 ms)
[ok]: Test print are not available (1 ms)
[ok]: {cluster} SCAN with expired keys with TYPE filter and PATTERN filter (89 ms)
[ok]: {cluster} SSCAN with encoding intset (2 ms)
[ok]: {cluster} SSCAN with encoding listpack (2 ms)
[ok]: {cluster} SSCAN with encoding hashtable (5 ms)
[ok]: {cluster} HSCAN with encoding listpack (2 ms)
[ok]: {cluster} HSCAN with large value listpack (0 ms)
[ignore]: large memory flag not provided
[ok]: {cluster} HSCAN with encoding hashtable (83 ms)
[ok]: {cluster} HSCAN with large value hashtable (1 ms)
[ok]: {cluster} ZSCAN with encoding listpack (3 ms)
[ok]: Test setfenv availability lua-enable-deprecated-api=no (1 ms)
[ok]: Test getfenv availability lua-enable-deprecated-api=no (0 ms)
[ok]: Test newproxy availability lua-enable-deprecated-api=no (0 ms)
[ok]: {cluster} ZSCAN with encoding skiplist (77 ms)
[ok]: {cluster} SCAN guarantees check under write load (28 ms)
[ok]: {cluster} SSCAN with integer encoded object (issue #1345) (1 ms)
[ok]: {cluster} SSCAN with PATTERN (0 ms)
[ok]: {cluster} HSCAN with PATTERN (1 ms)
[ok]: {cluster} HSCAN with NOVALUES (0 ms)
[ok]: {cluster} ZSCAN with PATTERN (0 ms)
[ok]: {cluster} ZSCAN scores: regression test for issue #2175 (54 ms)
[ok]: Test setfenv availability lua-enable-deprecated-api=yes (1 ms)
[ok]: Test getfenv availability lua-enable-deprecated-api=yes (0 ms)
[ok]: Test newproxy availability lua-enable-deprecated-api=yes (1 ms)
[ok]: Timedout read-only scripts can be killed by SCRIPT KILL (403 ms)
[ok]: Timedout read-only scripts can be killed by SCRIPT KILL even when use pcall (55 ms)
[ok]: Timedout script does not cause a false dead client (54 ms)
[ok]: Timedout script link is still usable after Lua returns (88 ms)
[ok]: client tracking don't cause eviction feedback loop (1684 ms)
[ok]: Timedout scripts and unblocked command (534 ms)
[ok]: propagation with eviction (91 ms)
[ok]: Timedout scripts that modified data can't be killed by SCRIPT KILL (203 ms)
[ok]: SHUTDOWN NOSAVE can kill a timedout script anyway (6 ms)
[ok]: propagation with eviction in MULTI (91 ms)
[ok]: Before the replica connects we issue two EVAL commands (1 ms)
[ok]: Connect a replica to the master instance (103 ms)
[ok]: Replication of script multiple pushes to list with BLPOP (2 ms)
[ok]: Lua scripts using SELECT are replicated correctly (2 ms)
[ok]: lru/lfu value of the key just added (1 ms)
[ok]: Connect a replica to the master instance (103 ms)
[ok]: Redis.replicate_commands() can be issued anywhere now (0 ms)
[ok]: Redis.set_repl() can be issued before replicate_commands() now (1 ms)
[ok]: Redis.set_repl() don't accept invalid values (1 ms)
[ok]: Test selective replication of certain Redis commands from Lua (3 ms)
[ok]: PRNG is seeded randomly for command replication (1 ms)
[ok]: Using side effects is not a problem with command replication (1 ms)
[ok]: test RESP2/2 big number protocol parsing (1 ms)
[ok]: test RESP2/2 malformed big number protocol parsing (0 ms)
[ok]: test RESP2/2 map protocol parsing (1 ms)
[ok]: test RESP2/2 set protocol parsing (0 ms)
[ok]: test RESP2/2 double protocol parsing (0 ms)
[ok]: test RESP2/2 null protocol parsing (1 ms)
[ok]: test RESP2/2 verbatim protocol parsing (0 ms)
[ok]: test RESP2/2 true protocol parsing (1 ms)
[ok]: test RESP2/2 false protocol parsing (0 ms)
[ok]: test RESP2/3 big number protocol parsing (1 ms)
[ok]: test RESP2/3 malformed big number protocol parsing (0 ms)
[ok]: test RESP2/3 map protocol parsing (1 ms)
[ok]: test RESP2/3 set protocol parsing (0 ms)
[ok]: test RESP2/3 double protocol parsing (1 ms)
[ok]: test RESP2/3 null protocol parsing (0 ms)
[ok]: test RESP2/3 verbatim protocol parsing (1 ms)
[ok]: test RESP2/3 true protocol parsing (0 ms)
[ok]: test RESP2/3 false protocol parsing (0 ms)
[ok]: test RESP3/2 big number protocol parsing (1 ms)
[ok]: test RESP3/2 malformed big number protocol parsing (0 ms)
[ok]: test RESP3/2 map protocol parsing (1 ms)
[ok]: test RESP3/2 set protocol parsing (0 ms)
[ok]: test RESP3/2 double protocol parsing (1 ms)
[ok]: test RESP3/2 null protocol parsing (0 ms)
[ok]: test RESP3/2 verbatim protocol parsing (1 ms)
[ok]: test RESP3/2 true protocol parsing (0 ms)
[ok]: test RESP3/2 false protocol parsing (0 ms)
[ok]: test RESP3/3 big number protocol parsing (0 ms)
[ok]: test RESP3/3 malformed big number protocol parsing (0 ms)
[ok]: test RESP3/3 map protocol parsing (0 ms)
[ok]: test RESP3/3 set protocol parsing (0 ms)
[ok]: test RESP3/3 double protocol parsing (0 ms)
[ok]: test RESP3/3 null protocol parsing (1 ms)
[ok]: test RESP3/3 verbatim protocol parsing (0 ms)
[ok]: test RESP3/3 true protocol parsing (1 ms)
[ok]: test RESP3/3 false protocol parsing (0 ms)
[ok]: test resp3 attribute protocol parsing (1 ms)
[ok]: Script block the time during execution (11 ms)
[ok]: Script delete the expired key (3 ms)
[ok]: TIME command using cached time (11 ms)
[ok]: Script block the time in some expiration related commands (82 ms)
[ok]: RESTORE expired keys with expiration time (11 ms)
[ok]: LRM: Basic write updates idle time (2004 ms)
[ok]: Test script flush will not leak memory - script:0 (339 ms)
[ok]: LRM: RENAME updates destination key LRM (2003 ms)
[ok]: {cluster} SCAN regression test for issue #4906 (8067 ms)
[ok]: {cluster} SCAN COUNT overflow (3 ms)
[ok]: {cluster} SCAN MATCH pattern implies cluster slot (33 ms)
[37/149 done]: unit/scan (23 seconds)
Testing unit/shutdown
[ok]: LRM: XREADGROUP updates stream LRM (2003 ms)
[ok]: Temp rdb will be deleted if we use bg_unlink when shutdown (163 ms)
[ok]: SHUTDOWN ABORT can cancel SIGTERM (15 ms)
[ok]: Temp rdb will be deleted in signal handle (77 ms)
[ok]: RDB save will be failed in shutdown (5 ms)
[ok]: SHUTDOWN will abort if rdb save failed on signal (89 ms)
[ok]: SHUTDOWN will abort if rdb save failed on shutdown command (2 ms)
[ok]: SHUTDOWN can proceed if shutdown command was with nosave (4 ms)
[ok]: Clean up rdb same named folder (3 ms)
[ok]: SHUTDOWN SIGTERM will abort if there's an initial AOFRW - default (96 ms)
[38/149 done]: unit/shutdown (1 seconds)
Testing unit/slowlog
[ok]: SLOWLOG - check that it starts with an empty log (0 ms)
[ok]: SLOWLOG - only logs commands taking more time than specified (202 ms)
[ok]: SLOWLOG - zero max length is correctly handled (10 ms)
[ok]: SLOWLOG - max entries is correctly handled (10 ms)
[ok]: SLOWLOG - GET optional argument to limit output len works (2 ms)
[ok]: SLOWLOG - RESET subcommand works (1 ms)
[ok]: SLOWLOG - logged entry sanity check (201 ms)
[ok]: SLOWLOG - Certain commands are omitted that contain sensitive information (3 ms)
[ok]: SLOWLOG - Some commands can redact sensitive fields (2 ms)
[ok]: SLOWLOG - Rewritten commands are logged as their original command (5 ms)
[ok]: SLOWLOG - commands with too many arguments are trimmed (1 ms)
[ok]: SLOWLOG - too long arguments are trimmed (0 ms)
[ok]: SLOWLOG - EXEC is not logged, just executed commands (202 ms)
[ok]: SLOWLOG - can clean older entries (201 ms)
[ok]: SLOWLOG - can be disabled (402 ms)
[ok]: SLOWLOG - count must be >= -1 (1 ms)
[ok]: SLOWLOG - get all slow logs (2 ms)
[ok]: SLOWLOG - blocking command is reported only after unblocked (3 ms)
[ok]: SLOWLOG - INFO STATS slowlog metrics with no slowlog entries (1 ms)
[ok]: SLOWLOG - INFO STATS slowlog metrics accumulate with slow commands (502 ms)
[ok]: SLOWLOG - INFO STATS slowlog metrics survive SLOWLOG RESET (202 ms)
[ok]: SLOWLOG - INFO STATS slowlog metrics reset with CONFIG RESETSTAT (203 ms)
[ok]: Verify Lua performs GC correctly after script loading (7140 ms)
[ok]: SLOWLOG - INFO COMMANDSTATS shows slowlog metrics for slow commands (503 ms)
[ok]: Script - disallow write on OOM (0 ms)
[ok]: EVAL - Does Lua interpreter replies to our requests? (0 ms)
[ok]: EVAL - Return _G (0 ms)
[ok]: EVAL - Return table with a metatable that raise error (1 ms)
[ok]: EVAL - Return table with a metatable that call redis (0 ms)
[ok]: EVAL - Lua integer -> Redis protocol type conversion (0 ms)
[ok]: EVAL - Lua string -> Redis protocol type conversion (1 ms)
[ok]: EVAL - Lua true boolean -> Redis protocol type conversion (0 ms)
[ok]: EVAL - Lua false boolean -> Redis protocol type conversion (0 ms)
[ok]: EVAL - Lua status code reply -> Redis protocol type conversion (0 ms)
[ok]: EVAL - Lua error reply -> Redis protocol type conversion (0 ms)
[ok]: EVAL - Lua table -> Redis protocol type conversion (0 ms)
[ok]: EVAL - Are the KEYS and ARGV arrays populated correctly? (1 ms)
[ok]: EVAL - is Lua able to call Redis API? (0 ms)
[ok]: EVALSHA - Can we call a SHA1 if already defined? (0 ms)
[ok]: EVALSHA_RO - Can we call a SHA1 if already defined? (1 ms)
[ok]: EVALSHA - Can we call a SHA1 in uppercase? (0 ms)
[ok]: EVALSHA - Do we get an error on invalid SHA1? (0 ms)
[ok]: EVALSHA - Do we get an error on non defined SHA1? (0 ms)
[ok]: EVAL - Redis integer -> Lua type conversion (0 ms)
[ok]: EVAL - Lua number -> Redis integer conversion (1 ms)
[ok]: EVAL - Redis bulk -> Lua type conversion (0 ms)
[ok]: EVAL - Redis multi bulk -> Lua type conversion (1 ms)
[ok]: EVAL - Redis status reply -> Lua type conversion (0 ms)
[ok]: EVAL - Redis error reply -> Lua type conversion (1 ms)
[ok]: EVAL - Redis nil bulk reply -> Lua type conversion (0 ms)
[ok]: EVAL - Is the Lua client using the currently selected DB? (1 ms)
[ok]: EVAL - SELECT inside Lua should not affect the caller (0 ms)
[ok]: EVAL - Scripts do not block on blpop command (1 ms)
[ok]: EVAL - Scripts do not block on brpop command (0 ms)
[ok]: EVAL - Scripts do not block on brpoplpush command (1 ms)
[ok]: EVAL - Scripts do not block on blmove command (0 ms)
[ok]: EVAL - Scripts do not block on bzpopmin command (1 ms)
[ok]: EVAL - Scripts do not block on bzpopmax command (1 ms)
[ok]: EVAL - Scripts do not block on wait (0 ms)
[ok]: EVAL - Scripts do not block on waitaof (0 ms)
[ok]: EVAL - Scripts do not block on XREAD with BLOCK option (0 ms)
[ok]: EVAL - Scripts do not block on XREADGROUP with BLOCK option (1 ms)
[ok]: EVAL - Scripts do not block on XREAD with BLOCK option -- non empty stream (0 ms)
[ok]: EVAL - Scripts do not block on XREADGROUP with BLOCK option -- non empty stream (0 ms)
[ok]: EVAL - Scripts can run non-deterministic commands (0 ms)
[ok]: EVAL - No arguments to redis.call/pcall is considered an error (1 ms)
[ok]: EVAL - redis.call variant raises a Lua error on Redis cmd error (1) (0 ms)
[ok]: EVAL - redis.call variant raises a Lua error on Redis cmd error (1) (1 ms)
[ok]: EVAL - redis.call variant raises a Lua error on Redis cmd error (1) (0 ms)
[ok]: EVAL - Test table unpack with invalid indexes (2 ms)
[ok]: EVAL - JSON numeric decoding (0 ms)
[ok]: EVAL - JSON string decoding (0 ms)
[ok]: EVAL - JSON empty array decoding (1 ms)
[ok]: EVAL - JSON empty array decoding after element removal (1 ms)
[ok]: EVAL - cjson array metatable modification should be readonly (0 ms)
[ok]: EVAL - JSON smoke test (1 ms)
[ok]: EVAL - cmsgpack can pack double? (0 ms)
[ok]: EVAL - cmsgpack can pack negative int64? (0 ms)
[ok]: SLOWLOG - INFO COMMANDSTATS slowlog metrics only on commands that are slow (203 ms)
[ok]: SLOWLOG - slowlog-entry-max-argc and slowlog-entry-max-string-len defaults (0 ms)
[ok]: SLOWLOG - slowlog-entry-max-argc enforces minimum value of 2 (1 ms)
[ok]: SLOWLOG - slowlog-entry-max-string-len enforces minimum value of 1 (1 ms)
[ok]: SLOWLOG - slowlog-entry-max-argc=2 preserves command name and adds trim marker (1 ms)
[ok]: SLOWLOG - custom slowlog-entry-max-argc trims correctly (2 ms)
[ok]: SLOWLOG - custom slowlog-entry-max-string-len trims string args (2 ms)
[ok]: SLOWLOG - runtime config change applies only to subsequent entries (2 ms)
[39/149 done]: unit/slowlog (3 seconds)
Testing unit/sort
[ok]: Listpack: SORT BY key (0 ms)
[ok]: Listpack: SORT BY key with limit (0 ms)
[ok]: Listpack: SORT BY hash field (0 ms)
[ok]: EVAL - cmsgpack pack/unpack smoke test (379 ms)
[ok]: EVAL - cmsgpack can pack and unpack circular references? (0 ms)
[ok]: EVAL - Numerical sanity check from bitop (1 ms)
[ok]: EVAL - Verify minimal bitop functionality (0 ms)
[ok]: EVAL - Able to parse trailing comments (0 ms)
[ok]: EVAL_RO - Successful case (0 ms)
[ok]: EVAL_RO - Cannot run write commands (1 ms)
[ok]: SCRIPTING FLUSH - is able to clear the scripts cache? (31 ms)
[ok]: SCRIPTING FLUSH ASYNC (13 ms)
[ok]: SCRIPT EXISTS - can detect already defined scripts? (0 ms)
[ok]: SCRIPT LOAD - is able to register scripts in the scripting cache (0 ms)
[ok]: SORT is normally not alpha re-ordered for the scripting engine (0 ms)
[ok]: SORT BY <constant> output gets ordered for scripting (1 ms)
[ok]: SORT BY <constant> with GET gets ordered for scripting (1 ms)
[ok]: redis.sha1hex() implementation (0 ms)
[ok]: Quicklist: SORT BY key (11 ms)
[ok]: Quicklist: SORT BY key with limit (1 ms)
[ok]: Quicklist: SORT BY hash field (10 ms)
[ok]: LRM: Keys with only read operations should be removed first (4908 ms)
[40/149 done]: unit/maxmemory (89 seconds)
Testing unit/tls
[41/149 done]: unit/tls (0 seconds)
Testing unit/tracking
[ok]: Measures elapsed time os.clock() (998 ms)
[ok]: Prohibit dangerous lua methods in sandbox (0 ms)
[ok]: Verify execution of prohibit dangerous Lua methods will fail (2 ms)
[ok]: Globals protection reading an undeclared global variable (0 ms)
[ok]: Globals protection setting an undeclared global* (1 ms)
[ok]: lua bit.tohex bug (0 ms)
[ok]: Test an example script DECR_IF_GT (1 ms)
[ok]: random numbers are random now (1 ms)
[ok]: Scripting engine PRNG can be seeded correctly (0 ms)
[ok]: Clients are able to enable tracking and redirect it (0 ms)
[ok]: The other connection is able to get invalidations (1 ms)
[ok]: The client is now able to disable tracking (0 ms)
[ok]: Clients can enable the BCAST mode with the empty prefix (0 ms)
[ok]: The connection gets invalidation messages about all the keys (0 ms)
[ok]: Clients can enable the BCAST mode with prefixes (1 ms)
[ok]: Adding prefixes to BCAST mode works (0 ms)
[ok]: Tracking NOLOOP mode in standard mode works (1 ms)
[ok]: Tracking NOLOOP mode in BCAST mode works (1 ms)
[ok]: EVAL does not leak in the Lua stack (434 ms)
[ok]: SPOP: We can call scripts rewriting client->argv from Lua (66 ms)
[ok]: MGET: mget shouldn't be propagated in Lua (100 ms)
[ok]: EXPIRE: We can call scripts rewriting client->argv from Lua (101 ms)
[ok]: INCRBYFLOAT: We can call scripts expanding client->argv from Lua (331 ms)
[ok]: Tracking gets notification of expired keys (1002 ms)
[ok]: Call Redis command with many args from Lua (issue #1764) (2 ms)
[ok]: Number conversion precision test (issue #1118) (0 ms)
[ok]: String containing number precision test (regression of issue #1118) (0 ms)
[ok]: Verify negative arg count is error instead of crash (issue #1842) (0 ms)
[ok]: Scripts can handle commands with incorrect arity (0 ms)
[ok]: Correct handling of reused argv (issue #1939) (0 ms)
[ok]: Functions in the Redis namespace are able to report errors (0 ms)
[ok]: CLUSTER RESET can not be invoke from within a script (1 ms)
[ok]: Script with RESP3 map (1 ms)
[ok]: Tracking gets notification of lazy expired keys (102 ms)
[ok]: HELLO 3 reply is correct (0 ms)
[ok]: HELLO without protover (2 ms)
[ok]: RESP3 based basic invalidation (1 ms)
[ok]: RESP3 tracking redirection (1 ms)
[ok]: Invalidations of previous keys can be redirected after switching to RESP3 (1 ms)
[ok]: Invalidations of new keys can be redirected after switching to RESP3 (1 ms)
[ok]: Invalid keys should not be tracked for scripts in NOLOOP mode (1 ms)
[ok]: Tracking only occurs for scripts when a command calls a read-only command (2 ms)
[ok]: RESP3 Client gets tracking-redir-broken push message after cached key changed when rediretion client is terminated (2 ms)
[ok]: Different clients can redirect to the same connection (1 ms)
[ok]: Different clients using different protocols can track the same key (2 ms)
[ok]: No invalidation message when using OPTIN option (1 ms)
[ok]: Invalidation message sent when using OPTIN option with CLIENT CACHING yes (1 ms)
[ok]: Invalidation message sent when using OPTOUT option (0 ms)
[ok]: No invalidation message when using OPTOUT option with CLIENT CACHING no (0 ms)
[ok]: Able to redirect to a RESP3 client (1 ms)
[ok]: After switching from normal tracking to BCAST mode, no invalidation message is produced for pre-BCAST keys (1 ms)
[ok]: BCAST with prefix collisions throw errors (2 ms)
[ok]: BCAST prefix self-overlap past first index reports error without enabling (1 ms)
[ok]: hdel deliver invalidate message after response in the same connection (1 ms)
[ok]: Script return recursive object (130 ms)
[ok]: Script check unpack with massive arguments (8 ms)
[ok]: Script read key with expiration set (0 ms)
[ok]: Script del key with expiration set (1 ms)
[ok]: Script ACL check (1 ms)
[ok]: Binary code loading failed (1 ms)
[ok]: Try trick global protection 1 (0 ms)
[ok]: Try trick global protection 2 (0 ms)
[ok]: Try trick global protection 3 (1 ms)
[ok]: Try trick global protection 4 (0 ms)
[ok]: Try trick readonly table on redis table (0 ms)
[ok]: Try trick readonly table on json table (0 ms)
[ok]: Try trick readonly table on cmsgpack table (0 ms)
[ok]: Try trick readonly table on bit table (0 ms)
[ok]: Try trick readonly table on basic types metatable (1 ms)
[ok]: Test loadfile are not available (0 ms)
[ok]: Test dofile are not available (0 ms)
[ok]: Test print are not available (0 ms)
[ignore]: large memory flag not provided
[ok]: Tracking invalidation message is not interleaved with multiple keys response (112 ms)
[ok]: Tracking invalidation message is not interleaved with transaction response (2 ms)
[ok]: Tracking invalidation message of eviction keys should be before response (3 ms)
[ok]: Unblocked BLMOVE gets notification after response (2 ms)
[ok]: Tracking gets notification on tracking table key eviction (58 ms)
[ok]: Invalidation message received for flushall (4 ms)
[ok]: Invalidation message received for flushdb (3 ms)
[ok]: Test ASYNC flushall (3 ms)
[ok]: Test setfenv availability lua-enable-deprecated-api=no (0 ms)
[ok]: Test getfenv availability lua-enable-deprecated-api=no (0 ms)
[ok]: Test newproxy availability lua-enable-deprecated-api=no (0 ms)
[ok]: flushdb tracking invalidation message is not interleaved with transaction response (3 ms)
[ok]: Server is able to evacuate enough keys when num of keys surpasses limit by more than defined initial effort (194 ms)
[ok]: Tracking info is correct (4 ms)
[ok]: CLIENT GETREDIR provides correct client id (1 ms)
[ok]: CLIENT TRACKINGINFO provides reasonable results when tracking off (1 ms)
[ok]: CLIENT TRACKINGINFO provides reasonable results when tracking on (0 ms)
[ok]: CLIENT TRACKINGINFO provides reasonable results when tracking on with options (1 ms)
[ok]: CLIENT TRACKINGINFO provides reasonable results when tracking optin (1 ms)
[ok]: CLIENT TRACKINGINFO provides reasonable results when tracking optout (0 ms)
[ok]: CLIENT TRACKINGINFO provides reasonable results when tracking bcast mode (0 ms)
[ok]: CLIENT TRACKINGINFO provides reasonable results when tracking redir broken (3 ms)
[ok]: Regression test for #11715 (3 ms)
[ok]: RESP3 based basic invalidation with client reply off (4 ms)
[ok]: Test setfenv availability lua-enable-deprecated-api=yes (0 ms)
[ok]: Test getfenv availability lua-enable-deprecated-api=yes (0 ms)
[ok]: Test newproxy availability lua-enable-deprecated-api=yes (0 ms)
[ok]: RESP2 based basic invalidation with client reply off (46 ms)
[ok]: RESP3 based basic redirect invalidation with client reply off (4 ms)
[ok]: RESP3 based basic tracking-redir-broken with client reply off (3 ms)
[ok]: Coverage: Basic CLIENT CACHING (2 ms)
[ok]: Coverage: Basic CLIENT REPLY (0 ms)
[ok]: Coverage: Basic CLIENT TRACKINGINFO (0 ms)
[ok]: Coverage: Basic CLIENT GETREDIR (0 ms)
[42/149 done]: unit/tracking (2 seconds)
Testing unit/violations
[ok]: SORT adds integer field to list (1 ms)
[43/149 done]: unit/violations (0 seconds)
Testing unit/wait
[ok]: Timedout read-only scripts can be killed by SCRIPT KILL (402 ms)
[ok]: Timedout read-only scripts can be killed by SCRIPT KILL even when use pcall (61 ms)
[ok]: Timedout script does not cause a false dead client (60 ms)
[ok]: Timedout script link is still usable after Lua returns (98 ms)
[ok]: Setup slave (103 ms)
[ok]: WAIT out of range timeout (milliseconds) (1 ms)
[ok]: WAIT should acknowledge 1 additional copy of the data (1 ms)
[ok]: Big Quicklist: SORT BY key (556 ms)
[ok]: Big Quicklist: SORT BY key with limit (6 ms)
[ok]: Timedout scripts and unblocked command (535 ms)
[ok]: Timedout scripts that modified data can't be killed by SCRIPT KILL (202 ms)
[ok]: SHUTDOWN NOSAVE can kill a timedout script anyway (6 ms)
[ok]: Before the replica connects we issue two EVAL commands (0 ms)
[ok]: Big Quicklist: SORT BY hash field (655 ms)
[ok]: Intset: SORT BY key (1 ms)
[ok]: Intset: SORT BY key with limit (0 ms)
[ok]: Intset: SORT BY hash field (0 ms)
[ok]: Connect a replica to the master instance (104 ms)
[ok]: Now use EVALSHA against the master, with both SHAs (1 ms)
[ok]: 'x' should be '4' for EVALSHA being replicated by effects (0 ms)
[ok]: Replication of script multiple pushes to list with BLPOP (2 ms)
[ok]: EVALSHA replication when first call is readonly (1 ms)
[ok]: WAIT should not acknowledge 2 additional copies of the data (1064 ms)
[ok]: Lua scripts using SELECT are replicated correctly (1 ms)
[ok]: Hash table: SORT BY key (11 ms)
[ok]: Hash table: SORT BY key with limit (1 ms)
[ok]: Hash table: SORT BY hash field (11 ms)
[ok]: Connect a replica to the master instance (102 ms)
[ok]: Redis.replicate_commands() can be issued anywhere now (1 ms)
[ok]: Redis.set_repl() can be issued before replicate_commands() now (0 ms)
[ok]: Redis.set_repl() don't accept invalid values (1 ms)
[ok]: Test selective replication of certain Redis commands from Lua (2 ms)
[ok]: PRNG is seeded randomly for command replication (0 ms)
[ok]: Using side effects is not a problem with command replication (1 ms)
[ok]: WAIT should not acknowledge 1 additional copy if slave is blocked (1347 ms)
[ok]: Test scripting debug protocol parsing (1 ms)
[ok]: Test scripting debug lua stack overflow (2 ms)
[ok]: Lua scripts eviction does not generate many scripts (122 ms)
[ok]: WAIT implicitly blocks on client pause since ACKs aren't sent (1307 ms)
[ok]: Lua scripts eviction is plain LRU (62 ms)
[ok]: Lua scripts eviction does not affect script load (217 ms)
[ok]: WAIT replica multiple clients unblock - reuse last result (276 ms)
[ok]: test RESP2/2 big number protocol parsing (1 ms)
[ok]: test RESP2/2 malformed big number protocol parsing (0 ms)
[ok]: test RESP2/2 map protocol parsing (0 ms)
[ok]: test RESP2/2 set protocol parsing (0 ms)
[ok]: test RESP2/2 double protocol parsing (0 ms)
[ok]: test RESP2/2 null protocol parsing (0 ms)
[ok]: test RESP2/2 verbatim protocol parsing (0 ms)
[ok]: test RESP2/2 true protocol parsing (0 ms)
[ok]: test RESP2/2 false protocol parsing (0 ms)
[ok]: test RESP2/3 big number protocol parsing (0 ms)
[ok]: test RESP2/3 malformed big number protocol parsing (0 ms)
[ok]: test RESP2/3 map protocol parsing (0 ms)
[ok]: test RESP2/3 set protocol parsing (0 ms)
[ok]: test RESP2/3 double protocol parsing (0 ms)
[ok]: test RESP2/3 null protocol parsing (0 ms)
[ok]: test RESP2/3 verbatim protocol parsing (0 ms)
[ok]: test RESP2/3 true protocol parsing (0 ms)
[ok]: test RESP2/3 false protocol parsing (0 ms)
[ok]: test RESP3/2 big number protocol parsing (0 ms)
[ok]: test RESP3/2 malformed big number protocol parsing (0 ms)
[ok]: test RESP3/2 map protocol parsing (0 ms)
[ok]: test RESP3/2 set protocol parsing (0 ms)
[ok]: test RESP3/2 double protocol parsing (0 ms)
[ok]: test RESP3/2 null protocol parsing (0 ms)
[ok]: test RESP3/2 verbatim protocol parsing (0 ms)
[ok]: test RESP3/2 true protocol parsing (0 ms)
[ok]: test RESP3/2 false protocol parsing (1 ms)
[ok]: test RESP3/3 big number protocol parsing (0 ms)
[ok]: test RESP3/3 malformed big number protocol parsing (1 ms)
[ok]: test RESP3/3 map protocol parsing (0 ms)
[ok]: test RESP3/3 set protocol parsing (0 ms)
[ok]: test RESP3/3 double protocol parsing (0 ms)
[ok]: test RESP3/3 null protocol parsing (0 ms)
[ok]: test RESP3/3 verbatim protocol parsing (0 ms)
[ok]: test RESP3/3 true protocol parsing (0 ms)
[ok]: test RESP3/3 false protocol parsing (1 ms)
[ok]: test resp3 attribute protocol parsing (0 ms)
[ok]: Script block the time during execution (11 ms)
[ok]: Script delete the expired key (3 ms)
[ok]: TIME command using cached time (10 ms)
[ok]: Script block the time in some expiration related commands (82 ms)
[ok]: WAITAOF local copy before fsync (95 ms)
[ok]: RESTORE expired keys with expiration time (11 ms)
[ok]: Test script flush will not leak memory - script:1 (334 ms)
[ok]: Big Hash table: SORT BY key (608 ms)
[ok]: WAITAOF local copy everysec (803 ms)
[ok]: WAITAOF local copy with appendfsync always (2 ms)
[ok]: Big Hash table: SORT BY key with limit (8 ms)
[ok]: WAITAOF local wait and then stop aof (4 ms)
[ok]: WAITAOF local on server with aof disabled (1 ms)
[ok]: WAITAOF local client unblock with timeout and error (5 ms)
[ok]: WAITAOF local if AOFRW was postponed (295 ms)
[ok]: WAITAOF on demoted master gets unblocked with an error (2 ms)
[ok]: Big Hash table: SORT BY hash field (512 ms)
[ok]: SORT GET # (0 ms)
[ok]: SORT GET <const> (1 ms)
[ok]: SORT_RO GET <const> (0 ms)
[ok]: SORT GET (key and hash) with sanity check (5 ms)
[ok]: SORT BY key STORE (1 ms)
[ok]: SORT BY hash field STORE (1 ms)
[ok]: SORT extracts STORE correctly (0 ms)
[ok]: SORT_RO get keys (1 ms)
[ok]: SORT extracts multiple STORE correctly (0 ms)
[ok]: SORT DESC (0 ms)
[ok]: SORT ALPHA against integer encoded strings (1 ms)
[ok]: SORT sorted set (1 ms)
[ok]: SORT sorted set BY nosort should retain ordering (2 ms)
[ok]: SORT sorted set BY nosort + LIMIT (1 ms)
[ok]: SORT sorted set BY nosort works as expected from scripts (1 ms)
[ok]: SORT sorted set: +inf and -inf handling (1 ms)
[ok]: SORT regression for issue #19, sorting floats (7 ms)
[ok]: SORT BY with smallest normal double 2.2250738585072012e-308 (1 ms)
[ok]: SORT with STORE returns zero if result is empty (github issue 224) (0 ms)
[ok]: SORT with STORE does not create empty lists (github issue 224) (1 ms)
[ok]: SORT with STORE removes key if result is empty (github issue 227) (0 ms)
[ok]: SORT with BY <constant> and STORE should still order output (1 ms)
[ok]: SORT will complain with numerical sorting and bad doubles (1) (0 ms)
[ok]: SORT will complain with numerical sorting and bad doubles (2) (1 ms)
[ok]: SORT BY sub-sorts lexicographically if score is the same (1 ms)
[ok]: SORT GET with pattern ending with just -> does not get hash field (0 ms)
[ok]: SORT by nosort retains native order for lists (0 ms)
[ok]: SORT by nosort plus store retains native order for lists (1 ms)
[ok]: SORT by nosort with limit returns based on original list order (0 ms)
[ok]: SORT_RO - Successful case (1 ms)
[ok]: SORT_RO - Cannot run with STORE arg (0 ms)
[ok]: WAITAOF replica copy before fsync (67 ms)
[ok]: SORT speed, 100 element list BY key, 100 times (21 ms)
[ok]: SORT speed, 100 element list BY hash field, 100 times (23 ms)
[ok]: SORT speed, 100 element list directly, 100 times (20 ms)
[ok]: SORT speed, 100 element list BY <const>, 100 times (19 ms)
[ok]: SETRANGE with huge offset (3 ms)
[ok]: SORT STORE quicklist with the right options (50 ms)
[ok]: WAITAOF replica copy everysec (1730 ms)
[ok]: sort by in cluster mode (0 ms)
[ok]: sort get in cluster mode (1 ms)
[ok]: sort get # in cluster mode (0 ms)
[ok]: sort_ro by in cluster mode (1 ms)
[ok]: sort_ro get in cluster mode (0 ms)
[ok]: sort_ro get # in cluster mode (1 ms)
[44/149 done]: unit/sort (12 seconds)
Testing unit/type/array
[ok]: ARSET and ARGET basics (1 ms)
[ok]: ARSET overwrites existing value (1 ms)
[ok]: ARGET non-existing key (0 ms)
[ok]: ARGET validates index even on non-existing key (0 ms)
[ok]: ARSET/ARGET with integer values (0 ms)
[ok]: ARSET/ARGET with float values (0 ms)
[ok]: ARSET/ARGET with small strings (0 ms)
[ok]: ARSET/ARGET with large string (0 ms)
[ok]: ARSET/ARGET with empty string (0 ms)
[ok]: ARLEN and ARCOUNT basics (1 ms)
[ok]: ARDEL basics (1 ms)
[ok]: ARDEL multiple indices (1 ms)
[ok]: ARDEL last element deletes key (0 ms)
[ok]: ARDEL notifies array event before del when key is removed (2 ms)
[ok]: ARDELRANGE basics (1 ms)
[ok]: ARDELRANGE reverse order (2 ms)
[ok]: ARDELRANGE notifies array event before del when key is removed (2 ms)
[ok]: ARMSET basics (1 ms)
[ok]: ARMSET returns only newly filled slots (1 ms)
[ok]: ARMGET basics (0 ms)
[ok]: ARGETRANGE basics (1 ms)
[ok]: ARGETRANGE reverse (0 ms)
[ok]: ARGETRANGE errors when requested range exceeds the hard limit (0 ms)
[ok]: ARGETRANGE reverse errors when requested range exceeds the hard limit (0 ms)
[ok]: ARSCAN returns only existing elements with indices (1 ms)
[ok]: ARSCAN on empty range returns empty array (0 ms)
[ok]: ARSCAN reversed range (0 ms)
[ok]: ARSCAN on non-existent key returns empty array (1 ms)
[ok]: ARSCAN with mixed value types (0 ms)
[ok]: ARGREP MATCH returns matching indexes (1 ms)
[ok]: ARGREP supports WITHVALUES and reverse ranges (0 ms)
[ok]: ARGREP supports AND, GLOB, and NOCASE (0 ms)
[ok]: ARGREP supports RE predicates (1 ms)
[ok]: ARGREP RE literal alternation forms still match correctly (1 ms)
[ok]: ARGREP RE grouped alternation smoke test (1 ms)
[ok]: ARGREP enforces RE length and rejects backreferences (4 ms)
[ok]: ARGREP LIMIT stops after enough matches (0 ms)
[ok]: ARGREP allows mixed predicate and option order, last wins (0 ms)
[ok]: ARGREP enforces the predicate limit (92 ms)
[ok]: ARGREP handles missing keys and syntax errors (1 ms)
[ok]: ARGREP rejects malformed braced hex regex escapes (1 ms)
[ok]: ARSET contiguous write basics (0 ms)
[ok]: ARINSERT basics (1 ms)
[ok]: ARRING creates ring buffer (3 ms)
[ok]: ARNEXT tracks insert position (1 ms)
[ok]: ARSEEK (1 ms)
[ok]: ARNEXT returns null when insert cursor is exhausted (1 ms)
[ok]: ARLASTITEMS basics (1 ms)
[ok]: ARLASTITEMS after ARSEEK 0 uses array tail (1 ms)
[ok]: AROP SUM (1 ms)
[ok]: AROP MIN (0 ms)
[ok]: AROP MAX (1 ms)
[ok]: AROP MATCH (1 ms)
[ok]: AROP USED (0 ms)
[ok]: AROP AND/OR/XOR (1 ms)
[ok]: AROP AND/OR/XOR truncates floats toward zero (1 ms)
[ok]: ARINFO basics (1 ms)
[ok]: Array commands on wrong type (1 ms)
[ok]: TYPE returns array (0 ms)
[ok]: OBJECT ENCODING returns sliced-array (1 ms)
[ok]: Sparse array with large gaps (1 ms)
[ok]: Array survives RDB save and load (59 ms)
[ok]: Directory resize - many slices (4 ms)
[ok]: Directory resize - very large index jump (1 ms)
[ok]: Dense window growth - right expansion (22 ms)
[ok]: Dense window growth - left expansion (22 ms)
[ok]: Dense window growth - bidirectional expansion (22 ms)
[ok]: Sparse to dense promotion - exceed kmax threshold (4 ms)
[ok]: Sparse to dense promotion - then continue adding (5 ms)
[ok]: Dense to sparse demotion - delete below kmin threshold (12 ms)
[ok]: Dense to sparse demotion - then add again (8 ms)
[ok]: Stress test - mixed operations across multiple slices (22 ms)
[ok]: Stress test - rapid insert/delete cycles (60 ms)
[ok]: RDB persistence with sparse and dense slices (120 ms)
[ok]: Regression - dense window growth must not exceed slice boundary (24 ms)
[ok]: Regression - sparse to dense promotion with high offset boundary (5 ms)
[ok]: WAITAOF replica copy everysec with AOFRW (2012 ms)
[ok]: Random testing - staged write/delete workload with verification (1106 ms)
[ok]: Random testing - large scale with RDB verification (709 ms)
[ok]: Verify Lua performs GC correctly after script loading (6384 ms)
[ok]: Shebang support for lua engine (0 ms)
[ok]: Unknown shebang option (0 ms)
[ok]: Unknown shebang flag (0 ms)
[ok]: allow-oom shebang flag (2 ms)
[ok]: no-writes shebang flag (0 ms)
[ok]: Random testing - iterator model stress across dense sparse and superdir (995 ms)
[ok]: Circular buffer - ARRING basic wraparound (4 ms)
[ok]: Circular buffer - ARRING with size 1 (10 ms)
[ok]: WAITAOF replica copy everysec with slow AOFRW (2115 ms)
[ok]: Circular buffer - ARRING preserves insert_idx through RDB (58 ms)
[ok]: Circular buffer - ARLASTITEMS with wraparound (1 ms)
[ok]: Circular buffer - ARLASTITEMS handles empty and partial cases (1 ms)
[ok]: Circular buffer - ARNEXT tracks correctly with ARRING (2 ms)
[ok]: Circular buffer - ARSEEK followed by ARRING (1 ms)
[ok]: Circular buffer - ARSEEK 0 is honored on ARRING grow (1 ms)
[ok]: Circular buffer - ARRING growth uses new capacity after wrap (2 ms)
[ok]: Circular buffer - Mixed ARSET and ARRING immediately restores ring size (2 ms)
[ok]: WAITAOF replica copy everysec->always with AOFRW (108 ms)
[ok]: WAITAOF replica copy appendfsync always (2 ms)
[ok]: Circular buffer - insert_idx survives RDB with complex state (123 ms)
[ok]: Circular buffer - ARLASTITEMS reverse order (2 ms)
[ok]: Circular buffer - ARRING truncation when size decreases (3 ms)
[ok]: Circular buffer - ARRING shrink stops at first hole (1 ms)
[ok]: Circular buffer - ARRING grow stops at first hole (2 ms)
[ok]: Circular buffer - ARLASTITEMS with various counts and REV (3 ms)
[ok]: Circular buffer - ARLASTITEMS edge cases (1 ms)
[ok]: Regression #3 - arTruncate must decrement count correctly (2 ms)
[ok]: Regression #5 - AROP MATCH with large strings (>256 bytes) (1 ms)
[ok]: Regression #6 - DEBUG DIGEST with large strings (>256 bytes) (1 ms)
[ok]: no-writes shebang flag on replica (208 ms)
[ok]: Regression #7 - RDB with negative integers including -1 (58 ms)
[ok]: Regression #10 - ARSEEK on non-existent key should not create it (1 ms)
[ok]: Regression #12 - ARMGET/ARGETRANGE return WRONGTYPE on wrong type (0 ms)
[ok]: not enough good replicas (1 ms)
[ok]: Regression - RDB preserves exact numeric string forms (109 ms)
[ok]: Whole-number floats with .0 suffix encode as inline floats (111 ms)
[ok]: Integer values without .0 still encode as integers, not floats (59 ms)
[ok]: AROP on whole-number floats works correctly (1 ms)
[ok]: Exact string recovery survives AOF rewrite (110 ms)
[ok]: Regression - CONFIG GET/SET for array settings (2 ms)
[ok]: Arrays created with different slice sizes work after config change (3 ms)
[ok]: Regression - AOF rewrite with superdir mode (high indices) (107 ms)
[ok]: ARGETRANGE works across a superdir slice boundary (1 ms)
[ok]: ARSET pre-promotes sparse slice in superdir mode (2 ms)
[ok]: ARDELRANGE triggers dense to sparse demotion (7 ms)
[ok]: ARDELRANGE partial delete preserves dense then demotes (6 ms)
[ok]: ARDELRANGE deletes full slices within superdir block (1 ms)
[ok]: ARDELRANGE spanning multiple superdir blocks (2 ms)
[ok]: ARDELRANGE superdir middle range with missing upper block (1 ms)
[ok]: ARDELRANGE superdir with empty middle block interval (2 ms)
[ok]: ARDELRANGE with multiple ranges in single call (3 ms)
[ok]: ARDELRANGE with overlapping ranges (3 ms)
[ok]: ARDELRANGE sparse slice middle-span deletion (2 ms)
[ok]: ARDELRANGE sparse with non-contiguous deletions (1 ms)
[ok]: ARDELRANGE sparse prefix span deletion (1 ms)
[ok]: ARDELRANGE sparse suffix span deletion (1 ms)
[ok]: ARDELRANGE sparse whole-slice deletion (0 ms)
[ok]: ARDELRANGE sparse no-hit range (1 ms)
[ok]: ARDELRANGE sparse single edge deletions (2 ms)
[ok]: Random testing - blackbox ARDELRANGE model stress (87 ms)
[ok]: ARSCAN after ARDELRANGE with demotion (3 ms)
[ok]: ARSCAN with LIMIT after range delete (3 ms)
[ok]: AROP after ARDELRANGE across multiple slices (3 ms)
[ok]: AROP MATCH after dense demotion (4 ms)
[ok]: ARSCAN over superdir blocks (1 ms)
[ok]: Iterator commands do not rescan exhausted superdir blocks (1 ms)
[ok]: AROP over superdir with partial range (1 ms)
[ok]: ARDELRANGE delete entire slice then verify iteration (3 ms)
[ok]: not enough good replicas state change during long script (636 ms)
[ok]: allow-stale shebang flag (2 ms)
[ok]: reject script do not cause a Lua stack leak (7 ms)
[ok]: Load 32-bit RDB - integer encodings (2 ms)
[ok]: Load 32-bit RDB - float encodings (2 ms)
[ok]: Load 32-bit RDB - string encodings (2 ms)
[ok]: Load 32-bit RDB - mixed type encodings (2 ms)
[ok]: Load 32-bit RDB - sparse indices across slices (1 ms)
[ok]: Load 32-bit RDB - insert_idx preservation (0 ms)
[ok]: Load 32-bit RDB - re-save and reload cycle (16 ms)
[45/149 done]: unit/type/array (4 seconds)
Testing unit/type/hash-field-expire
[ok]: Consistent eval error reporting (11 ms)
[ok]: LUA redis.error_reply API (0 ms)
[ok]: LUA redis.error_reply API with empty string (0 ms)
[ok]: LUA redis.status_reply API (1 ms)
[ok]: LUA test pcall (0 ms)
[ok]: LUA test pcall with error (0 ms)
[ok]: LUA test pcall with non string/integer arg (1 ms)
[ok]: LUA test trim string as expected (1 ms)
[ok]: EVAL - explicit error() call handling (1 ms)
[ok]: HEXPIRE/HEXPIREAT/HPEXPIRE/HPEXPIREAT - Returns array if the key does not exist (0 ms)
[ok]: HEXPIRE/HEXPIREAT/HPEXPIRE/HPEXPIREAT - Verify that the expire time does not overflow (1 ms)
[ok]: HPEXPIRE(AT) - Test 'NX' flag (listpackex) (1 ms)
[ok]: HPEXPIRE(AT) - Test 'XX' flag (listpackex) (1 ms)
[ok]: HPEXPIRE(AT) - Test 'GT' flag (listpackex) (1 ms)
[ok]: HPEXPIRE(AT) - Test 'LT' flag (listpackex) (1 ms)
[ok]: HPEXPIREAT - field not exists or TTL is in the past (listpackex) (1 ms)
[ok]: HPEXPIRE - wrong number of arguments (listpackex) (1 ms)
[ok]: HPEXPIRE - parameter expire-time near limit of  2^46 (listpackex) (0 ms)
[ok]: Lazy Expire - fields are lazy deleted (listpackex) (7 ms)
[ok]: Wrong arity EVAL in acl_check_cmd returns error not crash (1 ms)
[46/149 done]: unit/scripting (33 seconds)
Testing unit/type/hash
[ok]: HSET/HLEN - Small hash creation (1 ms)
[ok]: Is the small hash encoded with a listpack? (0 ms)
[ok]: HRANDFIELD - listpack (10 ms)
[ok]: HRANDFIELD - hashtable (9 ms)
[ok]: HRANDFIELD with RESP3 (1 ms)
[ok]: HRANDFIELD count of 0 is handled correctly (0 ms)
[ok]: HRANDFIELD count overflow (1 ms)
[ok]: HRANDFIELD with <count> against non existing key (0 ms)
[ok]: HRANDFIELD count of 0 is handled correctly - emptyarray (0 ms)
[ok]: HRANDFIELD with <count> against non existing key - emptyarray (1 ms)
[ok]: Active Expire - deletes hash that all its fields got expired (listpackex) (396 ms)
[ok]: HPEXPIRE - Flushall deletes all pending expired fields (listpackex) (2 ms)
[ok]: HTTL/HPTTL - Returns array if the key does not exist (1 ms)
[ok]: HTTL/HPTTL - Input validation gets failed on nonexists field or field without expire (listpackex) (1 ms)
[ok]: HTTL/HPTTL - returns time to live in seconds/msillisec (listpackex) (1 ms)
[ok]: HEXPIRETIME/HPEXPIRETIME - Returns array if the key does not exist (1 ms)
[ok]: HEXPIRETIME - returns TTL in Unix timestamp (listpackex) (0 ms)
[ok]: HRANDFIELD with <count> - hashtable (148 ms)
[ok]: HRANDFIELD with <count> - listpack (144 ms)
[ok]: WAITAOF replica copy if replica is blocked (1924 ms)
[ok]: HSET/HLEN - Big hash creation (127 ms)
[ok]: Is the big hash encoded with an hash table? (0 ms)
[ok]: HGET against the small hash (1 ms)
[ok]: HGET against the big hash (104 ms)
[ok]: HGET against non existing key (0 ms)
[ok]: HSET in update and insert mode (1 ms)
[ok]: HSETNX target key missing - small hash (0 ms)
[ok]: HSETNX target key exists - small hash (1 ms)
[ok]: HSETNX target key missing - big hash (0 ms)
[ok]: HSETNX target key exists - big hash (1 ms)
[ok]: HSET/HMSET wrong number of args (0 ms)
[ok]: HMSET - small hash (1 ms)
[ok]: HMSET - big hash (61 ms)
[ok]: HMGET against non existing key and fields (1 ms)
[ok]: Hash commands against wrong type (3 ms)
[ok]: HMGET - small hash (0 ms)
[ok]: HPEXPIRETIME persists after RDB reload (listpackex) (575 ms)
[ok]: HMGET - big hash (57 ms)
[ok]: HKEYS - small hash (0 ms)
[ok]: HKEYS - big hash (10 ms)
[ok]: HVALS - small hash (0 ms)
[ok]: HVALS - big hash (2 ms)
[ok]: HGETALL - small hash (0 ms)
[ok]: HGETALL - big hash (24 ms)
[ok]: HGETALL against non-existing key (1 ms)
[ok]: HDEL and return value (1 ms)
[ok]: HDEL - more than a single value (1 ms)
[ok]: HDEL - hash becomes empty before deleting all specified fields (0 ms)
[ok]: HEXISTS (0 ms)
[ok]: Is a ziplist encoded Hash promoted on big payload? (1 ms)
[ok]: HINCRBY against non existing database key (0 ms)
[ok]: HINCRBY HINCRBYFLOAT against non-integer increment value (0 ms)
[ok]: HINCRBY against non existing hash key (1 ms)
[ok]: HINCRBY against hash key created by hincrby itself (1 ms)
[ok]: HINCRBY against hash key originally set with HSET (0 ms)
[ok]: HINCRBY over 32bit value (1 ms)
[ok]: HINCRBY over 32bit value with over 32bit increment (0 ms)
[ok]: HINCRBY fails against hash value with spaces (left) (1 ms)
[ok]: HINCRBY fails against hash value with spaces (right) (1 ms)
[ok]: HINCRBY can detect overflows (0 ms)
[ok]: HINCRBYFLOAT against non existing database key (1 ms)
[ok]: HINCRBYFLOAT against non existing hash key (1 ms)
[ok]: HINCRBYFLOAT against hash key created by hincrby itself (0 ms)
[ok]: HINCRBYFLOAT against hash key originally set with HSET (1 ms)
[ok]: HINCRBYFLOAT over 32bit value (0 ms)
[ok]: HINCRBYFLOAT over 32bit value with over 32bit increment (0 ms)
[ok]: HINCRBYFLOAT fails against hash value with spaces (left) (1 ms)
[ok]: HINCRBYFLOAT fails against hash value with spaces (right) (0 ms)
[ok]: HINCRBYFLOAT fails against hash value that contains a null-terminator in the middle (0 ms)
[ok]: HSTRLEN against the small hash (1 ms)
[ok]: Verify hash that had HFEs won't be counted in INFO keyspace also after reload (listpackex) (108 ms)
[ok]: Verify hash with PERSIST'd field won't be counted in INFO keyspace after reload (listpackex) (5 ms)
[ok]: HSTRLEN against the big hash (100 ms)
[ok]: HSTRLEN against non existing field (0 ms)
[ok]: HSTRLEN corner cases (3 ms)
[ok]: HINCRBYFLOAT over hash-max-listpack-value encoded with a listpack (2 ms)
[ok]: HGETDEL input validation (2 ms)
[ok]: HGETDEL basic test (1 ms)
[ok]: HGETDEL test with non existing fields (1 ms)
[ok]: HGETDEL basic test (2 ms)
[ok]: HGETDEL test with non existing fields (1 ms)
[ok]: HGETDEL propagated as HDEL command to replica (28 ms)
[ok]: Hash ziplist regression test for large keys (1 ms)
[ok]: Hash fuzzing #1 - 10 fields (32 ms)
[ok]: Hash fuzzing #2 - 10 fields (25 ms)
[ok]: WAITAOF replica multiple clients unblock - reuse last result (1004 ms)
[ok]: WAITAOF on promoted replica (200 ms)
[ok]: HTTL/HPTTL - Verify TTL progress until expiration (listpackex) (1014 ms)
[ok]: HPEXPIRE - DEL hash with non expired fields (valgrind test) (listpackex) (0 ms)
[ok]: HEXPIREAT - Set time in the past (listpackex) (0 ms)
[ok]: HEXPIREAT - Set time and then get TTL (listpackex) (1 ms)
[ok]: Lazy Expire - delete hash with expired fields (listpackex) (6 ms)
[ok]: Test HRANDFIELD deletes all expired fields (listpackex) (30 ms)
[ok]: Lazy Expire - HLEN does count expired fields (listpackex) (13 ms)
[ok]: Lazy Expire - HSCAN does not report expired fields (listpackex) (12 ms)
[ok]: Test HSCAN with mostly expired fields return empty result (listpackex) (237 ms)
[ok]: Lazy Expire - verify various HASH commands handling expired fields (listpackex) (12 ms)
[ok]: A field with TTL overridden with another value (TTL discarded) (listpackex) (7 ms)
[ok]: Modify TTL of a field (listpackex) (16 ms)
[ok]: Test return value of set operation (listpackex) (1 ms)
[ok]: Test HGETALL not return expired fields (listpackex) (165 ms)
[ok]: Test RENAME hash with fields to be expired (listpackex) (78 ms)
[ok]: Test RENAME hash that had HFEs but not during the rename (listpackex) (103 ms)
[ok]: Hash fuzzing #1 - 512 fields (1567 ms)
[ok]: MOVE to another DB hash with fields to be expired (listpackex) (104 ms)
[ok]: Test COPY hash with fields to be expired (listpackex) (200 ms)
[ok]: Test COPY hash that had HFEs but not during the copy (listpackex) (103 ms)
[ok]: Test SWAPDB hash-fields to be expired (listpackex) (93 ms)
[ok]: Test SWAPDB hash that had HFEs but not during the swap (listpackex) (104 ms)
[ok]: HMGET - returns empty entries if fields or hash expired (listpackex) (6 ms)
[ok]: HPERSIST - Returns array if the key does not exist (listpackex) (0 ms)
[ok]: HPERSIST - input validation (listpackex) (1 ms)
[ok]: HPERSIST - verify fields with TTL are persisted (listpackex) (25 ms)
[ok]: HTTL/HPERSIST - Test expiry commands with non-volatile hash (listpackex) (0 ms)
[ok]: DUMP / RESTORE are able to serialize / unserialize a hash (1 ms)
[ok]: RESTORE hash that had in the past HFEs but not during the dump (63 ms)
[ok]: DUMP / RESTORE are able to serialize / unserialize a hash with TTL 0 for all fields (1 ms)
[ok]: HINCRBY - discards pending expired field and reset its value (17 ms)
[ok]: HINCRBY - preserve expiration time of the field (0 ms)
[ok]: HINCRBYFLOAT - discards pending expired field and reset its value (16 ms)
[ok]: HINCRBYFLOAT - preserve expiration time of the field (1 ms)
[ok]: HGETDEL - delete field with ttl (listpackex) (32 ms)
[ok]: HGETEX - input validation (listpackex) (3 ms)
[ok]: HGETEX - input validation (expire time) (listpackex) (2 ms)
[ok]: HGETEX - get without setting ttl (listpackex) (1 ms)
[ok]: HGETEX - get and set the ttl (listpackex) (1 ms)
[ok]: HGETEX - Test 'EX' flag (listpackex) (0 ms)
[ok]: HGETEX - Test 'EXAT' flag (listpackex) (0 ms)
[ok]: HGETEX - Test 'PX' flag (listpackex) (1 ms)
[ok]: HGETEX - Test 'PXAT' flag (listpackex) (0 ms)
[ok]: HGETEX - Test 'PERSIST' flag (listpackex) (2 ms)
[ok]: HGETEX - Test setting ttl in the past will delete the key (listpackex) (1 ms)
[ok]: HGETEX - Test active expiry (listpackex) (0 ms)
[ok]: HGETEX - A field with TTL overridden with another value (TTL discarded) (listpackex) (1 ms)
[ok]: HGETEX - Test with lazy expiry (listpackex) (6 ms)
[ok]: HSETEX - input validation (listpackex) (7 ms)
[ok]: HSETEX - Basic test (listpackex) (2 ms)
[ok]: HSETEX - Test FXX flag (listpackex) (2 ms)
[ok]: HSETEX - Test FXX flag with lazy expire (listpackex) (15 ms)
[ok]: HSETEX - Test FNX flag (listpackex) (2 ms)
[ok]: HSETEX EX - field appears twice in FIELDS list with EX is allowed (listpackex) (0 ms)
[ok]: HSETEX FNX - field appears twice in FIELDS list with EX is allowed (listpackex) (0 ms)
[ok]: HSETEX - Test 'EX' flag (listpackex) (1 ms)
[ok]: HSETEX - Test 'EXAT' flag (listpackex) (0 ms)
[ok]: HSETEX - Test 'PX' flag (listpackex) (1 ms)
[ok]: HSETEX - Test 'PXAT' flag (listpackex) (0 ms)
[ok]: HSETEX - Test 'KEEPTTL' flag (listpackex) (1 ms)
[ok]: HSETEX - Test multiple 'FIELDS' arguments raise error (listpackex) (1 ms)
[ok]: HSETEX - Test no expiry flag discards TTL (listpackex) (1 ms)
[ok]: HSETEX - Test with active expiry (81 ms)
[ok]: HSETEX - Set time in the past (listpackex) (1 ms)
[ok]: Hash field expire - test allow-access-expired parameter enabled (5 ms)
[ok]: HEXPIRE/HEXPIREAT/HPEXPIRE/HPEXPIREAT - Returns array if the key does not exist (1 ms)
[ok]: HEXPIRE/HEXPIREAT/HPEXPIRE/HPEXPIREAT - Verify that the expire time does not overflow (1 ms)
[ok]: HPEXPIRE(AT) - Test 'NX' flag (hashtable) (1 ms)
[ok]: HPEXPIRE(AT) - Test 'XX' flag (hashtable) (1 ms)
[ok]: HPEXPIRE(AT) - Test 'GT' flag (hashtable) (1 ms)
[ok]: HPEXPIRE(AT) - Test 'LT' flag (hashtable) (2 ms)
[ok]: HPEXPIREAT - field not exists or TTL is in the past (hashtable) (0 ms)
[ok]: HPEXPIRE - wrong number of arguments (hashtable) (1 ms)
[ok]: HPEXPIRE - parameter expire-time near limit of  2^46 (hashtable) (1 ms)
[ok]: Lazy Expire - fields are lazy deleted (hashtable) (6 ms)
[ok]: WAITAOF master that loses a replica and backlog is dropped (2006 ms)
[ok]: Hash fuzzing #2 - 512 fields (1096 ms)
[ok]: Active Expire - deletes hash that all its fields got expired (hashtable) (293 ms)
[ok]: HPEXPIRE - Flushall deletes all pending expired fields (hashtable) (1 ms)
[ok]: HTTL/HPTTL - Returns array if the key does not exist (1 ms)
[ok]: HTTL/HPTTL - Input validation gets failed on nonexists field or field without expire (hashtable) (1 ms)
[ok]: HTTL/HPTTL - returns time to live in seconds/msillisec (hashtable) (1 ms)
[ok]: HEXPIRETIME/HPEXPIRETIME - Returns array if the key does not exist (0 ms)
[ok]: HEXPIRETIME - returns TTL in Unix timestamp (hashtable) (0 ms)
[ok]: HPEXPIRETIME persists after RDB reload (hashtable) (593 ms)
[ok]: Verify hash that had HFEs won't be counted in INFO keyspace also after reload (hashtable) (107 ms)
[ok]: Verify hash with PERSIST'd field won't be counted in INFO keyspace after reload (hashtable) (5 ms)
[ok]: WAITAOF master without backlog, wait is released when the replica finishes full-sync (808 ms)
[ok]: Stress test the hash ziplist -> hashtable encoding conversion (1317 ms)
[ok]: Hash ziplist of various encodings (91 ms)
[ok]: Hash ziplist of various encodings - sanitize dump (2 ms)
[ok]: KEYS command return expired keys when allow_access_expired is 1 (4 ms)
[ok]: HINCRBYFLOAT does not allow NaN or Infinity (0 ms)
[47/149 done]: unit/type/hash (5 seconds)
Testing unit/type/incr
[ok]: INCR against non existing key (0 ms)
[ok]: INCR against key created by incr itself (0 ms)
[ok]: DECR against key created by incr (0 ms)
[ok]: DECR against key is not exist and incr (0 ms)
[ok]: INCR against key originally set with SET (0 ms)
[ok]: INCR over 32bit value (0 ms)
[ok]: INCRBY over 32bit value with over 32bit increment (1 ms)
[ok]: INCR fails against key with spaces (left) (0 ms)
[ok]: INCR fails against key with spaces (right) (0 ms)
[ok]: INCR fails against key with spaces (both) (1 ms)
[ok]: DECRBY negation overflow (0 ms)
[ok]: INCR fails against a key holding a list (1 ms)
[ok]: DECRBY over 32bit value with over 32bit increment, negative res (0 ms)
[ok]: DECRBY against key is not exist (0 ms)
[ok]: INCR does not use shared objects (0 ms)
[ok]: INCR can modify objects in-place (0 ms)
[ok]: INCRBYFLOAT against non existing key (1 ms)
[ok]: INCRBYFLOAT against key originally set with SET (0 ms)
[ok]: INCRBYFLOAT over 32bit value (0 ms)
[ok]: INCRBYFLOAT over 32bit value with over 32bit increment (0 ms)
[ok]: INCRBYFLOAT fails against key with spaces (left) (1 ms)
[ok]: INCRBYFLOAT fails against key with spaces (right) (0 ms)
[ok]: INCRBYFLOAT fails against key with spaces (both) (0 ms)
[ok]: INCRBYFLOAT fails against a key holding a list (1 ms)
[ok]: INCRBYFLOAT does not allow NaN or Infinity (0 ms)
[ok]: INCRBYFLOAT decrement (1 ms)
[ok]: string to double with null terminator (0 ms)
[ok]: No negative zero (1 ms)
[ok]: INCRBY INCRBYFLOAT DECRBY against unhappy path (1 ms)
[ok]: incr operation should update encoding from raw to int (1 ms)
[ok]: decr operation should update encoding from raw to int (1 ms)
[ok]: incrby operation should update encoding from raw to int (1 ms)
[ok]: decrby operation should update encoding from raw to int (1 ms)
[48/149 done]: unit/type/incr (0 seconds)
Testing unit/type/increx
[ok]: HTTL/HPTTL - Verify TTL progress until expiration (hashtable) (1012 ms)
[ok]: HPEXPIRE - DEL hash with non expired fields (valgrind test) (hashtable) (0 ms)
[ok]: HEXPIREAT - Set time in the past (hashtable) (1 ms)
[ok]: HEXPIREAT - Set time and then get TTL (hashtable) (1 ms)
[ok]: Lazy Expire - delete hash with expired fields (hashtable) (6 ms)
[ok]: WAITAOF master isn't configured to do AOF (1003 ms)
[ok]: Test HRANDFIELD deletes all expired fields (hashtable) (28 ms)
[ok]: Lazy Expire - HLEN does count expired fields (hashtable) (13 ms)
[ok]: INCREX - creates key with value 0 then +1 when missing (no options) (1 ms)
[ok]: INCREX - default increment on existing integer key (0 ms)
[ok]: Lazy Expire - HSCAN does not report expired fields (hashtable) (12 ms)
[ok]: INCREX - BYINT positive and negative increments (1 ms)
[ok]: INCREX - BYINT saturates to UBOUND (0 ms)
[ok]: INCREX - BYINT saturates to LBOUND (1 ms)
[ok]: INCREX - BYINT LBOUND and UBOUND together, value already inside range unaffected (0 ms)
[ok]: INCREX - BYINT positive overflow with SATURATE saturates to LLONG_MAX (0 ms)
[ok]: INCREX - BYINT positive overflow with SATURATE and UBOUND saturates to UBOUND (0 ms)
[ok]: INCREX - BYINT negative overflow with SATURATE saturates to LLONG_MIN (0 ms)
[ok]: INCREX - BYINT negative overflow with SATURATE and LBOUND saturates to LBOUND (0 ms)
[ok]: INCREX - BYINT SATURATE rejects when applied delta would overflow long long (0 ms)
[ok]: INCREX - result within [LONG_MIN, LONG_MAX] keeps int encoding (1 ms)
[ok]: INCREX - BYFLOAT basic increment (0 ms)
[ok]: INCREX - BYFLOAT saturates to UBOUND/LBOUND (1 ms)
[ok]: WAITAOF replica isn't configured to do AOF (56 ms)
[ok]: INCREX - BYFLOAT rejects inf/-inf increment and existing inf/-inf value (1 ms)
[ok]: INCREX - BYINT/BYFLOAT on non-existent key refuses to create when result stays below LBOUND (1 ms)
[ok]: INCREX - BYFLOAT existing value already outside bounds (1 ms)
[ok]: INCREX - BYINT existing value already outside bounds (1 ms)
[ok]: INCREX - BYINT default rejects increment exceeding UBOUND; SATURATE saturates it (1 ms)
[ok]: INCREX - BYINT default rejects decrement falling below LBOUND; SATURATE floors it (1 ms)
[ok]: INCREX - BYINT within bounds is unaffected by SATURATE (0 ms)
[ok]: INCREX - BYINT with both LBOUND and UBOUND (1 ms)
[ok]: INCREX - BYINT at exact bound value is accepted (1 ms)
[ok]: INCREX - BYFLOAT default rejects increment exceeding UBOUND; SATURATE saturates it (0 ms)
[ok]: INCREX - BYFLOAT default rejects decrement falling below LBOUND; SATURATE floors it (0 ms)
[ok]: INCREX - BYFLOAT within bounds is unaffected by SATURATE policy (1 ms)
[ok]: INCREX - BYFLOAT with both LBOUND and UBOUND (0 ms)
[ok]: INCREX - BYFLOAT at exact bound value is accepted (0 ms)
[ok]: INCREX - BYINT positive overflow: default rejects, SATURATE saturates (1 ms)
[ok]: INCREX - BYINT negative overflow: default rejects, SATURATE saturates (0 ms)
[ok]: INCREX - BYINT on new key (created from zero) with bound (1 ms)
[ok]: INCREX - BYFLOAT on new key (created from zero) with bound (1 ms)
[ok]: INCREX - default with no bound saturates to type limits with SATURATE, rejects otherwise (1 ms)
[ok]: INCREX - reject aborts before side effects: neither value nor TTL is modified (1 ms)
[ok]: INCREX - wrong number of arguments (0 ms)
[ok]: INCREX - unknown argument (0 ms)
[ok]: INCREX - BYINT and BYFLOAT are mutually exclusive (0 ms)
[ok]: INCREX - multiple expiration flags are mutually exclusive (1 ms)
[ok]: INCREX - PERSIST and ENX are mutually exclusive (0 ms)
[ok]: INCREX - duplicate options are rejected (1 ms)
[ok]: INCREX - ENX without expiration is an error (1 ms)
[ok]: INCREX - BYINT requires a valid integer value (0 ms)
[ok]: INCREX - BYFLOAT requires a valid float value (0 ms)
[ok]: INCREX - LBOUND > UBOUND should be rejected (integer) (1 ms)
[ok]: INCREX - LBOUND > UBOUND should be rejected (float) (0 ms)
[ok]: INCREX - EX/PX non-positive value is rejected (0 ms)
[ok]: INCREX - WRONGTYPE against a list (1 ms)
[ok]: INCREX - WRONGTYPE when BYFLOAT applied to non-numeric string (1 ms)
[ok]: INCREX - EX sets TTL (seconds) (0 ms)
[ok]: INCREX - PX sets TTL (milliseconds) (1 ms)
[ok]: INCREX - EXAT sets absolute TTL (seconds) (0 ms)
[ok]: INCREX - PXAT sets absolute TTL (milliseconds) (0 ms)
[ok]: INCREX - without expiration option preserves existing TTL (1 ms)
[ok]: INCREX - PERSIST removes existing TTL (0 ms)
[ok]: INCREX - PERSIST on key without TTL leaves it TTL-less (1 ms)
[ok]: INCREX - ENX only sets TTL when key has no existing TTL (1 ms)
[ok]: INCREX - ENX on new key sets TTL (no existing expiry) (1 ms)
[ok]: INCREX - EXAT in the past deletes the key (0 ms)
[ok]: INCREX - PXAT in the past deletes the key (1 ms)
[ok]: INCREX - ENX skips deletion when key already has TTL and past EXAT is given (0 ms)
[ok]: INCREX - flags can appear in different orders (0 ms)
[ok]: INCREX - rewrite without expiration: SET key <result> KEEPTTL (51 ms)
[ok]: INCREX - rewrite with PERSIST on a key with TTL: SET key <result> (101 ms)
[ok]: Test HSCAN with mostly expired fields return empty result (hashtable) (225 ms)
[ok]: Lazy Expire - verify various HASH commands handling expired fields (hashtable) (11 ms)
[ok]: A field with TTL overridden with another value (TTL discarded) (hashtable) (6 ms)
[ok]: Modify TTL of a field (hashtable) (16 ms)
[ok]: Test return value of set operation (hashtable) (1 ms)
[ok]: INCREX - rewrite with EX/PX/EXAT/PXAT: SET key <result> PXAT * (102 ms)
[ok]: INCREX - rewrite with ENX on key that already has TTL: SET key <result> KEEPTTL (100 ms)
[ok]: Test HGETALL not return expired fields (hashtable) (158 ms)
[ok]: INCREX - rewrite with ENX on key without TTL: SET key <result> PXAT * (101 ms)
[ok]: Test RENAME hash with fields to be expired (hashtable) (98 ms)
[ok]: INCREX - rewrite when expiration already elapsed propagates as DEL (101 ms)
[ok]: Test RENAME hash that had HFEs but not during the rename (hashtable) (93 ms)
[ok]: INCREX - rewrite when expiration already elapsed propagates as UNLINK (lazyfree) (102 ms)
[ok]: MOVE to another DB hash with fields to be expired (hashtable) (104 ms)
[ok]: INCREX - rewrite carries saturated value after UBOUND/LBOUND (101 ms)
[ok]: INCREX - rewrite creates the key from zero when key did not exist (100 ms)
[ok]: INCREX - keyspace notifications fire expected events in order (3 ms)
[ok]: Test COPY hash with fields to be expired (hashtable) (199 ms)
[49/149 done]: unit/type/increx (1 seconds)
Testing unit/type/list-2
[ok]: Test COPY hash that had HFEs but not during the copy (hashtable) (103 ms)
[ok]: Test SWAPDB hash-fields to be expired (hashtable) (103 ms)
[ok]: Test SWAPDB hash that had HFEs but not during the swap (hashtable) (93 ms)
[ok]: HMGET - returns empty entries if fields or hash expired (hashtable) (7 ms)
[ok]: HPERSIST - Returns array if the key does not exist (hashtable) (0 ms)
[ok]: HPERSIST - input validation (hashtable) (1 ms)
[ok]: HPERSIST - verify fields with TTL are persisted (hashtable) (25 ms)
[ok]: HTTL/HPERSIST - Test expiry commands with non-volatile hash (hashtable) (0 ms)
[ok]: DUMP / RESTORE are able to serialize / unserialize a hash (1 ms)
[ok]: RESTORE hash that had in the past HFEs but not during the dump (63 ms)
[ok]: DUMP / RESTORE are able to serialize / unserialize a hash with TTL 0 for all fields (2 ms)
[ok]: HINCRBY - discards pending expired field and reset its value (16 ms)
[ok]: HINCRBY - preserve expiration time of the field (1 ms)
[ok]: HINCRBYFLOAT - discards pending expired field and reset its value (17 ms)
[ok]: HINCRBYFLOAT - preserve expiration time of the field (0 ms)
[ok]: HGETDEL - delete field with ttl (hashtable) (32 ms)
[ok]: HGETEX - input validation (hashtable) (2 ms)
[ok]: HGETEX - input validation (expire time) (hashtable) (2 ms)
[ok]: HGETEX - get without setting ttl (hashtable) (0 ms)
[ok]: HGETEX - get and set the ttl (hashtable) (0 ms)
[ok]: HGETEX - Test 'EX' flag (hashtable) (1 ms)
[ok]: HGETEX - Test 'EXAT' flag (hashtable) (1 ms)
[ok]: HGETEX - Test 'PX' flag (hashtable) (0 ms)
[ok]: HGETEX - Test 'PXAT' flag (hashtable) (1 ms)
[ok]: HGETEX - Test 'PERSIST' flag (hashtable) (2 ms)
[ok]: HGETEX - Test setting ttl in the past will delete the key (hashtable) (0 ms)
[ok]: HGETEX - Test active expiry (hashtable) (0 ms)
[ok]: HGETEX - A field with TTL overridden with another value (TTL discarded) (hashtable) (1 ms)
[ok]: HGETEX - Test with lazy expiry (hashtable) (6 ms)
[ok]: HSETEX - input validation (hashtable) (7 ms)
[ok]: HSETEX - Basic test (hashtable) (1 ms)
[ok]: HSETEX - Test FXX flag (hashtable) (2 ms)
[ok]: HSETEX - Test FXX flag with lazy expire (hashtable) (16 ms)
[ok]: HSETEX - Test FNX flag (hashtable) (2 ms)
[ok]: HSETEX EX - field appears twice in FIELDS list with EX is allowed (hashtable) (0 ms)
[ok]: HSETEX FNX - field appears twice in FIELDS list with EX is allowed (hashtable) (1 ms)
[ok]: HSETEX - Test 'EX' flag (hashtable) (0 ms)
[ok]: HSETEX - Test 'EXAT' flag (hashtable) (0 ms)
[ok]: HSETEX - Test 'PX' flag (hashtable) (1 ms)
[ok]: HSETEX - Test 'PXAT' flag (hashtable) (0 ms)
[ok]: HSETEX - Test 'KEEPTTL' flag (hashtable) (2 ms)
[ok]: HSETEX - Test multiple 'FIELDS' arguments raise error (hashtable) (0 ms)
[ok]: HSETEX - Test no expiry flag discards TTL (hashtable) (0 ms)
[ok]: HSETEX - Test with active expiry (82 ms)
[ok]: HSETEX - Set time in the past (hashtable) (0 ms)
[ok]: Hash field expire - test allow-access-expired parameter enabled (4 ms)
[ok]: Statistics - Hashes with HFEs (hashtable) (205 ms)
[ok]: Statistics - Lazy expire increments expired_subkeys but not expired_subkeys_active (hashtable) (4 ms)
[ok]: Statistics - Active expire increments both expired_subkeys and expired_subkeys_active (hashtable) (102 ms)
[ok]: HFE commands against wrong type (2 ms)
[ok]: WAITAOF both local and replica got AOF enabled at runtime (1955 ms)
[ok]: Test listpack memory usage (1 ms)
[ok]: Test listpack object encoding (1 ms)
[ok]: Test listpack debug listpack (0 ms)
[ok]: Test listpack converts to ht and passive expiry works (52 ms)
[ok]: Test listpack converts to ht with allow-access-expired enabled (5 ms)
[ok]: Test listpack converts to ht and active expiry works (552 ms)
[ok]: Test listpack converts to ht and active expiry works (290 ms)
[ok]: HPERSIST/HEXPIRE - Test listpack with large values (66 ms)
[ok]: Test HEXPIRE coexists with EXPIRE (42 ms)
[ok]: WAITAOF master sends PING after last write (1203 ms)
[ok]: Test Command propagated to replica as expected (listpack) (343 ms)
[ok]: Lazy Expire - fields are lazy deleted and propagated to replicas (listpack) (238 ms)
[ok]: All TTLs in commands are propagated as absolute timestamp in milliseconds in AOF (219 ms)
[ok]: WAITAOF master client didn't send any write command (1203 ms)
[ok]: All TTL in commands are propagated as absolute timestamp in replication stream (79 ms)
[ok]: HRANDFIELD delete expired fields and propagate DELs to replica (116 ms)
[ok]: For all replicated TTL-related commands, absolute expire times are identical on primary and replica (16 ms)
[ok]: Test HSETEX command replication (56 ms)
[ok]: Test HGETEX command replication (132 ms)
[ok]: HINCRBYFLOAT command won't remove field expiration on replica (listpack) (399 ms)
[ok]: WAITAOF master client didn't send any command (1202 ms)
[ok]: Test Command propagated to replica as expected (ht) (344 ms)
[ok]: Lazy Expire - fields are lazy deleted and propagated to replicas (ht) (233 ms)
[ok]: All TTLs in commands are propagated as absolute timestamp in milliseconds in AOF (218 ms)
[ok]: All TTL in commands are propagated as absolute timestamp in replication stream (57 ms)
[ok]: HRANDFIELD delete expired fields and propagate DELs to replica (117 ms)
[ok]: For all replicated TTL-related commands, absolute expire times are identical on primary and replica (16 ms)
[ok]: Test HSETEX command replication (62 ms)
[ok]: Test HGETEX command replication (133 ms)
[ok]: HINCRBYFLOAT command won't remove field expiration on replica (ht) (397 ms)
[ok]: HEXPIRE FAMILY - Rigid expiration time positioning (listpackex) (2 ms)
[ok]: HEXPIREAT/HPEXPIREAT - Flexible keyword ordering (listpackex) (0 ms)
[ok]: HSETEX - Flexible argument parsing and validation (listpackex) (1 ms)
[ok]: HGETEX - Flexible argument parsing and validation (listpackex) (1 ms)
[ok]: HEXPIRE FAMILY - Rigid expiration time positioning (hashtable) (2 ms)
[ok]: HEXPIREAT/HPEXPIREAT - Flexible keyword ordering (hashtable) (0 ms)
[ok]: HSETEX - Flexible argument parsing and validation (hashtable) (1 ms)
[ok]: HGETEX - Flexible argument parsing and validation (hashtable) (1 ms)
[ok]: Field count validation - HEXPIRE family (listpackex) (1 ms)
[ok]: Field count validation - HSETEX (listpackex) (1 ms)
[ok]: Field count validation - HGETEX (listpackex) (1 ms)
[ok]: Error message consistency and validation (listpackex) (2 ms)
[ok]: Numeric field names validation (listpackex) (1 ms)
[ok]: Field count validation - HEXPIRE family (hashtable) (1 ms)
[ok]: Field count validation - HSETEX (hashtable) (1 ms)
[ok]: Field count validation - HGETEX (hashtable) (1 ms)
[ok]: Error message consistency and validation (hashtable) (1 ms)
[ok]: Numeric field names validation (hashtable) (0 ms)
[ok]: Multiple condition flags error handling (listpackex) (1 ms)
[ok]: Multiple FIELDS keywords error handling (listpackex) (1 ms)
[ok]: Boundary conditions and edge cases (listpackex) (11 ms)
[ok]: Field names that look like keywords or numbers (listpackex) (2 ms)
[ok]: Multiple condition flags error handling (hashtable) (1 ms)
[ok]: Multiple FIELDS keywords error handling (hashtable) (0 ms)
[ok]: Boundary conditions and edge cases (hashtable) (11 ms)
[ok]: Field names that look like keywords or numbers (hashtable) (1 ms)
[ok]: Parser state consistency (listpackex) (2 ms)
[ok]: Parser state consistency (hashtable) (1 ms)
[ok]: Stress test - complex scenarios with all features (listpackex) (4 ms)
[ok]: Backward compatibility verification (listpackex) (1 ms)
[ok]: Stress test - complex scenarios with all features (hashtable) (3 ms)
[ok]: Backward compatibility verification (hashtable) (1 ms)
[50/149 done]: unit/type/hash-field-expire (15 seconds)
Testing unit/type/list-3
[ok]: Explicit regression for a list bug (1 ms)
[ok]: Regression for quicklist #3343 bug (130 ms)
[ok]: WAITAOF when replica switches between masters, fsync: no (3348 ms)
[ok]: Check compression with recompress (88 ms)
[ok]: LTRIM stress testing - quicklist (7934 ms)
[ok]: Crash due to wrongly recompress after lrem (224 ms)
[ok]: LINSERT correctly recompress full quicklistNode after inserting a element before it (45 ms)
[ok]: LINSERT correctly recompress full quicklistNode after inserting a element after it (44 ms)
[ok]: WAITAOF when replica switches between masters, fsync: everysec (2353 ms)
[ok]: WAITAOF when replica switches between masters, fsync: always (1350 ms)
[ok]: setup replication for following tests (103 ms)
[ok]: WAIT and WAITAOF replica multiple clients unblock - reuse last result (697 ms)
[51/149 done]: unit/wait (33 seconds)
Testing unit/type/list
[ok]: packed node check compression with insert and pop (3 ms)
[ok]: packed node check compression combined with trim (1 ms)
[ok]: packed node check compression with lset (1 ms)
[ok]: plain node check compression with insert and pop (351 ms)
[ok]: plain node check compression combined with trim (130 ms)
[ok]: plain node check compression with lset (176 ms)
[ok]: Test LPUSH and LPOP on plain nodes (7 ms)
[ok]: Test LINDEX and LINSERT on plain nodes (2 ms)
[ok]: Test LTRIM on plain nodes (1 ms)
[ok]: Test LREM on plain nodes (2 ms)
[ok]: Test LPOS on plain nodes (1 ms)
[ok]: Test LMOVE on plain nodes (2 ms)
[ok]: Test LSET with packed / plain combinations (186 ms)
[ok]: Test LSET with packed is split in the middle (2 ms)
[ok]: Test LSET with packed consist only one item (190 ms)
[ok]: Crash due to delete entry from a compress quicklist node (2 ms)
[ok]: Crash due to split quicklist node wrongly (1 ms)
[ok]: Test LPUSH and LPOP on plain nodes (6 ms)
[ok]: Test LINDEX and LINSERT on plain nodes (1 ms)
[ok]: Test LTRIM on plain nodes (2 ms)
[ok]: Test LREM on plain nodes (1 ms)
[ok]: Test LPOS on plain nodes (1 ms)
[ok]: Test LMOVE on plain nodes (2 ms)
[ok]: Test LSET with packed / plain combinations (175 ms)
[ok]: Test LSET with packed is split in the middle (2 ms)
[ok]: Test LSET with packed consist only one item (178 ms)
[ok]: Crash due to delete entry from a compress quicklist node (2 ms)
[ok]: Crash due to split quicklist node wrongly (1 ms)
[ok]: LPOS basic usage - quicklist (47 ms)
[ok]: LPOS RANK (positive, negative and zero rank) option (1 ms)
[ok]: LPOS COUNT option (1 ms)
[ok]: LPOS COUNT + RANK option (0 ms)
[ok]: LPOS non existing key (0 ms)
[ok]: LPOS no match (0 ms)
[ok]: LPOS MAXLEN (1 ms)
[ok]: LPOS when RANK is greater than matches (1 ms)
[ok]: LPUSH, RPUSH, LLENGTH, LINDEX, LPOP - quicklist (88 ms)
[ok]: LPOP/RPOP with wrong number of arguments (0 ms)
[ok]: RPOP/LPOP with the optional count argument - quicklist (43 ms)
[ok]: LPOS basic usage - listpack (0 ms)
[ok]: LPOS RANK (positive, negative and zero rank) option (0 ms)
[ok]: LPOS COUNT option (1 ms)
[ok]: LPOS COUNT + RANK option (0 ms)
[ok]: LPOS non existing key (0 ms)
[ok]: LPOS no match (0 ms)
[ok]: LPOS MAXLEN (1 ms)
[ok]: LPOS when RANK is greater than matches (0 ms)
[ok]: LPUSH, RPUSH, LLENGTH, LINDEX, LPOP - listpack (3 ms)
[ok]: LPOP/RPOP with wrong number of arguments (1 ms)
[ok]: RPOP/LPOP with the optional count argument - listpack (1 ms)
[ok]: LPOP/RPOP with the count 0 returns an empty array in RESP3 (1 ms)
[ok]: LPOP/RPOP against non existing key in RESP3 (0 ms)
[ok]: LPOP/RPOP with <count> against non existing key in RESP3 (1 ms)
[ok]: LPOP/RPOP with the count 0 returns an empty array in RESP2 (0 ms)
[ok]: LPOP/RPOP against non existing key in RESP2 (0 ms)
[ok]: LPOP/RPOP with <count> against non existing key in RESP2 (1 ms)
[ok]: Variadic RPUSH/LPUSH (1 ms)
[ok]: DEL a list (0 ms)
[ok]: BLPOP: single existing list - quicklist (49 ms)
[ok]: BLPOP: multiple existing lists - quicklist (92 ms)
[ok]: BLPOP: second list has an entry - quicklist (44 ms)
[ok]: BLMPOP_LEFT: single existing list - quicklist (48 ms)
[ok]: BLMPOP_LEFT: multiple existing lists - quicklist (92 ms)
[ok]: BLMPOP_LEFT: second list has an entry - quicklist (43 ms)
[ok]: BRPOPLPUSH - quicklist (44 ms)
[ok]: BLMOVE left left - quicklist (44 ms)
[ok]: BLMOVE left right - quicklist (44 ms)
[ok]: BLMOVE right left - quicklist (44 ms)
[ok]: BLMOVE right right - quicklist (44 ms)
[ok]: BLPOP: single existing list - listpack (2 ms)
[ok]: BLPOP: multiple existing lists - listpack (3 ms)
[ok]: BLPOP: second list has an entry - listpack (2 ms)
[ok]: BLMPOP_LEFT: single existing list - listpack (2 ms)
[ok]: BLMPOP_LEFT: multiple existing lists - listpack (2 ms)
[ok]: BLMPOP_LEFT: second list has an entry - listpack (2 ms)
[ok]: BRPOPLPUSH - listpack (2 ms)
[ok]: BLMOVE left left - listpack (2 ms)
[ok]: BLMOVE left right - listpack (2 ms)
[ok]: BLMOVE right left - listpack (2 ms)
[ok]: BLMOVE right right - listpack (2 ms)
[ok]: BLPOP, LPUSH + DEL should not awake blocked client (2 ms)
[ok]: BLPOP, LPUSH + DEL + SET should not awake blocked client (2 ms)
[ok]: BLMPOP_LEFT, LPUSH + DEL should not awake blocked client (2 ms)
[ok]: BLMPOP_LEFT, LPUSH + DEL + SET should not awake blocked client (2 ms)
[ok]: BLPOP with same key multiple times should work (issue #801) (2 ms)
[ok]: MULTI/EXEC is isolated from the point of view of BLPOP (2 ms)
[ok]: BLPOP with variadic LPUSH (1 ms)
[ok]: MULTI/EXEC is isolated from the point of view of BLMPOP_LEFT (2 ms)
[ok]: BLMPOP_LEFT with variadic LPUSH (1 ms)
[ok]: BRPOPLPUSH with zero timeout should block indefinitely (2 ms)
[ok]: BLMOVE left left with zero timeout should block indefinitely (1 ms)
[ok]: BLMOVE left right with zero timeout should block indefinitely (2 ms)
[ok]: BLMOVE right left with zero timeout should block indefinitely (1 ms)
[ok]: BLMOVE right right with zero timeout should block indefinitely (2 ms)
[ok]: BLMOVE (left, left) with a client BLPOPing the target list (2 ms)
[ok]: BLMOVE (left, right) with a client BLPOPing the target list (2 ms)
[ok]: BLMOVE (right, left) with a client BLPOPing the target list (2 ms)
[ok]: BLMOVE (right, right) with a client BLPOPing the target list (1 ms)
[ok]: BRPOPLPUSH with wrong source type (1 ms)
[ok]: BRPOPLPUSH with wrong destination type (2 ms)
[ok]: BRPOPLPUSH maintains order of elements after failure (2 ms)
[ok]: BRPOPLPUSH with multiple blocked clients (2 ms)
[ok]: BLMPOP with multiple blocked clients (4 ms)
[ok]: Linked LMOVEs (3 ms)
[ok]: Circular BRPOPLPUSH (2 ms)
[ok]: Self-referential BRPOPLPUSH (1 ms)
[ok]: BRPOPLPUSH inside a transaction (1 ms)
[ok]: PUSH resulting from BRPOPLPUSH affect WATCH (2 ms)
[ok]: BRPOPLPUSH does not affect WATCH while still blocked (3 ms)
[ok]: LTRIM stress testing - listpack (8039 ms)
[52/149 done]: unit/type/list-2 (16 seconds)
Testing unit/type/set
[ok]: SADD, SCARD, SISMEMBER, SMISMEMBER, SMEMBERS basics - listpack (2 ms)
[ok]: SADD, SCARD, SISMEMBER, SMISMEMBER, SMEMBERS basics - hashtable (15 ms)
[ok]: SADD, SCARD, SISMEMBER, SMISMEMBER, SMEMBERS basics - intset (2 ms)
[ok]: SMISMEMBER SMEMBERS SCARD against non set (1 ms)
[ok]: SMISMEMBER SMEMBERS SCARD against non existing key (1 ms)
[ok]: SMISMEMBER requires one or more members (0 ms)
[ok]: SADD against non set (1 ms)
[ok]: SADD a non-integer against a small intset (1 ms)
[ok]: SADD a non-integer against a large intset (13 ms)
[ok]: SADD an integer larger than 64 bits (0 ms)
[ok]: SADD an integer larger than 64 bits to a large intset (13 ms)
[ok]: SADD overflows the maximum allowed integers in an intset - single (51 ms)
[ok]: SADD overflows the maximum allowed elements in a listpack - single (13 ms)
[ok]: SADD overflows the maximum allowed integers in an intset - multiple (44 ms)
[ok]: SADD overflows the maximum allowed elements in a listpack - multiple (1 ms)
[ok]: SADD overflows the maximum allowed integers in an intset - single_multiple (46 ms)
[ok]: SADD overflows the maximum allowed elements in a listpack - single_multiple (1 ms)
[ok]: Variadic SADD (1 ms)
[ok]: Set encoding after DEBUG RELOAD (172 ms)
[ok]: SREM basics - $type (1 ms)
[ok]: SREM basics - $type (14 ms)
[ok]: SREM basics - intset (1 ms)
[ok]: SREM with multiple arguments (1 ms)
[ok]: SREM variadic version with more args needed to destroy the key (1 ms)
[ok]: SINTERCARD with illegal arguments (1 ms)
[ok]: SINTERCARD against non-set should throw error (1 ms)
[ok]: SINTERCARD against non-existing key (1 ms)
[ok]: Generated sets must be encoded correctly - regular (1 ms)
[ok]: SINTER with two sets - regular (0 ms)
[ok]: SINTERCARD with two sets - regular (1 ms)
[ok]: SINTERSTORE with two sets - regular (0 ms)
[ok]: SINTERSTORE with two sets, after a DEBUG RELOAD - regular (6 ms)
[ok]: SUNION with two sets - regular (7 ms)
[ok]: SUNIONSTORE with two sets - regular (7 ms)
[ok]: SINTER against three sets - regular (0 ms)
[ok]: SINTERCARD against three sets - regular (0 ms)
[ok]: SINTERSTORE with three sets - regular (0 ms)
[ok]: SUNION with non existing keys - regular (6 ms)
[ok]: SDIFF with two sets - regular (0 ms)
[ok]: SDIFF with three sets - regular (0 ms)
[ok]: SDIFFSTORE with three sets - regular (1 ms)
[ok]: SINTER/SUNION/SDIFF with three same sets - regular (5 ms)
[ok]: Generated sets must be encoded correctly - intset (1 ms)
[ok]: SINTER with two sets - intset (0 ms)
[ok]: SINTERCARD with two sets - intset (1 ms)
[ok]: SINTERSTORE with two sets - intset (0 ms)
[ok]: SINTERSTORE with two sets, after a DEBUG RELOAD - intset (6 ms)
[ok]: SUNION with two sets - intset (6 ms)
[ok]: SUNIONSTORE with two sets - intset (6 ms)
[ok]: SINTER against three sets - intset (1 ms)
[ok]: SINTERCARD against three sets - intset (0 ms)
[ok]: SINTERSTORE with three sets - intset (1 ms)
[ok]: SUNION with non existing keys - intset (6 ms)
[ok]: SDIFF with two sets - intset (1 ms)
[ok]: SDIFF with three sets - intset (0 ms)
[ok]: SDIFFSTORE with three sets - intset (1 ms)
[ok]: SINTER/SUNION/SDIFF with three same sets - intset (5 ms)
[ok]: SINTERSTORE with two listpack sets where result is intset (1 ms)
[ok]: SINTERSTORE with two hashtable sets where result is intset (27 ms)
[ok]: SUNION hashtable and listpack (2 ms)
[ok]: SDIFF with first set empty (0 ms)
[ok]: SDIFF with same set two times (1 ms)
[ok]: BRPOPLPUSH timeout (1014 ms)
[ok]: SWAPDB awakes blocked client (3 ms)
[ok]: SWAPDB wants to wake blocked client, but the key already expired (124 ms)
[ok]: MULTI + LPUSH + EXPIRE + DEBUG SLEEP on blocked client, key already expired (301 ms)
[ok]: BLPOP unblock but the key is expired and then block again - reprocessing command (1006 ms)
[ok]: BLPOP when new key is moved into place (2 ms)
[ok]: BLPOP when result key is created by SORT..STORE (2 ms)
[ok]: BLMPOP_LEFT when new key is moved into place (2 ms)
[ok]: BLMPOP_LEFT when result key is created by SORT..STORE (1 ms)
[ok]: BLPOP: timeout value out of range (1 ms)
[ok]: BLPOP: with single empty list argument (1 ms)
[ok]: BLPOP: with negative timeout (1 ms)
[ok]: BLPOP: with non-integer timeout (1 ms)
[ok]: BLPOP: with zero timeout should block indefinitely (1 ms)
[ok]: BLPOP: with 0.001 timeout should not block indefinitely (21 ms)
[ok]: BLPOP: second argument is not a list (2 ms)
[ok]: BLPOP: timeout (1067 ms)
[ok]: BLPOP: arguments are empty (3 ms)
[ok]: BRPOP: with single empty list argument (2 ms)
[ok]: BRPOP: with negative timeout (1 ms)
[ok]: BRPOP: with non-integer timeout (1 ms)
[ok]: BRPOP: with zero timeout should block indefinitely (2 ms)
[ok]: BRPOP: with 0.001 timeout should not block indefinitely (22 ms)
[ok]: BRPOP: second argument is not a list (1 ms)
[ok]: BRPOP: timeout (1072 ms)
[ok]: BRPOP: arguments are empty (3 ms)
[ok]: BLMPOP_LEFT: with single empty list argument (1 ms)
[ok]: BLMPOP_LEFT: with negative timeout (1 ms)
[ok]: BLMPOP_LEFT: with non-integer timeout (1 ms)
[ok]: BLMPOP_LEFT: with zero timeout should block indefinitely (1 ms)
[ok]: BLMPOP_LEFT: with 0.001 timeout should not block indefinitely (21 ms)
[ok]: BLMPOP_LEFT: second argument is not a list (0 ms)
[ok]: SDIFF fuzzing (4104 ms)
[ok]: SDIFF against non-set should throw error (1 ms)
[ok]: SDIFF should handle non existing key as empty (1 ms)
[ok]: SDIFFSTORE against non-set should throw error (2 ms)
[ok]: SDIFFSTORE should handle non existing key as empty (2 ms)
[ok]: SINTER against non-set should throw error (1 ms)
[ok]: SINTER should handle non existing key as empty (0 ms)
[ok]: SINTER with same integer elements but different encoding (1 ms)
[ok]: SINTERSTORE against non-set should throw error (2 ms)
[ok]: SINTERSTORE against non existing keys should delete dstkey (1 ms)
[ok]: SUNION against non-set should throw error (1 ms)
[ok]: SUNION should handle non existing key as empty (0 ms)
[ok]: SUNIONSTORE against non-set should throw error (2 ms)
[ok]: SUNIONSTORE should handle non existing key as empty (2 ms)
[ok]: SUNIONSTORE against non existing keys should delete dstkey (0 ms)
[ok]: SPOP basics - listpack (1 ms)
[ok]: SPOP with <count>=1 - listpack (1 ms)
[ok]: SRANDMEMBER - listpack (10 ms)
[ok]: SPOP basics - intset (1 ms)
[ok]: SPOP with <count>=1 - intset (1 ms)
[ok]: SRANDMEMBER - intset (10 ms)
[ok]: SPOP integer from listpack set (1 ms)
[ok]: SPOP with <count> - listpack (4 ms)
[ok]: SPOP with <count> - intset (4 ms)
[ok]: SPOP with <count> - hashtable (4 ms)
[ok]: SPOP using integers, testing Knuth's and Floyd's algorithm (4 ms)
[ok]: SPOP using integers with Knuth's algorithm (0 ms)
[ok]: SPOP new implementation: code path #1 intset (2 ms)
[ok]: SPOP new implementation: code path #2 intset (2 ms)
[ok]: SPOP new implementation: code path #3 intset (3 ms)
[ok]: SPOP new implementation: code path #1 listpack (3 ms)
[ok]: SPOP new implementation: code path #2 listpack (2 ms)
[ok]: SPOP new implementation: code path #3 listpack (2 ms)
[ok]: SPOP new implementation: code path #1 propagate as DEL or UNLINK (101 ms)
[ok]: SRANDMEMBER count of 0 is handled correctly (1 ms)
[ok]: SRANDMEMBER with <count> against non existing key (0 ms)
[ok]: SRANDMEMBER count overflow (0 ms)
[ok]: SRANDMEMBER count of 0 is handled correctly - emptyarray (0 ms)
[ok]: SRANDMEMBER with <count> against non existing key - emptyarray (0 ms)
[ok]: SRANDMEMBER with <count> - listpack (22 ms)
[ok]: SRANDMEMBER with <count> - intset (20 ms)
[ok]: SRANDMEMBER with <count> - hashtable (25 ms)
[ok]: SRANDMEMBER histogram distribution - listpack (92 ms)
[ok]: SRANDMEMBER histogram distribution - intset (93 ms)
[ok]: SRANDMEMBER histogram distribution - hashtable (93 ms)
[ok]: BLMPOP_LEFT: timeout (1073 ms)
[ok]: BLMPOP_LEFT: arguments are empty (2 ms)
[ok]: BLMPOP_RIGHT: with single empty list argument (1 ms)
[ok]: BLMPOP_RIGHT: with negative timeout (1 ms)
[ok]: BLMPOP_RIGHT: with non-integer timeout (1 ms)
[ok]: BLMPOP_RIGHT: with zero timeout should block indefinitely (1 ms)
[ok]: BLMPOP_RIGHT: with 0.001 timeout should not block indefinitely (22 ms)
[ok]: BLMPOP_RIGHT: second argument is not a list (1 ms)
[ok]: BLMPOP_RIGHT: timeout (1074 ms)
[ok]: BLMPOP_RIGHT: arguments are empty (2 ms)
[ok]: BLPOP inside a transaction (1 ms)
[ok]: BLMPOP_LEFT inside a transaction (1 ms)
[ok]: BLMPOP propagate as pop with count command to replica (198 ms)
[ok]: LPUSHX, RPUSHX - generic (0 ms)
[ok]: LPUSHX, RPUSHX - quicklist (44 ms)
[ok]: LINSERT - quicklist (45 ms)
[ok]: LPUSHX, RPUSHX - listpack (1 ms)
[ok]: LINSERT - listpack (2 ms)
[ok]: LINSERT raise error on bad syntax (0 ms)
[ok]: LINSERT against non-list value error (0 ms)
[ok]: LINSERT against non existing key (0 ms)
[ok]: LINDEX consistency test - listpack (75 ms)
[ok]: LINDEX random access - listpack (53 ms)
[ok]: Check if list is still ok after a DEBUG RELOAD - listpack (112 ms)
[ok]: LINDEX consistency test - listpack (154 ms)
[ok]: LINDEX random access - listpack (108 ms)
[ok]: Check if list is still ok after a DEBUG RELOAD - listpack (215 ms)
[ok]: LINDEX consistency test - quicklist (76 ms)
[ok]: LINDEX random access - quicklist (53 ms)
[ok]: Check if list is still ok after a DEBUG RELOAD - quicklist (108 ms)
[ok]: LINDEX consistency test - quicklist (151 ms)
[ok]: LINDEX random access - quicklist (108 ms)
[ok]: Check if list is still ok after a DEBUG RELOAD - quicklist (210 ms)
[ok]: LLEN against non-list value error (0 ms)
[ok]: LLEN against non existing key (0 ms)
[ok]: LINDEX against non-list value error (1 ms)
[ok]: LINDEX against non existing key (0 ms)
[ok]: LPUSH against non-list value error (0 ms)
[ok]: RPUSH against non-list value error (0 ms)
[ok]: RPOPLPUSH base case - quicklist (43 ms)
[ok]: LMOVE left left base case - quicklist (44 ms)
[ok]: LMOVE left right base case - quicklist (44 ms)
[ok]: LMOVE right left base case - quicklist (44 ms)
[ok]: LMOVE right right base case - quicklist (44 ms)
[ok]: RPOPLPUSH with the same list as src and dst - quicklist (43 ms)
[ok]: LMOVE left left with the same list as src and dst - quicklist (43 ms)
[ok]: LMOVE left right with the same list as src and dst - quicklist (43 ms)
[ok]: LMOVE right left with the same list as src and dst - quicklist (44 ms)
[ok]: LMOVE right right with the same list as src and dst - quicklist (43 ms)
[ok]: RPOPLPUSH with quicklist source and existing target quicklist (88 ms)
[ok]: LMOVE left left with quicklist source and existing target quicklist (88 ms)
[ok]: LMOVE left right with quicklist source and existing target quicklist (88 ms)
[ok]: LMOVE right left with quicklist source and existing target quicklist (88 ms)
[ok]: LMOVE right right with quicklist source and existing target quicklist (88 ms)
[ok]: RPOPLPUSH with quicklist source and existing target listpack (44 ms)
[ok]: LMOVE left left with quicklist source and existing target listpack (44 ms)
[ok]: LMOVE left right with quicklist source and existing target listpack (44 ms)
[ok]: LMOVE right left with quicklist source and existing target listpack (44 ms)
[ok]: LMOVE right right with quicklist source and existing target listpack (44 ms)
[ok]: RPOPLPUSH base case - listpack (1 ms)
[ok]: LMOVE left left base case - listpack (2 ms)
[ok]: LMOVE left right base case - listpack (1 ms)
[ok]: LMOVE right left base case - listpack (2 ms)
[ok]: LMOVE right right base case - listpack (1 ms)
[ok]: RPOPLPUSH with the same list as src and dst - listpack (1 ms)
[ok]: LMOVE left left with the same list as src and dst - listpack (1 ms)
[ok]: LMOVE left right with the same list as src and dst - listpack (1 ms)
[ok]: LMOVE right left with the same list as src and dst - listpack (1 ms)
[ok]: LMOVE right right with the same list as src and dst - listpack (1 ms)
[ok]: RPOPLPUSH with listpack source and existing target quicklist (43 ms)
[ok]: LMOVE left left with listpack source and existing target quicklist (44 ms)
[ok]: LMOVE left right with listpack source and existing target quicklist (44 ms)
[ok]: LMOVE right left with listpack source and existing target quicklist (48 ms)
[ok]: LMOVE right right with listpack source and existing target quicklist (44 ms)
[ok]: RPOPLPUSH with listpack source and existing target listpack (2 ms)
[ok]: LMOVE left left with listpack source and existing target listpack (1 ms)
[ok]: LMOVE left right with listpack source and existing target listpack (2 ms)
[ok]: LMOVE right left with listpack source and existing target listpack (1 ms)
[ok]: LMOVE right right with listpack source and existing target listpack (2 ms)
[ok]: RPOPLPUSH against non existing key (1 ms)
[ok]: RPOPLPUSH against non list src key (0 ms)
[ok]: RPOPLPUSH against non list dst key - quicklist (42 ms)
[ok]: RPOPLPUSH against non list dst key - listpack (1 ms)
[ok]: RPOPLPUSH against non existing src key (0 ms)
[ok]: Basic LPOP/RPOP/LMPOP - quicklist (90 ms)
[ok]: Basic LPOP/RPOP/LMPOP - listpack (1 ms)
[ok]: LPOP/RPOP/LMPOP against empty list (0 ms)
[ok]: LPOP/RPOP/LMPOP NON-BLOCK or BLOCK against non list value (1 ms)
[ok]: Mass RPOP/LPOP - listpack (52 ms)
[ok]: Mass RPOP/LPOP - listpack (102 ms)
[ok]: LMPOP with illegal argument (2 ms)
[ok]: LMPOP single existing list - quicklist (134 ms)
[ok]: LMPOP multiple existing lists - quicklist (188 ms)
[ok]: LMPOP single existing list - listpack (4 ms)
[ok]: LMPOP multiple existing lists - listpack (4 ms)
[ok]: LMPOP propagate as pop with count command to replica (28 ms)
[ok]: LRANGE basics - quicklist (43 ms)
[ok]: LRANGE inverted indexes - quicklist (48 ms)
[ok]: LRANGE out of range indexes including the full list - quicklist (47 ms)
[ok]: LRANGE out of range negative end index - quicklist (44 ms)
[ok]: LRANGE basics - listpack (2 ms)
[ok]: LRANGE inverted indexes - listpack (1 ms)
[ok]: LRANGE out of range indexes including the full list - listpack (1 ms)
[ok]: LRANGE out of range negative end index - listpack (1 ms)
[ok]: LRANGE against non existing key (0 ms)
[ok]: LRANGE with start > end yields an empty array for backward compatibility (0 ms)
[ok]: LTRIM basics - quicklist (536 ms)
[ok]: LTRIM out of range negative end index - quicklist (96 ms)
[ok]: LSET - quicklist (45 ms)
[ok]: LSET out of range index - quicklist (0 ms)
[ok]: LTRIM basics - listpack (12 ms)
[ok]: LTRIM out of range negative end index - listpack (2 ms)
[ok]: LSET - listpack (1 ms)
[ok]: LSET out of range index - listpack (0 ms)
[ok]: LSET against non existing key (0 ms)
[ok]: LSET against non list value (0 ms)
[ok]: LREM remove all the occurrences - quicklist (47 ms)
[ok]: LREM remove the first occurrence - quicklist (1 ms)
[ok]: LREM remove non existing element - quicklist (0 ms)
[ok]: LREM starting from tail with negative count - quicklist (43 ms)
[ok]: LREM starting from tail with negative count (2) - quicklist (1 ms)
[ok]: LREM deleting objects that may be int encoded - quicklist (42 ms)
[ok]: LREM remove all the occurrences - listpack (1 ms)
[ok]: LREM remove the first occurrence - listpack (1 ms)
[ok]: LREM remove non existing element - listpack (0 ms)
[ok]: LREM starting from tail with negative count - listpack (2 ms)
[ok]: LREM starting from tail with negative count (2) - listpack (0 ms)
[ok]: LREM deleting objects that may be int encoded - listpack (1 ms)
[ok]: Regression for bug 593 - chaining BRPOPLPUSH with other blocking cmds (2 ms)
[ok]: BLPOP/BLMOVE should increase dirty (3 ms)
[ok]: client unblock tests (5 ms)
[ok]: client unblock tests (3 ms)
[ok]: List listpack -> quicklist encoding conversion (4 ms)
[ok]: List listpack -> quicklist encoding conversion (177 ms)
[ok]: List quicklist -> listpack encoding conversion (224 ms)
[ok]: List encoding conversion when RDB loading (12 ms)
[ok]: List invalid list-max-listpack-size config (87 ms)
[ok]: List of various encodings (92 ms)
[ok]: List of various encodings - sanitize dump (2 ms)
[ok]: Unblock fairness is kept while pipelining (3 ms)
[ok]: Unblock fairness is kept during nested unblock (3 ms)
[ok]: Blocking command accounted only once in commandstats (2 ms)
[ok]: Blocking command accounted only once in commandstats after timeout (2 ms)
[ok]: Command being unblocked cause another command to get unblocked execution order test (69 ms)
[ok]: Blocking timeout following PAUSE should honor the timeout (1004 ms)
[ok]: CLIENT NO-TOUCH with BRPOP and RPUSH regression test (3 ms)
[53/149 done]: unit/type/list (17 seconds)
Testing unit/type/stream-cgroups
[ok]: XGROUP CREATE: creation and duplicate group name detection (1 ms)
[ok]: XGROUP CREATE: with ENTRIESREAD parameter (1 ms)
[ok]: XGROUP CREATE: automatic stream creation fails without MKSTREAM (1 ms)
[ok]: XGROUP CREATE: automatic stream creation works with MKSTREAM (0 ms)
[ok]: XREADGROUP basic argument count validation (1 ms)
[ok]: XREADGROUP GROUP keyword validation (1 ms)
[ok]: XREADGROUP empty group name handling (0 ms)
[ok]: XREADGROUP STREAMS keyword validation (1 ms)
[ok]: XREADGROUP stream and ID pairing (1 ms)
[ok]: XREADGROUP COUNT parameter validation (0 ms)
[ok]: XREADGROUP BLOCK parameter validation (1 ms)
[ok]: XREADGROUP stream ID format validation (2 ms)
[ok]: XREADGROUP nonexistent group (0 ms)
[ok]: XREADGROUP nonexistent stream with existing group (1 ms)
[ok]: XREADGROUP wrong key type (0 ms)
[ok]: XREADGROUP boundary value validation (0 ms)
[ok]: XREADGROUP malformed parameter syntax (1 ms)
[ok]: XREADGROUP will return only new elements (1 ms)
[ok]: XREADGROUP can read the history of the elements we own (1 ms)
[ok]: XPENDING is able to return pending items (1 ms)
[ok]: XPENDING can return single consumer items (0 ms)
[ok]: XPENDING only group (0 ms)
[ok]: XPENDING with IDLE (20 ms)
[ok]: XPENDING with exclusive range intervals works as expected (0 ms)
[ok]: XACK is able to remove items from the consumer/group PEL (1 ms)
[ok]: XACK can't remove the same item multiple times (0 ms)
[ok]: XACK is able to accept multiple arguments (1 ms)
[ok]: XACK should fail if got at least one invalid ID (1 ms)
[ok]: PEL NACK reassignment after XGROUP SETID event (1 ms)
[ok]: XREADGROUP will not report data on empty history. Bug #5577 (1 ms)
[ok]: XREADGROUP history reporting of deleted entries. Bug #5570 (1 ms)
[ok]: Blocking XREADGROUP will not reply with an empty array (33 ms)
[ok]: Blocking XREADGROUP: key deleted (1 ms)
[ok]: Blocking XREADGROUP: key type changed with SET (2 ms)
[ok]: Blocking XREADGROUP: key type changed with transaction (2 ms)
[ok]: Blocking XREADGROUP: flushed DB (2 ms)
[ok]: Blocking XREADGROUP: swapped DB, key doesn't exist (2 ms)
[ok]: Blocking XREADGROUP: swapped DB, key is not a stream (2 ms)
[ok]: XREAD and XREADGROUP against wrong parameter (1 ms)
[ok]: Blocking XREAD: key deleted (2 ms)
[ok]: Blocking XREAD: key type changed with SET (1 ms)
[ok]: Blocking XREADGROUP for stream that ran dry (issue #5299) (92 ms)
[ok]: Blocking XREADGROUP will ignore BLOCK if ID is not > (4 ms)
[ok]: Blocking XREADGROUP for stream key that has clients blocked on list (4 ms)
[ok]: Blocking XREADGROUP for stream key that has clients blocked on stream - avoid endless loop (3 ms)
[ok]: Blocking XREADGROUP for stream key that has clients blocked on stream - reprocessing command (1093 ms)
[ok]: XGROUP DESTROY should unblock XREADGROUP with -NOGROUP (4 ms)
[ok]: XGROUP DESTROY removes all consumer group references (2 ms)
[ok]: XGROUP DESTROY correctly manage min_cgroup_last_id cache (1 ms)
[ok]: RENAME can unblock XREADGROUP with data (1 ms)
[ok]: RENAME can unblock XREADGROUP with -NOGROUP (2 ms)
[ok]: XCLAIM can claim PEL items from another consumer (606 ms)
[ok]: XCLAIM without JUSTID increments delivery count (403 ms)
[ok]: XCLAIM same consumer (202 ms)
[ok]: XAUTOCLAIM can claim PEL items from another consumer (605 ms)
[ok]: XAUTOCLAIM as an iterator (203 ms)
[ok]: XAUTOCLAIM COUNT must be > 0 (0 ms)
[ok]: XCLAIM with XDEL (2 ms)
[ok]: XCLAIM with trimming (1 ms)
[ok]: XAUTOCLAIM with XDEL (2 ms)
[ok]: XAUTOCLAIM with XDEL and count (1 ms)
[ok]: XAUTOCLAIM with out of range count (0 ms)
[ok]: XCLAIM with trimming (1 ms)
[ok]: XINFO FULL output (4 ms)
[ok]: Consumer seen-time and active-time (205 ms)
[ok]: XGROUP CREATECONSUMER: create consumer if does not exist (2 ms)
[ok]: XGROUP CREATECONSUMER: group must exist (1 ms)
[ok]: XREADGROUP of multiple entries changes dirty by one (2 ms)
[ok]: XREADGROUP from PEL does not change dirty (4 ms)
[ok]: XREADGROUP with NOACK creates consumer (7 ms)
[ok]: Consumer without PEL is present in AOF after AOFRW (112 ms)
[ok]: Consumer group read counter and lag in empty streams (1 ms)
[ok]: Consumer group read counter and lag sanity (4 ms)
[ok]: Consumer group lag with XDELs (9 ms)
[ok]: Consumer Group Lag with XDELs and tombstone after the last_id of consume group (4 ms)
[ok]: Consumer group lag with XTRIM (4 ms)
[ok]: Loading from legacy (Redis <= v6.2.x, rdb_ver < 10) persistence (1 ms)
[ok]: Loading from legacy (Redis <= v7.0.x, rdb_ver < 11) persistence (1 ms)
[ok]: Consumer group last ID propagation to slave (NOACK=0) (105 ms)
[ok]: Consumer group last ID propagation to slave (NOACK=1) (104 ms)
[ok]: Replication tests of XCLAIM with deleted entries (autoclaim=0) (106 ms)
[ok]: Replication tests of XCLAIM with deleted entries (autoclaim=1) (4 ms)
[ok]: XREADGROUP ACK would propagate entries-read (4 ms)
[ok]: XREADGROUP from PEL inside MULTI (1 ms)
[ok]: Empty stream with no lastid can be rewrite into AOF correctly (108 ms)
[ok]: XACKDEL wrong number of args (1 ms)
[ok]: XACKDEL should return empty array when key doesn't exist or group doesn't exist (1 ms)
[ok]: XACKDEL IDS parameter validation (1 ms)
[ok]: XACKDEL KEEPREF/DELREF/ACKED parameter validation (1 ms)
[ok]: XACKDEL with DELREF option acknowledges will remove entry from all PELs (2 ms)
[ok]: XACKDEL with ACKED option only deletes messages acknowledged by all groups (2 ms)
[ok]: XACKDEL with KEEPREF (2 ms)
[ok]: XGROUP CREATE with ENTRIESREAD larger than stream entries should cap the value (1 ms)
[ok]: XGROUP SETID with ENTRIESREAD larger than stream entries should cap the value (1 ms)
[ok]: XACKDEL with IDs exceeding STREAMID_STATIC_VECTOR_LEN for heap allocation (0 ms)
[ok]: XREADGROUP CLAIM delivery count increments replicated correctly (737 ms)
[ok]: XREADGROUP propagates new consumer to replica (328 ms)
[ok]: XREADGROUP CLAIM field types are correct (101 ms)
[ok]: XREADGROUP CLAIM returns unacknowledged messages (102 ms)
[ok]: XREADGROUP CLAIM respects min-idle-time threshold (1 ms)
[ok]: XREADGROUP CLAIM with COUNT limit (101 ms)
[ok]: XREADGROUP CLAIM without messages (0 ms)
[ok]: XREADGROUP CLAIM without pending messages (1 ms)
[ok]: XREADGROUP CLAIM message response format (101 ms)
[ok]: XREADGROUP CLAIM delivery count (604 ms)
[ok]: XREADGROUP CLAIM idle time (273 ms)
[ok]: XREADGROUP CLAIM with NOACK (101 ms)
[ok]: XREADGROUP CLAIM with NOACK and pending messages (202 ms)
[ok]: XREADGROUP CLAIM with multiple streams (102 ms)
[ok]: XREADGROUP CLAIM with min-idle-time equal to zero (1 ms)
[ok]: XREADGROUP CLAIM with large min-idle-time (101 ms)
[ok]: XREADGROUP CLAIM with not integer for min-idle-time (3 ms)
[ok]: XREADGROUP CLAIM with negative integer for min-idle-time (2 ms)
[ok]: XREADGROUP CLAIM with different position (405 ms)
[ok]: SRANDMEMBER with a dict containing long chain (17116 ms)
[ok]: SMOVE basics - from regular set to intset (4 ms)
[ok]: SMOVE basics - from intset to regular set (1 ms)
[ok]: SMOVE non existing key (2 ms)
[ok]: SMOVE non existing src set (2 ms)
[ok]: SMOVE from regular set to non existing destination set (1 ms)
[ok]: SMOVE from intset to non existing destination set (2 ms)
[ok]: SMOVE wrong src key type (0 ms)
[ok]: SMOVE wrong dst key type (0 ms)
[ok]: SMOVE with identical source and destination (0 ms)
[ok]: SMOVE only notify dstset when the addition is successful (2 ms)
[ok]: XREADGROUP CLAIM with specific ID (102 ms)
[ok]: XREADGROUP CLAIM on non-existing consumer group (101 ms)
[ok]: XREADGROUP CLAIM on non-existing consumer (102 ms)
[ok]: XREADGROUP CLAIM verify ownership transfer and delivery count updates (102 ms)
[ok]: XREADGROUP CLAIM verify XACK removes messages from CLAIM pool (202 ms)
[ok]: XREADGROUP CLAIM verify that XCLAIM updates delivery count (203 ms)
[ok]: XREADGROUP CLAIM verify forced entries are claimable (1 ms)
[ok]: XREADGROUP CLAIM with BLOCK zero (488 ms)
[ok]: XREADGROUP CLAIM with two blocked clients (201 ms)
[ok]: intsets implementation stress testing (2579 ms)
[54/149 done]: unit/type/set (26 seconds)
Testing unit/type/stream
[ok]: XADD wrong number of args (1 ms)
[ok]: XADD can add entries into a stream that XRANGE can fetch (1 ms)
[ok]: XADD IDs are incremental (0 ms)
[ok]: XADD IDs are incremental when ms is the same as well (0 ms)
[ok]: XADD IDs correctly report an error when overflowing (1 ms)
[ok]: XADD auto-generated sequence is incremented for last ID (0 ms)
[ok]: XADD auto-generated sequence is zero for future timestamp ID (0 ms)
[ok]: XADD auto-generated sequence can't be smaller than last ID (0 ms)
[ok]: XADD auto-generated sequence can't overflow (0 ms)
[ok]: XADD 0-* should succeed (0 ms)
[ok]: XREADGROUP CLAIM messages become claimable during block (1504 ms)
[ok]: XADD with MAXLEN option (115 ms)
[ok]: XREADGROUP CLAIM block times out with no claimable messages (102 ms)
[ok]: XADD with MAXLEN option and the '=' argument (117 ms)
[ok]: XREADGROUP CLAIM block with multiple streams, mixed claimable (102 ms)
[ok]: XREADGROUP CLAIM claims all pending immediately (1 ms)
[ok]: XADD with MAXLEN option and the '~' argument (111 ms)
[ok]: XADD with NOMKSTREAM option (1 ms)
[ok]: XREADGROUP CLAIM with BLOCK and NOACK (101 ms)
[ok]: XREADGROUP CLAIM BLOCK wakes on new message before min-idle-time reached (2 ms)
[ok]: XREADGROUP CLAIM verify claiming order (3 ms)
[ok]: XADD with MINID option (117 ms)
[ok]: XADD with MAXLEN option and ACKED option (3 ms)
[ok]: XADD with ACKED option doesn't crash after DEBUG RELOAD (12 ms)
[ok]: XREADGROUP CLAIM after consumer deleted with pending messages (102 ms)
[ok]: XADD with MAXLEN option and DELREF option (1 ms)
[ok]: XADD IDMP with invalid syntax (1 ms)
[ok]: XADD IDMP basic addition (4 ms)
[ok]: XADD IDMP duplicate request returns same ID (1 ms)
[ok]: XADD IDMP multiple different IIDs create multiple entries (1 ms)
[ok]: XADD IDMP with binary-safe iid (0 ms)
[ok]: XADD IDMP with maximum length iid (44 ms)
[ok]: XADD IDMP with MAXLEN option (1 ms)
[ok]: XADD IDMP with MINID option (1 ms)
[ok]: XADD IDMP with NOMKSTREAM option (1 ms)
[ok]: XADD IDMP with KEEPREF option (0 ms)
[ok]: XADD IDMP with combined options (0 ms)
[ok]: XADD IDMP argument order variations (1 ms)
[ok]: XADD IDMP concurrent duplicate requests (3 ms)
[ok]: XADD IDMP pipelined requests (1 ms)
[ok]: XADD IDMP with consumer groups (1 ms)
[ok]: XADD IDMP persists in RDB (7 ms)
[ok]: XREADGROUP CLAIM after XGROUP SETID moves past pending messages (102 ms)
[ok]: XADD IDMP set in AOF (58 ms)
[ok]: XIDMPRECORD parameter validation (2 ms)
[ok]: XIDMPRECORD with binary-safe iid (1 ms)
[ok]: XIDMPRECORD with maximum length iid (89 ms)
[ok]: XIDMPRECORD with unicode pid and iid (1 ms)
[ok]: XIDMPRECORD with long producer ID (1 ms)
[ok]: XIDMPRECORD with special characters in iid (1 ms)
[ok]: XIDMPRECORD message must exist in stream (0 ms)
[ok]: XIDMPRECORD then deduplication works (1 ms)
[ok]: XIDMPRECORD idempotent (1 ms)
[ok]: XIDMPRECORD conflict same pid iid different stream ID (1 ms)
[ok]: XIDMPRECORD multiple producers (1 ms)
[ok]: XREADGROUP CLAIM after XGROUP SETID moves before pending messages (204 ms)
[ok]: XIDMPRECORD AOF rewrite restores IDMP (112 ms)
[ok]: XREADGROUP CLAIM when pending messages get trimmed (102 ms)
[ok]: XIDMPRECORD AOF rewrite emits XIDMPRECORD for stream with IDMP from XIDMPRECORD only (109 ms)
[ok]: XADD IDMP multiple producers have isolated namespaces (1 ms)
[ok]: XADD IDMP multiple producers each have their own MAXSIZE limit (3 ms)
[ok]: XADD IDMP multiple producers with binary producer IDs (0 ms)
[ok]: XADD IDMP multiple producers with unicode producer IDs (1 ms)
[ok]: XADD IDMP multiple producers with long producer IDs (1 ms)
[ok]: XREADGROUP CLAIM state persists across RDB save/load (210 ms)
[ok]: XADD IDMP multiple producers persistence in RDB (187 ms)
[ok]: XREADGROUP CLAIM idle time resets after RDB reload (1012 ms)
[ok]: XREADGROUP CLAIM multiple groups persist correctly (110 ms)
[ok]: XREADGROUP CLAIM NOACK state not persisted (108 ms)
[ok]: XREADGROUP CLAIM high delivery counts persist in RDB (213 ms)
[ok]: XADD IDMP cron expiration works after RDB load (2140 ms)
[ok]: XREADGROUP CLAIM usage stability with repeated claims (2283 ms)
[ok]: XADD IDMP tracking survives SWAPDB (2022 ms)
[ok]: XREADGROUP CLAIM with large number of PEL messages (2243 ms)
[ok]: XREADGROUP CLAIM within MULTI/EXEC transaction (106 ms)
[ok]: XREAD with CLAIM option (1 ms)
[ok]: XNACK argument and error validation (6 ms)
[ok]: XNACK SILENT mode delivery_count behavior (3 ms)
[ok]: XNACK FAIL mode keeps delivery_count unchanged (2 ms)
[ok]: XNACK FATAL mode sets delivery_count to max (1 ms)
[ok]: XNACK releases entries and removes from consumer PEL (2 ms)
[ok]: XNACK return count and edge cases (3 ms)
[ok]: XNACK on already-NACKed entry: idempotency and mode changes (1 ms)
[ok]: XNACK ordering: NACKed entries at head of PEL with FIFO order (3 ms)
[ok]: XNACK NACKed entries persist after XDEL and XTRIM (2 ms)
[ok]: XNACK with IDs exceeding STREAMID_STATIC_VECTOR_LEN for heap allocation (11 ms)
[ok]: XNACK RETRYCOUNT overrides delivery_count (2 ms)
[ok]: XNACK FORCE behavior (4 ms)
[ok]: XNACK FORCE + RETRYCOUNT combination (2 ms)
[ok]: XNACK flexible IDS position - options accepted before and after IDS block (2 ms)
[ok]: XNACK re-NACK moves entry to end of NACK zone (34 ms)
[ok]: XADD IDMP tracking cleared after FLUSHDB (2023 ms)
[ok]: XNACK NACKed entries claimable via XCLAIM, XAUTOCLAIM, and XREADGROUP CLAIM (15 ms)
[ok]: XNACK XCLAIM/XAUTOCLAIM of deleted NACKed entries cleans PEL (2 ms)
[ok]: XNACK XREADGROUP BLOCK CLAIM wakes up on NACKed entries (3 ms)
[ok]: XNACK XREADGROUP pending read excludes NACKed entries (1 ms)
[ok]: XNACK effect on consumer state and XINFO CONSUMERS (1 ms)
[ok]: XNACK XGROUP DESTROY cleans up NACKed entries (1 ms)
[ok]: XNACK XGROUP DELCONSUMER works when group PEL has NACKed entries (2 ms)
[ok]: XNACK XINFO STREAM FULL nacked-count reflects nack zone size (8 ms)
[ok]: XNACK RDB save and load preserves NACKed entries (10 ms)
[ok]: XNACK NACKed entries survive DUMP and RESTORE (4 ms)
[ok]: XNACK COPY preserves NACKed entries (3 ms)
[ok]: XNACK entries survive AOF rewrite (112 ms)
[ok]: XNACK AOF rewrite batch split -- 65 NACKed entries with owned tail (126 ms)
[ok]: XNACK AOF rewrite batch split -- entire PEL is NACK zone (77 ms)
[ok]: XNACK AOF rewrite with mixed delivery_counts batches correctly (111 ms)
[ok]: XNACK FORCE-created entries survive AOF rewrite (110 ms)
[ok]: XNACK replication of modes and FORCE (333 ms)
[ok]: XNACK reclaim operations propagate correctly to replica (338 ms)
[55/149 done]: unit/type/stream-cgroups (21 seconds)
Testing unit/type/string
[ok]: SET and GET an item (1 ms)
[ok]: SET and GET an empty item (0 ms)
[ok]: Very big payload in GET/SET (78 ms)
[ok]: XADD IDMP tracking removed after DEL (3029 ms)
[ok]: Very big payload random access (1582 ms)
[ok]: SET 10000 numeric keys and access all them in reverse order (1990 ms)
[ok]: DBSIZE should be 10000 now (0 ms)
[ok]: SETNX target key missing (0 ms)
[ok]: SETNX target key exists (1 ms)
[ok]: SETNX against not-expired volatile key (0 ms)
[ok]: XADD IDMP tracking cleared after FLUSHALL across all databases (3033 ms)
[ok]: SETNX against expired volatile key (3025 ms)
[ok]: GETEX EX option (0 ms)
[ok]: GETEX PX option (1 ms)
[ok]: GETEX EXAT option (1 ms)
[ok]: GETEX PXAT option (0 ms)
[ok]: GETEX PERSIST option (1 ms)
[ok]: GETEX no option (1 ms)
[ok]: GETEX syntax errors (0 ms)
[ok]: GETEX and GET expired key or not exist (3 ms)
[ok]: GETEX no arguments (0 ms)
[ok]: GETDEL command (1 ms)
[ok]: GETDEL propagate as DEL command to replica (30 ms)
[ok]: GETEX without argument does not propagate to replica (102 ms)
[ok]: MGET (5 ms)
[ok]: MGET against non existing key (0 ms)
[ok]: MGET against non-string key (0 ms)
[ok]: GETSET (set new value) (1 ms)
[ok]: GETSET (replace old value) (0 ms)
[ok]: MSET base case (1 ms)
[ok]: MSET/MSETNX wrong number of args (0 ms)
[ok]: MSET with already existing - same key twice (1 ms)
[ok]: MSETNX with already existent key (0 ms)
[ok]: MSETNX with not existing keys (1 ms)
[ok]: MSETNX with not existing keys - same key twice (0 ms)
[ok]: MSETNX with already existing keys - same key twice (0 ms)
[ok]: MSET spanning multiple prefetch batches (batch size 16) (16 ms)
[ok]: MSET overwrites expired keys across batch boundary (24 ms)
[ok]: MSETEX - all expiration flags (1 ms)
[ok]: MSETEX - KEEPTTL preserves existing TTL (1 ms)
[ok]: MSETEX - NX/XX conditions and return values (1 ms)
[ok]: MSETEX - flexible argument parsing (1 ms)
[ok]: MSETEX - error cases (1 ms)
[ok]: MSETEX - overflow protection in numkeys (1 ms)
[ok]: MSETEX - mutually exclusive flags (1 ms)
[ok]: STRLEN against non-existing key (0 ms)
[ok]: STRLEN against integer-encoded value (0 ms)
[ok]: STRLEN against plain string (1 ms)
[ok]: SETBIT against non-existing key (0 ms)
[ok]: SETBIT against string-encoded key (1 ms)
[ok]: SETBIT against integer-encoded key (1 ms)
[ok]: SETBIT against key with wrong type (1 ms)
[ok]: SETBIT with out of range bit offset (0 ms)
[ok]: SETBIT with non-bit argument (1 ms)
[ok]: XADD IDMP tracking survives RENAME (3030 ms)
[ok]: SETBIT fuzzing (491 ms)
[ok]: GETBIT against non-existing key (0 ms)
[ok]: GETBIT against string-encoded key (1 ms)
[ok]: GETBIT against integer-encoded key (0 ms)
[ok]: SETRANGE against non-existing key (1 ms)
[ok]: SETRANGE against string-encoded key (1 ms)
[ok]: SETRANGE against integer-encoded key (3 ms)
[ok]: SETRANGE against key with wrong type (0 ms)
[ok]: SETRANGE with out of range offset (1 ms)
[ok]: GETRANGE against non-existing key (1 ms)
[ok]: GETRANGE against wrong key type (0 ms)
[ok]: GETRANGE against string value (2 ms)
[ok]: GETRANGE against integer-encoded value (1 ms)
[ok]: GETRANGE fuzzing (933 ms)
[ok]: Coverage: SUBSTR (1 ms)
[ok]: trim on SET with big value (45 ms)
[ok]: Extended SET can detect syntax errors (1 ms)
[ok]: Extended SET NX option (0 ms)
[ok]: Extended SET XX option (1 ms)
[ok]: Extended SET GET option (1 ms)
[ok]: Extended SET GET option with no previous value (0 ms)
[ok]: Extended SET GET option accepts repeated GET tokens (1 ms)
[ok]: Extended SET GET option with XX (0 ms)
[ok]: Extended SET GET option with XX and no previous value (1 ms)
[ok]: Extended SET GET option with NX (0 ms)
[ok]: Extended SET GET option with NX and previous value (1 ms)
[ok]: Extended SET GET option with a past expiration time and no previous value (2 ms)
[ok]: Extended SET GET with incorrect type should result in wrong type error (0 ms)
[ok]: Extended SET EX option (0 ms)
[ok]: Extended SET PX option (0 ms)
[ok]: Extended SET EXAT option (0 ms)
[ok]: Extended SET PXAT option (0 ms)
[ok]: Extended SET PXAT option with a past expiration time (1 ms)
[ok]: SET PXAT with a past expiration time will propagate it as DEL or UNLINK (48 ms)
[ok]: Extended SET using multiple options at once (0 ms)
[ok]: GETRANGE with huge ranges, Github issue #1844 (0 ms)
[ok]: LCS basic (0 ms)
[ok]: LCS len (0 ms)
[ok]: LCS indexes (0 ms)
[ok]: LCS indexes with match len (1 ms)
[ok]: LCS indexes with match len and minimum match len (1 ms)
[ok]: SETRANGE with huge offset (0 ms)
[ok]: APPEND modifies the encoding from int to raw (1 ms)
[ok]: MEMORY USAGE - STRINGS (85 ms)
[err]: Check MEMORY USAGE for embedded key strings with jemalloc in tests/unit/type/string.tcl
Expected '32' to be equal to '80' (context: type proc line 5 cmd {assert_equal $exp_mem_usage [r memory usage $key]} proc ::expected_mem level 2)
[ok]: DIGEST basic usage with plain string (1 ms)
[ok]: DIGEST with empty string (0 ms)
[ok]: DIGEST with integer-encoded value (1 ms)
[ok]: DIGEST with negative integer (0 ms)
[ok]: DIGEST returns consistent hash for same value (1 ms)
[ok]: DIGEST returns same hash for same content in different keys (0 ms)
[ok]: DIGEST returns different hash for different values (1 ms)
[ok]: DIGEST with binary data (0 ms)
[ok]: DIGEST with unicode characters (1 ms)
[ok]: DIGEST with very long string (42 ms)
[ok]: DIGEST against non-existing key (1 ms)
[ok]: DIGEST against wrong type (list) (0 ms)
[ok]: DIGEST against wrong type (hash) (1 ms)
[ok]: DIGEST against wrong type (set) (1 ms)
[ok]: DIGEST against wrong type (zset) (0 ms)
[ok]: DIGEST wrong number of arguments (1 ms)
[ok]: DIGEST with special characters and whitespace (0 ms)
[ok]: DIGEST consistency across SET operations (1 ms)
[ok]: DELEX basic usage without conditions (1 ms)
[ok]: DELEX basic usage with IFEQ (1 ms)
[ok]: DELEX basic usage with IFNE (1 ms)
[ok]: DELEX basic usage with IFDEQ (1 ms)
[ok]: DELEX basic usage with IFDNE (1 ms)
[ok]: DELEX with non-existing key (1 ms)
[ok]: DELEX with empty string value (0 ms)
[ok]: DELEX with integer-encoded value (0 ms)
[ok]: DELEX with negative integer (0 ms)
[ok]: DELEX with binary data (1 ms)
[ok]: DELEX with unicode characters (1 ms)
[ok]: DELEX with very long string (89 ms)
[ok]: DELEX against wrong type (2 ms)
[ok]: DELEX wrong number of arguments (1 ms)
[ok]: DELEX invalid condition (0 ms)
[ok]: DELEX with special characters and whitespace (1 ms)
[ok]: DELEX digest consistency with same content (1 ms)
[ok]: DELEX digest with different content (1 ms)
[ok]: DELEX propagate as DEL command to replica (54 ms)
[ok]: DELEX does not propagate when condition not met (101 ms)
[ok]: DELEX with integer that looks like string (1 ms)
[ok]: Extended SET with IFEQ - key exists and matches (0 ms)
[ok]: Extended SET with IFEQ - key exists but doesn't match (1 ms)
[ok]: Extended SET with IFEQ - key doesn't exist (0 ms)
[ok]: Extended SET with IFNE - key exists and doesn't match (1 ms)
[ok]: Extended SET with IFNE - key exists and matches (0 ms)
[ok]: Extended SET with IFNE - key doesn't exist (1 ms)
[ok]: Extended SET with IFDEQ - key exists and digest matches (0 ms)
[ok]: Extended SET with IFDEQ - key exists but digest doesn't match (1 ms)
[ok]: Extended SET with IFDEQ - key doesn't exist (0 ms)
[ok]: Extended SET with IFDNE - key exists and digest doesn't match (0 ms)
[ok]: Extended SET with IFDNE - key exists and digest matches (1 ms)
[ok]: Extended SET with IFDNE - key doesn't exist (0 ms)
[ok]: Extended SET with IFEQ and GET - key exists and matches (1 ms)
[ok]: Extended SET with IFEQ and GET - key exists but doesn't match (0 ms)
[ok]: Extended SET with IFEQ and GET - key doesn't exist (1 ms)
[ok]: Extended SET with IFNE and GET - key exists and doesn't match (0 ms)
[ok]: Extended SET with IFNE and GET - key exists and matches (1 ms)
[ok]: Extended SET with IFNE and GET - key doesn't exist (0 ms)
[ok]: Extended SET with IFDEQ and GET - key exists and digest matches (1 ms)
[ok]: Extended SET with IFDEQ and GET - key exists but digest doesn't match (0 ms)
[ok]: Extended SET with IFDEQ and GET - key doesn't exist (0 ms)
[ok]: Extended SET with IFDNE and GET - key exists and digest doesn't match (0 ms)
[ok]: Extended SET with IFDNE and GET - key exists and digest matches (0 ms)
[ok]: Extended SET with IFDNE and GET - key doesn't exist (1 ms)
[ok]: Extended SET with IFEQ and expiration (0 ms)
[ok]: Extended SET with IFNE and expiration (1 ms)
[ok]: Extended SET with IFDEQ and expiration (1 ms)
[ok]: Extended SET with IFDNE and expiration (1 ms)
[ok]: Extended SET with IFEQ against wrong type (0 ms)
[ok]: Extended SET with IFNE against wrong type (1 ms)
[ok]: Extended SET with IFDEQ against wrong type (0 ms)
[ok]: Extended SET with IFDNE against wrong type (1 ms)
[ok]: Extended SET with integer-encoded value and IFEQ (0 ms)
[ok]: Extended SET with integer-encoded value and IFNE (1 ms)
[ok]: Extended SET with binary data and IFEQ (0 ms)
[ok]: Extended SET with unicode characters and IFEQ (1 ms)
[ok]: Extended SET with empty string and IFEQ (0 ms)
[ok]: Extended SET with empty string and IFNE (1 ms)
[ok]: Extended SET case insensitive conditions (1 ms)
[ok]: Extended SET with special characters and IFEQ (0 ms)
[ok]: Extended SET digest consistency with same content (0 ms)
[ok]: Extended SET digest with different content (1 ms)
[ok]: Extended SET with very long string and IFEQ (85 ms)
[ok]: Extended SET with negative digest (1 ms)
[ok]: DIGEST always returns exactly 16 hex characters with leading zeros (1 ms)
[ok]: IFDEQ/IFDNE reject digest with incorrect format (2 ms)
[ok]: IFDEQ/IFDNE accepts uppercase hex digits (case-insensitive) (2 ms)
[56/149 done]: unit/type/string (9 seconds)
Testing unit/type/zset
[ok]: Check encoding - listpack (1 ms)
[ok]: ZSET basic ZADD and score update - listpack (1 ms)
[ok]: ZSET element can't be set to NaN with ZADD - listpack (0 ms)
[ok]: ZSET element can't be set to NaN with ZINCRBY - listpack (0 ms)
[ok]: ZADD with options syntax error with incomplete pair - listpack (0 ms)
[ok]: ZADD XX option without key - listpack (0 ms)
[ok]: ZADD XX existing key - listpack (0 ms)
[ok]: ZADD XX returns the number of elements actually added - listpack (0 ms)
[ok]: ZADD XX updates existing elements score - listpack (0 ms)
[ok]: ZADD GT updates existing elements when new scores are greater - listpack (0 ms)
[ok]: ZADD LT updates existing elements when new scores are lower - listpack (1 ms)
[ok]: ZADD GT XX updates existing elements when new scores are greater and skips new elements - listpack (1 ms)
[ok]: ZADD LT XX updates existing elements when new scores are lower and skips new elements - listpack (1 ms)
[ok]: ZADD XX and NX are not compatible - listpack (0 ms)
[ok]: ZADD NX with non existing key - listpack (0 ms)
[ok]: ZADD NX only add new elements without updating old ones - listpack (1 ms)
[ok]: ZADD GT and NX are not compatible - listpack (0 ms)
[ok]: ZADD LT and NX are not compatible - listpack (1 ms)
[ok]: ZADD LT and GT are not compatible - listpack (0 ms)
[ok]: ZADD INCR LT/GT replies with nill if score not updated - listpack (1 ms)
[ok]: ZADD INCR LT/GT with inf - listpack (2 ms)
[ok]: ZADD INCR works like ZINCRBY - listpack (1 ms)
[ok]: ZADD INCR works with a single score-elemenet pair - listpack (0 ms)
[ok]: ZADD CH option changes return value to all changed elements - listpack (0 ms)
[ok]: ZINCRBY calls leading to NaN result in error - listpack (0 ms)
[ok]: ZINCRBY accepts hexadecimal inputs - listpack (0 ms)
[ok]: ZINCRBY against invalid incr value - listpack (1 ms)
[ok]: ZADD - Variadic version base case - listpack (1 ms)
[ok]: ZADD - Return value is the number of actually added items - listpack (0 ms)
[ok]: ZADD - Variadic version does not add nothing on single parsing err - listpack (1 ms)
[ok]: ZADD - Variadic version will raise error on missing arg - listpack (0 ms)
[ok]: ZINCRBY does not work variadic even if shares ZADD implementation - listpack (0 ms)
[ok]: ZCARD basics - listpack (1 ms)
[ok]: ZREM removes key after last element is removed - listpack (1 ms)
[ok]: ZREM variadic version - listpack (1 ms)
[ok]: ZREM variadic version -- remove elements after key deletion - listpack (0 ms)
[ok]: ZRANGE basics - listpack (3 ms)
[ok]: ZREVRANGE basics - listpack (2 ms)
[ok]: ZRANK/ZREVRANK basics - listpack (2 ms)
[ok]: ZRANK - after deletion - listpack (1 ms)
[ok]: ZINCRBY - can create a new sorted set - listpack (0 ms)
[ok]: ZINCRBY - increment and decrement - listpack (1 ms)
[ok]: ZINCRBY return value - listpack (0 ms)
[ok]: ZRANGEBYSCORE/ZREVRANGEBYSCORE/ZCOUNT basics - listpack (5 ms)
[ok]: ZRANGEBYSCORE with WITHSCORES - listpack (1 ms)
[ok]: ZRANGEBYSCORE with LIMIT - listpack (6 ms)
[ok]: ZRANGEBYSCORE with LIMIT and WITHSCORES - listpack (1 ms)
[ok]: ZRANGEBYSCORE with non-value min or max - listpack (0 ms)
[ok]: ZRANGEBYLEX/ZREVRANGEBYLEX/ZLEXCOUNT basics - listpack (4 ms)
[ok]: ZLEXCOUNT advanced - listpack (2 ms)
[ok]: ZRANGEBYLEX with LIMIT - listpack (7 ms)
[ok]: ZRANGEBYLEX with invalid lex range specifiers - listpack (1 ms)
[ok]: ZREMRANGEBYSCORE basics - listpack (12 ms)
[ok]: ZREMRANGEBYSCORE with non-value min or max - listpack (0 ms)
[ok]: ZREMRANGEBYRANK basics - listpack (5 ms)
[ok]: ZREMRANGEBYLEX basics - listpack (14 ms)
[ok]: ZUNIONSTORE against non-existing key doesn't set destination - listpack (0 ms)
[ok]: ZUNION/ZINTER/ZINTERCARD/ZDIFF against non-existing key - listpack (0 ms)
[ok]: ZUNIONSTORE with empty set - listpack (0 ms)
[ok]: ZUNION/ZINTER/ZINTERCARD/ZDIFF with empty set - listpack (1 ms)
[ok]: ZUNIONSTORE basics - listpack (1 ms)
[ok]: ZUNION/ZINTER/ZINTERCARD/ZDIFF with integer members - listpack (1 ms)
[ok]: ZUNIONSTORE with weights - listpack (1 ms)
[ok]: ZUNION with weights - listpack (0 ms)
[ok]: ZUNIONSTORE with a regular set and weights - listpack (1 ms)
[ok]: ZUNIONSTORE with AGGREGATE MIN - listpack (0 ms)
[ok]: ZUNION/ZINTER with AGGREGATE MIN - listpack (0 ms)
[ok]: ZUNIONSTORE with AGGREGATE MAX - listpack (0 ms)
[ok]: ZUNION/ZINTER with AGGREGATE MAX - listpack (1 ms)
[ok]: ZUNIONSTORE with AGGREGATE COUNT - listpack (0 ms)
[ok]: ZUNION/ZINTER with AGGREGATE COUNT - listpack (1 ms)
[ok]: ZUNIONSTORE with AGGREGATE COUNT and WEIGHTS - listpack (0 ms)
[ok]: ZUNION/ZINTER with AGGREGATE COUNT and WEIGHTS - listpack (1 ms)
[ok]: ZINTERSTORE basics - listpack (0 ms)
[ok]: ZINTER basics - listpack (1 ms)
[ok]: ZINTERCARD with illegal arguments (0 ms)
[ok]: ZINTERCARD basics - listpack (0 ms)
[ok]: ZINTER RESP3 - listpack (1 ms)
[ok]: ZINTERSTORE with weights - listpack (0 ms)
[ok]: ZINTER with weights - listpack (0 ms)
[ok]: ZINTERSTORE with a regular set and weights - listpack (1 ms)
[ok]: ZINTERSTORE with AGGREGATE MIN - listpack (0 ms)
[ok]: ZINTERSTORE with AGGREGATE MAX - listpack (1 ms)
[ok]: ZINTERSTORE with AGGREGATE COUNT - listpack (0 ms)
[ok]: ZINTERSTORE with AGGREGATE COUNT and WEIGHTS - listpack (0 ms)
[ok]: ZUNIONSTORE/ZINTERSTORE with AGGREGATE COUNT - 3 sets - listpack (0 ms)
[ok]: ZUNIONSTORE/ZINTERSTORE with AGGREGATE COUNT and WEIGHTS - 3 sets - listpack (0 ms)
[ok]: ZUNIONSTORE with +inf/-inf scores - listpack (2 ms)
[ok]: ZUNIONSTORE with NaN weights - listpack (1 ms)
[ok]: ZINTERSTORE with +inf/-inf scores - listpack (2 ms)
[ok]: ZINTERSTORE with NaN weights - listpack (1 ms)
[ok]: ZDIFFSTORE basics - listpack (0 ms)
[ok]: ZDIFF basics - listpack (0 ms)
[ok]: ZDIFFSTORE with a regular set - listpack (1 ms)
[ok]: ZDIFF subtracting set from itself - listpack (1 ms)
[ok]: ZDIFF algorithm 1 - listpack (1 ms)
[ok]: ZDIFF algorithm 2 - listpack (1 ms)
[ok]: ZDIFF algorithm 2 empty result early exit - listpack (1 ms)
[ok]: XADD IDMP tracking correct after RENAME overwrites IDMP stream (3030 ms)
[ok]: XADD IDMP tracking survives COPY (3031 ms)
[ok]: ZDIFF fuzzing - listpack (4236 ms)
[ok]: ZPOPMIN with the count 0 returns an empty array (0 ms)
[ok]: ZPOPMIN with negative count (1 ms)
[ok]: ZPOPMAX with the count 0 returns an empty array (1 ms)
[ok]: ZPOPMAX with negative count (1 ms)
[ok]: Basic ZPOPMIN/ZPOPMAX with a single key - listpack (2 ms)
[ok]: ZPOPMIN/ZPOPMAX with count - listpack (1 ms)
[ok]: Basic ZMPOP_MIN/ZMPOP_MAX with a single key - listpack (2 ms)
[ok]: ZMPOP_MIN/ZMPOP_MAX with count - listpack (1 ms)
[ok]: BZPOPMIN/BZPOPMAX with a single existing sorted set - listpack (2 ms)
[ok]: BZPOPMIN/BZPOPMAX with multiple existing sorted sets - listpack (2 ms)
[ok]: BZPOPMIN/BZPOPMAX second sorted set has members - listpack (2 ms)
[ok]: BZMPOP_MIN/BZMPOP_MAX with a single existing sorted set - listpack (2 ms)
[ok]: BZMPOP_MIN/BZMPOP_MAX with multiple existing sorted sets - listpack (2 ms)
[ok]: BZMPOP_MIN/BZMPOP_MAX second sorted set has members - listpack (2 ms)
[ok]: Basic ZPOPMIN/ZPOPMAX - listpack RESP3 (1 ms)
[ok]: ZPOPMIN/ZPOPMAX with count - listpack RESP3 (2 ms)
[ok]: Basic ZMPOP_MIN/ZMPOP_MAX - listpack RESP3 (1 ms)
[ok]: ZMPOP_MIN/ZMPOP_MAX with count - listpack RESP3 (2 ms)
[ok]: BZPOPMIN/BZPOPMAX - listpack RESP3 (2 ms)
[ok]: BZMPOP_MIN/BZMPOP_MAX - listpack RESP3 (2 ms)
[ok]: Check encoding - skiplist (1 ms)
[ok]: ZSET basic ZADD and score update - skiplist (1 ms)
[ok]: ZSET element can't be set to NaN with ZADD - skiplist (0 ms)
[ok]: ZSET element can't be set to NaN with ZINCRBY - skiplist (0 ms)
[ok]: ZADD with options syntax error with incomplete pair - skiplist (1 ms)
[ok]: ZADD XX option without key - skiplist (0 ms)
[ok]: ZADD XX existing key - skiplist (1 ms)
[ok]: ZADD XX returns the number of elements actually added - skiplist (0 ms)
[ok]: ZADD XX updates existing elements score - skiplist (1 ms)
[ok]: ZADD GT updates existing elements when new scores are greater - skiplist (1 ms)
[ok]: ZADD LT updates existing elements when new scores are lower - skiplist (1 ms)
[ok]: ZADD GT XX updates existing elements when new scores are greater and skips new elements - skiplist (1 ms)
[ok]: ZADD LT XX updates existing elements when new scores are lower and skips new elements - skiplist (0 ms)
[ok]: ZADD XX and NX are not compatible - skiplist (0 ms)
[ok]: ZADD NX with non existing key - skiplist (0 ms)
[ok]: ZADD NX only add new elements without updating old ones - skiplist (1 ms)
[ok]: ZADD GT and NX are not compatible - skiplist (1 ms)
[ok]: ZADD LT and NX are not compatible - skiplist (0 ms)
[ok]: ZADD LT and GT are not compatible - skiplist (0 ms)
[ok]: ZADD INCR LT/GT replies with nill if score not updated - skiplist (1 ms)
[ok]: ZADD INCR LT/GT with inf - skiplist (2 ms)
[ok]: ZADD INCR works like ZINCRBY - skiplist (1 ms)
[ok]: ZADD INCR works with a single score-elemenet pair - skiplist (0 ms)
[ok]: ZADD CH option changes return value to all changed elements - skiplist (1 ms)
[ok]: ZINCRBY calls leading to NaN result in error - skiplist (0 ms)
[ok]: ZINCRBY accepts hexadecimal inputs - skiplist (1 ms)
[ok]: ZINCRBY against invalid incr value - skiplist (1 ms)
[ok]: ZADD - Variadic version base case - skiplist (0 ms)
[ok]: ZADD - Return value is the number of actually added items - skiplist (1 ms)
[ok]: ZADD - Variadic version does not add nothing on single parsing err - skiplist (0 ms)
[ok]: ZADD - Variadic version will raise error on missing arg - skiplist (0 ms)
[ok]: ZINCRBY does not work variadic even if shares ZADD implementation - skiplist (0 ms)
[ok]: ZCARD basics - skiplist (0 ms)
[ok]: ZREM removes key after last element is removed - skiplist (0 ms)
[ok]: ZREM variadic version - skiplist (1 ms)
[ok]: ZREM variadic version -- remove elements after key deletion - skiplist (1 ms)
[ok]: ZRANGE basics - skiplist (2 ms)
[ok]: ZREVRANGE basics - skiplist (2 ms)
[ok]: ZRANK/ZREVRANK basics - skiplist (2 ms)
[ok]: ZRANK - after deletion - skiplist (0 ms)
[ok]: ZINCRBY - can create a new sorted set - skiplist (1 ms)
[ok]: ZINCRBY - increment and decrement - skiplist (1 ms)
[ok]: ZINCRBY return value - skiplist (0 ms)
[ok]: ZRANGEBYSCORE/ZREVRANGEBYSCORE/ZCOUNT basics - skiplist (5 ms)
[ok]: ZRANGEBYSCORE with WITHSCORES - skiplist (1 ms)
[ok]: ZRANGEBYSCORE with LIMIT - skiplist (6 ms)
[ok]: ZRANGEBYSCORE with LIMIT and WITHSCORES - skiplist (1 ms)
[ok]: ZRANGEBYSCORE with non-value min or max - skiplist (1 ms)
[ok]: ZRANGEBYLEX/ZREVRANGEBYLEX/ZLEXCOUNT basics - skiplist (3 ms)
[ok]: ZLEXCOUNT advanced - skiplist (2 ms)
[ok]: ZRANGEBYLEX with LIMIT - skiplist (6 ms)
[ok]: ZRANGEBYLEX with invalid lex range specifiers - skiplist (1 ms)
[ok]: ZREMRANGEBYSCORE basics - skiplist (12 ms)
[ok]: ZREMRANGEBYSCORE with non-value min or max - skiplist (0 ms)
[ok]: ZREMRANGEBYRANK basics - skiplist (6 ms)
[ok]: ZREMRANGEBYLEX basics - skiplist (14 ms)
[ok]: ZUNIONSTORE against non-existing key doesn't set destination - skiplist (0 ms)
[ok]: ZUNION/ZINTER/ZINTERCARD/ZDIFF against non-existing key - skiplist (1 ms)
[ok]: ZUNIONSTORE with empty set - skiplist (1 ms)
[ok]: ZUNION/ZINTER/ZINTERCARD/ZDIFF with empty set - skiplist (1 ms)
[ok]: ZUNIONSTORE basics - skiplist (1 ms)
[ok]: ZUNION/ZINTER/ZINTERCARD/ZDIFF with integer members - skiplist (1 ms)
[ok]: ZUNIONSTORE with weights - skiplist (0 ms)
[ok]: ZUNION with weights - skiplist (0 ms)
[ok]: ZUNIONSTORE with a regular set and weights - skiplist (0 ms)
[ok]: ZUNIONSTORE with AGGREGATE MIN - skiplist (1 ms)
[ok]: ZUNION/ZINTER with AGGREGATE MIN - skiplist (0 ms)
[ok]: ZUNIONSTORE with AGGREGATE MAX - skiplist (1 ms)
[ok]: ZUNION/ZINTER with AGGREGATE MAX - skiplist (0 ms)
[ok]: ZUNIONSTORE with AGGREGATE COUNT - skiplist (1 ms)
[ok]: ZUNION/ZINTER with AGGREGATE COUNT - skiplist (0 ms)
[ok]: ZUNIONSTORE with AGGREGATE COUNT and WEIGHTS - skiplist (1 ms)
[ok]: ZUNION/ZINTER with AGGREGATE COUNT and WEIGHTS - skiplist (0 ms)
[ok]: ZINTERSTORE basics - skiplist (1 ms)
[ok]: ZINTER basics - skiplist (0 ms)
[ok]: ZINTERCARD with illegal arguments (1 ms)
[ok]: ZINTERCARD basics - skiplist (0 ms)
[ok]: ZINTER RESP3 - skiplist (1 ms)
[ok]: ZINTERSTORE with weights - skiplist (0 ms)
[ok]: ZINTER with weights - skiplist (0 ms)
[ok]: ZINTERSTORE with a regular set and weights - skiplist (1 ms)
[ok]: ZINTERSTORE with AGGREGATE MIN - skiplist (0 ms)
[ok]: ZINTERSTORE with AGGREGATE MAX - skiplist (0 ms)
[ok]: ZINTERSTORE with AGGREGATE COUNT - skiplist (1 ms)
[ok]: ZINTERSTORE with AGGREGATE COUNT and WEIGHTS - skiplist (0 ms)
[ok]: ZUNIONSTORE/ZINTERSTORE with AGGREGATE COUNT - 3 sets - skiplist (1 ms)
[ok]: ZUNIONSTORE/ZINTERSTORE with AGGREGATE COUNT and WEIGHTS - 3 sets - skiplist (1 ms)
[ok]: ZUNIONSTORE with +inf/-inf scores - skiplist (2 ms)
[ok]: ZUNIONSTORE with NaN weights - skiplist (0 ms)
[ok]: ZINTERSTORE with +inf/-inf scores - skiplist (1 ms)
[ok]: ZINTERSTORE with NaN weights - skiplist (1 ms)
[ok]: ZDIFFSTORE basics - skiplist (0 ms)
[ok]: ZDIFF basics - skiplist (1 ms)
[ok]: ZDIFFSTORE with a regular set - skiplist (0 ms)
[ok]: ZDIFF subtracting set from itself - skiplist (0 ms)
[ok]: ZDIFF algorithm 1 - skiplist (1 ms)
[ok]: ZDIFF algorithm 2 - skiplist (1 ms)
[ok]: ZDIFF algorithm 2 empty result early exit - skiplist (1 ms)
[ok]: XADD IDMP tracking correct after COPY REPLACE overwrites IDMP stream (3027 ms)
[ok]: ZDIFF fuzzing - skiplist (4509 ms)
[ok]: ZPOPMIN with the count 0 returns an empty array (1 ms)
[ok]: ZPOPMIN with negative count (1 ms)
[ok]: ZPOPMAX with the count 0 returns an empty array (0 ms)
[ok]: ZPOPMAX with negative count (0 ms)
[ok]: Basic ZPOPMIN/ZPOPMAX with a single key - skiplist (1 ms)
[ok]: ZPOPMIN/ZPOPMAX with count - skiplist (1 ms)
[ok]: Basic ZMPOP_MIN/ZMPOP_MAX with a single key - skiplist (2 ms)
[ok]: ZMPOP_MIN/ZMPOP_MAX with count - skiplist (1 ms)
[ok]: BZPOPMIN/BZPOPMAX with a single existing sorted set - skiplist (2 ms)
[ok]: BZPOPMIN/BZPOPMAX with multiple existing sorted sets - skiplist (3 ms)
[ok]: BZPOPMIN/BZPOPMAX second sorted set has members - skiplist (1 ms)
[ok]: BZMPOP_MIN/BZMPOP_MAX with a single existing sorted set - skiplist (1 ms)
[ok]: BZMPOP_MIN/BZMPOP_MAX with multiple existing sorted sets - skiplist (3 ms)
[ok]: BZMPOP_MIN/BZMPOP_MAX second sorted set has members - skiplist (1 ms)
[ok]: Basic ZPOPMIN/ZPOPMAX - skiplist RESP3 (2 ms)
[ok]: ZPOPMIN/ZPOPMAX with count - skiplist RESP3 (1 ms)
[ok]: Basic ZMPOP_MIN/ZMPOP_MAX - skiplist RESP3 (2 ms)
[ok]: ZMPOP_MIN/ZMPOP_MAX with count - skiplist RESP3 (1 ms)
[ok]: BZPOPMIN/BZPOPMAX - skiplist RESP3 (3 ms)
[ok]: BZMPOP_MIN/BZMPOP_MAX - skiplist RESP3 (2 ms)
[ok]: ZPOP/ZMPOP against wrong type (2 ms)
[ok]: ZMPOP with illegal argument (2 ms)
[ok]: ZMPOP propagate as pop with count command to replica (53 ms)
[ok]: ZPOPMIN/ZPOPMAX readraw in RESP3 (2 ms)
[ok]: BZPOPMIN/BZPOPMAX readraw in RESP3 (196 ms)
[ok]: ZMPOP readraw in RESP3 (2 ms)
[ok]: BZMPOP readraw in RESP3 (199 ms)
[ok]: ZPOPMIN/ZPOPMAX readraw in RESP2 (2 ms)
[ok]: BZPOPMIN/BZPOPMAX readraw in RESP2 (198 ms)
[ok]: ZMPOP readraw in RESP2 (2 ms)
[ok]: BZMPOP readraw in RESP2 (199 ms)
[ok]: ZINTERSTORE regression with two sets, intset+hashtable (1 ms)
[ok]: ZUNIONSTORE regression, should not create NaN in scores (0 ms)
[ok]: ZINTERSTORE #516 regression, mixed sets and ziplist zsets (1 ms)
[ok]: XADD IDMP tracking survives MOVE (3027 ms)
[ok]: ZUNIONSTORE result is sorted (114 ms)
[ok]: ZUNIONSTORE/ZINTERSTORE/ZDIFFSTORE error if using WITHSCORES  (1 ms)
[ok]: ZMSCORE retrieve (1 ms)
[ok]: ZMSCORE retrieve from empty set (0 ms)
[ok]: ZMSCORE retrieve with missing member (1 ms)
[ok]: ZMSCORE retrieve single member (0 ms)
[ok]: ZMSCORE retrieve requires one or more members (0 ms)
[ok]: ZSET commands don't accept the empty strings as valid score (1 ms)
[ok]: zunionInterDiffGenericCommand at least 1 input key (1 ms)
[ok]: ZSCORE - listpack (29 ms)
[ok]: ZMSCORE - listpack (29 ms)
[ok]: ZSCORE after a DEBUG RELOAD - listpack (40 ms)
[ok]: ZSCORE 17-19 significant digit mantissas (widened fast path) - listpack (10 ms)
[ok]: ZSET sorting stresser - listpack (39 ms)
[ok]: GEOSEARCH fuzzy test - bybox (150761 ms)
[ok]: GEOSEARCH box edges fuzzy test (487 ms)
[57/149 done]: unit/geo (298 seconds)
Testing unit/moduleapi/aclcheck
[ok]: test module check acl for command perm (1 ms)
[ok]: test module check acl for key prefix permission (3 ms)
[ok]: check ACL permissions versus empty string prefix (0 ms)
[ok]: test module check acl for key perm (1 ms)
[ok]: test module check acl for module user (0 ms)
[ok]: test module check acl for channel perm (0 ms)
[ok]: test module check acl in rm_call (3 ms)
[ok]: test blocking of Commands outside of OnLoad (1 ms)
[ok]: test users to have access to module commands having acl categories (0 ms)
[ok]: Unload the module - aclcheck (0 ms)
[ok]: test existing users to have access to module commands loaded on runtime (1 ms)
[ok]: test existing users without permissions, do not have access to module commands loaded on runtime. (2 ms)
[ok]: test users without permissions, do not have access to module commands. (1 ms)
[ok]: test if foocategory acl categories is added (0 ms)
[ok]: test permission compaction and simplification for categories added by a module (1 ms)
[ok]: test module load fails if exceeds the maximum number of adding acl categories (1 ms)
[58/149 done]: unit/moduleapi/aclcheck (1 seconds)
Testing unit/moduleapi/async_rm_call
[ok]: Locked GIL acquisition from async RM_Call (0 ms)
[ok]: Blpop on async RM_Call fire and forget (0 ms)
[ok]: Blpop on threaded async RM_Call (2 ms)
[ok]: Blpop on async RM_Call using do_rm_call_async (2 ms)
[ok]: Brpop on async RM_Call using do_rm_call_async (1 ms)
[ok]: Brpoplpush on async RM_Call using do_rm_call_async (2 ms)
[ok]: Blmove on async RM_Call using do_rm_call_async (1 ms)
[ok]: Bzpopmin on async RM_Call using do_rm_call_async (2 ms)
[ok]: Bzpopmax on async RM_Call using do_rm_call_async (1 ms)
[ok]: Blpop on async RM_Call using do_rm_call_async_script_mode (1 ms)
[ok]: Brpop on async RM_Call using do_rm_call_async_script_mode (1 ms)
[ok]: Brpoplpush on async RM_Call using do_rm_call_async_script_mode (1 ms)
[ok]: Blmove on async RM_Call using do_rm_call_async_script_mode (2 ms)
[ok]: Bzpopmin on async RM_Call using do_rm_call_async_script_mode (1 ms)
[ok]: Bzpopmax on async RM_Call using do_rm_call_async_script_mode (1 ms)
[ok]: Nested async RM_Call (1 ms)
[ok]: Test multiple async RM_Call waiting on the same event (2 ms)
[ok]: async RM_Call calls RM_Call (0 ms)
[ok]: async RM_Call calls background RM_Call calls RM_Call (0 ms)
[ok]: async RM_Call calls background RM_Call calls RM_Call calls async RM_Call (1 ms)
[ok]: Connect a replica to the master instance (102 ms)
[ok]: async RM_Call inside async RM_Call callback (327 ms)
[ok]: Become replica while having async RM_Call running (4 ms)
[ok]: Pipeline with blocking RM_Call (2 ms)
[ok]: blocking RM_Call abort (2 ms)
[ok]: Test basic replication stream on unblock handler (92 ms)
[ok]: Test unblock handler are executed as a unit (100 ms)
[ok]: Test no propagation of blocking command (101 ms)
[ok]: XADD IDMP tracking survives RESTORE (3030 ms)
[ok]: XADD IDMP multiple producers concurrent access (3 ms)
[ok]: XADD IDMP multiple producers pipelined requests (2 ms)
[ok]: XADD IDMP multiple producers with mixed IDMP and IDMPAUTO (1 ms)
[ok]: XADD IDMP multiple producers stress test (12 ms)
[ok]: XADD IDMPAUTO with invalid syntax (1 ms)
[ok]: XADD IDMPAUTO basic deduplication based on field-value pairs (1 ms)
[ok]: XADD IDMPAUTO deduplicates regardless of field order (1 ms)
[ok]: XADD IDMPAUTO different field-value pairs create different entries (0 ms)
[ok]: XADD IDMPAUTO with single field-value pair (1 ms)
[ok]: XADD IDMPAUTO with many field-value pairs (1 ms)
[ok]: XADD IDMPAUTO with binary-safe values (1 ms)
[ok]: XADD IDMPAUTO with unicode values (1 ms)
[ok]: Test unblock handler are executed as a unit with key space notifications (91 ms)
[ok]: XADD IDMPAUTO with long values (91 ms)
[ok]: XADD IDMPAUTO with empty string values (1 ms)
[ok]: XADD IDMPAUTO with MAXLEN option (1 ms)
[ok]: XADD IDMPAUTO with MINID option (0 ms)
[ok]: XADD IDMPAUTO with NOMKSTREAM option (0 ms)
[ok]: XADD IDMPAUTO with KEEPREF option (1 ms)
[ok]: XADD IDMPAUTO argument order variations (1 ms)
[ok]: XADD IDMPAUTO persists in RDB (6 ms)
[ok]: XADD IDMPAUTO with consumer groups (2 ms)
[ok]: XADD IDMPAUTO field names matter (0 ms)
[ok]: XADD IDMPAUTO with numeric field names and values (0 ms)
[ok]: XADD IDMPAUTO multiple producers have isolated namespaces (1 ms)
[ok]: XADD IDMPAUTO multiple producers (2 ms)
[ok]: Test unblock handler are executed as a unit with lazy expire (112 ms)
[ok]: ZRANGEBYSCORE fuzzy test, 100 ranges in 128 element sorted set - listpack (3086 ms)
[ok]: Test unblock handler on module blocked on keys (2 ms)
[ok]: ZRANGEBYLEX fuzzy test, 100 ranges in 128 element sorted set - listpack (206 ms)
[59/149 done]: unit/moduleapi/async_rm_call (2 seconds)
Testing unit/moduleapi/auth
[ok]: Modules can create a user that can be authenticated (0 ms)
[ok]: De-authenticating clients is tracked and kills clients (0 ms)
[ok]: Modules can't authenticate with ACLs users that dont exist (0 ms)
[ok]: Modules can authenticate with ACL users (0 ms)
[ok]: Client callback is called on user switch (1 ms)
[ok]: modules can redact arguments (1 ms)
[ok]: Unload the module - testacl (0 ms)
[60/149 done]: unit/moduleapi/auth (0 seconds)
Testing unit/moduleapi/basics
[ok]: ZREMRANGEBYLEX fuzzy test, 100 ranges in 128 element sorted set - listpack (286 ms)
[ok]: ZSETs skiplist implementation backlink consistency test - listpack (31 ms)
[ok]: test module api basics (7 ms)
[ok]: test rm_call auto mode (1 ms)
[ok]: test get resp (2 ms)
[ok]: Unload the module - test (1 ms)
[ok]: module command disabled (0 ms)
[ok]: debug command disabled (0 ms)
[ok]: debug command enabled (0 ms)
[ok]: ZSETs ZRANK augmented skip list stress testing - listpack (992 ms)
[ok]: BZPOPMIN, ZADD + DEL should not awake blocked client (2 ms)
[ok]: BZPOPMIN, ZADD + DEL + SET should not awake blocked client (2 ms)
[ok]: BZMPOP_MIN, ZADD + DEL should not awake blocked client (2 ms)
[ok]: BZMPOP_MIN, ZADD + DEL + SET should not awake blocked client (2 ms)
[ok]: debug commands are enabled for local connection (1 ms)
[61/149 done]: unit/moduleapi/basics (1 seconds)
Testing unit/moduleapi/blockedclient
[ok]: Locked GIL acquisition (0 ms)
[ok]: Locked GIL acquisition during multi (0 ms)
[ok]: Locked GIL acquisition from RM_Call (0 ms)
[ok]: Blocking command are not block the client on RM_Call (4 ms)
[ok]: Monitor disallow inside RM_Call (1 ms)
[ok]: subscribe disallow inside RM_Call (0 ms)
[ok]: RM_Call from blocked client (1 ms)
[ok]: RM_Call from blocked client with script mode (1 ms)
[ok]: RM_Call from blocked client with oom mode (1 ms)
[ok]: RESP version carries through to blocked client (2 ms)
[ok]: Busy module command - nested (355 ms)
[ok]: XIDMP entries expire after DURATION seconds (2504 ms)
[ok]: XIDMP set evicts entries when MAXSIZE is reached (2 ms)
[ok]: XCFGSET set IDMP-DURATION successfully (1 ms)
[ok]: XCFGSET set IDMP-MAXSIZE successfully (1 ms)
[ok]: XCFGSET set both IDMP-DURATION and IDMP-MAXSIZE (1 ms)
[ok]: XINFO STREAM shows IDMP configuration parameters (1 ms)
[ok]: XINFO STREAM shows default IDMP parameters (0 ms)
[ok]: XCFGSET error on non-existent stream (1 ms)
[ok]: XCFGSET IDMP-DURATION maximum value validation (1 ms)
[ok]: XCFGSET IDMP-DURATION minimum value validation (1 ms)
[ok]: XCFGSET IDMP-MAXSIZE maximum value validation (1 ms)
[ok]: XCFGSET IDMP-MAXSIZE minimum value validation (1 ms)
[ok]: XCFGSET invalid syntax (4 ms)
[ok]: XCFGSET multiple configuration changes (1 ms)
[ok]: Busy module command - normal (355 ms)
[ok]: BZPOPMIN unblock but the key is expired and then block again - reprocessing command (1007 ms)
[ok]: BZPOPMIN with same key multiple times should work (3 ms)
[ok]: MULTI/EXEC is isolated from the point of view of BZPOPMIN (2 ms)
[ok]: BZPOPMIN with variadic ZADD (1 ms)
[ok]: XCFGSET configuration persists in RDB (211 ms)
[ok]: XCFGSET configuration in AOF (218 ms)
[ok]: XCFGSET changing IDMP-DURATION clears all iids history (2 ms)
[ok]: XCFGSET changing IDMP-MAXSIZE clears all iids history (1 ms)
[ok]: XCFGSET history cleared then new deduplication works (0 ms)
[ok]: XCFGSET history cleared preserves stream entries (1 ms)
[ok]: XCFGSET setting same IDMP-DURATION does not clear iids history (1 ms)
[ok]: XCFGSET setting same IDMP-MAXSIZE does not clear iids history (2 ms)
[ok]: XCFGSET repeated same-value calls preserve IDMP history (1 ms)
[ok]: XCFGSET changing value after same-value sets still clears history (1 ms)
[ok]: XCFGSET setting same value preserves iids-tracked count (2 ms)
[ok]: XINFO STREAM returns iids-tracked and iids-added fields (2 ms)
[ok]: XINFO STREAM iids-added is lifetime counter even after eviction (2 ms)
[ok]: XINFO STREAM iids-duplicates is lifetime counter (3 ms)
[ok]: XINFO STREAM iids-duplicates persists after eviction (2 ms)
[ok]: XINFO STREAM iids-duplicates with multiple producers (2 ms)
[ok]: XINFO STREAM iids counters after CFGSET clears history (2 ms)
[ok]: RM_Call from blocked client (457 ms)
[ok]: XINFO STREAM iids-added persists in RDB (197 ms)
[ok]: XINFO STREAM returns pids-tracked field (3 ms)
[ok]: XINFO STREAM FULL returns pids-tracked field (1 ms)
[ok]: XINFO STREAM iids-tracked counts across all producers (2 ms)
[ok]: XINFO STREAM returns idmp-duration and idmp-maxsize fields (4 ms)
[ok]: XCFGSET IDMP-MAXSIZE wraparound keeps last 8 entries (23 ms)
[ok]: XCFGSET clears all producer histories (2 ms)
[ok]: CONFIG SET stream-idmp-duration and stream-idmp-maxsize validation (3 ms)
[ok]: XTRIM with MINID option (1 ms)
[ok]: XTRIM with MINID option, big delta from master record (1 ms)
[ok]: blocked client reaches client output buffer limit (140 ms)
[ok]: module client error stats (5 ms)
[ok]: BZPOPMIN with zero timeout should block indefinitely (1003 ms)
[ok]: MULTI/EXEC is isolated from the point of view of BZMPOP_MIN (2 ms)
[ok]: BZMPOP_MIN with variadic ZADD (2 ms)
[ok]: BZMPOP_MIN with zero timeout should block indefinitely (1002 ms)
[ok]: WAIT command on module blocked client (1371 ms)
[ok]: ZSCORE - skiplist (219 ms)
[ok]: Unblock by timer (101 ms)
[ok]: block time is shorter than timer period (122 ms)
[ok]: ZMSCORE - skiplist (223 ms)
[ok]: block time is equal to timer period (100 ms)
[ok]: Unload the module - blockedclient (0 ms)
[62/149 done]: unit/moduleapi/blockedclient (4 seconds)
Testing unit/moduleapi/blockonbackground
[ok]: ZSCORE after a DEBUG RELOAD - skiplist (234 ms)
[ok]: ZSCORE 17-19 significant digit mantissas (widened fast path) - skiplist (7 ms)
[ok]:  blocked clients time tracking - check blocked command that uses RedisModule_BlockedClientMeasureTimeStart() is tracking background time (204 ms)
[ok]: ZSET sorting stresser - skiplist (295 ms)
[ok]: XADD mass insertion and XLEN (2473 ms)
[ok]: XADD with ID 0-0 (0 ms)
[ok]: XADD with LIMIT delete entries no more than limit (1 ms)
[ok]: XRANGE COUNT works as expected (1 ms)
[ok]: XREVRANGE COUNT works as expected (1 ms)
[ok]: XRANGE can be used to iterate the whole stream (365 ms)
[ok]:  blocked clients time tracking - check blocked command that uses RedisModule_BlockedClientMeasureTimeStart() is tracking background time even in timeout  (589 ms)
[ok]:  blocked clients time tracking - check blocked command with multiple calls RedisModule_BlockedClientMeasureTimeStart()  is tracking the total background time  (202 ms)
[ok]:  blocked clients time tracking - check blocked command without calling RedisModule_BlockedClientMeasureTimeStart() is not reporting background time  (201 ms)
[ok]: client unblock works only for modules with timeout support (2 ms)
[63/149 done]: unit/moduleapi/blockonbackground (1 seconds)
Testing unit/moduleapi/blockonkeys
[ok]: Module client blocked on keys: Circular BPOPPUSH (2 ms)
[ok]: Module client blocked on keys: Self-referential BPOPPUSH (2 ms)
[ok]: Module client blocked on keys: BPOPPUSH unblocked by timer (97 ms)
[ok]: Module client blocked on keys (no metadata): No block (1 ms)
[ok]: Module client blocked on keys (no metadata): Timeout (87 ms)
[ok]: Module client blocked on keys (no metadata): Blocked (1 ms)
[ok]: Module client blocked on keys (with metadata): No block (1 ms)
[ok]: Module client blocked on keys (with metadata): Timeout (99 ms)
[ok]: Module client blocked on keys (with metadata): Blocked, case 1 (2 ms)
[ok]: Module client blocked on keys (with metadata): Blocked, case 2 (2 ms)
[ok]: Module client blocked on keys (with metadata): Blocked, DEL (1 ms)
[ok]: Module client blocked on keys (with metadata): Blocked, FLUSHALL (2 ms)
[ok]: Module client blocked on keys (with metadata): Blocked, SWAPDB, no key (1 ms)
[ok]: Module client blocked on keys (with metadata): Blocked, SWAPDB, key exists, case 1 (3 ms)
[ok]: Module client blocked on keys (with metadata): Blocked, SWAPDB, key exists, case 2 (3 ms)
[ok]: Module client blocked on keys (with metadata): Blocked, SWAPDB, key exists, case 3 (2 ms)
[ok]: Module client blocked on keys (with metadata): Blocked, CLIENT KILL (2 ms)
[ok]: Module client blocked on keys (with metadata): Blocked, CLIENT UNBLOCK TIMEOUT (2 ms)
[ok]: Module client blocked on keys (with metadata): Blocked, CLIENT UNBLOCK ERROR (1 ms)
[ok]: Module client blocked on keys, no timeout CB, CLIENT UNBLOCK TIMEOUT (2 ms)
[ok]: Module client blocked on keys, no timeout CB, CLIENT UNBLOCK ERROR (1 ms)
[ok]: Module client re-blocked on keys after woke up on wrong type (2 ms)
[ok]: Module client blocked on keys woken up by LPUSH (2 ms)
[ok]: Module client unblocks BLPOP (1 ms)
[ok]: Module unblocks module blocked on non-empty list (2 ms)
[ok]: Module explicit unblock when blocked on keys (2 ms)
[ok]: XREVRANGE returns the reverse of XRANGE (1733 ms)
[ok]: XRANGE exclusive ranges (3 ms)
[ok]: XREAD with non empty stream (1 ms)
[ok]: Non blocking XREAD with empty streams (0 ms)
[ok]: WAIT command on module blocked client on keys (1283 ms)
[64/149 done]: unit/moduleapi/blockonkeys (2 seconds)
Testing unit/moduleapi/cluster
[ok]: XREAD with non empty second stream (1380 ms)
[ok]: Blocking XREAD waiting new data (2 ms)
[ok]: Blocking XREAD waiting old data (1 ms)
[ok]: Blocking XREAD will not reply with an empty array (21 ms)
[ok]: Blocking XREAD for stream that ran dry (issue #5299) (97 ms)
[ok]: XREAD last element from non-empty stream (1 ms)
[ok]: XREAD last element from empty stream (1 ms)
[ok]: XREAD last element blocking from empty stream (1 ms)
[ok]: XREAD last element blocking from non-empty stream (1 ms)
[ok]: XREAD last element from multiple streams (1 ms)
[ok]: XREAD last element with count > 1 (1 ms)
[ok]: XREAD: read last element after XDEL (issue #13628) (1 ms)
[ok]: XREAD: XADD + DEL should not awake client (1 ms)
[ok]: XREAD: XADD + DEL + LPUSH should not awake client (2 ms)
[ok]: XREAD with same stream name multiple times should work (1 ms)
[ok]: XREAD + multiple XADD inside transaction (2 ms)
[ok]: XDEL basic test (1 ms)
[ok]: XDEL multiply id test (2 ms)
[ok]: Run blocking command (blocked on key) on cluster node3 (1 ms)
[ok]: Run blocking command (no keys) on cluster node2 (1 ms)
[ok]: Perform a Resharding (16 ms)
[ok]: Verify command (no keys) is unaffected after resharding (0 ms)
[ok]: Verify command (blocked on key) got unblocked after resharding (18 ms)
[ok]: Wait for cluster to be stable (17 ms)
[ok]: Sanity test push cmd after resharding (2 ms)
[ok]: Run blocking command (blocked on key) again on cluster node1 (1 ms)
[ok]: Run blocking command (no keys) again on cluster node2 (0 ms)
[ok]: XDEL fuzz test (2073 ms)
[ok]: Kill a cluster node and wait for fail state (3263 ms)
[ok]: Verify command (blocked on key) got unblocked after cluster failure (0 ms)
[ok]: Verify command (no keys) got unblocked after cluster failure (65 ms)
[ok]: Verify command RM_Call is rejected when cluster is down (0 ms)
[ok]: Verify keys deletion and notification effects happened on cluster slots change are replicated inside multi exec (207 ms)
[ok]: XRANGE fuzzing (6619 ms)
[ok]: XREVRANGE regression test for issue #5006 (1 ms)
[ok]: XREAD streamID edge (no-blocking) (0 ms)
[ok]: XREAD streamID edge (blocking) (2 ms)
[ok]: XADD streamID edge (1 ms)
[ok]: XTRIM with MAXLEN option basic test (103 ms)
[ok]: XADD with LIMIT consecutive calls (11 ms)
[ok]: XTRIM with ~ is limited (12 ms)
[ok]: XTRIM without ~ is not limited (11 ms)
[ok]: XTRIM without ~ and with LIMIT (11 ms)
[ok]: XTRIM with LIMIT delete entries no more than limit (1 ms)
[ok]: XTRIM with approx and ACKED deletes entries correctly (2 ms)
[ok]: XTRIM with approx and DELREF deletes entries correctly (2 ms)
[ok]: XADD with MAXLEN > xlen can propagate correctly (15 ms)
[ok]: XADD with MINID > lastid can propagate correctly (15 ms)
[ok]: XADD with ~ MAXLEN can propagate correctly (14 ms)
[ok]: XADD with ~ MAXLEN and LIMIT can propagate correctly (15 ms)
[ok]: XADD with ~ MINID can propagate correctly (14 ms)
[ok]: XADD with ~ MINID and LIMIT can propagate correctly (14 ms)
[ok]: XTRIM with ~ MAXLEN can propagate correctly (15 ms)
[ok]: XADD can CREATE an empty stream (1 ms)
[ok]: XSETID can set a specific ID (0 ms)
[ok]: XSETID cannot SETID with smaller ID (1 ms)
[ok]: XSETID cannot SETID on non-existent key (0 ms)
[ok]: XSETID cannot run with an offset but without a maximal tombstone (1 ms)
[ok]: XSETID cannot run with a maximal tombstone but without an offset (0 ms)
[ok]: XSETID errors on negstive offset (0 ms)
[ok]: XSETID cannot set the maximal tombstone with larger ID (1 ms)
[ok]: XSETID cannot set the offset to less than the length (0 ms)
[ok]: XSETID cannot set smaller ID than current MAXDELETEDID (1 ms)
[ok]: XADD advances the entries-added counter and sets the recorded-first-entry-id (1 ms)
[ok]: XDEL/TRIM are reflected by recorded first entry (3 ms)
[ok]: Maximum XDEL ID behaves correctly (2 ms)
[ok]: XADD with artial ID with maximal seq (0 ms)
[ok]: Verify RM_Call inside module load function on cluster mode (0 ms)
[ok]: Empty stream can be rewrite into AOF correctly (110 ms)
[ok]: Stream can be rewrite into AOF correctly after XDEL lastid (110 ms)
[ok]: XGROUP HELP should not have unexpected options (0 ms)
[ok]: XINFO HELP should not have unexpected options (0 ms)
[ok]: XDELEX wrong number of args (0 ms)
[ok]: XDELEX should return empty array when key doesn't exist (1 ms)
[ok]: XDELEX IDS parameter validation (1 ms)
[ok]: XDELEX KEEPREF/DELREF/ACKED parameter validation (1 ms)
[ok]: XDELEX with DELREF option acknowledges will remove entry from all PELs (2 ms)
[ok]: XDELEX with ACKED option only deletes messages acknowledged by all groups (2 ms)
[ok]: XDELEX with ACKED option won't delete messages when new consumer groups are created (2 ms)
[ok]: XDELEX with KEEPREF (2 ms)
[ok]: RM_StringTruncate memory tracking (0 ms)
[65/149 done]: unit/moduleapi/cluster (14 seconds)
Testing unit/moduleapi/cmdintrospection
[ok]: Module command introspection via COMMAND INFO (1 ms)
[ok]: Module command introspection via COMMAND DOCS (4 ms)
[ok]: Unload the module - cmdintrospection (0 ms)
[66/149 done]: unit/moduleapi/cmdintrospection (1 seconds)
Testing unit/moduleapi/commandfilter
[ok]: Retain a command filter argument (0 ms)
[ok]: Command Filter handles redirected commands (0 ms)
[ok]: Command Filter can call RedisModule_CommandFilterArgDelete (0 ms)
[ok]: Command Filter can call RedisModule_CommandFilterArgInsert (1 ms)
[ok]: Command Filter can call RedisModule_CommandFilterArgReplace (0 ms)
[ok]: Command Filter applies on RM_Call() commands (0 ms)
[ok]: Command Filter applies on Lua redis.call() (1 ms)
[ok]: Command Filter applies on Lua redis.call() that calls a module (0 ms)
[ok]: Command Filter strings can be retained (0 ms)
[ok]: Command Filter is unregistered implicitly on module unload (0 ms)
[ok]: Command Filter unregister works as expected (1 ms)
[ok]: Command Filter REDISMODULE_CMDFILTER_NOSELF works as expected (1 ms)
[ok]: Unload the module - commandfilter (0 ms)
[ok]: Stress tester for #3343-alike bugs comp: 2 (88413 ms)
[ok]: RM_CommandFilterArgInsert and script argv caching (235 ms)
[ok]: Blocking Commands don't run through command filter when reprocessed (223 ms)
[ok]: Filtering based on client id (235 ms)
[ok]: OnLoad failure will handle un-registration (2 ms)
[67/149 done]: unit/moduleapi/commandfilter (1 seconds)
Testing unit/moduleapi/configaccess
[ok]: Test module config get with standard Redis configs (3 ms)
[ok]: Test module config get with non-existent configs (0 ms)
[ok]: Test module config set with standard Redis configs (2 ms)
[ok]: Test module config set with module configs (1 ms)
[ok]: Test module config set with error cases (1 ms)
[ok]: XADD IDMP tracking works with diskless replication (swapdb mode) rdbchannel=yes (2929 ms)
[ok]: Test module get all configs (40 ms)
[ok]: Test module config type detection (1 ms)
[ok]: Test config rollback on apply (1 ms)
[68/149 done]: unit/moduleapi/configaccess (0 seconds)
Testing unit/moduleapi/crash
[ok]: Test module crash when info crashes with an assertion  (302 ms)
[ok]: Test module crash when info crashes with a segfault (300 ms)
[ok]: Test command tokens are printed when hide-user-data-from-log is enabled (xadd) (320 ms)
[ok]: Test command tokens are printed when hide-user-data-from-log is enabled (zunion) (306 ms)
[ok]: Test subcommand name is printed when hide-user-data-from-log is enabled (300 ms)
[69/149 done]: unit/moduleapi/crash (2 seconds)
Testing unit/moduleapi/datatype
[ok]: DataType: test loadex with invalid config (1 ms)
[ok]: DataType: Test module is sane, GET/SET work. (1 ms)
[ok]: test blocking of datatype creation outside of OnLoad (0 ms)
[ok]: DataType: RM_SaveDataTypeToString(), RM_LoadDataTypeFromStringEncver() work (1 ms)
[ok]: DataType: Handle truncated RM_LoadDataTypeFromStringEncver() (0 ms)
[ok]: DataType: ModuleTypeReplaceValue() happy path works (1 ms)
[ok]: DataType: ModuleTypeReplaceValue() fails on non-module keys (1 ms)
[ok]: DataType: Copy command works for modules (0 ms)
[ok]: DataType: Slow Loading (311 ms)
[ok]: DataType: check the type name (1 ms)
[ok]: SCAN module datatype (78 ms)
[ok]: SCAN module datatype with case sensitive (79 ms)
[ok]: XADD IDMP tracking works with diskless replication (swapdb mode) rdbchannel=no (2929 ms)
[70/149 done]: unit/type/stream (59 seconds)
Testing unit/moduleapi/datatype2
[ok]: datatype2: test mem alloc and free (2 ms)
[ok]: datatype2: test del and unlink (1 ms)
[ok]: datatype2: test read and write (1 ms)
[ok]: datatype2: test rdb save and load (110 ms)
[ok]: datatype2: test aof rewrite (108 ms)
[ok]: datatype2: test copy (4 ms)
[ok]: datatype2: test swapdb (2 ms)
[ok]: datatype2: test digest (2 ms)
[ok]: datatype2: test memusage (2 ms)
[71/149 done]: unit/moduleapi/datatype2 (1 seconds)
Testing unit/moduleapi/defrag
[ok]: ZRANGEBYSCORE fuzzy test, 100 ranges in 1000 element sorted set - skiplist (23018 ms)
[ok]: Module defrag: simple key defrag works (104 ms)
[ok]: Module defrag: late defrag with cursor works (58 ms)
[ok]: Reduce defrag CPU usage when module data can't be defragged (1944 ms)
[72/149 done]: unit/moduleapi/datatype (3 seconds)
Testing unit/moduleapi/eventloop
[ok]: Module eventloop sendbytes (18 ms)
[ok]: Module eventloop iteration (1 ms)
[ok]: Module eventloop sanity (0 ms)
[ok]: Module eventloop oneshot (0 ms)
[ok]: Unload the module - eventloop (1 ms)
[73/149 done]: unit/moduleapi/eventloop (0 seconds)
Testing unit/moduleapi/fork
[ok]: Module fork (203 ms)
[ok]: Module fork kill (12 ms)
[ok]: Unload the module - fork (0 ms)
[74/149 done]: unit/moduleapi/fork (0 seconds)
Testing unit/moduleapi/getchannels
[ok]: module getchannels-api with literals - ACL (1 ms)
[ok]: module getchannels-api with patterns - ACL (1 ms)
[ok]: Unload the module - getchannels (0 ms)
[75/149 done]: unit/moduleapi/getchannels (1 seconds)
Testing unit/moduleapi/getkeys
[ok]: ZRANGEBYLEX fuzzy test, 100 ranges in 1000 element sorted set - skiplist (1597 ms)
[ok]: COMMAND INFO correctly reports a movable keys module command (0 ms)
[ok]: COMMAND GETKEYS correctly reports a movable keys module command (0 ms)
[ok]: COMMAND GETKEYS correctly reports a movable keys module command using flags (0 ms)
[ok]: COMMAND GETKEYSANDFLAGS correctly reports a movable keys module command not using flags (1 ms)
[ok]: COMMAND GETKEYSANDFLAGS correctly reports a movable keys module command using flags (0 ms)
[ok]: RM_GetCommandKeys on non-existing command (0 ms)
[ok]: RM_GetCommandKeys on built-in fixed keys command (1 ms)
[ok]: RM_GetCommandKeys on built-in fixed keys command with flags (0 ms)
[ok]: RM_GetCommandKeys on EVAL (0 ms)
[ok]: RM_GetCommandKeys on a movable keys module command (0 ms)
[ok]: RM_GetCommandKeys on a non-movable module command (0 ms)
[ok]: RM_GetCommandKeys with bad arity (0 ms)
[ok]: introspect with > MAX_KEYS_BUFFER keys triggers RM_GetCommandKeysWithFlags heap alloc (0 ms)
[ok]: module getkeys-api - ACL (0 ms)
[ok]: module getkeys-api with flags - ACL (1 ms)
[ok]: Unload the module - getkeys (0 ms)
[76/149 done]: unit/moduleapi/getkeys (0 seconds)
Testing unit/moduleapi/hash
[ok]: Module hash set (1 ms)
[ok]: Module hash - set (override) NX expired field successfully (7 ms)
[ok]: Module hash - set XX of expired field gets failed as expected (7 ms)
[ok]: Module hash - test open key with REDISMODULE_OPEN_KEY_ACCESS_EXPIRED to scan expired fields (11 ms)
[ok]: Module hash - test open key with REDISMODULE_OPEN_KEY_ACCESS_EXPIRED to scan expired key (11 ms)
[ok]: Module hash - Read field expiration time (2 ms)
[ok]: Module hash - Read minimum expiration time (1 ms)
[ok]: Module hash - KEYSIZES is updated as expected (66 ms)
[ok]: Unload the module - hash (0 ms)
[77/149 done]: unit/moduleapi/hash (0 seconds)
Testing unit/moduleapi/hooks
[ok]: Test module aof save on server start from empty (0 ms)
[ok]: Test clients connection / disconnection hooks (1 ms)
[ok]: Test module client change event for blocked client (1 ms)
[ok]: Test module cron hook (102 ms)
[ok]: Test module loaded / unloaded hooks (2 ms)
[ok]: Test module aofrw hook (122 ms)
[ok]: ZREMRANGEBYLEX fuzzy test, 100 ranges in 1000 element sorted set - skiplist (2101 ms)
[ok]: ZSETs skiplist implementation backlink consistency test - skiplist (243 ms)
[ok]: Module defrag: global defrag works (4309 ms)
[78/149 done]: unit/moduleapi/defrag (5 seconds)
Testing unit/moduleapi/infotest
[ok]: module info not attempted in INFO ALL (2 ms)
[ok]: module reading info (2 ms)
[ok]: module info all (0 ms)
[ok]: module info all infotest (1 ms)
[ok]: module info everything (0 ms)
[ok]: module info modules (0 ms)
[ok]: module info one module (0 ms)
[ok]: module info one section (1 ms)
[ok]: module info dict (0 ms)
[ok]: module info unsafe fields (0 ms)
[ok]: module info multiply sections without all, everything, default keywords (0 ms)
[ok]: module info multiply sections with all keyword and modules (0 ms)
[ok]: module info multiply sections with everything keyword (1 ms)
[ok]: Unload the module - infotest (0 ms)
[79/149 done]: unit/moduleapi/infotest (0 seconds)
Testing unit/moduleapi/infra
[ok]: ZSETs ZRANK augmented skip list stress testing - skiplist (969 ms)
[ok]: BZPOPMIN, ZADD + DEL should not awake blocked client (2 ms)
[ok]: BZPOPMIN, ZADD + DEL + SET should not awake blocked client (2 ms)
[ok]: BZMPOP_MIN, ZADD + DEL should not awake blocked client (2 ms)
[ok]: BZMPOP_MIN, ZADD + DEL + SET should not awake blocked client (2 ms)
[ok]: modules config rewrite (685 ms)
[80/149 done]: unit/moduleapi/infra (1 seconds)
Testing unit/moduleapi/internalsecret
[ok]: Test module aof load and rdb/aof progress hooks (3265 ms)
[ok]: Test module rdb save hook (93 ms)
[ok]: Test key unlink hook (3 ms)
[ok]: BZPOPMIN unblock but the key is expired and then block again - reprocessing command (1006 ms)
[ok]: BZPOPMIN with same key multiple times should work (3 ms)
[ok]: MULTI/EXEC is isolated from the point of view of BZPOPMIN (1 ms)
[ok]: BZPOPMIN with variadic ZADD (1 ms)
[ok]: Test removed key event (122 ms)
[ok]: Test flushdb hooks (7 ms)
[ok]: Test master link up hook (1 ms)
[ok]: Test role-replica hook (1 ms)
[ok]: Test replica-online hook (0 ms)
[ok]: Test master link down hook (102 ms)
[ok]: Test role-master hook (0 ms)
[ok]: Test replica-offline hook (0 ms)
[ok]: Test swapdb hooks (0 ms)
[ok]: Test configchange hooks (1 ms)
[ok]: Test shutdown hook (2 ms)
[ok]: OnLoad failure will handle un-registration (2 ms)
[81/149 done]: unit/moduleapi/hooks (5 seconds)
Testing unit/moduleapi/keymeta
Registered class 1 with spec KEEPONCOPY:KEEPONRENAME:KEEPONMOVE:ALLOWIGNORE:RDBLOAD:RDBSAVE
Registered class 2 with spec KEEPONCOPY:KEEPONRENAME:UNLINKFREE:ALLOWIGNORE:RDBLOAD:RDBSAVE
Registered class 3 with spec KEEPONCOPY:ALLOWIGNORE:RDBLOAD:RDBSAVE
Registered class 4 with spec ALLOWIGNORE:RDBLOAD:RDBSAVE
Registered class 5 with spec KEEPONRENAME:KEEPONMOVE:ALLOWIGNORE:RDBLOAD:RDBSAVE
Registered class 6 with spec KEEPONRENAME:ALLOWIGNORE:RDBLOAD:RDBSAVE
Registered class 7 with spec KEEPONMOVE:UNLINKFREE:ALLOWIGNORE:RDBLOAD:RDBSAVE
[ok]: KEYMETA - copy key-string with 1 classes, expiryBefore=0, expiryAfter=0) (11 ms)
[ok]: KEYMETA - copy key-hash with 1 classes, expiryBefore=0, expiryAfter=0) (2 ms)
[ok]: KEYMETA - rename key-string with 1 classes, expiryBefore=0, expiryAfter=0) (10 ms)
[ok]: KEYMETA - rename key-hash with 1 classes, expiryBefore=0, expiryAfter=0) (2 ms)
[ok]: KEYMETA - move key-string with 1 classes, expiryBefore=0, expiryAfter=0) (12 ms)
[ok]: KEYMETA - move key-hash with 1 classes, expiryBefore=0, expiryAfter=0) (3 ms)
[ok]: KEYMETA - copy key-string with 1 classes, expiryBefore=0, expiryAfter=1) (12 ms)
[ok]: KEYMETA - copy key-hash with 1 classes, expiryBefore=0, expiryAfter=1) (2 ms)
[ok]: KEYMETA - rename key-string with 1 classes, expiryBefore=0, expiryAfter=1) (11 ms)
[ok]: KEYMETA - rename key-hash with 1 classes, expiryBefore=0, expiryAfter=1) (2 ms)
[ok]: KEYMETA - move key-string with 1 classes, expiryBefore=0, expiryAfter=1) (14 ms)
[ok]: KEYMETA - move key-hash with 1 classes, expiryBefore=0, expiryAfter=1) (2 ms)
[ok]: KEYMETA - copy key-string with 1 classes, expiryBefore=1, expiryAfter=0) (12 ms)
[ok]: KEYMETA - copy key-hash with 1 classes, expiryBefore=1, expiryAfter=0) (2 ms)
[ok]: KEYMETA - rename key-string with 1 classes, expiryBefore=1, expiryAfter=0) (12 ms)
[ok]: KEYMETA - rename key-hash with 1 classes, expiryBefore=1, expiryAfter=0) (2 ms)
[ok]: BZPOPMIN with zero timeout should block indefinitely (1002 ms)
[ok]: MULTI/EXEC is isolated from the point of view of BZMPOP_MIN (2 ms)
[ok]: BZMPOP_MIN with variadic ZADD (1 ms)
[ok]: KEYMETA - move key-string with 1 classes, expiryBefore=1, expiryAfter=0) (15 ms)
[ok]: KEYMETA - move key-hash with 1 classes, expiryBefore=1, expiryAfter=0) (3 ms)
[ok]: KEYMETA - copy key-string with 1 classes, expiryBefore=1, expiryAfter=1) (14 ms)
[ok]: KEYMETA - copy key-hash with 1 classes, expiryBefore=1, expiryAfter=1) (3 ms)
[ok]: KEYMETA - rename key-string with 1 classes, expiryBefore=1, expiryAfter=1) (15 ms)
[ok]: KEYMETA - rename key-hash with 1 classes, expiryBefore=1, expiryAfter=1) (3 ms)
[ok]: KEYMETA - move key-string with 1 classes, expiryBefore=1, expiryAfter=1) (17 ms)
[ok]: KEYMETA - move key-hash with 1 classes, expiryBefore=1, expiryAfter=1) (3 ms)
[ok]: KEYMETA - copy key-string with 2 classes, expiryBefore=0, expiryAfter=0) (15 ms)
[ok]: KEYMETA - copy key-hash with 2 classes, expiryBefore=0, expiryAfter=0) (3 ms)
[ok]: KEYMETA - rename key-string with 2 classes, expiryBefore=0, expiryAfter=0) (15 ms)
[ok]: KEYMETA - rename key-hash with 2 classes, expiryBefore=0, expiryAfter=0) (3 ms)
[ok]: KEYMETA - move key-string with 2 classes, expiryBefore=0, expiryAfter=0) (15 ms)
[ok]: KEYMETA - move key-hash with 2 classes, expiryBefore=0, expiryAfter=0) (2 ms)
[ok]: KEYMETA - copy key-string with 2 classes, expiryBefore=0, expiryAfter=1) (14 ms)
[ok]: KEYMETA - copy key-hash with 2 classes, expiryBefore=0, expiryAfter=1) (2 ms)
[ok]: KEYMETA - rename key-string with 2 classes, expiryBefore=0, expiryAfter=1) (15 ms)
[ok]: KEYMETA - rename key-hash with 2 classes, expiryBefore=0, expiryAfter=1) (2 ms)
[ok]: KEYMETA - move key-string with 2 classes, expiryBefore=0, expiryAfter=1) (18 ms)
[ok]: KEYMETA - move key-hash with 2 classes, expiryBefore=0, expiryAfter=1) (3 ms)
[ok]: KEYMETA - copy key-string with 2 classes, expiryBefore=1, expiryAfter=0) (17 ms)
[ok]: KEYMETA - copy key-hash with 2 classes, expiryBefore=1, expiryAfter=0) (3 ms)
[ok]: KEYMETA - rename key-string with 2 classes, expiryBefore=1, expiryAfter=0) (17 ms)
[ok]: KEYMETA - rename key-hash with 2 classes, expiryBefore=1, expiryAfter=0) (3 ms)
[ok]: KEYMETA - move key-string with 2 classes, expiryBefore=1, expiryAfter=0) (19 ms)
[ok]: KEYMETA - move key-hash with 2 classes, expiryBefore=1, expiryAfter=0) (4 ms)
[ok]: KEYMETA - copy key-string with 2 classes, expiryBefore=1, expiryAfter=1) (18 ms)
[ok]: KEYMETA - copy key-hash with 2 classes, expiryBefore=1, expiryAfter=1) (3 ms)
[ok]: KEYMETA - rename key-string with 2 classes, expiryBefore=1, expiryAfter=1) (19 ms)
[ok]: KEYMETA - rename key-hash with 2 classes, expiryBefore=1, expiryAfter=1) (3 ms)
[ok]: KEYMETA - move key-string with 2 classes, expiryBefore=1, expiryAfter=1) (21 ms)
[ok]: KEYMETA - move key-hash with 2 classes, expiryBefore=1, expiryAfter=1) (4 ms)
[ok]: KEYMETA - copy key-string with 3 classes, expiryBefore=0, expiryAfter=0) (17 ms)
[ok]: KEYMETA - copy key-hash with 3 classes, expiryBefore=0, expiryAfter=0) (3 ms)
[ok]: KEYMETA - rename key-string with 3 classes, expiryBefore=0, expiryAfter=0) (17 ms)
[ok]: KEYMETA - rename key-hash with 3 classes, expiryBefore=0, expiryAfter=0) (3 ms)
[ok]: KEYMETA - move key-string with 3 classes, expiryBefore=0, expiryAfter=0) (19 ms)
[ok]: KEYMETA - move key-hash with 3 classes, expiryBefore=0, expiryAfter=0) (3 ms)
[ok]: KEYMETA - copy key-string with 3 classes, expiryBefore=0, expiryAfter=1) (19 ms)
[ok]: KEYMETA - copy key-hash with 3 classes, expiryBefore=0, expiryAfter=1) (3 ms)
[ok]: KEYMETA - rename key-string with 3 classes, expiryBefore=0, expiryAfter=1) (19 ms)
[ok]: KEYMETA - rename key-hash with 3 classes, expiryBefore=0, expiryAfter=1) (4 ms)
[ok]: KEYMETA - move key-string with 3 classes, expiryBefore=0, expiryAfter=1) (21 ms)
[ok]: KEYMETA - move key-hash with 3 classes, expiryBefore=0, expiryAfter=1) (4 ms)
[ok]: KEYMETA - copy key-string with 3 classes, expiryBefore=1, expiryAfter=0) (19 ms)
[ok]: KEYMETA - copy key-hash with 3 classes, expiryBefore=1, expiryAfter=0) (4 ms)
[ok]: KEYMETA - rename key-string with 3 classes, expiryBefore=1, expiryAfter=0) (18 ms)
[ok]: KEYMETA - rename key-hash with 3 classes, expiryBefore=1, expiryAfter=0) (3 ms)
[ok]: KEYMETA - move key-string with 3 classes, expiryBefore=1, expiryAfter=0) (20 ms)
[ok]: KEYMETA - move key-hash with 3 classes, expiryBefore=1, expiryAfter=0) (4 ms)
[ok]: Internal command without internal connection fails as an unknown command (1 ms)
[ok]: Wrong internalsecret fails authentication (0 ms)
[ok]: Internal connection basic flow (1 ms)
[ok]: KEYMETA - copy key-string with 3 classes, expiryBefore=1, expiryAfter=1) (19 ms)
[ok]: KEYMETA - copy key-hash with 3 classes, expiryBefore=1, expiryAfter=1) (3 ms)
[ok]: KEYMETA - rename key-string with 3 classes, expiryBefore=1, expiryAfter=1) (20 ms)
[ok]: KEYMETA - rename key-hash with 3 classes, expiryBefore=1, expiryAfter=1) (4 ms)
[ok]: KEYMETA - move key-string with 3 classes, expiryBefore=1, expiryAfter=1) (21 ms)
[ok]: KEYMETA - move key-hash with 3 classes, expiryBefore=1, expiryAfter=1) (4 ms)
[ok]: KEYMETA - copy key-string with 4 classes, expiryBefore=0, expiryAfter=0) (19 ms)
[ok]: KEYMETA - copy key-hash with 4 classes, expiryBefore=0, expiryAfter=0) (3 ms)
[ok]: KEYMETA - rename key-string with 4 classes, expiryBefore=0, expiryAfter=0) (19 ms)
[ok]: KEYMETA - rename key-hash with 4 classes, expiryBefore=0, expiryAfter=0) (3 ms)
[ok]: KEYMETA - move key-string with 4 classes, expiryBefore=0, expiryAfter=0) (22 ms)
[ok]: KEYMETA - move key-hash with 4 classes, expiryBefore=0, expiryAfter=0) (4 ms)
[ok]: KEYMETA - copy key-string with 4 classes, expiryBefore=0, expiryAfter=1) (22 ms)
[ok]: KEYMETA - copy key-hash with 4 classes, expiryBefore=0, expiryAfter=1) (4 ms)
[ok]: KEYMETA - rename key-string with 4 classes, expiryBefore=0, expiryAfter=1) (21 ms)
[ok]: KEYMETA - rename key-hash with 4 classes, expiryBefore=0, expiryAfter=1) (4 ms)
[ok]: KEYMETA - move key-string with 4 classes, expiryBefore=0, expiryAfter=1) (24 ms)
[ok]: KEYMETA - move key-hash with 4 classes, expiryBefore=0, expiryAfter=1) (5 ms)
[ok]: Internal secret is not available in non-cluster mode (1 ms)
[ok]: marking and un-marking a connection as internal via a debug command (0 ms)
[ok]: KEYMETA - copy key-string with 4 classes, expiryBefore=1, expiryAfter=0) (22 ms)
[ok]: KEYMETA - copy key-hash with 4 classes, expiryBefore=1, expiryAfter=0) (4 ms)
[ok]: KEYMETA - rename key-string with 4 classes, expiryBefore=1, expiryAfter=0) (23 ms)
[ok]: KEYMETA - rename key-hash with 4 classes, expiryBefore=1, expiryAfter=0) (4 ms)
[ok]: KEYMETA - move key-string with 4 classes, expiryBefore=1, expiryAfter=0) (25 ms)
[ok]: KEYMETA - move key-hash with 4 classes, expiryBefore=1, expiryAfter=0) (5 ms)
[ok]: KEYMETA - copy key-string with 4 classes, expiryBefore=1, expiryAfter=1) (23 ms)
[ok]: KEYMETA - copy key-hash with 4 classes, expiryBefore=1, expiryAfter=1) (4 ms)
[ok]: KEYMETA - rename key-string with 4 classes, expiryBefore=1, expiryAfter=1) (23 ms)
[ok]: KEYMETA - rename key-hash with 4 classes, expiryBefore=1, expiryAfter=1) (4 ms)
[ok]: KEYMETA - move key-string with 4 classes, expiryBefore=1, expiryAfter=1) (25 ms)
[ok]: KEYMETA - move key-hash with 4 classes, expiryBefore=1, expiryAfter=1) (4 ms)
[ok]: KEYMETA - copy key-string with 5 classes, expiryBefore=0, expiryAfter=0) (23 ms)
[ok]: KEYMETA - copy key-hash with 5 classes, expiryBefore=0, expiryAfter=0) (4 ms)
[ok]: KEYMETA - rename key-string with 5 classes, expiryBefore=0, expiryAfter=0) (22 ms)
[ok]: KEYMETA - rename key-hash with 5 classes, expiryBefore=0, expiryAfter=0) (4 ms)
[ok]: KEYMETA - move key-string with 5 classes, expiryBefore=0, expiryAfter=0) (25 ms)
[ok]: Test `COMMAND *` commands with\without internal connections (1 ms)
[ok]: KEYMETA - move key-hash with 5 classes, expiryBefore=0, expiryAfter=0) (5 ms)
[ok]: BZMPOP_MIN with zero timeout should block indefinitely (1002 ms)
[ok]: BZPOP/BZMPOP against wrong type (1 ms)
[ok]: BZMPOP with illegal argument (2 ms)
[ok]: KEYMETA - copy key-string with 5 classes, expiryBefore=0, expiryAfter=1) (25 ms)
[ok]: BZMPOP with multiple blocked clients (4 ms)
[ok]: KEYMETA - copy key-hash with 5 classes, expiryBefore=0, expiryAfter=1) (4 ms)
[ok]: KEYMETA - rename key-string with 5 classes, expiryBefore=0, expiryAfter=1) (24 ms)
[ok]: KEYMETA - rename key-hash with 5 classes, expiryBefore=0, expiryAfter=1) (4 ms)
[ok]: KEYMETA - move key-string with 5 classes, expiryBefore=0, expiryAfter=1) (27 ms)
[ok]: KEYMETA - move key-hash with 5 classes, expiryBefore=0, expiryAfter=1) (5 ms)
[ok]: KEYMETA - copy key-string with 5 classes, expiryBefore=1, expiryAfter=0) (26 ms)
[ok]: KEYMETA - copy key-hash with 5 classes, expiryBefore=1, expiryAfter=0) (5 ms)
[ok]: KEYMETA - rename key-string with 5 classes, expiryBefore=1, expiryAfter=0) (26 ms)
[ok]: KEYMETA - rename key-hash with 5 classes, expiryBefore=1, expiryAfter=0) (4 ms)
[ok]: KEYMETA - move key-string with 5 classes, expiryBefore=1, expiryAfter=0) (28 ms)
[ok]: KEYMETA - move key-hash with 5 classes, expiryBefore=1, expiryAfter=0) (5 ms)
[ok]: BZMPOP propagate as pop with count command to replica (183 ms)
[ok]: KEYMETA - copy key-string with 5 classes, expiryBefore=1, expiryAfter=1) (28 ms)
[ok]: BZMPOP should not blocks on non key arguments - #10762 (3 ms)
[ok]: KEYMETA - copy key-hash with 5 classes, expiryBefore=1, expiryAfter=1) (5 ms)
[ok]: No authentication needed for internal connections (0 ms)
[ok]: KEYMETA - rename key-string with 5 classes, expiryBefore=1, expiryAfter=1) (27 ms)
[ok]: KEYMETA - rename key-hash with 5 classes, expiryBefore=1, expiryAfter=1) (4 ms)
[ok]: KEYMETA - move key-string with 5 classes, expiryBefore=1, expiryAfter=1) (28 ms)
[ok]: KEYMETA - move key-hash with 5 classes, expiryBefore=1, expiryAfter=1) (5 ms)
[ok]: KEYMETA - copy key-string with 6 classes, expiryBefore=0, expiryAfter=0) (26 ms)
[ok]: KEYMETA - copy key-hash with 6 classes, expiryBefore=0, expiryAfter=0) (5 ms)
[ok]: KEYMETA - rename key-string with 6 classes, expiryBefore=0, expiryAfter=0) (26 ms)
[ok]: KEYMETA - rename key-hash with 6 classes, expiryBefore=0, expiryAfter=0) (4 ms)
[ok]: KEYMETA - move key-string with 6 classes, expiryBefore=0, expiryAfter=0) (28 ms)
[ok]: KEYMETA - move key-hash with 6 classes, expiryBefore=0, expiryAfter=0) (5 ms)
[ok]: KEYMETA - copy key-string with 6 classes, expiryBefore=0, expiryAfter=1) (28 ms)
[ok]: KEYMETA - copy key-hash with 6 classes, expiryBefore=0, expiryAfter=1) (4 ms)
[ok]: KEYMETA - rename key-string with 6 classes, expiryBefore=0, expiryAfter=1) (27 ms)
[ok]: KEYMETA - rename key-hash with 6 classes, expiryBefore=0, expiryAfter=1) (5 ms)
[ok]: RM_Call of internal commands without user-flag succeeds only for all connections (0 ms)
[ok]: Internal commands via RM_Call succeeds for non-internal connections depending on the user flag (0 ms)
[ok]: Internal connections override the user flag (1 ms)
[ok]: KEYMETA - move key-string with 6 classes, expiryBefore=0, expiryAfter=1) (31 ms)
[ok]: KEYMETA - move key-hash with 6 classes, expiryBefore=0, expiryAfter=1) (5 ms)
[ok]: KEYMETA - copy key-string with 6 classes, expiryBefore=1, expiryAfter=0) (29 ms)
[ok]: KEYMETA - copy key-hash with 6 classes, expiryBefore=1, expiryAfter=0) (5 ms)
[ok]: KEYMETA - rename key-string with 6 classes, expiryBefore=1, expiryAfter=0) (28 ms)
[ok]: KEYMETA - rename key-hash with 6 classes, expiryBefore=1, expiryAfter=0) (4 ms)
[ok]: KEYMETA - move key-string with 6 classes, expiryBefore=1, expiryAfter=0) (31 ms)
[ok]: KEYMETA - move key-hash with 6 classes, expiryBefore=1, expiryAfter=0) (6 ms)
[ok]: KEYMETA - copy key-string with 6 classes, expiryBefore=1, expiryAfter=1) (29 ms)
[ok]: KEYMETA - copy key-hash with 6 classes, expiryBefore=1, expiryAfter=1) (5 ms)
[ok]: KEYMETA - rename key-string with 6 classes, expiryBefore=1, expiryAfter=1) (29 ms)
[ok]: KEYMETA - rename key-hash with 6 classes, expiryBefore=1, expiryAfter=1) (5 ms)
[ok]: KEYMETA - move key-string with 6 classes, expiryBefore=1, expiryAfter=1) (33 ms)
[ok]: RM_Call with the user-flag after setting thread-safe-context from an internal connection should fail (0 ms)
[ok]: KEYMETA - move key-hash with 6 classes, expiryBefore=1, expiryAfter=1) (6 ms)
[ok]: KEYMETA - copy key-string with 7 classes, expiryBefore=0, expiryAfter=0) (29 ms)
[ok]: KEYMETA - copy key-hash with 7 classes, expiryBefore=0, expiryAfter=0) (5 ms)
[ok]: KEYMETA - rename key-string with 7 classes, expiryBefore=0, expiryAfter=0) (29 ms)
[ok]: KEYMETA - rename key-hash with 7 classes, expiryBefore=0, expiryAfter=0) (5 ms)
[ok]: KEYMETA - move key-string with 7 classes, expiryBefore=0, expiryAfter=0) (32 ms)
[ok]: KEYMETA - move key-hash with 7 classes, expiryBefore=0, expiryAfter=0) (6 ms)
[ok]: KEYMETA - copy key-string with 7 classes, expiryBefore=0, expiryAfter=1) (31 ms)
[ok]: KEYMETA - copy key-hash with 7 classes, expiryBefore=0, expiryAfter=1) (6 ms)
[ok]: KEYMETA - rename key-string with 7 classes, expiryBefore=0, expiryAfter=1) (31 ms)
[ok]: KEYMETA - rename key-hash with 7 classes, expiryBefore=0, expiryAfter=1) (5 ms)
[ok]: KEYMETA - move key-string with 7 classes, expiryBefore=0, expiryAfter=1) (34 ms)
[ok]: KEYMETA - move key-hash with 7 classes, expiryBefore=0, expiryAfter=1) (6 ms)
[ok]: KEYMETA - copy key-string with 7 classes, expiryBefore=1, expiryAfter=0) (32 ms)
[ok]: KEYMETA - copy key-hash with 7 classes, expiryBefore=1, expiryAfter=0) (5 ms)
[ok]: KEYMETA - rename key-string with 7 classes, expiryBefore=1, expiryAfter=0) (31 ms)
[ok]: KEYMETA - rename key-hash with 7 classes, expiryBefore=1, expiryAfter=0) (6 ms)
[ok]: KEYMETA - move key-string with 7 classes, expiryBefore=1, expiryAfter=0) (34 ms)
[ok]: KEYMETA - move key-hash with 7 classes, expiryBefore=1, expiryAfter=0) (6 ms)
[ok]: AOF executes internal commands successfully (3 ms)
[ok]: KEYMETA - copy key-string with 7 classes, expiryBefore=1, expiryAfter=1) (33 ms)
[ok]: KEYMETA - copy key-hash with 7 classes, expiryBefore=1, expiryAfter=1) (5 ms)
[ok]: KEYMETA - rename key-string with 7 classes, expiryBefore=1, expiryAfter=1) (33 ms)
[ok]: KEYMETA - rename key-hash with 7 classes, expiryBefore=1, expiryAfter=1) (6 ms)
[ok]: KEYMETA - move key-string with 7 classes, expiryBefore=1, expiryAfter=1) (36 ms)
[ok]: KEYMETA - move key-hash with 7 classes, expiryBefore=1, expiryAfter=1) (6 ms)
[ok]: KEYMETA - Verify active metadata count on copy (11 ms)
[ok]: KEYMETA - Verify active metadata count on rename (10 ms)
[ok]: KEYMETA - Verify active metadata count on move (13 ms)
[ok]: ZSET skiplist order consistency when elements are moved (1019 ms)
[ok]: ZRANGESTORE basic (1 ms)
[ok]: ZRANGESTORE RESP3 (1 ms)
[ok]: ZRANGESTORE range (0 ms)
[ok]: ZRANGESTORE BYLEX (0 ms)
[ok]: ZRANGESTORE BYSCORE (1 ms)
[ok]: ZRANGESTORE BYSCORE LIMIT (0 ms)
[ok]: ZRANGESTORE BYSCORE REV LIMIT (1 ms)
[ok]: ZRANGE BYSCORE REV LIMIT (0 ms)
[ok]: ZRANGESTORE - src key missing (0 ms)
[ok]: ZRANGESTORE - src key wrong type (0 ms)
[ok]: ZRANGESTORE - empty range (0 ms)
[ok]: ZRANGESTORE BYLEX - empty range (0 ms)
[ok]: ZRANGESTORE BYSCORE - empty range (0 ms)
[ok]: ZRANGE BYLEX (1 ms)
[ok]: ZRANGESTORE invalid syntax (0 ms)
[ok]: ZRANGESTORE with zset-max-listpack-entries 0 #10767 case (1 ms)
[ok]: ZRANGESTORE with zset-max-listpack-entries 1 dst key should use skiplist encoding (1 ms)
[ok]: ZRANGE invalid syntax (1 ms)
[ok]: ZRANDMEMBER - listpack (10 ms)
[ok]: Internal commands are not allowed from scripts (0 ms)
[ok]: ZRANDMEMBER - skiplist (10 ms)
[ok]: ZRANDMEMBER with RESP3 (1 ms)
[ok]: ZRANDMEMBER count of 0 is handled correctly (0 ms)
[ok]: ZRANDMEMBER with <count> against non existing key (0 ms)
[ok]: ZRANDMEMBER count overflow (1 ms)
[ok]: ZRANDMEMBER count of 0 is handled correctly - emptyarray (0 ms)
[ok]: ZRANDMEMBER with <count> against non existing key - emptyarray (0 ms)
[ok]: KEYMETA - Verify metadta cleanup on lazyfree (202 ms)
[ok]: ZRANDMEMBER with <count> - skiplist (265 ms)
[ok]: KEYMETA - Verify metadata cleanup on expire (203 ms)
[ok]: ZRANDMEMBER with <count> - listpack (264 ms)
[ok]: zset score double range (0 ms)
[ok]: KEYMETA - AOF rewrite emits correct KEYMETA.SET commands to file (211 ms)
[ok]: RDB: SAVE and reload preserves metadata (8 ms)
[ok]: zunionInterDiffGenericCommand acts on SET and ZSET (18 ms)
[ok]: ZADD overflows the maximum allowed elements in a listpack - single (7 ms)
[ok]: ZADD overflows the maximum allowed elements in a listpack - multiple (2 ms)
[ok]: ZADD overflows the maximum allowed elements in a listpack - single_multiple (2 ms)
[ok]: RDB: BGSAVE writes metadata to RDB file (110 ms)
[ok]: RDB: Metadata persists with expiretime (5 ms)
[82/149 done]: unit/type/zset (52 seconds)
Testing unit/moduleapi/keyspace_events
[ok]: RDB: Create keys with upto 7 meta classes, with or without expiry (113 ms)
[ok]: RDB: SAVE and LOAD (ALLOW_IGNORE=0, RDBLOAD=0, RDBSAVE=0) (8 ms)
[ok]: RDB: SAVE and LOAD (ALLOW_IGNORE=1, RDBLOAD=0, RDBSAVE=0) (8 ms)
[ok]: RDB: SAVE and LOAD (ALLOW_IGNORE=1, RDBLOAD=0, RDBSAVE=1) (8 ms)
[ok]: Test loaded key space event (5 ms)
[ok]: Nested multi due to RM_Call (1 ms)
[ok]: RDB: SAVE and LOAD (ALLOW_IGNORE=0, RDBLOAD=1, RDBSAVE=0) (9 ms)
[ok]: Nested multi due to RM_Call, with client MULTI (2 ms)
[ok]: Nested multi due to RM_Call, with EVAL (2 ms)
[ok]: Test module key space event (0 ms)
[ok]: Keyspace notifications: module events test (1 ms)
[ok]: Keyspace notifications: unsubscribe removes handler (1 ms)
[ok]: RDB: SAVE and LOAD (ALLOW_IGNORE=1, RDBLOAD=1, RDBSAVE=0) (8 ms)
[ok]: RDB: SAVE and LOAD (ALLOW_IGNORE=0, RDBLOAD=1, RDBSAVE=1) (8 ms)
[ok]: RDB: SAVE and LOAD (ALLOW_IGNORE=1, RDBLOAD=1, RDBSAVE=1) (9 ms)
[ok]: RDB: SAVE and LOAD Invalid combination: (ALLOW_IGNORE=0, RDBLOAD=0, RDBSAVE=1) (5 ms)
[ok]: DUMP/RESTORE: 1 to 7 metadata classes, optional TTL (50 ms)
[ok]: DUMP/RESTORE: REPLACE with metadata (2 ms)
[ok]: DUMP/RESTORE: (ALLOW_IGNORE=0, RDBLOAD=0, RDBSAVE=0) (1 ms)
[ok]: DUMP/RESTORE: (ALLOW_IGNORE=1, RDBLOAD=0, RDBSAVE=0) (1 ms)
[ok]: DUMP/RESTORE: (ALLOW_IGNORE=1, RDBLOAD=0, RDBSAVE=1) (2 ms)
[ok]: Test expired key space event (83 ms)
[ok]: Subkey notification: subscribe starts callback (0 ms)
[ok]: Subkey notification: HSET triggers module subkey callback (1 ms)
[ok]: DUMP/RESTORE: (ALLOW_IGNORE=0, RDBLOAD=1, RDBSAVE=0) (2 ms)
[ok]: Subkey notification: HDEL triggers module subkey callback (1 ms)
[ok]: Subkey notification: non-subkey event calls subkey callback with count=0 (0 ms)
[ok]: Subkey notification: module-triggered NotifyKeyspaceEventWithSubkeys (1 ms)
[ok]: DUMP/RESTORE: (ALLOW_IGNORE=1, RDBLOAD=1, RDBSAVE=0) (2 ms)
[ok]: DUMP/RESTORE: (ALLOW_IGNORE=0, RDBLOAD=1, RDBSAVE=1) (2 ms)
[ok]: DUMP/RESTORE: (ALLOW_IGNORE=1, RDBLOAD=1, RDBSAVE=1) (1 ms)
[ok]: DUMP/RESTORE: Invalid combination: (ALLOW_IGNORE=0, RDBLOAD=0, RDBSAVE=1) (1 ms)
[ok]: Subkey notification: lazy hash field expiry triggers hexpired with subkeys (101 ms)
[ok]: Subkey notification: active hash field expiry triggers hexpired with subkeys (102 ms)
[ok]: Subkey notification: unsubscribe stops callback and resubscribe resumes (205 ms)
[ok]: Subkey notification: SUBKEYS_REQUIRED flag skips events without subkeys (1 ms)
[ok]: Unload the module - testkeyspace (1 ms)
[ok]: Verify RM_StringDMA with expiration are not causing invalid memory access (0 ms)
[ok]: RDB: Load with different module registration order preserves metadata correctly (428 ms)
[ok]: RDB: File size same with/without metadata when no rdb_save callback (232 ms)
[ok]: Subkey notification: replica module receives subkey callback after replication (2 ms)
[ok]: Creating key metadata not during OnLoad should fail (233 ms)
[83/149 done]: unit/moduleapi/keymeta (4 seconds)
Testing unit/moduleapi/keyspecs
[ok]: Module key specs: No spec, only legacy triple (1 ms)
[ok]: Module key specs: No spec, only legacy triple with getkeys-api (1 ms)
[ok]: Module key specs: Two ranges (0 ms)
[ok]: Module key specs: Two ranges with gap (0 ms)
[ok]: Module key specs: Keyword-only spec clears the legacy triple (1 ms)
[ok]: Module key specs: Complex specs, case 1 (1 ms)
[ok]: Module key specs: Complex specs, case 2 (1 ms)
[ok]: Module command list filtering (0 ms)
[ok]: COMMAND GETKEYSANDFLAGS correctly reports module key-spec without flags (0 ms)
[ok]: COMMAND GETKEYSANDFLAGS correctly reports module key-spec with flags (0 ms)
[ok]: COMMAND GETKEYSANDFLAGS correctly reports module key-spec flags (0 ms)
[ok]: Module key specs: No spec, only legacy triple - ACL (1 ms)
[ok]: Module key specs: tworanges - ACL (0 ms)
[ok]: kspec.none command will not be marked with movablekeys (0 ms)
[ok]: kspec.tworanges command will not be marked with movablekeys (1 ms)
[ok]: kspec.keyword command is marked with movablekeys (0 ms)
[ok]: kspec.complex1 command is marked with movablekeys (1 ms)
[ok]: kspec.complex2 command is marked with movablekeys (1 ms)
[ok]: kspec.nonewithgetkeys command is marked with movablekeys (1 ms)
[ok]: Unload the module - keyspecs (0 ms)
[84/149 done]: unit/moduleapi/keyspecs (0 seconds)
Testing unit/moduleapi/ksn_notify_side_effect
[ok]: OnLoad failure will handle un-registration (2 ms)
[85/149 done]: unit/moduleapi/keyspace_events (2 seconds)
Testing unit/moduleapi/list
[ok]: HSETNX with SetKeyMeta in notification does not crash (2 ms)
[ok]: HSET with SetKeyMeta in notification does not crash (1 ms)
[ok]: HMSET with SetKeyMeta in notification does not crash (0 ms)
[ok]: HINCRBY with SetKeyMeta in notification does not crash (0 ms)
[ok]: HINCRBYFLOAT with SetKeyMeta in notification does not crash (1 ms)
[ok]: Multiple HSETNX on new keys with SetKeyMeta does not crash (30 ms)
[ok]: HGETDEL with SetKeyMeta in notification does not crash (2 ms)
[ok]: HDEL with SetKeyMeta in notification does not crash (2 ms)
[ok]: PERSIST with SetKeyMeta in notification does not crash (1 ms)
[ok]: COPY with SetKeyMeta in notification does not crash (2 ms)
[ok]: SET with SetKeyMeta in notification does not crash (0 ms)
[ok]: APPEND with SetKeyMeta in notification does not crash (1 ms)
[ok]: INCR with SetKeyMeta in notification does not crash (1 ms)
[ok]: INCRBY with SetKeyMeta in notification does not crash (0 ms)
[ok]: INCRBYFLOAT with SetKeyMeta in notification does not crash (1 ms)
[ok]: GETSET with SetKeyMeta in notification does not crash (1 ms)
[ok]: SETRANGE with SetKeyMeta in notification does not crash (1 ms)
[ok]: DEL with SetKeyMeta in notification does not crash (0 ms)
[ok]: DELEX with SetKeyMeta in notification does not crash (0 ms)
[ok]: MOVE with SetKeyMeta in notification does not crash (2 ms)
[ok]: RENAME with SetKeyMeta in notification does not crash (0 ms)
[ok]: RESTORE with SetKeyMeta in notification does not crash (1 ms)
[ok]: RESTORE REPLACE with SetKeyMeta in notification does not crash (1 ms)
[ok]: Setup master (0 ms)
[ok]: Slaves successfully execute internal commands from the replication link (2 ms)
[ok]: Module list set, get, insert, delete (3 ms)
[ok]: Module list iteration (1 ms)
[ok]: Module list insert & delete (0 ms)
[ok]: Module list insert & delete, neg index (0 ms)
[ok]: Module list set while iterating (1 ms)
[ok]: Module list set while iterating, neg index (0 ms)
[ok]: Module list - encoding conversion while inserting (2 ms)
[ok]: EXPIRE and key expiry with SetKeyMeta in notification does not crash (101 ms)
[ok]: DEBUG RELOAD with SetKeyMeta in notification does not crash (6 ms)
[ok]: SetKeyMeta notification count is tracked (1 ms)
[ok]: Module list - encoding conversion while replacing (43 ms)
[ok]: Module list - list entry and index should be updated when deletion (3 ms)
[86/149 done]: unit/moduleapi/ksn_notify_side_effect (1 seconds)
Testing unit/moduleapi/mallocsize
[ok]: Module list - KEYSIZES is updated as expected (65 ms)
[ok]: Unload the module - list (1 ms)
[ok]: MallocSize of raw bytes (1 ms)
[ok]: MallocSize of string (0 ms)
[ok]: MallocSize of dict (1 ms)
[87/149 done]: unit/moduleapi/mallocsize (0 seconds)
Testing unit/moduleapi/misc
[ok]: test RM_Call (1 ms)
[ok]: test RM_Call args array (0 ms)
[ok]: test RM_Call recursive (0 ms)
[ok]: test redis version (1 ms)
[ok]: test long double conversions (1 ms)
[ok]: test unsigned long long conversions (0 ms)
[ok]: test module db commands (4 ms)
[ok]: test RedisModule_ResetDataset do not reset functions (5 ms)
[ok]: test module keyexists (1 ms)
[ok]: test module lru api (1 ms)
[ok]: test module lfu api (1 ms)
[ok]: test module clientinfo api (2 ms)
[ok]: tracking with rm_call sanity (2 ms)
[ok]: tracking with rm_call with script (1 ms)
[ok]: RM_SignalModifiedKey - tracking invalidation (2 ms)
[ok]: Internal commands are not reported in the monitor output for non-internal connections when unsuccessful (1 ms)
[ok]: Internal commands are not reported in the monitor output for non-internal connections when successful (1 ms)
[ok]: Internal commands are reported in the monitor output for internal connections (1 ms)
[ok]: Internal commands are reported in the slowlog (1 ms)
[ok]: Internal commands are reported in the latency report (0 ms)
[ok]: Internal commands are reported in the command stats report (1 ms)
[88/149 done]: unit/moduleapi/internalsecret (7 seconds)
Testing unit/moduleapi/moduleauth
[ok]: test registering module auth callbacks (1 ms)
[ok]: test module AUTH for non existing / disabled users (1003 ms)
[ok]: RM_SignalModifiedKey - update LRM timestamp (2003 ms)
[ok]: publish to self inside rm_call (1 ms)
[ok]: test module get/set client name by id api (1 ms)
[ok]: test module getclientcert api (0 ms)
[ok]: test detached thread safe cnotext (2 ms)
[ok]: test RM_Call CLIENT INFO (0 ms)
[ok]: Unsafe command names are sanitized in INFO output (1 ms)
[ok]: test monotonic time (0 ms)
[ok]: rm_call OOM (1 ms)
[ok]: rm_call clear OOM (1 ms)
[ok]: rm_call OOM Eval (1 ms)
[ok]: rm_call write flag (0 ms)
[ok]: rm_call EVAL (1 ms)
[ok]: rm_call EVAL - OOM - with M flag (1 ms)
[ok]: rm_call EVAL - OOM - without M flag (1 ms)
[ok]: not enough good replicas (1 ms)
[ok]: rm_call EVAL - read-only replica (1 ms)
[ok]: rm_call EVAL - stale replica (1 ms)
[ok]: rm_call EVAL - failed bgsave prevents writes (284 ms)
[ok]: malloc API (1 ms)
[ok]: Cluster keyslot (4 ms)
[ok]: Module list - KEYSIZES is updated correctly in cluster mode (135 ms)
[ok]: test Dry Run - OK OOM/ACL (1 ms)
[ok]: test Dry Run - Fail OOM (0 ms)
[ok]: test Dry Run - Fail ACL (0 ms)
[89/149 done]: unit/moduleapi/list (3 seconds)
Testing unit/moduleapi/moduleconfigs
[ok]: Config get commands work (2 ms)
[ok]: Config set commands work (4 ms)
[ok]: Config set commands enum flags (2 ms)
[ok]: Immutable flag works properly and rejected strings dont leak (0 ms)
[ok]: Numeric limits work properly (1 ms)
[ok]: Enums only able to be set to passed in values (0 ms)
[ok]: test blocking of config registration and load outside of OnLoad (0 ms)
[ok]: Unload removes module configs (3 ms)
[ok]: test loadex functionality (3 ms)
[ok]: apply function works (1 ms)
[ok]: test double config argument to loadex (1 ms)
[ok]: missing loadconfigs call (0 ms)
[ok]: test loadex rejects bad configs (6 ms)
[ok]: test config rewrite with dynamic load (191 ms)
[ok]: test multiple modules with configs (226 ms)
[ok]: test non blocking module AUTH (1506 ms)
[ok]: test 1.module load 2.config rewrite 3.module unload 4.config rewrite works (224 ms)
[ok]: test silent open key (1003 ms)
[ok]: test RM_Call with large arg for SET command (42 ms)
[ok]: Unload the module - misc (0 ms)
[ok]: startup moduleconfigs (255 ms)
[ok]: loadmodule CONFIG values take precedence over module loadex ARGS values (1 ms)
[ok]: Detect incompatible operations in cluster mode for module (4 ms)
[ok]: Modified ARGS values are persisted after config rewrite when set through CONFIG commands (167 ms)
[90/149 done]: unit/moduleapi/misc (4 seconds)
Testing unit/moduleapi/postnotifications
[91/149 done]: unit/moduleapi/moduleconfigs (1 seconds)
Testing unit/moduleapi/propagate
[ok]: Test write on post notification callback (91 ms)
[ok]: Test write on post notification callback from module thread (101 ms)
[ok]: Test active expire (201 ms)
[ok]: Test lazy expire (111 ms)
[ok]: Test lazy expire inside post job notification (101 ms)
[ok]: Test nested keyspace notification (90 ms)
[ok]: Test eviction (101 ms)
[ok]: Test write on post notification callback (90 ms)
[92/149 done]: unit/moduleapi/postnotifications (1 seconds)
Testing unit/moduleapi/publish
[ok]: PUBLISH and SPUBLISH via a module (2 ms)
[ok]: module publish to self with multi message (2 ms)
[ok]: test non blocking module HELLO AUTH (2007 ms)
[93/149 done]: unit/moduleapi/publish (1 seconds)
Testing unit/moduleapi/rdbloadsave
[ok]: Module rdbloadsave sanity (9 ms)
[ok]: module propagates from timer (400 ms)
[ok]: module propagation with notifications (96 ms)
[ok]: module propagation with notifications with multi (102 ms)
[ok]: Module rdbloadsave test with pipelining (570 ms)
[ok]: Module rdbloadsave with aof (121 ms)
[ok]: module propagation with notifications with active-expire (410 ms)
[ok]: module propagation with notifications with eviction case 1 (7 ms)
[ok]: test non blocking module HELLO AUTH SETNAME (1004 ms)
[ok]: module propagation with notifications with eviction case 2 (89 ms)
[ok]: module propagation with timer and CONFIG SET maxmemory (204 ms)
[ok]: module propagation with timer and EVAL (297 ms)
[ok]: module propagates nested ctx case1 (205 ms)
[ok]: Module rdbloadsave with bgsave (1012 ms)
[ok]: module propagates nested ctx case2 (203 ms)
[ok]: module propagates from thread (203 ms)
[ok]: module propagates from thread with detached ctx (201 ms)
[ok]: module propagates from command (100 ms)
[ok]: module propagates from EVAL (102 ms)
[ok]: module propagates from command after good EVAL (101 ms)
[ok]: module propagates from command after bad EVAL (101 ms)
[ok]: Module rdbloadsave calls rdbsave in a module fork (1007 ms)
[ok]: Unload the module - rdbloadsave (1 ms)
[ok]: module propagates from multi-exec (206 ms)
[ok]: module RM_Call of expired key propagation (198 ms)
[ok]: module notification on set (100 ms)
[ok]: module key miss notification do not cause read command to be replicated (100 ms)
[ok]: Unload the module - propagate-test/testkeyspace (0 ms)
[ok]: Module rdbloadsave on master and replica (636 ms)
[94/149 done]: unit/moduleapi/rdbloadsave (3 seconds)
Testing unit/moduleapi/reply
[ok]: Modules can propagate in async and threaded contexts (5161 ms)
[ok]: RESP2: RM_ReplyWithString: an string reply (1 ms)
[ok]: RESP2: RM_ReplyWithBigNumber: an string reply (0 ms)
[ok]: RESP2: RM_ReplyWithInt: an integer reply (0 ms)
[ok]: RESP2: RM_ReplyWithDouble: a float reply (0 ms)
[ok]: RESP2: RM_ReplyWithDouble: inf (0 ms)
[ok]: RESP2: RM_ReplyWithDouble: NaN (1 ms)
[ok]: RESP2: RM_ReplyWithLongDouble: a float reply (0 ms)
[ok]: RESP2: RM_ReplyWithVerbatimString: a string reply (0 ms)
[ok]: RESP2: RM_ReplyWithArray: an array reply (0 ms)
[ok]: RESP2: RM_ReplyWithMap: an map reply (0 ms)
[ok]: RESP2: RM_ReplyWithSet: an set reply (0 ms)
[ok]: RESP2: RM_ReplyWithAttribute: an set reply (1 ms)
[ok]: RESP2: RM_ReplyWithBool: a boolean reply (0 ms)
[ok]: RESP2: RM_ReplyWithNull: a NULL reply (0 ms)
[ok]: RESP2: RM_ReplyWithError: an error reply (0 ms)
[ok]: RESP2: RM_ReplyWithErrorFormat: error format reply (0 ms)
[ok]: RESP3: RM_ReplyWithString: an string reply (0 ms)
[ok]: RESP3: RM_ReplyWithBigNumber: an string reply (0 ms)
[ok]: RESP3: RM_ReplyWithInt: an integer reply (0 ms)
[ok]: RESP3: RM_ReplyWithDouble: a float reply (0 ms)
[ok]: RESP3: RM_ReplyWithDouble: inf (1 ms)
[ok]: RESP3: RM_ReplyWithDouble: NaN (0 ms)
[ok]: RESP3: RM_ReplyWithLongDouble: a float reply (0 ms)
[ok]: RESP3: RM_ReplyWithVerbatimString: a string reply (1 ms)
[ok]: RESP3: RM_ReplyWithArray: an array reply (0 ms)
[ok]: RESP3: RM_ReplyWithMap: an map reply (0 ms)
[ok]: RESP3: RM_ReplyWithSet: an set reply (0 ms)
[ok]: RESP3: RM_ReplyWithAttribute: an set reply (0 ms)
[ok]: RESP3: RM_ReplyWithBool: a boolean reply (0 ms)
[ok]: RESP3: RM_ReplyWithNull: a NULL reply (0 ms)
[ok]: RESP3: RM_ReplyWithError: an error reply (1 ms)
[ok]: RESP3: RM_ReplyWithErrorFormat: error format reply (0 ms)
[ok]: Unload the module - replywith (0 ms)
[95/149 done]: unit/moduleapi/reply (0 seconds)
Testing unit/moduleapi/scan
[ok]: Module scan keyspace (1 ms)
[ok]: Module scan hash listpack (0 ms)
[ok]: Module scan hash listpack with int value (1 ms)
[ok]: Module scan hash listpack with hexpire (11 ms)
[ok]: Module scan hash dict (1 ms)
[ok]: Module scan hash dict with hexpire (11 ms)
[ok]: Module scan hash with hexpire can return no items (11 ms)
[ok]: Module scan zset listpack (0 ms)
[ok]: Module scan zset skiplist (1 ms)
[ok]: Module scan set intset (1 ms)
[ok]: Module scan set dict (0 ms)
[ok]: Module scan set listpack (0 ms)
[ok]: Unload the module - scan (0 ms)
[ok]: Modules RM_Replicate replicates MULTI/EXEC correctly: AOF-load type debug_cmd (347 ms)
[96/149 done]: unit/moduleapi/scan (1 seconds)
Testing unit/moduleapi/stream
[ok]: Module stream add and delete (2 ms)
[ok]: Module stream add unblocks blocking xread (2 ms)
[ok]: Modules RM_Call does not update stats during aof load: AOF-load type debug_cmd (345 ms)
[ok]: test blocking module AUTH (3509 ms)
[ok]: Module stream add benchmark (1M stream add) (600 ms)
[ignore]: Module stream XADD big fields doesn't create empty key: large memory flag not provided
[ok]: Module stream iterator (6 ms)
[ok]: Module stream iterator delete (1 ms)
[ok]: Module stream trim by length (28 ms)
[ok]: Module stream trim by ID (28 ms)
[ok]: Unload the module - stream (0 ms)
[97/149 done]: unit/moduleapi/stream (0 seconds)
Testing unit/moduleapi/subcommands
[ok]: Modules RM_Replicate replicates MULTI/EXEC correctly: AOF-load type startup (573 ms)
[ok]: Module subcommands via COMMAND (1 ms)
[ok]: Module pure-container command fails on arity error (0 ms)
[ok]: Module get current command fullname (0 ms)
[ok]: Module get current subcommand fullname (0 ms)
[ok]: COMMAND LIST FILTERBY MODULE (1 ms)
[ok]: Internal container command without subcommand returns missing subcommand error (0 ms)
[ok]: Unload the module - subcommands (0 ms)
[98/149 done]: unit/moduleapi/subcommands (1 seconds)
Testing unit/moduleapi/test_lazyfree
[ok]: Modules RM_Call does not update stats during aof load: AOF-load type startup (564 ms)
[ok]: modules allocated memory can be reclaimed in the background (518 ms)
[99/149 done]: unit/moduleapi/test_lazyfree (0 seconds)
Testing unit/moduleapi/testrdb
[ok]: module propagates from timer (65 ms)
[ok]: Replicas that was marked as CLIENT_CLOSE_ASAP should not keep the replication backlog from been trimmed (532 ms)
[100/149 done]: unit/moduleapi/propagate (8 seconds)
Testing unit/moduleapi/timer
[ok]: modules are able to persist types (229 ms)
[ok]: modules global are lost without aux (472 ms)
./tests/tmp/server.module-testrdb.760085.200
[ok]: RM_CreateTimer: a sequence of timers work (503 ms)
[ok]: RM_GetTimer: basic sanity (0 ms)
[ok]: aux that saves no data are not saved to the rdb when aux_save2 is used (452 ms)
./tests/tmp/server.module-testrdb.760085.205
[ok]: aux that saves no data are saved to the rdb when aux_save is used (458 ms)
[ok]: modules are able to persist globals before and after (468 ms)
[ok]: modules are able to persist globals before and after (469 ms)
[ok]: test blocking module HELLO AUTH (4010 ms)
[ok]: RM_StopTimer: basic sanity (2001 ms)
[ok]: modules are able to persist globals just after (470 ms)
[ok]: Timer appears non-existing after it fires (502 ms)
[ok]: modules are able to persist globals just after (490 ms)
[ok]: Verify module options info (234 ms)
[ok]: Module can be unloaded when timer was finished (502 ms)
[ok]: Module can be unloaded when timer was stopped (2 ms)
[101/149 done]: unit/moduleapi/timer (3 seconds)
Testing unit/moduleapi/usercall
[ok]: test GetContextUser API - set context user and get ACL via GetContextUser (0 ms)
[ok]: test GetUserUsername API - returns module user name (0 ms)
[ok]: test module check regular redis command without user/acl (0 ms)
[ok]: test module check regular redis command with user (0 ms)
[ok]: test module check regular redis command with user and acl (1 ms)
[ok]: test module check regular redis command with user and acl from blocked background thread (3 ms)
[ok]: test module check eval script without user (0 ms)
[ok]: test module check eval script with user being set, but not acl testing (0 ms)
[ok]: test module check eval script with user and acl (1 ms)
[ok]: server not crashing when MONITOR is fed from spawned thread (2 ms)
[ok]: Setup slave (102 ms)
[ok]: test blocking module HELLO AUTH SETNAME (2006 ms)
[ok]: test module replicate only to replicas and WAITAOF (1792 ms)
[102/149 done]: unit/moduleapi/usercall (3 seconds)
Testing unit/moduleapi/zset
[ok]: Module zset rem (1 ms)
[ok]: Module zset add (1 ms)
[ok]: Module zset incrby (1 ms)
[ok]: Module zset - KEYSIZES is updated as expected (like test at hash.tcl) (116 ms)
[ok]: Module zset DELALL functionality (3 ms)
[ok]: Module zset DELALL not in transaction (69 ms)
[ok]: Unload the module - zset (0 ms)
[103/149 done]: unit/moduleapi/zset (0 seconds)
Testing unit/cluster/announced-endpoints
[ok]: test AUTH after registering multiple module auth callbacks (3008 ms)
[ok]: module auth during blocking module auth (1007 ms)
[ok]: module auth inside MULTI EXEC (2 ms)
[ok]: Test change cluster-announce-port and cluster-announce-tls-port at runtime (102 ms)
[ok]: Test change cluster-announce-bus-port at runtime (203 ms)
[ok]: CONFIG SET port updates cluster-announced port (1 ms)
[ok]: cluster-announce-ip validation (2 ms)
[ok]: cluster-announce-human-nodename validation (3 ms)
[ok]: cluster-announce-ip persists correctly with CLUSTER SAVECONFIG (4 ms)
[ok]: cluster-announce-human-nodename persists correctly with CLUSTER SAVECONFIG (3 ms)
[ok]: Disabling Redis User during blocking module auth (1005 ms)
[ok]: Killing a client in the middle of blocking module auth (3 ms)
[104/149 done]: unit/cluster/announced-endpoints (3 seconds)
Testing unit/cluster/atomic-slot-migration
[ok]: test RM_AbortBlock Module API during blocking module auth (1501 ms)
[ok]: test RM_RegisterAuthCallback Module API during blocking module auth (1008 ms)
[ok]: Module unload during blocking module auth (1011 ms)
[105/149 done]: unit/moduleapi/moduleauth (24 seconds)
Testing unit/cluster/cli
[ok]: Simple slot migration (trim method: active) (2142 ms)
[ok]: Create 3 node cluster (1933 ms)
[ok]: Run blocking command on cluster node3 (1 ms)
[ok]: Perform a Resharding (14 ms)
[ok]: Verify command got unblocked after resharding (7 ms)
[ok]: Wait for cluster to be stable (19 ms)
[ok]: use previous hostip in "cluster-preferred-endpoint-type unknown-endpoint" mode (9 ms)
[ok]: Sanity test push cmd after resharding (1 ms)
[ok]: Run blocking command again on cluster node1 (0 ms)
[ok]: Simple slot migration (trim method: bg) (2045 ms)
[ok]: Kill a cluster node and wait for fail state (1348 ms)
[ok]: Verify command got unblocked after cluster failure (86 ms)
[ok]: Test CLUSTER MIGRATION IMPORT input validation (2 ms)
[ok]: Test CLUSTER MIGRATION CANCEL input validation (2 ms)
[ok]: Test CLUSTER MIGRATION STATUS input validation (1 ms)
[ok]: Test TRIMSLOTS input validation (3 ms)
[ok]: Test IMPORT not allowed on replica (1 ms)
[ok]: Test IMPORT not allowed during manual migration (3 ms)
[ok]: Test IMPORT not allowed if the node is already the owner (0 ms)
[ok]: Test IMPORT not allowed for a slot without an owner (5 ms)
[ok]: Test IMPORT not allowed if slot ranges belong to different nodes (0 ms)
[ok]: Test IMPORT not allowed if slot is given multiple times (1 ms)
[ok]: Test CLUSTER MIGRATION STATUS ALL lists all tasks (352 ms)
[ok]: Functions are added to new node on redis-cli cluster add-node (3086 ms)
[ok]: Test IMPORT not allowed if there is an overlapping import (2105 ms)
[ok]: Test IMPORT with unsorted and adjacent ranges (119 ms)
[ok]: Simple slot migration with write load (1592 ms)
[ok]: Verify expire time is migrated correctly (310 ms)
[ok]: Slot migration with complex data types can work well (726 ms)
[ok]: Migrate the last slot away from a node using redis-cli (3965 ms)
[ok]: redis-cli -4 --cluster create using 127.0.0.1 with cluster-port (1934 ms)
[ok]: redis-cli -4 --cluster add-node using 127.0.0.1 with cluster-port (1202 ms)
[ok]: redis-cli -4 --cluster create using localhost with cluster-port (1935 ms)
[ok]: Destination node main channel basic error-handling tests  (7185 ms)
[ok]: Destination node rdb channel basic error-handling tests (207 ms)
[ok]: redis-cli -4 --cluster add-node using localhost with cluster-port (1203 ms)
[106/149 done]: unit/cluster/cli (20 seconds)
Testing unit/cluster/cluster-response-tls
[107/149 done]: unit/cluster/cluster-response-tls (0 seconds)
Testing unit/cluster/failure-marking
[ok]: Verify that single primary marks replica as failed (3228 ms)
[ok]: Source node main channel basic error-handling tests  (13546 ms)
[ok]: Source node rdb channel basic error-handling tests (239 ms)
[ok]: Verify that multiple primaries mark replica as failed (6339 ms)
[108/149 done]: unit/cluster/failure-marking (15 seconds)
Testing unit/cluster/hostnames
[ok]: Migration will be successful after fail points are cleared (2098 ms)
[ok]: Set cluster hostnames and verify they are propagated (115 ms)
[ok]: Update hostnames and make sure they are all eventually propagated (216 ms)
[ok]: Remove hostnames and make sure they are all eventually propagated (214 ms)
[ok]: Verify cluster-preferred-endpoint-type behavior for redirects and info (211 ms)
[ok]: Client output buffer limit is reached on source side (3978 ms)
[ok]: diskless loading short read with module (49434 ms)
[ok]: Diskless load swapdb RedisModuleEvent_ReplAsyncLoad handling: after db loaded, can set module variable with new value (0 ms)
[ok]: Diskless load swapdb RedisModuleEvent_ReplAsyncLoad handling: during loading, can keep module variable same as before (279 ms)
[ok]: Diskless load swapdb RedisModuleEvent_ReplAsyncLoad handling: when loading aborted, can keep module variable same as before (2 ms)
[ok]: Verify the nodes configured with prefer hostname only show hostname for new nodes (3930 ms)
[ok]: Stress tester for #3343-alike bugs comp: 1 (84670 ms)
[ok]: Test restart will keep hostname information (243 ms)
[ok]: Test hostname validation (1 ms)
[109/149 done]: unit/cluster/hostnames (8 seconds)
Testing unit/cluster/human-announced-nodename
Waiting for process 865029 to exit...
Waiting for process 865029 to exit...
[ok]: Full sync buffer limit is reached on destination side (6166 ms)
Waiting for process 865029 to exit...
[ok]: Set cluster human announced nodename and let it propagate (108 ms)
Waiting for process 865029 to exit...
[ok]: Expired key is not deleted and SCAN/KEYS/RANDOMKEY/CLUSTER GETKEYSINSLOT filter keys in importing slots (3083 ms)
[ok]: Diskless load swapdb RedisModuleEvent_ReplAsyncLoad handling: after db loaded, can set module variable with new value (0 ms)
[ok]: Human nodenames are visible in log messages (3801 ms)
[110/149 done]: unit/cluster/human-announced-nodename (7 seconds)
Testing unit/cluster/internal-secret
[ok]: Diskless load swapdb RedisModuleEvent_ReplAsyncLoad handling: during loading, can keep module variable same as before (281 ms)
[ok]: Diskless load swapdb RedisModuleEvent_ReplAsyncLoad handling: when loading aborted, can keep module variable same as before (1 ms)
Waiting for process 866702 to exit...
[ok]: Eviction does not evict keys in importing slots (3064 ms)
[ok]: Test internal secret sync (1 ms)
Waiting for process 866702 to exit...
[ok]: Join a node to the cluster and make sure it gets the same secret (444 ms)
Waiting for process 866702 to exit...
[ok]: Join another cluster, make sure clusters sync on the internal secret (1538 ms)
[111/149 done]: unit/cluster/internal-secret (5 seconds)
Testing unit/cluster/links
Waiting for process 866702 to exit...
[ok]: Failover will cancel slot migration tasks (3827 ms)
[112/149 done]: unit/moduleapi/testrdb (69 seconds)
Testing unit/cluster/misc
[ok]: Broadcast message across a cluster shard while a cluster link is down (105 ms)
[ok]: Flush-like command can cancel slot migration task (2045 ms)
[ok]: Key lazy expires during key migration (14 ms)
[ok]: Coverage: Basic cluster commands (4 ms)
[ok]: CROSSSLOT error for keys in different slots (0 ms)
[ok]: CLUSTER SETSLOT command when there is a slot migration task (1216 ms)
[ok]: CLUSTER DELSLOTSRANGE command cancels a slot migration task (23 ms)
[113/149 done]: unit/cluster/misc (4 seconds)
Testing unit/cluster/multi-slot-operations
[ok]: Each node has two links with each peer (5 ms)
[ok]: Validate cluster links format (1 ms)
[ok]: Continuous slots distribution (11 ms)
[ok]: ADDSLOTS command with several boundary conditions test suite (2 ms)
[ok]: ADDSLOTSRANGE command with several boundary conditions test suite (1 ms)
[ok]: DELSLOTSRANGE command with several boundary conditions test suite (5 ms)
[ignore]: experimental test not allowed
[ignore]: experimental test not allowed
[114/149 done]: unit/cluster/multi-slot-operations (3 seconds)
Testing unit/cluster/scripting
[ok]: Eval scripts with shebangs and functions default to no cross slots (1 ms)
[ok]: Cross slot commands are allowed by default for eval scripts and with allow-cross-slot-keys flag (1 ms)
[ok]: Cross slot commands are also blocked if they disagree with pre-declared keys (1 ms)
[ok]: Cross slot commands are allowed by default if they disagree with pre-declared keys (1 ms)
[ok]: Function no-cluster flag (1 ms)
[ok]: Script no-cluster flag (0 ms)
[115/149 done]: unit/cluster/scripting (2 seconds)
Testing unit/cluster/sharded-pubsub
[ok]: Sharded pubsub publish behavior within multi/exec (1 ms)
[ok]: Sharded pubsub within multi/exec with cross slot operation (0 ms)
[ok]: Sharded pubsub publish behavior within multi/exec with read operation on primary (1 ms)
[ok]: Sharded pubsub publish behavior within multi/exec with read operation on replica (1 ms)
[ok]: Sharded pubsub publish behavior within multi/exec with write operation on primary (1 ms)
[ok]: Sharded pubsub publish behavior within multi/exec with write operation on replica (1 ms)
[ok]: Shard pubsub: CLIENT KILL subscriber inside MULTI/EXEC (cross-slot) (2 ms)
[116/149 done]: unit/cluster/sharded-pubsub (3 seconds)
Testing unit/cluster/slot-ownership
[ok]: Disconnect link when send buffer limit reached (9237 ms)
[ok]: Link memory increases with publishes (590 ms)
[ok]: Verify that slot ownership transfer through gossip propagates deletes to replicas (109 ms)
[ok]: Link memory resets after publish messages flush (516 ms)
[117/149 done]: unit/cluster/links (15 seconds)
Testing unit/cluster/slot-stats
[118/149 done]: unit/cluster/slot-ownership (4 seconds)
Testing integration/aof-multi-part
[ok]: Multi Part AOF can't load data when some file missing (124 ms)
[ok]: Multi Part AOF can't load data when the sequence not increase monotonically (124 ms)
[ok]: Multi Part AOF can't load data when there are blank lines in the manifest file (124 ms)
[ok]: Multi Part AOF can't load data when there is a duplicate base file (124 ms)
[ok]: Multi Part AOF can't load data when the manifest format is wrong (type unknown) (123 ms)
[ok]: Multi Part AOF can't load data when the manifest format is wrong (missing key) (123 ms)
[ok]: Multi Part AOF can't load data when the manifest format is wrong (line too short) (125 ms)
[ok]: Multi Part AOF can't load data when the manifest format is wrong (line too long) (124 ms)
[ok]: Multi Part AOF can't load data when the manifest format is wrong (odd parameter) (124 ms)
[ok]: Multi Part AOF can't load data when the manifest file is empty (124 ms)
[ok]: Multi Part AOF can start when no aof and no manifest (237 ms)
[ok]: Multi Part AOF can start when we have en empty AOF dir (237 ms)
[ok]: Multi Part AOF can load data discontinuously increasing sequence (240 ms)
[ok]: Multi Part AOF can load data when manifest add new k-v (239 ms)
[ok]: Multi Part AOF can load data when some AOFs are empty (239 ms)
[ok]: Multi Part AOF can load data from old version redis (rdb preamble no) (341 ms)
[ok]: Multi Part AOF can load data from old version redis (rdb preamble yes) (342 ms)
[ok]: Multi Part AOF can continue the upgrade from the interrupted upgrade state (242 ms)
[ok]: Multi Part AOF can be loaded correctly when both server dir and aof dir contain old AOF (243 ms)
[ok]: Multi Part AOF can't load data when the manifest contains the old AOF file name but the file does not exist in server dir and aof dir (126 ms)
[ok]: Multi Part AOF can upgrade when when two redis share the same server dir (redis1) (110 ms)
[ok]: Multi Part AOF can upgrade when when two redis share the same server dir (redis2) (110 ms)
[ok]: CLUSTER SLOT-STATS cpu-usec reset upon CONFIG RESETSTAT. (2727 ms)
[ok]: Multi Part AOF can upgrade when when two redis share the same server dir (638 ms)
[ok]: Multi Part AOF can handle appendfilename contains whitespaces (346 ms)
[ok]: Multi Part AOF can create BASE (RDB format) when redis starts from empty (242 ms)
[ok]: Multi Part AOF can create BASE (AOF format) when redis starts from empty (241 ms)
[ok]: Make sure aof manifest appendonly.aof.manifest not in aof directory (0 ms)
[ok]: AOF enable will create manifest file (479 ms)
[ok]: AOF multiple rewrite failures will open multiple INCR AOFs (1244 ms)
[ok]: AOF rewrite doesn't open new aof when AOF turn off (433 ms)
[ok]: AOF enable/disable auto gc (214 ms)
[ok]: AOF can produce consecutive sequence number after reload (130 ms)
[ok]: AOF enable during BGSAVE will not write data util AOFRW finish (405 ms)
[ok]: AOF will trigger limit when AOFRW fails many times (725 ms)
[ok]: CLUSTER SLOT-STATS cpu-usec reset upon slot migration. (5976 ms)
[ok]: AOF will open a temporary INCR AOF to accumulate data until the first AOFRW success when AOF is dynamically enabled (2043 ms)
[ok]: Multi Part AOF writes start offset in the manifest (242 ms)
[ok]: Multi Part AOF won't add the offset of incr AOF from old version (149 ms)
[ok]: Multi Part AOF can update master_repl_offset with only startoffset info (234 ms)
[ok]: Multi Part AOF can update master_repl_offset with endoffset info (244 ms)
[ok]: Multi Part AOF will add the end offset if we close gracefully the AOF (249 ms)
[ok]: INCR AOF has accurate start offset when AOFRW (660 ms)
[119/149 done]: integration/aof-multi-part (13 seconds)
Testing integration/aof-race
[ok]: CLUSTER SLOT-STATS cpu-usec for non-slot specific commands. (3287 ms)
[120/149 done]: integration/aof-race (1 seconds)
Testing integration/aof
[ok]: Unfinished MULTI: Server should start if load-truncated is yes (2 ms)
[ok]: Short read: Server should start if load-truncated is yes (1 ms)
[ok]: Truncated AOF loaded: we expect foo to be equal to 5 (0 ms)
[ok]: Append a new command after loading an incomplete AOF (1 ms)
[ok]: Short read + command: Server should start (2 ms)
[ok]: Truncated AOF loaded: we expect foo to be equal to 6 now (1 ms)
[ok]: Bad format: Server should have logged an error (3 ms)
[ok]: Unfinished MULTI: Server should have logged an error (2 ms)
[ok]: Short read: Server should have logged an error (2 ms)
[ok]: Short read: Utility should confirm the AOF is not valid (6 ms)
[ok]: Short read: Utility should show the abnormal line num in AOF (6 ms)
[ok]: Short read: Utility should be able to fix the AOF (6 ms)
[ok]: Fixed AOF: Server should have been started (1 ms)
[ok]: Fixed AOF: Keyspace should contain values that were parseable (1 ms)
[ok]: AOF+SPOP: Server should have been started (1 ms)
[ok]: AOF+SPOP: Set should have 1 member (0 ms)
[ok]: AOF+SPOP: Server should have been started (2 ms)
[ok]: AOF+SPOP: Set should have 1 member (1 ms)
[ok]: AOF+EXPIRE: Server should have been started (1 ms)
[ok]: AOF+EXPIRE: List should be empty (1 ms)
[ok]: Redis should not try to convert DEL into EXPIREAT for EXPIRE -1 (1 ms)
[ok]: CLUSTER SLOT-STATS cpu-usec for slot specific commands. (3037 ms)
[ok]: AOF fsync always barrier issue (5455 ms)
[ok]: GETEX should not append to AOF (3 ms)
[ok]: Unknown command: Server should have logged an error (3 ms)
[ok]: AOF+LMPOP/BLMPOP: pop elements from the list (103 ms)
[ok]: CLUSTER SLOT-STATS cpu-usec for blocking commands, unblocked on keyspace update. (5956 ms)
[ok]: AOF+LMPOP/BLMPOP: after pop elements from the list (1 ms)
[ok]: AOF+ZMPOP/BZMPOP: pop elements from the zset (102 ms)
[ok]: AOF+ZMPOP/BZMPOP: after pop elements from the zset (1 ms)
[ok]: Generate timestamp annotations in AOF (349 ms)
[ok]: skip EXEC ACL check during AOF load (237 ms)
[ok]: Successfully load AOF which has timestamp annotations inside (1 ms)
[ok]: Truncate AOF to specific timestamp (734 ms)
[ok]: CLUSTER SLOT-STATS cpu-usec for blocking commands, unblocked on timeout. (3585 ms)
[ok]: EVAL timeout with slow verbatim Lua script from AOF (1526 ms)
[ok]: EVAL can process writes from AOF in read-only replicas (241 ms)
[ok]: Test redis-check-aof for old style resp AOF (6 ms)
[ok]: Test redis-check-aof for old style resp AOF - has data in the same format as manifest (5 ms)
[ok]: Test redis-check-aof for old style rdb-preamble AOF (5 ms)
[ok]: Test redis-check-aof for Multi Part AOF with resp AOF base (6 ms)
[ok]: Test redis-check-aof for Multi Part AOF with rdb-preamble AOF base (9 ms)
[ok]: Test redis-check-aof for Multi Part AOF contains a format error (5 ms)
[ok]: Test redis-check-aof only truncates the last file for Multi Part AOF in fix mode (11 ms)
[ok]: Test redis-check-aof only truncates the last file for Multi Part AOF in truncate-to-timestamp mode (6 ms)
[ok]: FLUSHDB / FLUSHALL should persist in AOF (10 ms)
[ok]: Allow changing appendonly config while loading from AOF on startup (1649 ms)
[ok]: Allow changing appendonly config while loading from RDB on startup (997 ms)
[ok]: Corrupted base AOF should be recovered (4 ms)
[ok]: Corrupted base AOF (last file): should recover (2 ms)
[ok]: param should be 'ok' (1 ms)
[ok]: Short read: Server should start if aof-load-broken is yes (2 ms)
[ok]: Broken AOF loaded: we expect foo to be equal to 5 (1 ms)
[ok]: Append a new command after loading an incomplete AOF (1 ms)
[ok]: Short read + command: Server should start (1 ms)
[ok]: Broken AOF loaded: we expect foo to be equal to 6 now (0 ms)
[ok]: Bad format: Server should have logged an error (3 ms)
[ok]: Intermediate AOF is broken: should recover successfully (4 ms)
[ok]: Corrupted last AOF file: Server should still start and recover (2 ms)
[ok]: Bad format: Server should have logged an error (3 ms)
[ok]: Corrupt tail: Server should start if aof-load-corrupt-tail-max-size is set (2 ms)
[ok]: Corrupt tail: Server should have logged warning (5 ms)
[ok]: Corrupt tail: we expect foo to be equal to 5 (0 ms)
[ok]: Append a new command after loading an incomplete AOF (1 ms)
[ok]: Corrupt tail + command: Server should start (2 ms)
[ok]: Corrupt tail: we expect foo to be equal to 6 now (1 ms)
[121/149 done]: integration/aof (17 seconds)
Testing integration/block-repl
[ok]: CLUSTER SLOT-STATS cpu-usec for transactions. (5878 ms)
[ok]: First server should have role slave after SLAVEOF (1002 ms)
[ok]: CLUSTER SLOT-STATS cpu-usec for lua-scripts, without cross-slot keys. (2943 ms)
[ok]: CLUSTER SLOT-STATS cpu-usec for lua-scripts, with cross-slot keys. (2899 ms)
[ok]: CLUSTER SLOT-STATS cpu-usec for functions, without cross-slot keys. (3141 ms)
[ok]: CLUSTER SLOT-STATS cpu-usec for functions, with cross-slot keys. (2950 ms)
[ok]: CLUSTER SLOT-STATS network-bytes-in, multi bulk buffer processing. (3241 ms)
[ok]: CLUSTER FORGET command cancels a slot migration task (62337 ms)
[ok]: CLUSTER SLOT-STATS network-bytes-in, in-line buffer processing. (3397 ms)
[ok]: CLIENT PAUSE can cancel slot migration task (3136 ms)
[ok]: Server shutdown can cancel slot migration task, exit with success (2136 ms)
[ok]: Test replication with blocking lists and sorted sets operations (25009 ms)
[122/149 done]: integration/block-repl (27 seconds)
Testing integration/convert-ziplist-hash-on-load
[ok]: RDB load ziplist hash: converts to listpack when RDB loading (1 ms)
[ok]: RDB load ziplist hash: converts to hash table when hash-max-ziplist-entries is exceeded (1 ms)
[123/149 done]: integration/convert-ziplist-hash-on-load (0 seconds)
Testing integration/convert-ziplist-zset-on-load
[ok]: RDB load ziplist zset: converts to listpack when RDB loading (0 ms)
[ok]: RDB load ziplist zset: converts to skiplist when zset-max-ziplist-entries is exceeded (1 ms)
[ok]: CLUSTER SLOT-STATS network-bytes-in, blocking command. (6312 ms)
[124/149 done]: integration/convert-ziplist-zset-on-load (1 seconds)
Testing integration/convert-zipmap-hash-on-load
[ok]: RDB load zipmap hash: converts to listpack (1 ms)
[ok]: RDB load zipmap hash: converts to hash table when hash-max-ziplist-entries is exceeded (0 ms)
[ok]: RDB load zipmap hash: converts to hash table when hash-max-ziplist-value is exceeded (1 ms)
[125/149 done]: integration/convert-zipmap-hash-on-load (1 seconds)
Testing integration/corrupt-dump-fuzzer
[ok]: Stress tester for #3343-alike bugs comp: 0 (90232 ms)
[ok]: CLUSTER SLOT-STATS network-bytes-in, multi-exec transaction. (3264 ms)
[ok]: Cancel import task when streaming buffer into db (8235 ms)
[ok]: CLUSTER SLOT-STATS network-bytes-in, non slot specific command. (3119 ms)
[ok]: CLUSTER SLOT-STATS network-bytes-in, pub/sub. (3071 ms)
[ok]: Destination node main channel timeout when waiting stream EOF (11347 ms)
[ok]: CLUSTER SLOT-STATS network-bytes-in, sharded pub/sub. (6248 ms)
[ok]: Destination node rdb channel timeout when transferring slots snapshot (3787 ms)
[ok]: CLUSTER SLOT-STATS network-bytes-out, for non-slot specific commands. (2820 ms)
[ok]: CLUSTER SLOT-STATS network-bytes-out, for slot specific commands. (3272 ms)
[ok]: Source node rdb channel timeout when transferring slots snapshot (9719 ms)
[ok]: CLUSTER SLOT-STATS network-bytes-out, blocking commands. (6374 ms)
[ok]: Source node main channel timeout when sending incremental stream (7967 ms)
[ok]: CLUSTER SLOT-STATS network-bytes-out, replication stream egress. (3033 ms)
[ok]: Source write pause timeout (2152 ms)
[ok]: CLUSTER SLOT-STATS network-bytes-out, sharded pub/sub, single channel. (5980 ms)
[ok]: Sync buffer drain timeout (9603 ms)
[ok]: CLUSTER SLOT-STATS network-bytes-out, sharded pub/sub, cross-slot channels. (6197 ms)
[ok]: Cluster implementation cannot start migrate task temporarily (4274 ms)
[ok]: Test bgtrim after a successful migration (299 ms)
[ok]: CLUSTER SLOT-STATS contains default value upon redis-server startup (2784 ms)
[ok]: Test bgtrim after a failed migration (1637 ms)
[ok]: Test bgtrim unblocks stream client (89 ms)
[ok]: Test bgtrim touches watched keys (200 ms)
[ok]: Test bgtrim after a FAILOVER on destination side (1920 ms)
[ok]: CLUSTER SLOT-STATS contains correct metrics upon key introduction (3407 ms)
[ok]: CLUSTER SETSLOT is not allowed if there is a pending trim job (676 ms)
[ok]: CLUSTER SLOT-STATS contains correct metrics upon key mutation (3048 ms)
[ok]: Test active trim after a successful migration (225 ms)
[ok]: Test multiple active trim jobs can be scheduled (403 ms)
[ok]: CLUSTER SLOT-STATS contains correct metrics upon key deletion (3201 ms)
[ok]: Test active-trim clears partially imported keys on cancel (2162 ms)
[ok]: Test active-trim clears partially imported keys on failover (2326 ms)
[ok]: Test import task does not start if active trim is in progress for the same slots (126 ms)
[ok]: CLUSTER SLOT-STATS slot visibility based on slot ownership changes (5991 ms)
[ok]: Rdb save during active trim should skip keys in trimmed slots (3539 ms)
[ok]: CLUSTER SLOT-STATS SLOTSRANGE all slots present (0 ms)
[ok]: CLUSTER SLOT-STATS SLOTSRANGE some slots missing (2 ms)
[ok]: AOF rewrite during active trim should skip keys in trimmed slots (3213 ms)
[ok]: Pause actions will stop active trimming (1827 ms)
[ok]: Test fullsync cancels active trim (repl-diskless-load disabled) (832 ms)
[ok]: Test fullsync cancels active trim (repl-diskless-load swapdb) (784 ms)
[ok]: Test fullsync cancels active trim (repl-diskless-load on-empty-db) (822 ms)
[ok]: Test importing slots while active-trim is in progress for the same slots on replica (1233 ms)
[ok]: TRIMSLOTS should not trim slots that this node is serving (1 ms)
[ok]: Trigger multiple active trim jobs at the same time (311 ms)
[ok]: Restart will clean up unowned slot keys (2948 ms)
[ok]: Test active trim is used when client tracking is used (128 ms)
[ok]: Module api sanity (1 ms)
[ok]: Module replicate cross slot command (16 ms)
[ok]: Test RM_ClusterCanAccessKeysInSlot (2 ms)
[ok]: CLUSTER SLOT-STATS ORDERBY DESC correct ordering (15397 ms)
[ok]: ziplist implementation: value encoding and backlink (91164 ms)
[ok]: Test RM_ClusterCanAccessKeysInSlot returns false for unowned slots (5252 ms)
[ok]: Test cluster module notifications on a successful migration (active-trim) (1203 ms)
[ok]: Test cluster module notifications on a failed migration (active-trim) (114 ms)
[ok]: Test cluster module notifications on failover (active-trim) (0 ms)
[ok]: Test cluster module notifications on a successful migration (bg-trim) (2206 ms)
[ok]: Test cluster module notifications on a failed migration (bg-trim) (39 ms)
[ok]: Test cluster module notifications on failover (bg-trim) (309 ms)
[ok]: Test cluster module notifications when replica restart with RDB during importing (2232 ms)
[ok]: ziplist implementation: encoding stress testing (10053 ms)
[126/149 done]: unit/type/list-3 (365 seconds)
Testing integration/corrupt-dump
[ok]: corrupt payload: #7445 - with sanitize (228 ms)
[ok]: corrupt payload: hash with valid zip list header, invalid entry len (229 ms)
[ok]: corrupt payload: invalid zlbytes header (229 ms)
[ok]: Test cluster module notifications when replica restart without RDB during importing (2192 ms)
[ok]: corrupt payload: valid zipped hash header, dup records (227 ms)
[ok]: corrupt payload: hash listpackex with invalid string TTL (235 ms)
[ok]: corrupt payload: hash listpackex with TTL large than EB_EXPIRE_TIME_MAX (226 ms)
[ok]: corrupt payload: hash listpackex with unordered TTL fields (227 ms)
[ok]: corrupt payload: hash listpackex field without TTL should not be followed by field with TTL (235 ms)
[ok]: corrupt payload: hash hashtable with TTL large than EB_EXPIRE_TIME_MAX (226 ms)
[ok]: corrupt payload: quicklist big ziplist prev len (227 ms)
[ok]: corrupt payload: quicklist small ziplist prev len (226 ms)
[ok]: corrupt payload: quicklist ziplist wrong count (227 ms)
[ok]: corrupt payload: #3080 - quicklist (230 ms)
[ok]: Test cluster module notifications when replica is disconnected and full resync after importing (2293 ms)
[ok]: corrupt payload: quicklist with empty ziplist (235 ms)
[ok]: corrupt payload: quicklist encoded_len is 0 (236 ms)
[ok]: corrupt payload: quicklist listpack entry start with EOF (225 ms)
[ok]: corrupt payload: #3080 - ziplist (229 ms)
[ok]: corrupt payload: load corrupted rdb with no CRC - #3505 (126 ms)
[ok]: corrupt payload: load corrupted rdb with empty keys (237 ms)
[ok]: corrupt payload: load corrupted rdb with empty keys (238 ms)
[ok]: CLUSTER SLOT-STATS ORDERBY ASC correct ordering (14874 ms)
[ok]: CLUSTER SLOT-STATS ORDERBY LIMIT correct response pagination, where limit is less than number of assigned slots (26 ms)
[ok]: CLUSTER SLOT-STATS ORDERBY LIMIT correct response pagination, where limit is greater than number of assigned slots (6 ms)
[ok]: CLUSTER SLOT-STATS ORDERBY arg sanity check. (1 ms)
[ok]: corrupt payload: listpack invalid size header (227 ms)
[ok]: corrupt payload: listpack too long entry len (148 ms)
[ok]: corrupt payload: listpack very long entry len (147 ms)
[ok]: corrupt payload: listpack too long entry prev len (225 ms)
[ok]: corrupt payload: stream entry with invalid lp_count causing infinite loop in reverse iteration (150 ms)
[ok]: Test new master can trim slots when migration is completed and failover occurs on source side (2418 ms)
[ok]: corrupt payload: stream entry with invalid numfields causing infinite loop in reverse iteration (148 ms)
[ok]: corrupt payload: stream with duplicate consumers (226 ms)
[ok]: corrupt payload: hash ziplist with duplicate records (237 ms)
[ok]: corrupt payload: hash listpack with duplicate records (238 ms)
[ok]: corrupt payload: hash listpack with duplicate records - convert (149 ms)
[ok]: corrupt payload: hash ziplist uneven record count (237 ms)
[ok]: corrupt payload: hash duplicate records (236 ms)
[ok]: corrupt payload: hash empty zipmap (227 ms)
[ok]: corrupt payload: hash zipmap with duplicate keys (230 ms)
[ok]: corrupt payload: fuzzer findings - NPD in streamIteratorGetID (151 ms)
[ok]: corrupt payload: fuzzer findings - listpack NPD on invalid stream (150 ms)
[ok]: Test module replicates commands at the beginning of slot migration  (2222 ms)
[ok]: corrupt payload: fuzzer findings - NPD in quicklistIndex (228 ms)
[ok]: corrupt payload: fuzzer findings - encoded entry header reach outside the allocation (229 ms)
[ok]: corrupt payload: fuzzer findings - invalid ziplist encoding (228 ms)
[ok]: corrupt payload: fuzzer findings - hash crash (226 ms)
[ok]: corrupt payload: fuzzer findings - uneven entry count in hash (225 ms)
[ok]: corrupt payload: fuzzer findings - invalid read in lzf_decompress (236 ms)
[ok]: corrupt payload: fuzzer findings - leak in rdbloading due to dup entry in set (236 ms)
[ok]: corrupt payload: fuzzer findings - empty intset (225 ms)
[ok]: corrupt payload: fuzzer findings - zset ziplist entry lensize is 0 (240 ms)
[ok]: Test subcommand propagation during slot migration (2218 ms)
[ok]: corrupt payload: fuzzer findings - valgrind ziplist prevlen reaches outside the ziplist (231 ms)
[ok]: corrupt payload: fuzzer findings - valgrind - bad rdbLoadDoubleValue (227 ms)
[ok]: corrupt payload: fuzzer findings - valgrind ziplist prev too big (228 ms)
[ok]: corrupt payload: fuzzer findings - lzf decompression fails, avoid valgrind invalid read (234 ms)
[ok]: corrupt payload: fuzzer findings - stream bad lp_count (235 ms)
[ok]: corrupt payload: fuzzer findings - stream bad lp_count - unsanitized (148 ms)
[ok]: corrupt payload: fuzzer findings - stream integrity check issue (236 ms)
[ok]: corrupt payload: fuzzer findings - infinite loop (149 ms)
[ok]: corrupt payload: fuzzer findings - hash ziplist too long entry len (227 ms)
[ok]: corrupt payload: fuzzer findings - zset ziplist invalid tail offset (230 ms)
[ok]: corrupt payload: fuzzer findings - negative reply length (151 ms)
[ok]: corrupt payload: fuzzer findings - valgrind negative malloc (226 ms)
[ok]: corrupt payload: fuzzer findings - valgrind invalid read (231 ms)
[ok]: corrupt payload: fuzzer findings - empty hash ziplist (228 ms)
[ok]: corrupt payload: fuzzer findings - stream with no records (148 ms)
[ok]: corrupt payload: fuzzer findings - quicklist ziplist tail followed by extra data which start with 0xff (228 ms)
[ok]: CLUSTER SLOT-STATS metrics replication for new keys (6354 ms)
[ok]: corrupt payload: fuzzer findings - dict init to huge size (238 ms)
[ok]: corrupt payload: fuzzer findings - huge string (225 ms)
[ok]: corrupt payload: fuzzer findings - stream PEL without consumer (235 ms)
[ok]: corrupt payload: fuzzer findings - stream listpack valgrind issue (150 ms)
[ok]: corrupt payload: fuzzer findings - stream with bad lpFirst (226 ms)
[ok]: corrupt payload: fuzzer findings - stream listpack lpPrev valgrind issue (150 ms)
[ok]: corrupt payload: fuzzer findings - stream with non-integer entry id (229 ms)
[ok]: corrupt payload: fuzzer findings - empty quicklist (226 ms)
[ok]: corrupt payload: fuzzer findings - empty zset (227 ms)
[ok]: corrupt payload: fuzzer findings - hash with len of 0 (236 ms)
[ok]: corrupt payload: fuzzer findings - hash listpack first element too long entry len (225 ms)
[ok]: corrupt payload: fuzzer findings - stream double free listpack when insert dup node to rax returns 0 (226 ms)
[ok]: corrupt payload: fuzzer findings - LCS OOM (237 ms)
[ok]: corrupt payload: fuzzer findings - gcc asan reports false leak on assert (149 ms)
[ok]: corrupt payload: fuzzer findings - lpFind invalid access (144 ms)
[ok]: corrupt payload: fuzzer findings - invalid access in ziplist tail prevlen decoding (226 ms)
[ok]: corrupt payload: fuzzer findings - zset zslInsert with a NAN score (235 ms)
[ok]: corrupt payload: fuzzer findings - streamLastValidID panic (235 ms)
[ok]: corrupt payload: fuzzer findings - valgrind fishy value warning (225 ms)
[ok]: corrupt payload: fuzzer findings - empty set listpack (236 ms)
[ok]: corrupt payload: fuzzer findings - set with duplicate elements causes sdiff to hang (229 ms)
[ok]: corrupt payload: fuzzer findings - set with invalid length causes smembers to hang (149 ms)
[ok]: corrupt payload: fuzzer findings - set with invalid length causes sscan to hang (148 ms)
[ok]: corrupt payload: zset listpack encoded with invalid length causes zscan to hang (148 ms)
[ok]: corrupt payload: hash listpack encoded with invalid length causes hscan to hang (150 ms)
[ok]: corrupt payload: fuzzer findings - vector sets with wrong encoding (227 ms)
[ok]: corrupt payload: fuzzer findings - decrRefCount on NULL robj on corrupt KEY_META payload (226 ms)
[ok]: corrupt payload: stream with NACK shared between two consumers (237 ms)
[ok]: corrupt payload: stream listpack with wrong deleted count in header (236 ms)
[ok]: corrupt payload: stream length inconsistent with live entries (236 ms)
[ok]: CLUSTER SLOT-STATS metrics replication for existing keys (6248 ms)
[ok]: corrupt payload: stream all-tombstone listpack with zero length (236 ms)
[ok]: corrupt payload: stream live entry count integer overflow bypasses length check (234 ms)
[ignore]: corrupt payload: zipmap - element wouldn't fit in listpack: large memory flag not provided
[ok]: corrupt payload: zipmap - 5 bytes length encoding for a small field (225 ms)
[ok]: Test trim method selection based on module keyspace subscription (10213 ms)
[ok]: corrupt payload: zipmap - 5 bytes length encoding for a small value (224 ms)
[ok]: corrupt payload: zipmap - 5 bytes length encoding and a huge field (226 ms)
[ok]: corrupt payload: stream - duplicated consumer PEL entry (236 ms)
[127/149 done]: integration/corrupt-dump (21 seconds)
Testing integration/dismiss-mem
[ok]: Verify trimmed key value can be read in the server event callback (1183 ms)
[ok]: Verify module cannot open a key in a slot that is being trimmed (1124 ms)
[ok]: Test RM_ClusterGetLocalSlotRanges (200 ms)
[ok]: dismiss all data types memory (3757 ms)
[ok]: CLUSTER SLOT-STATS metrics replication for deleting keys (6459 ms)
[ok]: TRIMSLOTS in AOF will work synchronously on restart (2405 ms)
[ok]: Test trim is disabled when module requests it (92 ms)
[ok]: dismiss client output buffer (3865 ms)
[ok]: dismiss client query buffer (205 ms)
[ok]: CLUSTER SLOT-STATS reset upon atomic slot migration (25 ms)
[ok]: Can not start new asm task when trim is not allowed (463 ms)
[ok]: Test RM_ClusterGetLocalSlotRanges without cluster (2 ms)
[128/149 done]: unit/cluster/atomic-slot-migration (267 seconds)
Testing integration/failover
[ok]: failover command fails without connected replica (0 ms)
[ok]: setup replication for following tests (104 ms)
[ok]: failover command fails with invalid host (0 ms)
[ok]: failover command fails with invalid port (0 ms)
[ok]: failover command fails with just force and timeout (0 ms)
[ok]: failover command fails when sent to a replica (0 ms)
[ok]: failover command fails with force without timeout (1 ms)
[ok]: dismiss replication backlog (1351 ms)
READONLY You can't write against a read only replica.
    while executing
"$r read"
    (procedure "gen_write_load" line 32)
    invoked from within
"gen_write_load [lindex $argv 0] [lindex $argv 1] [lindex $argv 2] [lindex $argv 3] [lindex $argv 4] [lindex $argv 5] [lindex $argv 6] [lindex $argv 7]"
    (file "tests/helpers/gen_write_load.tcl" line 84)
[ok]: failover command to specific replica works (1034 ms)
[ok]: dismiss multi-db kvstore bucket memory in standalone mode (898 ms)
[ok]: failover command to any replica works (1030 ms)
[ok]: failover to a replica with force works (730 ms)
[ok]: failover with timeout aborts if replica never catches up (955 ms)
[ok]: dismiss slot dict bucket memory in cluster mode (682 ms)
[129/149 done]: integration/dismiss-mem (13 seconds)
Testing integration/logging
[ok]: failovers can be aborted (426 ms)
[ok]: Server is able to generate a stack trace on selected systems (226 ms)
[ok]: failover aborts if target rejects sync request (426 ms)
[ok]: Crash report generated on SIGABRT (226 ms)
[ok]: CLUSTER SLOT-STATS memory-bytes field present when cluster-slot-stats-enabled set on startup (3103 ms)
[ok]: Crash report generated on DEBUG SEGFAULT (300 ms)
[ok]: Stacktraces generated on SIGALRM (225 ms)
[130/149 done]: integration/failover (7 seconds)
Testing integration/psync2-master-restart
[ok]: Generate stacktrace on assertion (26 ms)
[ok]: Crash report generated on DEBUG SEGFAULT with user data hidden when 'hide-user-data-from-log' is enabled (371 ms)
[ok]: Generate stacktrace on assertion with user data hidden when 'hide-user-data-from-log' is enabled (63 ms)
[131/149 done]: integration/logging (3 seconds)
Testing integration/psync2-pingoff
[ok]: PSYNC2: Partial resync after Master restart using RDB aux fields when offset is 0 (127 ms)
[ok]: CLUSTER SLOT-STATS net mem combination shows only net and mem stats (2757 ms)
[ok]: PSYNC2 pingoff: setup (1004 ms)
[ok]: PSYNC2 pingoff: write and wait replication (1 ms)
[ok]: PSYNC2: Partial resync after Master restart using RDB aux fields with data (1135 ms)
[ok]: CLUSTER SLOT-STATS cpu mem combination shows only cpu and mem stats (2320 ms)
[ok]: PSYNC2: Partial resync after Master restart using RDB aux fields with expire (2356 ms)
[ok]: CLUSTER SLOT-STATS memory-bytes field not present after disabling cluster-slot-stats-enabled (2010 ms)
[ok]: PSYNC2 pingoff: pause replica and promote it (5002 ms)
[ok]: PSYNC2: Full resync after Master restart when too many key expired (1951 ms)
[132/149 done]: integration/psync2-master-restart (7 seconds)
Testing integration/psync2-reg
[ok]: Make the old master a replica of the new one and check conditions (1006 ms)
[ok]: CLUSTER SLOT-STATS memory tracking cannot be re-enabled after being disabled (2535 ms)
[ok]: PSYNC2 #3899 regression: setup (1005 ms)
monotonic: riscv, unable to determine clock rate
[ok]: PSYNC2 #3899 regression: kill first replica (0 ms)
[ok]: PSYNC2 #3899 regression: kill chained replica (1 ms)
[ok]: test various edge cases of repl topology changes with missing pings at the end (4436 ms)
[ok]: PSYNC2 #3899 regression: kill first replica (1 ms)
[ok]: CLUSTER SLOT-STATS memory-bytes field not present when cluster-slot-stats-enabled not set on startup (2898 ms)
[ok]: CLUSTER SLOT-STATS enabling mem at runtime fails when not enabled at startup (1 ms)
[ok]: PSYNC2 #3899 regression: kill first replica (0 ms)
[ok]: CLUSTER SLOT-STATS enabling cpu and net at runtime works (2634 ms)
[ok]: Chained replicas disconnect when replica re-connect with the same master (2921 ms)
[ok]: PSYNC2 #3899 regression: kill chained replica (0 ms)
[133/149 done]: integration/psync2-pingoff (17 seconds)
Testing integration/psync2
[ok]: LTRIM memory tracking with quicklist to listpack conversion (2 ms)
[ok]: LREM memory tracking with quicklist to listpack conversion (2 ms)
[ok]: PSYNC2: --- CYCLE 1 --- (0 ms)
[ok]: PSYNC2: [NEW LAYOUT] Set #3 as master (1 ms)
[ok]: PSYNC2: Set #0 to replicate from #1 (1 ms)
[ok]: CLUSTER SLOT-STATS memory tracking cannot be re-enabled after being disabled (non-clustered mode) (0 ms)
[134/149 done]: unit/cluster/slot-stats (219 seconds)
Testing integration/rdb
[ok]: test old version rdb file (1 ms)
[ok]: RDB encoding loading test (9 ms)
[ok]: Server started empty with non-existing RDB file (0 ms)
[ok]: PSYNC2: Set #4 to replicate from #1 (1 ms)
[ok]: Server started empty with empty RDB file (0 ms)
[ok]: Test RDB stream encoding (118 ms)
[ok]: Test RDB stream encoding - sanitize dump (9 ms)
[ok]: RDB load applies RESIZEDB hint to expand hash tables (222 ms)
[ok]: PSYNC2: Set #1 to replicate from #3 (1 ms)
[ok]: PSYNC2 #3899 regression: kill first replica (1 ms)
[ok]: Server should not start if RDB file can't be open (2 ms)
[ok]: Server should not start if RDB is corrupted (2 ms)
[ok]: PSYNC2 #3899 regression: kill chained replica (1 ms)
[ok]: Test FLUSHALL aborts bgsave (433 ms)
[ok]: bgsave resets the change counter (103 ms)
[ok]: PSYNC2: Set #2 to replicate from #0 (0 ms)
[ok]: PSYNC2 #3899 regression: kill first replica (1 ms)
[ok]: PSYNC2 #3899 regression: kill chained replica (0 ms)
[ok]: PSYNC2: cluster is consistent after failover (1 ms)
[ok]: client freed during loading (1275 ms)
[ok]: PSYNC2 #3899 regression: kill chained replica (0 ms)
[ok]: PSYNC2 #3899 regression: kill chained replica (1 ms)
[ok]: Test RDB load info (638 ms)
[ok]: PSYNC2 #3899 regression: kill chained replica (0 ms)
[ok]: PSYNC2 #3899 regression: kill first replica (1 ms)
[ok]: PSYNC2 #3899 regression: kill chained replica (1 ms)
[ok]: Test child sending info (3148 ms)
[ok]: script won't load anymore if it's in rdb (0 ms)
[ok]: PSYNC2: generate load while killing replication links (5001 ms)
[ok]: PSYNC2: cluster is consistent after load (x = 28561) (1 ms)
[ok]: PSYNC2: total sum of full synchronizations is exactly 4 (1 ms)
[ok]: PSYNC2: --- CYCLE 2 --- (0 ms)
[ok]: PSYNC2: [NEW LAYOUT] Set #1 as master (0 ms)
[ok]: PSYNC2: Set #4 to replicate from #3 (1 ms)
[ok]: failed bgsave prevents writes (336 ms)
[ok]: rdb_saves_consecutive_failures metric (332 ms)
[ok]: PSYNC2: Set #0 to replicate from #1 (1 ms)
[ok]: PSYNC2 #3899 regression: kill first replica (1 ms)
[ok]: PSYNC2 #3899 regression: verify consistency (26 ms)
[ok]: HFE - save and load expired fields, expired soon after, or long after (listpack) (316 ms)
[ok]: HFE - save and load expired fields, expired soon after, or long after (dict) (326 ms)
[ok]: PSYNC2: Set #2 to replicate from #0 (1 ms)
[ok]: HFE - save and load rdb all fields expired, (listpack) (313 ms)
[135/149 done]: integration/psync2-reg (23 seconds)
Testing integration/redis-benchmark
redis-benchmark non zero code. first line:  
[err]: benchmark: set,get in tests/integration/redis-benchmark.tcl
redis-benchmark non zero code. first line:  
redis-benchmark non zero code. first line:  
[err]: benchmark: connecting using URI set,get in tests/integration/redis-benchmark.tcl
redis-benchmark non zero code. first line:  
redis-benchmark non zero code. first line:  
[err]: benchmark: connecting using URI with authentication set,get in tests/integration/redis-benchmark.tcl
redis-benchmark non zero code. first line:  
redis-benchmark non zero code. first line:  
[err]: benchmark: full test suite in tests/integration/redis-benchmark.tcl
redis-benchmark non zero code. first line:  
[ok]: HFE - save and load rdb all fields expired, (dict) (330 ms)
redis-benchmark non zero code. first line:  
[err]: benchmark: multi-thread set,get in tests/integration/redis-benchmark.tcl
redis-benchmark non zero code. first line:  
[ok]: save listpack, load dict (435 ms)
[ok]: PSYNC2: Set #3 to replicate from #1 (1 ms)
redis-benchmark non zero code. first line:  
[err]: benchmark: pipelined full set,get in tests/integration/redis-benchmark.tcl
redis-benchmark non zero code. first line:  
redis-benchmark non zero code. first line:  
[err]: benchmark: arbitrary command in tests/integration/redis-benchmark.tcl
redis-benchmark non zero code. first line:  
redis-benchmark non zero code. first line:  
[err]: benchmark: keyspace length in tests/integration/redis-benchmark.tcl
redis-benchmark non zero code. first line:  
[ok]: benchmark: clients idle mode should return error when reached maxclients limit (7 ms)
redis-benchmark non zero code. first line:  
[err]: benchmark: read last argument from stdin in tests/integration/redis-benchmark.tcl
redis-benchmark non zero code. first line:  
[ok]: benchmark: no NaN or Inf in latency report with fast requests (3 ms)
[136/149 done]: integration/redis-benchmark (1 seconds)
Testing integration/redis-cli
[ok]: save dict, load listpack (433 ms)
[ok]: Interactive CLI: should find first search result (242 ms)
[ok]: active field expiry after load, (listpack) (311 ms)
[ok]: Interactive CLI: should find and use the first search result (303 ms)
[ok]: PSYNC2: cluster is consistent after failover (1 ms)
[ok]: Interactive CLI: should be ok if there is no result (121 ms)
[ok]: Interactive CLI: upon submitting search, (reverse-i-search) prompt should go away (121 ms)
[ok]: active field expiry after load, (dict) (311 ms)
[ok]: Interactive CLI: should find second search result if user presses ctrl+r again (303 ms)
[ok]: Interactive CLI: should find second search result if user presses ctrl+s (303 ms)
[ok]: Interactive CLI: should exit reverse search if user presses ctrl+g (182 ms)
[ok]: lazy field expiry after load, (listpack) (510 ms)
[ok]: Interactive CLI: should exit reverse search if user presses up arrow (182 ms)
[ok]: Interactive CLI: should exit reverse search if user presses right arrow (182 ms)
[ok]: Interactive CLI: should exit reverse search if user presses down arrow (181 ms)
[ok]: Interactive CLI: should exit reverse search if user presses left arrow (181 ms)
[ok]: lazy field expiry after load, (dict) (509 ms)
[ok]: Interactive CLI: should disable and persist line if user presses tab (243 ms)
[ok]: Interactive CLI: should disable and persist search result if user presses tab (242 ms)
[ok]: load un-expired items below and above rax-list boundary, (listpack) (238 ms)
[ok]: Interactive CLI: should disable and persist line and move the cursor if user presses tab (303 ms)
[ok]: Interactive CLI: INFO response should be printed raw (61 ms)
[ok]: Interactive CLI: Status reply (60 ms)
[ok]: Interactive CLI: Integer reply (61 ms)
[ok]: Interactive CLI: Bulk reply (61 ms)
[ok]: load un-expired items below and above rax-list boundary, (dict) (247 ms)
[ok]: Interactive CLI: Multi-bulk reply (60 ms)
[137/149 done]: integration/rdb (15 seconds)
Testing integration/replication-2
[ok]: First server should have role slave after SLAVEOF (103 ms)
[ok]: If min-slaves-to-write is honored, write is accepted (1 ms)
[ok]: No write if min-slaves-to-write is < attached slaves (0 ms)
[ok]: If min-slaves-to-write is honored, write is accepted (again) (1 ms)
[ok]: Interactive CLI: Parsing quotes (425 ms)
[ok]: Interactive CLI: Subscribed mode (604 ms)
[ok]: Interactive non-TTY CLI: Subscribed mode (414 ms)
[ok]: Non-interactive TTY CLI: Status reply (4 ms)
[ok]: Non-interactive TTY CLI: Integer reply (4 ms)
[ok]: Non-interactive TTY CLI: Bulk reply (3 ms)
[ok]: Non-interactive TTY CLI: Multi-bulk reply (4 ms)
[ok]: Non-interactive TTY CLI: Read last argument from pipe (10 ms)
[ok]: Non-interactive TTY CLI: Read last argument from file (8 ms)
[ok]: Non-interactive TTY CLI: Escape character in JSON mode (29 ms)
[ok]: Non-interactive non-TTY CLI: Status reply (3 ms)
[ok]: Non-interactive non-TTY CLI: Integer reply (4 ms)
[ok]: Non-interactive non-TTY CLI: Bulk reply (3 ms)
[ok]: Non-interactive non-TTY CLI: Multi-bulk reply (4 ms)
[ok]: Non-interactive non-TTY CLI: ASK redirect test (56 ms)
[ok]: Non-interactive non-TTY CLI: Quoted input arguments (4 ms)
[ok]: Non-interactive non-TTY CLI: No accidental unquoting of input arguments (6 ms)
[ok]: Non-interactive non-TTY CLI: Invalid quoted input arguments (6 ms)
[ok]: Non-interactive non-TTY CLI: Read last argument from pipe (11 ms)
[ok]: Non-interactive non-TTY CLI: Read last argument from file (8 ms)
[ok]: Non-interactive non-TTY CLI: Test command-line hinting - latest server (14 ms)
[ok]: Non-interactive non-TTY CLI: Test command-line hinting - no server (5 ms)
[ok]: Non-interactive non-TTY CLI: Test command-line hinting - old server (13 ms)
[ok]: PSYNC2: generate load while killing replication links (5000 ms)
[ok]: PSYNC2: cluster is consistent after load (x = 57813) (1 ms)
[ok]: PSYNC2: total sum of full synchronizations is exactly 4 (1 ms)
[ok]: PSYNC2: --- CYCLE 3 --- (0 ms)
[ok]: PSYNC2: [NEW LAYOUT] Set #2 as master (0 ms)
[ok]: PSYNC2: Set #4 to replicate from #2 (0 ms)
[ok]: PSYNC2: Set #0 to replicate from #2 (0 ms)
[ok]: No write if min-slaves-max-lag is > of the slave lag (2849 ms)
[ok]: min-slaves-to-write is ignored by slaves (1 ms)
[ok]: Dumping an RDB - functions only: no (2369 ms)
[ok]: PSYNC2: Set #1 to replicate from #2 (1 ms)
[ok]: Dumping an RDB - functions only: yes (796 ms)
[ok]: Scan mode (152 ms)
[ok]: PSYNC2: Set #3 to replicate from #0 (0 ms)
[ok]: PSYNC2: cluster is consistent after failover (1 ms)
[ok]: Connecting as a replica (2123 ms)
[ok]: Piping raw protocol (985 ms)
[ok]: Options -X with illegal argument (11 ms)
[ok]: DUMP RESTORE with -x option (19 ms)
[ok]: DUMP RESTORE with -X option (20 ms)
[ok]: Send eval command by using --eval option (4 ms)
[ok]: Interactive CLI: db_num showed in redis-cli after reconnected (628 ms)
[ok]: keystats on empty database should not produce garbage stats (3 ms)
[138/149 done]: integration/redis-cli (13 seconds)
Testing integration/replication-3
[ok]: First server should have role slave after SLAVEOF (102 ms)
[ok]: MASTER and SLAVE dataset should be identical after complex ops (7659 ms)
[ok]: PSYNC2: generate load while killing replication links (5000 ms)
[ok]: PSYNC2: cluster is consistent after load (x = 87336) (0 ms)
[ok]: PSYNC2: total sum of full synchronizations is exactly 4 (1 ms)
[ok]: PSYNC2: --- CYCLE 4 --- (0 ms)
[ok]: PSYNC2: [NEW LAYOUT] Set #3 as master (1 ms)
[ok]: PSYNC2: Set #0 to replicate from #3 (1 ms)
[139/149 done]: integration/replication-2 (12 seconds)
Testing integration/replication-4
[ok]: First server should have role slave after SLAVEOF (1 ms)
[ok]: PSYNC2: Set #4 to replicate from #3 (1 ms)
[ok]: PSYNC2: Set #1 to replicate from #4 (1 ms)
[ok]: PSYNC2: Set #2 to replicate from #4 (0 ms)
[ok]: PSYNC2: cluster is consistent after failover (2 ms)
[ok]: Test replication with parallel clients writing in different DBs (5189 ms)
[ok]: First server should have role slave after SLAVEOF (101 ms)
[ok]: With min-slaves-to-write (1,3): master should be writable (1 ms)
[ok]: With min-slaves-to-write (2,3): master should not be writable (0 ms)
[ok]: With min-slaves-to-write function without no-write flag (1 ms)
[ok]: With not enough good slaves, read in Lua script is still accepted (1 ms)
[ok]: PSYNC2: generate load while killing replication links (5000 ms)
[ok]: PSYNC2: cluster is consistent after load (x = 116527) (1 ms)
[ok]: PSYNC2: total sum of full synchronizations is exactly 4 (1 ms)
[ok]: PSYNC2: --- CYCLE 5 --- (0 ms)
[ok]: PSYNC2: [NEW LAYOUT] Set #4 as master (1 ms)
[ok]: PSYNC2: Set #0 to replicate from #4 (0 ms)
[ok]: PSYNC2: Set #1 to replicate from #4 (0 ms)
[ok]: With min-slaves-to-write: master not writable with lagged slave (3996 ms)
[ok]: First server should have role slave after SLAVEOF (102 ms)
[ok]: PSYNC2: Set #2 to replicate from #4 (0 ms)
[ok]: Replication of an expired key does not delete the expired key (784 ms)
[ok]: First server should have role slave after SLAVEOF (1 ms)
[ok]: PSYNC2: Set #3 to replicate from #4 (1 ms)
[ok]: PSYNC2: cluster is consistent after failover (1 ms)
[ok]: PSYNC2: generate load while killing replication links (5000 ms)
[ok]: PSYNC2: cluster is consistent after load (x = 145784) (1 ms)
[ok]: PSYNC2: total sum of full synchronizations is exactly 4 (1 ms)
[ok]: PSYNC2: Bring the master back again for next test (3 ms)
[ok]: PSYNC2: Partial resync after restart using RDB aux fields (213 ms)
[140/149 done]: integration/psync2 (46 seconds)
Testing integration/replication-buffer
[ok]: All replicas share one global replication buffer rdbchannel=yes (58 ms)
[ok]: Replication buffer will become smaller when no replica uses rdbchannel=yes (4 ms)
[ok]: Replication: commands with many arguments (issue #1221) (11564 ms)
[ok]: spopwithcount rewrite srem command (87 ms)
[ok]: All replicas share one global replication buffer rdbchannel=no (59 ms)
[ok]: Replication buffer will become smaller when no replica uses rdbchannel=no (3 ms)
[ok]: Replication of SPOP command -- alsoPropagate() API (878 ms)
[ok]: First server should have role slave after SLAVEOF (102 ms)
[ok]: Data divergence can happen under default conditions (5 ms)
[ok]: Data divergence is allowed on writable replicas (3 ms)
[141/149 done]: integration/replication-4 (25 seconds)
Testing integration/replication-iothreads
[ok]: Setup slave (102 ms)
[ok]: Master client moves to IO thread after sync complete (1 ms)
[ok]: Slave client assignment to IO threads (1 ms)
[ok]: WAIT command works with master/slave in IO threads (87 ms)
[ok]: Replication data integrity with IO threads (513 ms)
[ok]: Replication backlog size can outgrow the backlog limit config rdbchannel=yes (2142 ms)
[ok]: WAIT timeout behavior with slave in IO thread (2340 ms)
[ok]: Replica could use replication buffer (beyond backlog config) for partial resynchronization rdbchannel=yes (2892 ms)
[ok]: Network interruption recovery with IO threads (2313 ms)
Cycle 0 - Master thread: 2, Slave thread: 2
[ok]: Replication backlog memory will become smaller if disconnecting with replica rdbchannel=yes (829 ms)
Cycle 1 - Master thread: 2, Slave thread: 2
Cycle 2 - Master thread: 2, Slave thread: 2
[ok]: Replication reconnection cycles with IO threads (666 ms)
[ok]: INFO replication shows correct thread information (1 ms)
[ok]: Multiple slaves across IO threads (503 ms)
[ok]: WAIT with multiple slaves in IO threads (296 ms)
[ok]: Replication backlog size can outgrow the backlog limit config rdbchannel=no (2134 ms)
[142/149 done]: integration/replication-iothreads (9 seconds)
Testing integration/replication-psync
[ok]: Slave should be able to synchronize with the master (101 ms)
[ok]: MASTER and SLAVE consistency with expire (36705 ms)
[ok]: Master can replicate command longer than client-query-buffer-limit on replica (26 ms)
[ok]: Detect write load to master (1002 ms)
[ok]: Test replication partial resync: no reconnection, just sync (diskless: no, disabled, reconnect: 0, rdbchannel: no) (43 ms)
[ok]: Slave should be able to synchronize with the master (102 ms)
[ok]: Replica could use replication buffer (beyond backlog config) for partial resynchronization rdbchannel=no (2940 ms)
[ok]: Detect write load to master (1002 ms)
[ok]: Replication backlog memory will become smaller if disconnecting with replica rdbchannel=no (926 ms)
[ok]: Slave is able to evict keys created in writable slaves (6004 ms)
[ok]: Writable replica doesn't return expired keys (104 ms)
[ok]: PFCOUNT updates cache on readonly replica (2 ms)
[ok]: Partial resynchronization is successful even client-output-buffer-limit is less than repl-backlog-size rdbchannel=yes (3270 ms)
[ok]: PFCOUNT doesn't use expired key on readonly replica (103 ms)
[143/149 done]: integration/replication-3 (43 seconds)
Testing integration/replication-rdbchannel
[ok]: The update of replBufBlock's repl_offset is ok - Regression test for #11666 (2 ms)
[ok]: Test replication with multiple replicas (rdbchannel enabled on both) (129 ms)
[ok]: Replica client-output-buffer size is limited to backlog_limit/16 when no replication data is pending rdbchannel=yes (1140 ms)
[ok]: Test replication partial resync: ok psync (diskless: no, disabled, reconnect: 1, rdbchannel: no) (6251 ms)
[ok]: Slave should be able to synchronize with the master (102 ms)
[ok]: Detect write load to master (1002 ms)
[ok]: Partial resynchronization is successful even client-output-buffer-limit is less than repl-backlog-size rdbchannel=no (3170 ms)
[ok]: The update of replBufBlock's repl_offset is ok - Regression test for #11666 (2 ms)
[ok]: Replica client-output-buffer size is limited to backlog_limit/16 when no replication data is pending rdbchannel=no (1140 ms)
[144/149 done]: integration/replication-buffer (28 seconds)
Testing integration/replication
[ok]: Slave enters handshake (0 ms)
[ok]: Slave enters wait_bgsave (1 ms)
[ok]: Test replication with multiple replicas (rdbchannel enabled on one of them) (4845 ms)
[ok]: Test rdbchannel is not used if repl-diskless-sync config is disabled on master (117 ms)
[ok]: Test replica state should start with wait_bgsave (203 ms)
[ok]: Test replica state advances to send_bulk_and_stream when rdbchannel connects (247 ms)
[ok]: Test replica rdbchannel client has SC flag on client list output (1 ms)
[ok]: Test replication partial resync: no backlog (diskless: no, disabled, reconnect: 1, rdbchannel: no) (7818 ms)
[ok]: Test replica state advances to online when fullsync is completed (4243 ms)
[ok]: Slave should be able to synchronize with the master (102 ms)
[ok]: Detect write load to master (1002 ms)
[ok]: Slave is able to detect timeout during handshake (0 ms)
[ok]: Set instance A as slave of B (102 ms)
[ok]: INCRBYFLOAT replication, should not remove expire (2 ms)
[ok]: GETSET replication (2 ms)
[ok]: BRPOPLPUSH replication, when blocking against empty list (3 ms)
[ok]: BRPOPLPUSH replication, list exists (2 ms)
[ok]: BLMOVE (left, left) replication, when blocking against empty list (3 ms)
[ok]: BLMOVE (left, left) replication, list exists (2 ms)
[ok]: BLMOVE (left, right) replication, when blocking against empty list (3 ms)
[ok]: BLMOVE (left, right) replication, list exists (2 ms)
[ok]: BLMOVE (right, left) replication, when blocking against empty list (3 ms)
[ok]: BLMOVE (right, left) replication, list exists (2 ms)
[ok]: BLMOVE (right, right) replication, when blocking against empty list (3 ms)
[ok]: BLMOVE (right, right) replication, list exists (2 ms)
[ok]: BLPOP followed by role change, issue #2473 (105 ms)
[ok]: Second server should have role master at first (0 ms)
[ok]: SLAVEOF should start with link status "down" (1 ms)
[ok]: The role should immediately be changed to "replica" (0 ms)
[ok]: Sync should have transferred keys from master (1 ms)
[ok]: The link status should be up (0 ms)
[ok]: SET on the master should immediately propagate (1 ms)
[ok]: FLUSHDB / FLUSHALL should replicate (91 ms)
[ok]: ROLE in master reports master with a slave (0 ms)
[ok]: ROLE in slave reports slave in connected state (1 ms)
[ok]: Test master memory does not increase during replication (7262 ms)
[ok]: Test replication partial resync: ok after delay (diskless: no, disabled, reconnect: 1, rdbchannel: no) (9354 ms)
[ok]: Slave should be able to synchronize with the master (101 ms)
[ok]: Test replication stream buffer becomes full on replica (3106 ms)
[ok]: Detect write load to master (1002 ms)
[ok]: Test replication stream buffer config replica-full-sync-buffer-limit (1211 ms)
Waiting for process 902677 to exit...
Waiting for process 902677 to exit...
Waiting for process 902677 to exit...
[ok]: Connect multiple replicas at the same time (issue #141), master diskless=no, replica diskless=disabled, rdbchannel=no (12043 ms)
[ok]: Test replication partial resync: backlog expired (diskless: no, disabled, reconnect: 1, rdbchannel: no) (9352 ms)
[ok]: Slave should be able to synchronize with the master (102 ms)
[ok]: Detect write load to master (1002 ms)
[ok]: Test replication partial resync: no reconnection, just sync (diskless: no, swapdb, reconnect: 0, rdbchannel: no) (46 ms)
[ok]: Test master disconnects replica when output buffer limit is reached (5591 ms)
[ok]: Slave should be able to synchronize with the master (101 ms)
[ok]: Detect write load to master (1001 ms)
[ok]: Test replication recovers after output buffer failures (3802 ms)
[ok]: Connect multiple replicas at the same time (issue #141), master diskless=no, replica diskless=swapdb, rdbchannel=no (11173 ms)
[ok]: Test replication partial resync: ok psync (diskless: no, swapdb, reconnect: 1, rdbchannel: no) (6252 ms)
[ok]: Slave should be able to synchronize with the master (102 ms)
[ok]: Detect write load to master (1001 ms)
[ok]: Test master continues RDB delivery if not all replicas are dropped (9038 ms)
[ok]: Test replication partial resync: no backlog (diskless: no, swapdb, reconnect: 1, rdbchannel: no) (7810 ms)
[ok]: Slave should be able to synchronize with the master (102 ms)
[ok]: Detect write load to master (1001 ms)
[ok]: Connect multiple replicas at the same time (issue #141), master diskless=no, replica diskless=flushdb, rdbchannel=no (11104 ms)
[ok]: Test master aborts rdb delivery if all replicas are dropped (7021 ms)
[ok]: Test replica recovers when rdb channel connection is killed (329 ms)
[ok]: Test replica recovers when main channel connection is killed (295 ms)
[ok]: Test replica recovers connection failures (3456 ms)
[ok]: Test replication partial resync: ok after delay (diskless: no, swapdb, reconnect: 1, rdbchannel: no) (9362 ms)
[ok]: Slave should be able to synchronize with the master (102 ms)
[ok]: Test master connection drops while streaming repl buffer into the db (2570 ms)
[ok]: Detect write load to master (1001 ms)
[ok]: Test main channel connection drops while loading rdb (disk based) (2072 ms)
[ok]: Connect multiple replicas at the same time (issue #141), master diskless=yes, replica diskless=disabled, rdbchannel=yes (12129 ms)
[ok]: Test main channel connection drops while loading rdb (diskless) (1307 ms)
[ok]: Test replicaof command while streaming repl buffer into the db (2564 ms)
[145/149 done]: integration/replication-rdbchannel (72 seconds)
Testing integration/shutdown
[ok]: Test replication partial resync: backlog expired (diskless: no, swapdb, reconnect: 1, rdbchannel: no) (9360 ms)
[ok]: Shutting down master waits for replica to catch up (sigterm) (2279 ms)
[ok]: Slave should be able to synchronize with the master (102 ms)
[ok]: Detect write load to master (1002 ms)
[ok]: Test replication partial resync: no reconnection, just sync (diskless: no, flushdb, reconnect: 0, rdbchannel: no) (43 ms)
[ok]: Slave should be able to synchronize with the master (102 ms)
[ok]: Shutting down master waits for replica to catch up (shutdown) (2174 ms)
[ok]: Detect write load to master (1001 ms)
[ok]: Connect multiple replicas at the same time (issue #141), master diskless=yes, replica diskless=swapdb, rdbchannel=yes (11765 ms)
[ok]: Shutting down master waits for replica timeout (3383 ms)
[ok]: Shutting down master waits for replica then fails (1270 ms)
[ok]: Shutting down master waits for replica then aborted (733 ms)
[146/149 done]: integration/shutdown (10 seconds)
[ok]: Test replication partial resync: ok psync (diskless: no, flushdb, reconnect: 1, rdbchannel: no) (6255 ms)
[ok]: Slave should be able to synchronize with the master (101 ms)
[ok]: Detect write load to master (1001 ms)
[ok]: Connect multiple replicas at the same time (issue #141), master diskless=yes, replica diskless=flushdb, rdbchannel=yes (11752 ms)
[ok]: Test replication partial resync: no backlog (diskless: no, flushdb, reconnect: 1, rdbchannel: no) (7810 ms)
[ok]: Slave should be able to synchronize with the master (101 ms)
[ok]: Detect write load to master (1001 ms)
[ok]: Test replication partial resync: ok after delay (diskless: no, flushdb, reconnect: 1, rdbchannel: no) (9343 ms)
[ok]: Slave should be able to synchronize with the master (101 ms)
[ok]: Detect write load to master (1001 ms)
[ok]: Test replication partial resync: backlog expired (diskless: no, flushdb, reconnect: 1, rdbchannel: no) (9347 ms)
[ok]: Slave should be able to synchronize with the master (1812 ms)
[ok]: Detect write load to master (0 ms)
[ok]: Test replication partial resync: no reconnection, just sync (diskless: yes, disabled, reconnect: 0, rdbchannel: yes) (70 ms)
[ok]: Slave should be able to synchronize with the master (807 ms)
[ok]: Detect write load to master (1 ms)
[ok]: Master stream is correctly processed while the replica has a script in -BUSY state (26090 ms)
[ok]: Diskless load swapdb (different replid): new database is exposed after swapping (1 ms)
[ok]: Diskless load swapdb (different replid): replica enter loading rdbchannel=no (169 ms)
[ok]: Diskless load swapdb (different replid): old database is exposed after replication fails rdbchannel=no (0 ms)
[ok]: Diskless load swapdb (async_loading): new database is exposed after swapping (0 ms)
[ok]: Diskless load swapdb (async_loading): replica enter async_loading (123 ms)
[ok]: Diskless load swapdb (async_loading): old database is exposed while async replication is in progress (425 ms)
[ok]: Busy script during async loading (627 ms)
[ok]: Blocked commands and configs during async-loading (121 ms)
[ok]: Diskless load swapdb (async_loading): old database is exposed after async replication fails (1 ms)
[ok]: Test replication partial resync: ok psync (diskless: yes, disabled, reconnect: 1, rdbchannel: yes) (6245 ms)
Waiting for process 909283 to exit...
[ok]: Slave should be able to synchronize with the master (806 ms)
[ok]: Detect write load to master (1 ms)
Waiting for process 909283 to exit...
Waiting for process 909283 to exit...
Waiting for process 909283 to exit...
[ok]: Test replication partial resync: no backlog (diskless: yes, disabled, reconnect: 1, rdbchannel: yes) (7801 ms)
[ok]: Slave should be able to synchronize with the master (806 ms)
[ok]: Detect write load to master (1 ms)
[ok]: Test replication partial resync: ok after delay (diskless: yes, disabled, reconnect: 1, rdbchannel: yes) (9344 ms)
[ok]: Slave should be able to synchronize with the master (808 ms)
[ok]: Detect write load to master (1 ms)
[ok]: Test replication partial resync: backlog expired (diskless: yes, disabled, reconnect: 1, rdbchannel: yes) (9447 ms)
[ok]: Slave should be able to synchronize with the master (1816 ms)
[ok]: Detect write load to master (0 ms)
[ok]: Test replication partial resync: no reconnection, just sync (diskless: yes, disabled, reconnect: 0, rdbchannel: no) (70 ms)
[ok]: Slave should be able to synchronize with the master (807 ms)
[ok]: Detect write load to master (0 ms)
[ok]: diskless loading short read (30007 ms)
[ok]: Test replication partial resync: ok psync (diskless: yes, disabled, reconnect: 1, rdbchannel: no) (6247 ms)
[ok]: diskless no replicas drop during rdb pipe (4574 ms)
[ok]: Slave should be able to synchronize with the master (806 ms)
[ok]: Detect write load to master (0 ms)
[ok]: diskless slow replicas drop during rdb pipe (1930 ms)
[ok]: diskless fast replicas drop during rdb pipe (3672 ms)
[ok]: diskless all replicas drop during rdb pipe (1588 ms)
[ok]: Test replication partial resync: no backlog (diskless: yes, disabled, reconnect: 1, rdbchannel: no) (7809 ms)
[ok]: Slave should be able to synchronize with the master (806 ms)
[ok]: Detect write load to master (0 ms)
[ok]: diskless timeout replicas drop during rdb pipe (5401 ms)
[ok]: diskless replication child being killed is collected (1617 ms)
[ok]: replication child dies when parent is killed - diskless: yes (1478 ms)
[ok]: replication child dies when parent is killed - diskless: no (1480 ms)
[ok]: diskless replication read pipe cleanup (855 ms)
[ok]: Test replication partial resync: ok after delay (diskless: yes, disabled, reconnect: 1, rdbchannel: no) (9357 ms)
[ok]: Slave should be able to synchronize with the master (807 ms)
[ok]: Detect write load to master (0 ms)
[ok]: replicaof right after disconnection (1841 ms)
[ok]: Kill rdb child process if its dumping RDB is not useful (934 ms)
[ok]: Don't disconnect with replicas before loading transferred RDB when full sync (2 ms)
[ok]: Discard cache master before loading transferred RDB when full sync (105 ms)
[ok]: replica can handle EINTR if use diskless load (671 ms)
[ok]: replica do not write the reply to the replication link - SYNC (_addReplyToBufferOrList) (102 ms)
[ok]: replica do not write the reply to the replication link - SYNC (addReplyDeferredLen) (99 ms)
[ok]: replica do not write the reply to the replication link - PSYNC (_addReplyToBufferOrList) (112 ms)
[ok]: replica do not write the reply to the replication link - PSYNC (addReplyDeferredLen) (111 ms)
[ok]: PSYNC with wrong offset should throw error (2 ms)
[ok]: Test replication with lazy expire (113 ms)
[ok]: Replica should reply LOADING while flushing a large db (disklessload: disabled) (4580 ms)
[ok]: Test replication partial resync: backlog expired (diskless: yes, disabled, reconnect: 1, rdbchannel: no) (9453 ms)
[ok]: Slave should be able to synchronize with the master (1812 ms)
[ok]: Detect write load to master (0 ms)
[ok]: Test replication partial resync: no reconnection, just sync (diskless: yes, swapdb, reconnect: 0, rdbchannel: yes) (69 ms)
[ok]: Slave should be able to synchronize with the master (807 ms)
[ok]: Detect write load to master (0 ms)
[ok]: Replica should reply LOADING while flushing a large db (disklessload: on-empty-db) (4581 ms)
[ok]: Allow appendonly config change while loading rdb on slave (2262 ms)
[ok]: Replica flushes db lazily when replica-lazy-flush enabled (104 ms)
[ok]: Test replication with functions when repl-diskless-load is set to on-empty-db (106 ms)
[ok]: Test replication partial resync: ok psync (diskless: yes, swapdb, reconnect: 1, rdbchannel: yes) (6242 ms)
[ok]: Accumulate repl_total_disconnect_time with delayed reconnection (1204 ms)
[ok]: Slave should be able to synchronize with the master (806 ms)
[ok]: Detect write load to master (1 ms)
[ok]: Test the total_disconnect_time_sec incr after slaveof no one (1104 ms)
[ok]: Test correct replication disconnection time counters behavior (1104 ms)
[ok]: Test normal establishment process of the master link (102 ms)
[ok]: Test sync attempts reset after slaveof no one (102 ms)
[ok]: Test sync attempts reset on master reconnect (102 ms)
[ok]: Test sync attempts reset on master switch (337 ms)
[ok]: Replication current attempts counter behavior (256 ms)
[ok]: prefetchCommands handles NULL argv and keys during RDB replication with IO threads (1165 ms)
[ok]: Fullsync should not free scripting engine on a replica while a script is running (1240 ms)
[ok]: Fullsync should not free scripting engine on a replica while a function is running (1239 ms)
[147/149 done]: integration/replication (208 seconds)
[ok]: Test replication partial resync: no backlog (diskless: yes, swapdb, reconnect: 1, rdbchannel: yes) (7799 ms)
[ok]: Slave should be able to synchronize with the master (805 ms)
[ok]: Detect write load to master (0 ms)
[ok]: Test replication partial resync: ok after delay (diskless: yes, swapdb, reconnect: 1, rdbchannel: yes) (9357 ms)
[ok]: Slave should be able to synchronize with the master (807 ms)
[ok]: Detect write load to master (0 ms)
[ok]: Test replication partial resync: backlog expired (diskless: yes, swapdb, reconnect: 1, rdbchannel: yes) (9453 ms)
[ok]: Slave should be able to synchronize with the master (807 ms)
[ok]: Detect write load to master (0 ms)
[ok]: Test replication partial resync: no reconnection, just sync (diskless: yes, swapdb, reconnect: 0, rdbchannel: no) (38 ms)
[ok]: Slave should be able to synchronize with the master (807 ms)
[ok]: Detect write load to master (0 ms)
[ok]: Test replication partial resync: ok psync (diskless: yes, swapdb, reconnect: 1, rdbchannel: no) (6252 ms)
[ok]: Slave should be able to synchronize with the master (1811 ms)
[ok]: Detect write load to master (0 ms)
[ok]: Test replication partial resync: no backlog (diskless: yes, swapdb, reconnect: 1, rdbchannel: no) (7842 ms)
[ok]: Slave should be able to synchronize with the master (1812 ms)
[ok]: Detect write load to master (0 ms)
[ok]: Test replication partial resync: ok after delay (diskless: yes, swapdb, reconnect: 1, rdbchannel: no) (9382 ms)
[ok]: Slave should be able to synchronize with the master (806 ms)
[ok]: Detect write load to master (0 ms)
[ok]: Test replication partial resync: backlog expired (diskless: yes, swapdb, reconnect: 1, rdbchannel: no) (9459 ms)
[ok]: Slave should be able to synchronize with the master (805 ms)
[ok]: Detect write load to master (0 ms)
[ok]: Test replication partial resync: no reconnection, just sync (diskless: yes, flushdb, reconnect: 0, rdbchannel: yes) (36 ms)
[ok]: Slave should be able to synchronize with the master (807 ms)
[ok]: Detect write load to master (0 ms)
[ok]: Test replication partial resync: ok psync (diskless: yes, flushdb, reconnect: 1, rdbchannel: yes) (6253 ms)
[ok]: Slave should be able to synchronize with the master (806 ms)
[ok]: Detect write load to master (0 ms)
[ok]: Test replication partial resync: no backlog (diskless: yes, flushdb, reconnect: 1, rdbchannel: yes) (7798 ms)
[ok]: Slave should be able to synchronize with the master (807 ms)
[ok]: Detect write load to master (1 ms)
[ok]: Test replication partial resync: ok after delay (diskless: yes, flushdb, reconnect: 1, rdbchannel: yes) (9343 ms)
[ok]: Slave should be able to synchronize with the master (807 ms)
[ok]: Detect write load to master (1 ms)
[ok]: Test replication partial resync: backlog expired (diskless: yes, flushdb, reconnect: 1, rdbchannel: yes) (9448 ms)
[ok]: Slave should be able to synchronize with the master (806 ms)
[ok]: Detect write load to master (1 ms)
[ok]: Test replication partial resync: no reconnection, just sync (diskless: yes, flushdb, reconnect: 0, rdbchannel: no) (35 ms)
[ok]: Slave should be able to synchronize with the master (805 ms)
[ok]: Detect write load to master (0 ms)
[ok]: Test replication partial resync: ok psync (diskless: yes, flushdb, reconnect: 1, rdbchannel: no) (6243 ms)
[ok]: Slave should be able to synchronize with the master (807 ms)
[ok]: Detect write load to master (0 ms)
[ok]: Test replication partial resync: no backlog (diskless: yes, flushdb, reconnect: 1, rdbchannel: no) (7802 ms)
[ok]: Slave should be able to synchronize with the master (807 ms)
[ok]: Detect write load to master (0 ms)
[ok]: Test replication partial resync: ok after delay (diskless: yes, flushdb, reconnect: 1, rdbchannel: no) (9344 ms)
[ok]: Slave should be able to synchronize with the master (806 ms)
[ok]: Detect write load to master (0 ms)
[ok]: Test replication partial resync: backlog expired (diskless: yes, flushdb, reconnect: 1, rdbchannel: no) (9458 ms)
[148/149 done]: integration/replication-psync (361 seconds)
[ok]: Fuzzer corrupt restore payloads - sanitize_dump: no (600007 ms)
[ok]: Fuzzer corrupt restore payloads - sanitize_dump: yes (600049 ms)
[149/149 done]: integration/corrupt-dump-fuzzer (1200 seconds)
Testing solo test
[ignore]: BIT pos larger than UINT_MAX: large memory flag not provided
[ignore]: SETBIT values larger than UINT32_MAX and lzf_compress/lzf_decompress correctly: large memory flag not provided
[149/149 done]: bitops-large-memory (0 seconds)
Testing solo test
[ok]: Active defrag can't be triggered during replicaof database flush. See issue #14267 (56719 ms)
[ok]: Active defrag main dictionary: cluster (63611 ms)
[ok]: Active defrag eval scripts: cluster (7813 ms)
[ok]: Active defrag big keys: cluster (100119 ms)
[ok]: Active defrag pubsub: cluster (81681 ms)
[ok]: Active defrag IDMP streams: cluster (7724 ms)
[ok]: Active Defrag HFE with eblist: cluster (11155 ms)
[ok]: Active Defrag HFE with ebrax: cluster (10717 ms)
[ok]: Active Defrag HFE with large_ebrax: cluster (10497 ms)
[ok]: Active defrag for argv retained by the main thread from IO thread: cluster (12767 ms)
[ok]: Active defrag - AOF loading (8992 ms)
[ok]: Active defrag main dictionary: standalone (69753 ms)
[ok]: Active defrag eval scripts: standalone (7980 ms)
[ok]: Active defrag big keys: standalone (102804 ms)
[ok]: Active defrag pubsub: standalone (54550 ms)
[ok]: Active defrag IDMP streams: standalone (7774 ms)
[ok]: Active Defrag HFE with eblist: standalone (11222 ms)
[ok]: Active Defrag HFE with ebrax: standalone (10970 ms)
[ok]: Active Defrag HFE with large_ebrax: standalone (10505 ms)
[ok]: Active defrag for argv retained by the main thread from IO thread: standalone (12535 ms)
[ok]: Active defrag big list: standalone (10289 ms)
[ok]: Active defrag edge case: standalone (52391 ms)
[ok]: Active defrag arrays: standalone (63568 ms)
[149/149 done]: defrag (779 seconds)
Testing solo test
[ignore]: XADD one huge field: large memory flag not provided
[ignore]: XADD one huge field - 1: large memory flag not provided
[ignore]: several XADD big fields: large memory flag not provided
[ignore]: single XADD big fields: large memory flag not provided
[ignore]: hash with many big fields: large memory flag not provided
[ignore]: hash with one huge field: large memory flag not provided
[149/149 done]: violations (2 seconds)
Testing solo test
[ignore]: Test LPUSH and LPOP on plain nodes over 4GB: large memory flag not provided
[ignore]: Test LINDEX and LINSERT on plain nodes over 4GB: large memory flag not provided
[ignore]: Test LTRIM on plain nodes over 4GB: large memory flag not provided
[ignore]: Test LREM on plain nodes over 4GB: large memory flag not provided
[ignore]: Test LSET on plain nodes over 4GB: large memory flag not provided
[ignore]: Test LSET on plain nodes with large elements under packed_threshold over 4GB: large memory flag not provided
[ignore]: Test LSET splits a quicklist node, and then merge: large memory flag not provided
[ignore]: Test LSET splits a LZF compressed quicklist node, and then merge: large memory flag not provided
[ignore]: Test LMOVE on plain nodes over 4GB: large memory flag not provided
[149/149 done]: list-large-memory (0 seconds)
Testing solo test
[ignore]: SADD, SCARD, SISMEMBER - large data: large memory flag not provided
[149/149 done]: set-large-memory (0 seconds)

                   The End

Execution time of different units:
  0 seconds - unit/acl-v2
  2 seconds - unit/bitfield
  3 seconds - unit/acl
  3 seconds - unit/auth
  31 seconds - unit/aofrw
  30 seconds - unit/bitops
  31 seconds - unit/dump
  0 seconds - unit/gcra
  5 seconds - unit/functions
  18 seconds - unit/expire
  32 seconds - unit/hotkeys
  1 seconds - unit/info-command
  54 seconds - unit/info-keysizes
  7 seconds - unit/info
  84 seconds - unit/hyperloglog
  9 seconds - unit/introspection-2
  2 seconds - unit/keyspace
  13 seconds - unit/introspection
  6 seconds - unit/latency-monitor
  2 seconds - unit/limits
  11 seconds - unit/lazyfree
  4 seconds - unit/memefficiency
  5 seconds - unit/multi
  11 seconds - unit/networking
  181 seconds - unit/client-eviction
  0 seconds - unit/oom-score-adj
  13 seconds - unit/obuf-limits
  1 seconds - unit/pause
  0 seconds - unit/printver
  5 seconds - unit/protocol
  6 seconds - unit/pubsub
  2 seconds - unit/pubsubshard
  6 seconds - unit/querybuf
  0 seconds - unit/quit
  1 seconds - unit/replybufsize
  38 seconds - unit/other
  23 seconds - unit/scan
  1 seconds - unit/shutdown
  3 seconds - unit/slowlog
  89 seconds - unit/maxmemory
  0 seconds - unit/tls
  2 seconds - unit/tracking
  0 seconds - unit/violations
  12 seconds - unit/sort
  4 seconds - unit/type/array
  33 seconds - unit/scripting
  5 seconds - unit/type/hash
  0 seconds - unit/type/incr
  1 seconds - unit/type/increx
  15 seconds - unit/type/hash-field-expire
  33 seconds - unit/wait
  16 seconds - unit/type/list-2
  17 seconds - unit/type/list
  26 seconds - unit/type/set
  21 seconds - unit/type/stream-cgroups
  9 seconds - unit/type/string
  298 seconds - unit/geo
  1 seconds - unit/moduleapi/aclcheck
  2 seconds - unit/moduleapi/async_rm_call
  0 seconds - unit/moduleapi/auth
  1 seconds - unit/moduleapi/basics
  4 seconds - unit/moduleapi/blockedclient
  1 seconds - unit/moduleapi/blockonbackground
  2 seconds - unit/moduleapi/blockonkeys
  14 seconds - unit/moduleapi/cluster
  1 seconds - unit/moduleapi/cmdintrospection
  1 seconds - unit/moduleapi/commandfilter
  0 seconds - unit/moduleapi/configaccess
  2 seconds - unit/moduleapi/crash
  59 seconds - unit/type/stream
  1 seconds - unit/moduleapi/datatype2
  3 seconds - unit/moduleapi/datatype
  0 seconds - unit/moduleapi/eventloop
  0 seconds - unit/moduleapi/fork
  1 seconds - unit/moduleapi/getchannels
  0 seconds - unit/moduleapi/getkeys
  0 seconds - unit/moduleapi/hash
  5 seconds - unit/moduleapi/defrag
  0 seconds - unit/moduleapi/infotest
  1 seconds - unit/moduleapi/infra
  5 seconds - unit/moduleapi/hooks
  52 seconds - unit/type/zset
  4 seconds - unit/moduleapi/keymeta
  0 seconds - unit/moduleapi/keyspecs
  2 seconds - unit/moduleapi/keyspace_events
  1 seconds - unit/moduleapi/ksn_notify_side_effect
  0 seconds - unit/moduleapi/mallocsize
  7 seconds - unit/moduleapi/internalsecret
  3 seconds - unit/moduleapi/list
  4 seconds - unit/moduleapi/misc
  1 seconds - unit/moduleapi/moduleconfigs
  1 seconds - unit/moduleapi/postnotifications
  1 seconds - unit/moduleapi/publish
  3 seconds - unit/moduleapi/rdbloadsave
  0 seconds - unit/moduleapi/reply
  1 seconds - unit/moduleapi/scan
  0 seconds - unit/moduleapi/stream
  1 seconds - unit/moduleapi/subcommands
  0 seconds - unit/moduleapi/test_lazyfree
  8 seconds - unit/moduleapi/propagate
  3 seconds - unit/moduleapi/timer
  3 seconds - unit/moduleapi/usercall
  0 seconds - unit/moduleapi/zset
  3 seconds - unit/cluster/announced-endpoints
  24 seconds - unit/moduleapi/moduleauth
  20 seconds - unit/cluster/cli
  0 seconds - unit/cluster/cluster-response-tls
  15 seconds - unit/cluster/failure-marking
  8 seconds - unit/cluster/hostnames
  7 seconds - unit/cluster/human-announced-nodename
  5 seconds - unit/cluster/internal-secret
  69 seconds - unit/moduleapi/testrdb
  4 seconds - unit/cluster/misc
  3 seconds - unit/cluster/multi-slot-operations
  2 seconds - unit/cluster/scripting
  3 seconds - unit/cluster/sharded-pubsub
  15 seconds - unit/cluster/links
  4 seconds - unit/cluster/slot-ownership
  13 seconds - integration/aof-multi-part
  1 seconds - integration/aof-race
  17 seconds - integration/aof
  27 seconds - integration/block-repl
  0 seconds - integration/convert-ziplist-hash-on-load
  1 seconds - integration/convert-ziplist-zset-on-load
  1 seconds - integration/convert-zipmap-hash-on-load
  365 seconds - unit/type/list-3
  21 seconds - integration/corrupt-dump
  267 seconds - unit/cluster/atomic-slot-migration
  13 seconds - integration/dismiss-mem
  7 seconds - integration/failover
  3 seconds - integration/logging
  7 seconds - integration/psync2-master-restart
  17 seconds - integration/psync2-pingoff
  219 seconds - unit/cluster/slot-stats
  23 seconds - integration/psync2-reg
  1 seconds - integration/redis-benchmark
  15 seconds - integration/rdb
  13 seconds - integration/redis-cli
  12 seconds - integration/replication-2
  46 seconds - integration/psync2
  25 seconds - integration/replication-4
  9 seconds - integration/replication-iothreads
  43 seconds - integration/replication-3
  28 seconds - integration/replication-buffer
  72 seconds - integration/replication-rdbchannel
  10 seconds - integration/shutdown
  208 seconds - integration/replication
  361 seconds - integration/replication-psync
  1200 seconds - integration/corrupt-dump-fuzzer
  0 seconds - bitops-large-memory
  779 seconds - defrag
  2 seconds - violations
  0 seconds - list-large-memory
  0 seconds - set-large-memory

!!! WARNING The following tests failed:

*** [err]: prefetch works as expected when killing a client from the middle of prefetch commands batch in tests/unit/networking.tcl
Expected '0' to be between to '2' and '15' (context: type eval line 44 cmd {assert_range $prefetch_entries 2 15} proc ::test)
*** [err]: Prefetch can resume working when the configuration option is set to a non-zero value in tests/unit/networking.tcl
Expected '0' to be between to '2' and '16' (context: type eval line 14 cmd {assert_range $new_prefetch_entries [expr {$prefetch_entries + 2}] [expr {$prefetch_entries + 16}]} proc ::test)
*** [err]: Prefetch works with batch size greater than 16 (buffer overflow regression test) in tests/unit/networking.tcl
Expected '0' to be between to '2' and '64' (context: type eval line 15 cmd {assert_range $new_prefetch_entries [expr {$prefetch_entries + 2}] [expr {$prefetch_entries + 64}]} proc ::test)
*** [err]: Prefetch works with maximum batch size of 128 and client number larger than batch size in tests/unit/networking.tcl
Expected '0' to be between to '2' and '300' (context: type eval line 15 cmd {assert_range $new_prefetch_entries [expr {$prefetch_entries + 2}] [expr {$prefetch_entries + 300}]} proc ::test)
*** [err]: verify reply buffer limits in tests/unit/replybufsize.tcl
reply buffer of busy client is 1024 after 1 seconds
*** [err]: Check MEMORY USAGE for embedded key strings with jemalloc in tests/unit/type/string.tcl
Expected '32' to be equal to '80' (context: type proc line 5 cmd {assert_equal $exp_mem_usage [r memory usage $key]} proc ::expected_mem level 2)
*** [err]: benchmark: set,get in tests/integration/redis-benchmark.tcl
redis-benchmark non zero code. first line:  
*** [err]: benchmark: connecting using URI set,get in tests/integration/redis-benchmark.tcl
redis-benchmark non zero code. first line:  
*** [err]: benchmark: connecting using URI with authentication set,get in tests/integration/redis-benchmark.tcl
redis-benchmark non zero code. first line:  
*** [err]: benchmark: full test suite in tests/integration/redis-benchmark.tcl
redis-benchmark non zero code. first line:  
*** [err]: benchmark: multi-thread set,get in tests/integration/redis-benchmark.tcl
redis-benchmark non zero code. first line:  
*** [err]: benchmark: pipelined full set,get in tests/integration/redis-benchmark.tcl
redis-benchmark non zero code. first line:  
*** [err]: benchmark: arbitrary command in tests/integration/redis-benchmark.tcl
redis-benchmark non zero code. first line:  
*** [err]: benchmark: keyspace length in tests/integration/redis-benchmark.tcl
redis-benchmark non zero code. first line:  
*** [err]: benchmark: read last argument from stdin in tests/integration/redis-benchmark.tcl
redis-benchmark non zero code. first line:  
